_id,Year,Month,Geography_Type,Strata,Strata_Name,Cause,Cause_Desc,ICD_Revision,Count,Annotation_Code,Annotation_Desc,Data_Extract_Date,Data_Revision_Date,report_month,data_extract_date,data_revision_date,is_suppressed,suppression_type,count_numeric,is_total_population,is_all_cause,report_month_label
1,2024,1,Occurrence,Total Population,Total Population,ALL,All causes (total),ICD-10,27728.0,,,02/17/2026,02/17/2026,2024-01-01,2026-02-17,2026-02-17,False,,27728.0,True,True,2024-01
2,2024,1,Occurrence,Age,Under 1 year,ALL,All causes (total),ICD-10,132.0,,,02/17/2026,02/17/2026,2024-01-01,2026-02-17,2026-02-17,False,,132.0,False,True,2024-01
3,2024,1,Occurrence,Age,1-4 years,ALL,All causes (total),ICD-10,24.0,,,02/17/2026,02/17/2026,2024-01-01,2026-02-17,2026-02-17,False,,24.0,False,True,2024-01
4,2024,1,Occurrence,Age,5-14 years,ALL,All causes (total),ICD-10,53.0,,,02/17/2026,02/17/2026,2024-01-01,2026-02-17,2026-02-17,False,,53.0,False,True,2024-01
5,2024,1,Occurrence,Age,15-24 years,ALL,All causes (total),ICD-10,264.0,,,02/17/2026,02/17/2026,2024-01-01,2026-02-17,2026-02-17,False,,264.0,False,True,2024-01
6,2024,1,Occurrence,Age,25-34 years,ALL,All causes (total),ICD-10,581.0,,,02/17/2026,02/17/2026,2024-01-01,2026-02-17,2026-02-17,False,,581.0,False,True,2024-01
7,2024,1,Occurrence,Age,35-44 years,ALL,All causes (total),ICD-10,930.0,,,02/17/2026,02/17/2026,2024-01-01,2026-02-17,2026-02-17,False,,930.0,False,True,2024-01
8,2024,1,Occurrence,Age,45-54 years,ALL,All causes (total),ICD-10,1440.0,,,02/17/2026,02/17/2026,2024-01-01,2026-02-17,2026-02-17,False,,1440.0,False,True,2024-01
9,2024,1,Occurrence,Age,55-64 years,ALL,All causes (total),ICD-10,3133.0,,,02/17/2026,02/17/2026,2024-01-01,2026-02-17,2026-02-17,False,,3133.0,False,True,2024-01
10,2024,1,Occurrence,Age,65-74 years,ALL,All causes (total),ICD-10,5315.0,,,02/17/2026,02/17/2026,2024-01-01,2026-02-17,2026-02-17,False,,5315.0,False,True,2024-01
11,2024,1,Occurrence,Age,75-84 years,ALL,All causes (total),ICD-10,6823.0,,,02/17/2026,02/17/2026,2024-01-01,2026-02-17,2026-02-17,False,,6823.0,False,True,2024-01
12,2024,1,Occurrence,Age,85 years and over,ALL,All causes (total),ICD-10,9030.0,,,02/17/2026,02/17/2026,2024-01-01,2026-02-17,2026-02-17,False,,9030.0,False,True,2024-01
13,2024,1,Occurrence,Gender,Female,ALL,All causes (total),ICD-10,13100.0,,,02/17/2026,02/17/2026,2024-01-01,2026-02-17,2026-02-17,False,,13100.0,False,True,2024-01
14,2024,1,Occurrence,Gender,Male,ALL,All causes (total),ICD-10,14627.0,,,02/17/2026,02/17/2026,2024-01-01,2026-02-17,2026-02-17,False,,14627.0,False,True,2024-01
15,2024,1,Occurrence,Place Type,Inpatient,ALL,All causes (total),ICD-10,9000.0,,,02/17/2026,02/17/2026,2024-01-01,2026-02-17,2026-02-17,False,,9000.0,False,True,2024-01
16,2024,1,Occurrence,Place Type,Emergency Room/Outpatient,ALL,All causes (total),ICD-10,1493.0,,,02/17/2026,02/17/2026,2024-01-01,2026-02-17,2026-02-17,False,,1493.0,False,True,2024-01
17,2024,1,Occurrence,Place Type,Decedent's Home,ALL,All causes (total),ICD-10,10359.0,,,02/17/2026,02/17/2026,2024-01-01,2026-02-17,2026-02-17,False,,10359.0,False,True,2024-01
18,2024,1,Occurrence,Place Type,Hospice Facility,ALL,All causes (total),ICD-10,257.0,,,02/17/2026,02/17/2026,2024-01-01,2026-02-17,2026-02-17,False,,257.0,False,True,2024-01
19,2024,1,Occurrence,Place Type,Nursing Home/Long Term Care Facility,ALL,All causes (total),ICD-10,2181.0,,,02/17/2026,02/17/2026,2024-01-01,2026-02-17,2026-02-17,False,,2181.0,False,True,2024-01
20,2024,1,Occurrence,Place Type,Other/Unknown,ALL,All causes (total),ICD-10,4438.0,,,02/17/2026,02/17/2026,2024-01-01,2026-02-17,2026-02-17,False,,4438.0,False,True,2024-01
21,2024,1,Occurrence,Race-Ethnicity,American Indian/Alaska Native,ALL,All causes (total),ICD-10,120.0,,,02/17/2026,02/17/2026,2024-01-01,2026-02-17,2026-02-17,False,,120.0,False,True,2024-01
22,2024,1,Occurrence,Race-Ethnicity,Asian,ALL,All causes (total),ICD-10,3160.0,,,02/17/2026,02/17/2026,2024-01-01,2026-02-17,2026-02-17,False,,3160.0,False,True,2024-01
23,2024,1,Occurrence,Race-Ethnicity,Black,ALL,All causes (total),ICD-10,2204.0,,,02/17/2026,02/17/2026,2024-01-01,2026-02-17,2026-02-17,False,,2204.0,False,True,2024-01
24,2024,1,Occurrence,Race-Ethnicity,Hawaiian/Pacific Islander,ALL,All causes (total),ICD-10,123.0,,,02/17/2026,02/17/2026,2024-01-01,2026-02-17,2026-02-17,False,,123.0,False,True,2024-01
25,2024,1,Occurrence,Race-Ethnicity,Hispanic,ALL,All causes (total),ICD-10,6217.0,,,02/17/2026,02/17/2026,2024-01-01,2026-02-17,2026-02-17,False,,6217.0,False,True,2024-01
26,2024,1,Occurrence,Race-Ethnicity,Multi-Race,ALL,All causes (total),ICD-10,267.0,,,02/17/2026,02/17/2026,2024-01-01,2026-02-17,2026-02-17,False,,267.0,False,True,2024-01
27,2024,1,Occurrence,Race-Ethnicity,White,ALL,All causes (total),ICD-10,15406.0,,,02/17/2026,02/17/2026,2024-01-01,2026-02-17,2026-02-17,False,,15406.0,False,True,2024-01
28,2024,1,Occurrence,Race-Ethnicity,Other/Unknown,ALL,All causes (total),ICD-10,231.0,,,02/17/2026,02/17/2026,2024-01-01,2026-02-17,2026-02-17,False,,231.0,False,True,2024-01
29,2024,1,Occurrence,Total Population,Total Population,ALZ,Alzheimer's disease,ICD-10,1664.0,,,02/17/2026,02/17/2026,2024-01-01,2026-02-17,2026-02-17,False,,1664.0,True,False,2024-01
30,2024,1,Occurrence,Gender,Female,ALZ,Alzheimer's disease,ICD-10,1122.0,,,02/17/2026,02/17/2026,2024-01-01,2026-02-17,2026-02-17,False,,1122.0,False,False,2024-01
31,2024,1,Occurrence,Gender,Male,ALZ,Alzheimer's disease,ICD-10,542.0,,,02/17/2026,02/17/2026,2024-01-01,2026-02-17,2026-02-17,False,,542.0,False,False,2024-01
32,2024,1,Occurrence,Race-Ethnicity,American Indian/Alaska Native,ALZ,Alzheimer's disease,ICD-10,,1,Cell suppressed for small numbers,02/17/2026,02/17/2026,2024-01-01,2026-02-17,2026-02-17,True,Cell suppressed for small numbers,,False,False,2024-01
33,2024,1,Occurrence,Race-Ethnicity,Asian,ALZ,Alzheimer's disease,ICD-10,204.0,,,02/17/2026,02/17/2026,2024-01-01,2026-02-17,2026-02-17,False,,204.0,False,False,2024-01
34,2024,1,Occurrence,Race-Ethnicity,Black,ALZ,Alzheimer's disease,ICD-10,100.0,,,02/17/2026,02/17/2026,2024-01-01,2026-02-17,2026-02-17,False,,100.0,False,False,2024-01
35,2024,1,Occurrence,Race-Ethnicity,Hawaiian/Pacific Islander,ALZ,Alzheimer's disease,ICD-10,,1,Cell suppressed for small numbers,02/17/2026,02/17/2026,2024-01-01,2026-02-17,2026-02-17,True,Cell suppressed for small numbers,,False,False,2024-01
36,2024,1,Occurrence,Race-Ethnicity,Hispanic,ALZ,Alzheimer's disease,ICD-10,289.0,,,02/17/2026,02/17/2026,2024-01-01,2026-02-17,2026-02-17,False,,289.0,False,False,2024-01
37,2024,1,Occurrence,Race-Ethnicity,Multi-Race,ALZ,Alzheimer's disease,ICD-10,12.0,,,02/17/2026,02/17/2026,2024-01-01,2026-02-17,2026-02-17,False,,12.0,False,False,2024-01
38,2024,1,Occurrence,Race-Ethnicity,White,ALZ,Alzheimer's disease,ICD-10,1051.0,,,02/17/2026,02/17/2026,2024-01-01,2026-02-17,2026-02-17,False,,1051.0,False,False,2024-01
39,2024,1,Occurrence,Race-Ethnicity,Other/Unknown,ALZ,Alzheimer's disease,ICD-10,,1,Cell suppressed for small numbers,02/17/2026,02/17/2026,2024-01-01,2026-02-17,2026-02-17,True,Cell suppressed for small numbers,,False,False,2024-01
40,2024,1,Occurrence,Total Population,Total Population,CAN,Malignant neoplasms,ICD-10,5399.0,,,02/17/2026,02/17/2026,2024-01-01,2026-02-17,2026-02-17,False,,5399.0,True,False,2024-01
41,2024,1,Occurrence,Gender,Female,CAN,Malignant neoplasms,ICD-10,2647.0,,,02/17/2026,02/17/2026,2024-01-01,2026-02-17,2026-02-17,False,,2647.0,False,False,2024-01
42,2024,1,Occurrence,Gender,Male,CAN,Malignant neoplasms,ICD-10,2751.0,,,02/17/2026,02/17/2026,2024-01-01,2026-02-17,2026-02-17,False,,2751.0,False,False,2024-01
43,2024,1,Occurrence,Race-Ethnicity,American Indian/Alaska Native,CAN,Malignant neoplasms,ICD-10,21.0,,,02/17/2026,02/17/2026,2024-01-01,2026-02-17,2026-02-17,False,,21.0,False,False,2024-01
44,2024,1,Occurrence,Race-Ethnicity,Asian,CAN,Malignant neoplasms,ICD-10,684.0,,,02/17/2026,02/17/2026,2024-01-01,2026-02-17,2026-02-17,False,,684.0,False,False,2024-01
45,2024,1,Occurrence,Race-Ethnicity,Black,CAN,Malignant neoplasms,ICD-10,405.0,,,02/17/2026,02/17/2026,2024-01-01,2026-02-17,2026-02-17,False,,405.0,False,False,2024-01
46,2024,1,Occurrence,Race-Ethnicity,Hawaiian/Pacific Islander,CAN,Malignant neoplasms,ICD-10,27.0,,,02/17/2026,02/17/2026,2024-01-01,2026-02-17,2026-02-17,False,,27.0,False,False,2024-01
47,2024,1,Occurrence,Race-Ethnicity,Hispanic,CAN,Malignant neoplasms,ICD-10,1166.0,,,02/17/2026,02/17/2026,2024-01-01,2026-02-17,2026-02-17,False,,1166.0,False,False,2024-01
48,2024,1,Occurrence,Race-Ethnicity,Multi-Race,CAN,Malignant neoplasms,ICD-10,45.0,,,02/17/2026,02/17/2026,2024-01-01,2026-02-17,2026-02-17,False,,45.0,False,False,2024-01
49,2024,1,Occurrence,Race-Ethnicity,White,CAN,Malignant neoplasms,ICD-10,3013.0,,,02/17/2026,02/17/2026,2024-01-01,2026-02-17,2026-02-17,False,,3013.0,False,False,2024-01
50,2024,1,Occurrence,Race-Ethnicity,Other/Unknown,CAN,Malignant neoplasms,ICD-10,38.0,,,02/17/2026,02/17/2026,2024-01-01,2026-02-17,2026-02-17,False,,38.0,False,False,2024-01
51,2024,1,Occurrence,Total Population,Total Population,CLD,Chronic lower respiratory diseases,ICD-10,1176.0,,,02/17/2026,02/17/2026,2024-01-01,2026-02-17,2026-02-17,False,,1176.0,True,False,2024-01
52,2024,1,Occurrence,Gender,Female,CLD,Chronic lower respiratory diseases,ICD-10,592.0,,,02/17/2026,02/17/2026,2024-01-01,2026-02-17,2026-02-17,False,,592.0,False,False,2024-01
53,2024,1,Occurrence,Gender,Male,CLD,Chronic lower respiratory diseases,ICD-10,584.0,,,02/17/2026,02/17/2026,2024-01-01,2026-02-17,2026-02-17,False,,584.0,False,False,2024-01
54,2024,1,Occurrence,Race-Ethnicity,American Indian/Alaska Native,CLD,Chronic lower respiratory diseases,ICD-10,,1,Cell suppressed for small numbers,02/17/2026,02/17/2026,2024-01-01,2026-02-17,2026-02-17,True,Cell suppressed for small numbers,,False,False,2024-01
55,2024,1,Occurrence,Race-Ethnicity,Asian,CLD,Chronic lower respiratory diseases,ICD-10,91.0,,,02/17/2026,02/17/2026,2024-01-01,2026-02-17,2026-02-17,False,,91.0,False,False,2024-01
56,2024,1,Occurrence,Race-Ethnicity,Black,CLD,Chronic lower respiratory diseases,ICD-10,77.0,,,02/17/2026,02/17/2026,2024-01-01,2026-02-17,2026-02-17,False,,77.0,False,False,2024-01
57,2024,1,Occurrence,Race-Ethnicity,Hawaiian/Pacific Islander,CLD,Chronic lower respiratory diseases,ICD-10,,1,Cell suppressed for small numbers,02/17/2026,02/17/2026,2024-01-01,2026-02-17,2026-02-17,True,Cell suppressed for small numbers,,False,False,2024-01
58,2024,1,Occurrence,Race-Ethnicity,Hispanic,CLD,Chronic lower respiratory diseases,ICD-10,117.0,,,02/17/2026,02/17/2026,2024-01-01,2026-02-17,2026-02-17,False,,117.0,False,False,2024-01
59,2024,1,Occurrence,Race-Ethnicity,Multi-Race,CLD,Chronic lower respiratory diseases,ICD-10,12.0,,,02/17/2026,02/17/2026,2024-01-01,2026-02-17,2026-02-17,False,,12.0,False,False,2024-01
60,2024,1,Occurrence,Race-Ethnicity,White,CLD,Chronic lower respiratory diseases,ICD-10,850.0,,,02/17/2026,02/17/2026,2024-01-01,2026-02-17,2026-02-17,False,,850.0,False,False,2024-01
61,2024,1,Occurrence,Race-Ethnicity,Other/Unknown,CLD,Chronic lower respiratory diseases,ICD-10,18.0,,,02/17/2026,02/17/2026,2024-01-01,2026-02-17,2026-02-17,False,,18.0,False,False,2024-01
62,2024,1,Occurrence,Total Population,Total Population,DIA,Diabetes mellitus,ICD-10,1090.0,,,02/17/2026,02/17/2026,2024-01-01,2026-02-17,2026-02-17,False,,1090.0,True,False,2024-01
63,2024,1,Occurrence,Gender,Female,DIA,Diabetes mellitus,ICD-10,490.0,,,02/17/2026,02/17/2026,2024-01-01,2026-02-17,2026-02-17,False,,490.0,False,False,2024-01
64,2024,1,Occurrence,Gender,Male,DIA,Diabetes mellitus,ICD-10,600.0,,,02/17/2026,02/17/2026,2024-01-01,2026-02-17,2026-02-17,False,,600.0,False,False,2024-01
65,2024,1,Occurrence,Race-Ethnicity,American Indian/Alaska Native,DIA,Diabetes mellitus,ICD-10,,1,Cell suppressed for small numbers,02/17/2026,02/17/2026,2024-01-01,2026-02-17,2026-02-17,True,Cell suppressed for small numbers,,False,False,2024-01
66,2024,1,Occurrence,Race-Ethnicity,Asian,DIA,Diabetes mellitus,ICD-10,158.0,,,02/17/2026,02/17/2026,2024-01-01,2026-02-17,2026-02-17,False,,158.0,False,False,2024-01
67,2024,1,Occurrence,Race-Ethnicity,Black,DIA,Diabetes mellitus,ICD-10,113.0,,,02/17/2026,02/17/2026,2024-01-01,2026-02-17,2026-02-17,False,,113.0,False,False,2024-01
68,2024,1,Occurrence,Race-Ethnicity,Hawaiian/Pacific Islander,DIA,Diabetes mellitus,ICD-10,15.0,,,02/17/2026,02/17/2026,2024-01-01,2026-02-17,2026-02-17,False,,15.0,False,False,2024-01
69,2024,1,Occurrence,Race-Ethnicity,Hispanic,DIA,Diabetes mellitus,ICD-10,369.0,,,02/17/2026,02/17/2026,2024-01-01,2026-02-17,2026-02-17,False,,369.0,False,False,2024-01
70,2024,1,Occurrence,Race-Ethnicity,Multi-Race,DIA,Diabetes mellitus,ICD-10,,1,Cell suppressed for small numbers,02/17/2026,02/17/2026,2024-01-01,2026-02-17,2026-02-17,True,Cell suppressed for small numbers,,False,False,2024-01
71,2024,1,Occurrence,Race-Ethnicity,White,DIA,Diabetes mellitus,ICD-10,406.0,,,02/17/2026,02/17/2026,2024-01-01,2026-02-17,2026-02-17,False,,406.0,False,False,2024-01
72,2024,1,Occurrence,Race-Ethnicity,Other/Unknown,DIA,Diabetes mellitus,ICD-10,15.0,,,02/17/2026,02/17/2026,2024-01-01,2026-02-17,2026-02-17,False,,15.0,False,False,2024-01
73,2024,1,Occurrence,Total Population,Total Population,HOM,Assault (homicide),ICD-10,159.0,,,02/17/2026,02/17/2026,2024-01-01,2026-02-17,2026-02-17,False,,159.0,True,False,2024-01
74,2024,1,Occurrence,Gender,Female,HOM,Assault (homicide),ICD-10,30.0,,,02/17/2026,02/17/2026,2024-01-01,2026-02-17,2026-02-17,False,,30.0,False,False,2024-01
75,2024,1,Occurrence,Gender,Male,HOM,Assault (homicide),ICD-10,129.0,,,02/17/2026,02/17/2026,2024-01-01,2026-02-17,2026-02-17,False,,129.0,False,False,2024-01
76,2024,1,Occurrence,Race-Ethnicity,American Indian/Alaska Native,HOM,Assault (homicide),ICD-10,0.0,,,02/17/2026,02/17/2026,2024-01-01,2026-02-17,2026-02-17,False,,0.0,False,False,2024-01
77,2024,1,Occurrence,Race-Ethnicity,Asian,HOM,Assault (homicide),ICD-10,,1,Cell suppressed for small numbers,02/17/2026,02/17/2026,2024-01-01,2026-02-17,2026-02-17,True,Cell suppressed for small numbers,,False,False,2024-01
78,2024,1,Occurrence,Race-Ethnicity,Black,HOM,Assault (homicide),ICD-10,39.0,,,02/17/2026,02/17/2026,2024-01-01,2026-02-17,2026-02-17,False,,39.0,False,False,2024-01
79,2024,1,Occurrence,Race-Ethnicity,Hawaiian/Pacific Islander,HOM,Assault (homicide),ICD-10,,1,Cell suppressed for small numbers,02/17/2026,02/17/2026,2024-01-01,2026-02-17,2026-02-17,True,Cell suppressed for small numbers,,False,False,2024-01
80,2024,1,Occurrence,Race-Ethnicity,Hispanic,HOM,Assault (homicide),ICD-10,77.0,,,02/17/2026,02/17/2026,2024-01-01,2026-02-17,2026-02-17,False,,77.0,False,False,2024-01
81,2024,1,Occurrence,Race-Ethnicity,Multi-Race,HOM,Assault (homicide),ICD-10,,1,Cell suppressed for small numbers,02/17/2026,02/17/2026,2024-01-01,2026-02-17,2026-02-17,True,Cell suppressed for small numbers,,False,False,2024-01
82,2024,1,Occurrence,Race-Ethnicity,White,HOM,Assault (homicide),ICD-10,32.0,,,02/17/2026,02/17/2026,2024-01-01,2026-02-17,2026-02-17,False,,32.0,False,False,2024-01
83,2024,1,Occurrence,Race-Ethnicity,Other/Unknown,HOM,Assault (homicide),ICD-10,0.0,,,02/17/2026,02/17/2026,2024-01-01,2026-02-17,2026-02-17,False,,0.0,False,False,2024-01
84,2024,1,Occurrence,Total Population,Total Population,HTD,Diseases of heart,ICD-10,5948.0,,,02/17/2026,02/17/2026,2024-01-01,2026-02-17,2026-02-17,False,,5948.0,True,False,2024-01
85,2024,1,Occurrence,Gender,Female,HTD,Diseases of heart,ICD-10,2541.0,,,02/17/2026,02/17/2026,2024-01-01,2026-02-17,2026-02-17,False,,2541.0,False,False,2024-01
86,2024,1,Occurrence,Gender,Male,HTD,Diseases of heart,ICD-10,3407.0,,,02/17/2026,02/17/2026,2024-01-01,2026-02-17,2026-02-17,False,,3407.0,False,False,2024-01
87,2024,1,Occurrence,Race-Ethnicity,American Indian/Alaska Native,HTD,Diseases of heart,ICD-10,22.0,,,02/17/2026,02/17/2026,2024-01-01,2026-02-17,2026-02-17,False,,22.0,False,False,2024-01
88,2024,1,Occurrence,Race-Ethnicity,Asian,HTD,Diseases of heart,ICD-10,659.0,,,02/17/2026,02/17/2026,2024-01-01,2026-02-17,2026-02-17,False,,659.0,False,False,2024-01
89,2024,1,Occurrence,Race-Ethnicity,Black,HTD,Diseases of heart,ICD-10,518.0,,,02/17/2026,02/17/2026,2024-01-01,2026-02-17,2026-02-17,False,,518.0,False,False,2024-01
90,2024,1,Occurrence,Race-Ethnicity,Hawaiian/Pacific Islander,HTD,Diseases of heart,ICD-10,28.0,,,02/17/2026,02/17/2026,2024-01-01,2026-02-17,2026-02-17,False,,28.0,False,False,2024-01
91,2024,1,Occurrence,Race-Ethnicity,Hispanic,HTD,Diseases of heart,ICD-10,1125.0,,,02/17/2026,02/17/2026,2024-01-01,2026-02-17,2026-02-17,False,,1125.0,False,False,2024-01
92,2024,1,Occurrence,Race-Ethnicity,Multi-Race,HTD,Diseases of heart,ICD-10,58.0,,,02/17/2026,02/17/2026,2024-01-01,2026-02-17,2026-02-17,False,,58.0,False,False,2024-01
93,2024,1,Occurrence,Race-Ethnicity,White,HTD,Diseases of heart,ICD-10,3498.0,,,02/17/2026,02/17/2026,2024-01-01,2026-02-17,2026-02-17,False,,3498.0,False,False,2024-01
94,2024,1,Occurrence,Race-Ethnicity,Other/Unknown,HTD,Diseases of heart,ICD-10,40.0,,,02/17/2026,02/17/2026,2024-01-01,2026-02-17,2026-02-17,False,,40.0,False,False,2024-01
95,2024,1,Occurrence,Total Population,Total Population,HYP,Essential hypertension and hypertensive renal disease,ICD-10,642.0,,,02/17/2026,02/17/2026,2024-01-01,2026-02-17,2026-02-17,False,,642.0,True,False,2024-01
96,2024,1,Occurrence,Gender,Female,HYP,Essential hypertension and hypertensive renal disease,ICD-10,339.0,,,02/17/2026,02/17/2026,2024-01-01,2026-02-17,2026-02-17,False,,339.0,False,False,2024-01
97,2024,1,Occurrence,Gender,Male,HYP,Essential hypertension and hypertensive renal disease,ICD-10,303.0,,,02/17/2026,02/17/2026,2024-01-01,2026-02-17,2026-02-17,False,,303.0,False,False,2024-01
98,2024,1,Occurrence,Race-Ethnicity,American Indian/Alaska Native,HYP,Essential hypertension and hypertensive renal disease,ICD-10,,1,Cell suppressed for small numbers,02/17/2026,02/17/2026,2024-01-01,2026-02-17,2026-02-17,True,Cell suppressed for small numbers,,False,False,2024-01
99,2024,1,Occurrence,Race-Ethnicity,Asian,HYP,Essential hypertension and hypertensive renal disease,ICD-10,91.0,,,02/17/2026,02/17/2026,2024-01-01,2026-02-17,2026-02-17,False,,91.0,False,False,2024-01
100,2024,1,Occurrence,Race-Ethnicity,Black,HYP,Essential hypertension and hypertensive renal disease,ICD-10,63.0,,,02/17/2026,02/17/2026,2024-01-01,2026-02-17,2026-02-17,False,,63.0,False,False,2024-01
101,2024,1,Occurrence,Race-Ethnicity,Hawaiian/Pacific Islander,HYP,Essential hypertension and hypertensive renal disease,ICD-10,,1,Cell suppressed for small numbers,02/17/2026,02/17/2026,2024-01-01,2026-02-17,2026-02-17,True,Cell suppressed for small numbers,,False,False,2024-01
102,2024,1,Occurrence,Race-Ethnicity,Hispanic,HYP,Essential hypertension and hypertensive renal disease,ICD-10,147.0,,,02/17/2026,02/17/2026,2024-01-01,2026-02-17,2026-02-17,False,,147.0,False,False,2024-01
103,2024,1,Occurrence,Race-Ethnicity,Multi-Race,HYP,Essential hypertension and hypertensive renal disease,ICD-10,,1,Cell suppressed for small numbers,02/17/2026,02/17/2026,2024-01-01,2026-02-17,2026-02-17,True,Cell suppressed for small numbers,,False,False,2024-01
104,2024,1,Occurrence,Race-Ethnicity,White,HYP,Essential hypertension and hypertensive renal disease,ICD-10,327.0,,,02/17/2026,02/17/2026,2024-01-01,2026-02-17,2026-02-17,False,,327.0,False,False,2024-01
105,2024,1,Occurrence,Race-Ethnicity,Other/Unknown,HYP,Essential hypertension and hypertensive renal disease,ICD-10,,1,Cell suppressed for small numbers,02/17/2026,02/17/2026,2024-01-01,2026-02-17,2026-02-17,True,Cell suppressed for small numbers,,False,False,2024-01
106,2024,1,Occurrence,Total Population,Total Population,INJ,Accidents (unintentional injuries),ICD-10,1759.0,,,02/17/2026,02/17/2026,2024-01-01,2026-02-17,2026-02-17,False,,1759.0,True,False,2024-01
107,2024,1,Occurrence,Gender,Female,INJ,Accidents (unintentional injuries),ICD-10,490.0,,,02/17/2026,02/17/2026,2024-01-01,2026-02-17,2026-02-17,False,,490.0,False,False,2024-01
108,2024,1,Occurrence,Gender,Male,INJ,Accidents (unintentional injuries),ICD-10,1269.0,,,02/17/2026,02/17/2026,2024-01-01,2026-02-17,2026-02-17,False,,1269.0,False,False,2024-01
109,2024,1,Occurrence,Race-Ethnicity,American Indian/Alaska Native,INJ,Accidents (unintentional injuries),ICD-10,,2,Cell suppressed for complementary cell,02/17/2026,02/17/2026,2024-01-01,2026-02-17,2026-02-17,True,Cell suppressed for complementary cell,,False,False,2024-01
110,2024,1,Occurrence,Race-Ethnicity,Asian,INJ,Accidents (unintentional injuries),ICD-10,87.0,,,02/17/2026,02/17/2026,2024-01-01,2026-02-17,2026-02-17,False,,87.0,False,False,2024-01
111,2024,1,Occurrence,Race-Ethnicity,Black,INJ,Accidents (unintentional injuries),ICD-10,191.0,,,02/17/2026,02/17/2026,2024-01-01,2026-02-17,2026-02-17,False,,191.0,False,False,2024-01
112,2024,1,Occurrence,Race-Ethnicity,Hawaiian/Pacific Islander,INJ,Accidents (unintentional injuries),ICD-10,,1,Cell suppressed for small numbers,02/17/2026,02/17/2026,2024-01-01,2026-02-17,2026-02-17,True,Cell suppressed for small numbers,,False,False,2024-01
113,2024,1,Occurrence,Race-Ethnicity,Hispanic,INJ,Accidents (unintentional injuries),ICD-10,569.0,,,02/17/2026,02/17/2026,2024-01-01,2026-02-17,2026-02-17,False,,569.0,False,False,2024-01
114,2024,1,Occurrence,Race-Ethnicity,Multi-Race,INJ,Accidents (unintentional injuries),ICD-10,33.0,,,02/17/2026,02/17/2026,2024-01-01,2026-02-17,2026-02-17,False,,33.0,False,False,2024-01
115,2024,1,Occurrence,Race-Ethnicity,White,INJ,Accidents (unintentional injuries),ICD-10,811.0,,,02/17/2026,02/17/2026,2024-01-01,2026-02-17,2026-02-17,False,,811.0,False,False,2024-01
116,2024,1,Occurrence,Race-Ethnicity,Other/Unknown,INJ,Accidents (unintentional injuries),ICD-10,40.0,,,02/17/2026,02/17/2026,2024-01-01,2026-02-17,2026-02-17,False,,40.0,False,False,2024-01
117,2024,1,Occurrence,Total Population,Total Population,LIV,Chronic liver disease and cirrhosis,ICD-10,548.0,,,02/17/2026,02/17/2026,2024-01-01,2026-02-17,2026-02-17,False,,548.0,True,False,2024-01
118,2024,1,Occurrence,Gender,Female,LIV,Chronic liver disease and cirrhosis,ICD-10,212.0,,,02/17/2026,02/17/2026,2024-01-01,2026-02-17,2026-02-17,False,,212.0,False,False,2024-01
119,2024,1,Occurrence,Gender,Male,LIV,Chronic liver disease and cirrhosis,ICD-10,336.0,,,02/17/2026,02/17/2026,2024-01-01,2026-02-17,2026-02-17,False,,336.0,False,False,2024-01
120,2024,1,Occurrence,Race-Ethnicity,American Indian/Alaska Native,LIV,Chronic liver disease and cirrhosis,ICD-10,,1,Cell suppressed for small numbers,02/17/2026,02/17/2026,2024-01-01,2026-02-17,2026-02-17,True,Cell suppressed for small numbers,,False,False,2024-01
121,2024,1,Occurrence,Race-Ethnicity,Asian,LIV,Chronic liver disease and cirrhosis,ICD-10,18.0,,,02/17/2026,02/17/2026,2024-01-01,2026-02-17,2026-02-17,False,,18.0,False,False,2024-01
122,2024,1,Occurrence,Race-Ethnicity,Black,LIV,Chronic liver disease and cirrhosis,ICD-10,19.0,,,02/17/2026,02/17/2026,2024-01-01,2026-02-17,2026-02-17,False,,19.0,False,False,2024-01
123,2024,1,Occurrence,Race-Ethnicity,Hawaiian/Pacific Islander,LIV,Chronic liver disease and cirrhosis,ICD-10,,1,Cell suppressed for small numbers,02/17/2026,02/17/2026,2024-01-01,2026-02-17,2026-02-17,True,Cell suppressed for small numbers,,False,False,2024-01
124,2024,1,Occurrence,Race-Ethnicity,Hispanic,LIV,Chronic liver disease and cirrhosis,ICD-10,262.0,,,02/17/2026,02/17/2026,2024-01-01,2026-02-17,2026-02-17,False,,262.0,False,False,2024-01
125,2024,1,Occurrence,Race-Ethnicity,Multi-Race,LIV,Chronic liver disease and cirrhosis,ICD-10,,1,Cell suppressed for small numbers,02/17/2026,02/17/2026,2024-01-01,2026-02-17,2026-02-17,True,Cell suppressed for small numbers,,False,False,2024-01
126,2024,1,Occurrence,Race-Ethnicity,White,LIV,Chronic liver disease and cirrhosis,ICD-10,231.0,,,02/17/2026,02/17/2026,2024-01-01,2026-02-17,2026-02-17,False,,231.0,False,False,2024-01
127,2024,1,Occurrence,Race-Ethnicity,Other/Unknown,LIV,Chronic liver disease and cirrhosis,ICD-10,,1,Cell suppressed for small numbers,02/17/2026,02/17/2026,2024-01-01,2026-02-17,2026-02-17,True,Cell suppressed for small numbers,,False,False,2024-01
128,2024,1,Occurrence,Total Population,Total Population,NEP,"Nephritis, nephrotic syndrome and nephrosis",ICD-10,493.0,,,02/17/2026,02/17/2026,2024-01-01,2026-02-17,2026-02-17,False,,493.0,True,False,2024-01
129,2024,1,Occurrence,Gender,Female,NEP,"Nephritis, nephrotic syndrome and nephrosis",ICD-10,238.0,,,02/17/2026,02/17/2026,2024-01-01,2026-02-17,2026-02-17,False,,238.0,False,False,2024-01
130,2024,1,Occurrence,Gender,Male,NEP,"Nephritis, nephrotic syndrome and nephrosis",ICD-10,255.0,,,02/17/2026,02/17/2026,2024-01-01,2026-02-17,2026-02-17,False,,255.0,False,False,2024-01
131,2024,1,Occurrence,Race-Ethnicity,American Indian/Alaska Native,NEP,"Nephritis, nephrotic syndrome and nephrosis",ICD-10,,1,Cell suppressed for small numbers,02/17/2026,02/17/2026,2024-01-01,2026-02-17,2026-02-17,True,Cell suppressed for small numbers,,False,False,2024-01
132,2024,1,Occurrence,Race-Ethnicity,Asian,NEP,"Nephritis, nephrotic syndrome and nephrosis",ICD-10,67.0,,,02/17/2026,02/17/2026,2024-01-01,2026-02-17,2026-02-17,False,,67.0,False,False,2024-01
133,2024,1,Occurrence,Race-Ethnicity,Black,NEP,"Nephritis, nephrotic syndrome and nephrosis",ICD-10,53.0,,,02/17/2026,02/17/2026,2024-01-01,2026-02-17,2026-02-17,False,,53.0,False,False,2024-01
134,2024,1,Occurrence,Race-Ethnicity,Hawaiian/Pacific Islander,NEP,"Nephritis, nephrotic syndrome and nephrosis",ICD-10,,1,Cell suppressed for small numbers,02/17/2026,02/17/2026,2024-01-01,2026-02-17,2026-02-17,True,Cell suppressed for small numbers,,False,False,2024-01
135,2024,1,Occurrence,Race-Ethnicity,Hispanic,NEP,"Nephritis, nephrotic syndrome and nephrosis",ICD-10,136.0,,,02/17/2026,02/17/2026,2024-01-01,2026-02-17,2026-02-17,False,,136.0,False,False,2024-01
136,2024,1,Occurrence,Race-Ethnicity,Multi-Race,NEP,"Nephritis, nephrotic syndrome and nephrosis",ICD-10,,1,Cell suppressed for small numbers,02/17/2026,02/17/2026,2024-01-01,2026-02-17,2026-02-17,True,Cell suppressed for small numbers,,False,False,2024-01
137,2024,1,Occurrence,Race-Ethnicity,White,NEP,"Nephritis, nephrotic syndrome and nephrosis",ICD-10,219.0,,,02/17/2026,02/17/2026,2024-01-01,2026-02-17,2026-02-17,False,,219.0,False,False,2024-01
138,2024,1,Occurrence,Race-Ethnicity,Other/Unknown,NEP,"Nephritis, nephrotic syndrome and nephrosis",ICD-10,,1,Cell suppressed for small numbers,02/17/2026,02/17/2026,2024-01-01,2026-02-17,2026-02-17,True,Cell suppressed for small numbers,,False,False,2024-01
139,2024,1,Occurrence,Total Population,Total Population,PAR,Parkinson's disease,ICD-10,378.0,,,02/17/2026,02/17/2026,2024-01-01,2026-02-17,2026-02-17,False,,378.0,True,False,2024-01
140,2024,1,Occurrence,Gender,Female,PAR,Parkinson's disease,ICD-10,151.0,,,02/17/2026,02/17/2026,2024-01-01,2026-02-17,2026-02-17,False,,151.0,False,False,2024-01
141,2024,1,Occurrence,Gender,Male,PAR,Parkinson's disease,ICD-10,227.0,,,02/17/2026,02/17/2026,2024-01-01,2026-02-17,2026-02-17,False,,227.0,False,False,2024-01
142,2024,1,Occurrence,Race-Ethnicity,American Indian/Alaska Native,PAR,Parkinson's disease,ICD-10,,1,Cell suppressed for small numbers,02/17/2026,02/17/2026,2024-01-01,2026-02-17,2026-02-17,True,Cell suppressed for small numbers,,False,False,2024-01
143,2024,1,Occurrence,Race-Ethnicity,Asian,PAR,Parkinson's disease,ICD-10,48.0,,,02/17/2026,02/17/2026,2024-01-01,2026-02-17,2026-02-17,False,,48.0,False,False,2024-01
144,2024,1,Occurrence,Race-Ethnicity,Black,PAR,Parkinson's disease,ICD-10,19.0,,,02/17/2026,02/17/2026,2024-01-01,2026-02-17,2026-02-17,False,,19.0,False,False,2024-01
145,2024,1,Occurrence,Race-Ethnicity,Hawaiian/Pacific Islander,PAR,Parkinson's disease,ICD-10,0.0,,,02/17/2026,02/17/2026,2024-01-01,2026-02-17,2026-02-17,False,,0.0,False,False,2024-01
146,2024,1,Occurrence,Race-Ethnicity,Hispanic,PAR,Parkinson's disease,ICD-10,44.0,,,02/17/2026,02/17/2026,2024-01-01,2026-02-17,2026-02-17,False,,44.0,False,False,2024-01
147,2024,1,Occurrence,Race-Ethnicity,Multi-Race,PAR,Parkinson's disease,ICD-10,,1,Cell suppressed for small numbers,02/17/2026,02/17/2026,2024-01-01,2026-02-17,2026-02-17,True,Cell suppressed for small numbers,,False,False,2024-01
148,2024,1,Occurrence,Race-Ethnicity,White,PAR,Parkinson's disease,ICD-10,262.0,,,02/17/2026,02/17/2026,2024-01-01,2026-02-17,2026-02-17,False,,262.0,False,False,2024-01
149,2024,1,Occurrence,Race-Ethnicity,Other/Unknown,PAR,Parkinson's disease,ICD-10,,1,Cell suppressed for small numbers,02/17/2026,02/17/2026,2024-01-01,2026-02-17,2026-02-17,True,Cell suppressed for small numbers,,False,False,2024-01
150,2024,1,Occurrence,Total Population,Total Population,PNF,Influenza and pneumonia,ICD-10,798.0,,,02/17/2026,02/17/2026,2024-01-01,2026-02-17,2026-02-17,False,,798.0,True,False,2024-01
151,2024,1,Occurrence,Gender,Female,PNF,Influenza and pneumonia,ICD-10,386.0,,,02/17/2026,02/17/2026,2024-01-01,2026-02-17,2026-02-17,False,,386.0,False,False,2024-01
152,2024,1,Occurrence,Gender,Male,PNF,Influenza and pneumonia,ICD-10,412.0,,,02/17/2026,02/17/2026,2024-01-01,2026-02-17,2026-02-17,False,,412.0,False,False,2024-01
153,2024,1,Occurrence,Race-Ethnicity,American Indian/Alaska Native,PNF,Influenza and pneumonia,ICD-10,,1,Cell suppressed for small numbers,02/17/2026,02/17/2026,2024-01-01,2026-02-17,2026-02-17,True,Cell suppressed for small numbers,,False,False,2024-01
154,2024,1,Occurrence,Race-Ethnicity,Asian,PNF,Influenza and pneumonia,ICD-10,119.0,,,02/17/2026,02/17/2026,2024-01-01,2026-02-17,2026-02-17,False,,119.0,False,False,2024-01
155,2024,1,Occurrence,Race-Ethnicity,Black,PNF,Influenza and pneumonia,ICD-10,48.0,,,02/17/2026,02/17/2026,2024-01-01,2026-02-17,2026-02-17,False,,48.0,False,False,2024-01
156,2024,1,Occurrence,Race-Ethnicity,Hawaiian/Pacific Islander,PNF,Influenza and pneumonia,ICD-10,,1,Cell suppressed for small numbers,02/17/2026,02/17/2026,2024-01-01,2026-02-17,2026-02-17,True,Cell suppressed for small numbers,,False,False,2024-01
157,2024,1,Occurrence,Race-Ethnicity,Hispanic,PNF,Influenza and pneumonia,ICD-10,198.0,,,02/17/2026,02/17/2026,2024-01-01,2026-02-17,2026-02-17,False,,198.0,False,False,2024-01
158,2024,1,Occurrence,Race-Ethnicity,Multi-Race,PNF,Influenza and pneumonia,ICD-10,,1,Cell suppressed for small numbers,02/17/2026,02/17/2026,2024-01-01,2026-02-17,2026-02-17,True,Cell suppressed for small numbers,,False,False,2024-01
159,2024,1,Occurrence,Race-Ethnicity,White,PNF,Influenza and pneumonia,ICD-10,409.0,,,02/17/2026,02/17/2026,2024-01-01,2026-02-17,2026-02-17,False,,409.0,False,False,2024-01
160,2024,1,Occurrence,Race-Ethnicity,Other/Unknown,PNF,Influenza and pneumonia,ICD-10,,1,Cell suppressed for small numbers,02/17/2026,02/17/2026,2024-01-01,2026-02-17,2026-02-17,True,Cell suppressed for small numbers,,False,False,2024-01
161,2024,1,Occurrence,Total Population,Total Population,STK,Cerebrovascular diseases,ICD-10,1645.0,,,02/17/2026,02/17/2026,2024-01-01,2026-02-17,2026-02-17,False,,1645.0,True,False,2024-01
162,2024,1,Occurrence,Gender,Female,STK,Cerebrovascular diseases,ICD-10,910.0,,,02/17/2026,02/17/2026,2024-01-01,2026-02-17,2026-02-17,False,,910.0,False,False,2024-01
163,2024,1,Occurrence,Gender,Male,STK,Cerebrovascular diseases,ICD-10,735.0,,,02/17/2026,02/17/2026,2024-01-01,2026-02-17,2026-02-17,False,,735.0,False,False,2024-01
164,2024,1,Occurrence,Race-Ethnicity,American Indian/Alaska Native,STK,Cerebrovascular diseases,ICD-10,,1,Cell suppressed for small numbers,02/17/2026,02/17/2026,2024-01-01,2026-02-17,2026-02-17,True,Cell suppressed for small numbers,,False,False,2024-01
165,2024,1,Occurrence,Race-Ethnicity,Asian,STK,Cerebrovascular diseases,ICD-10,239.0,,,02/17/2026,02/17/2026,2024-01-01,2026-02-17,2026-02-17,False,,239.0,False,False,2024-01
166,2024,1,Occurrence,Race-Ethnicity,Black,STK,Cerebrovascular diseases,ICD-10,117.0,,,02/17/2026,02/17/2026,2024-01-01,2026-02-17,2026-02-17,False,,117.0,False,False,2024-01
167,2024,1,Occurrence,Race-Ethnicity,Hawaiian/Pacific Islander,STK,Cerebrovascular diseases,ICD-10,,1,Cell suppressed for small numbers,02/17/2026,02/17/2026,2024-01-01,2026-02-17,2026-02-17,True,Cell suppressed for small numbers,,False,False,2024-01
168,2024,1,Occurrence,Race-Ethnicity,Hispanic,STK,Cerebrovascular diseases,ICD-10,338.0,,,02/17/2026,02/17/2026,2024-01-01,2026-02-17,2026-02-17,False,,338.0,False,False,2024-01
169,2024,1,Occurrence,Race-Ethnicity,Multi-Race,STK,Cerebrovascular diseases,ICD-10,14.0,,,02/17/2026,02/17/2026,2024-01-01,2026-02-17,2026-02-17,False,,14.0,False,False,2024-01
170,2024,1,Occurrence,Race-Ethnicity,White,STK,Cerebrovascular diseases,ICD-10,917.0,,,02/17/2026,02/17/2026,2024-01-01,2026-02-17,2026-02-17,False,,917.0,False,False,2024-01
171,2024,1,Occurrence,Race-Ethnicity,Other/Unknown,STK,Cerebrovascular diseases,ICD-10,,1,Cell suppressed for small numbers,02/17/2026,02/17/2026,2024-01-01,2026-02-17,2026-02-17,True,Cell suppressed for small numbers,,False,False,2024-01
172,2024,1,Occurrence,Total Population,Total Population,SUI,Intentional self-harm (suicide),ICD-10,362.0,,,02/17/2026,02/17/2026,2024-01-01,2026-02-17,2026-02-17,False,,362.0,True,False,2024-01
173,2024,1,Occurrence,Gender,Female,SUI,Intentional self-harm (suicide),ICD-10,71.0,,,02/17/2026,02/17/2026,2024-01-01,2026-02-17,2026-02-17,False,,71.0,False,False,2024-01
174,2024,1,Occurrence,Gender,Male,SUI,Intentional self-harm (suicide),ICD-10,291.0,,,02/17/2026,02/17/2026,2024-01-01,2026-02-17,2026-02-17,False,,291.0,False,False,2024-01
175,2024,1,Occurrence,Race-Ethnicity,American Indian/Alaska Native,SUI,Intentional self-harm (suicide),ICD-10,,1,Cell suppressed for small numbers,02/17/2026,02/17/2026,2024-01-01,2026-02-17,2026-02-17,True,Cell suppressed for small numbers,,False,False,2024-01
176,2024,1,Occurrence,Race-Ethnicity,Asian,SUI,Intentional self-harm (suicide),ICD-10,35.0,,,02/17/2026,02/17/2026,2024-01-01,2026-02-17,2026-02-17,False,,35.0,False,False,2024-01
177,2024,1,Occurrence,Race-Ethnicity,Black,SUI,Intentional self-harm (suicide),ICD-10,16.0,,,02/17/2026,02/17/2026,2024-01-01,2026-02-17,2026-02-17,False,,16.0,False,False,2024-01
178,2024,1,Occurrence,Race-Ethnicity,Hawaiian/Pacific Islander,SUI,Intentional self-harm (suicide),ICD-10,,1,Cell suppressed for small numbers,02/17/2026,02/17/2026,2024-01-01,2026-02-17,2026-02-17,True,Cell suppressed for small numbers,,False,False,2024-01
179,2024,1,Occurrence,Race-Ethnicity,Hispanic,SUI,Intentional self-harm (suicide),ICD-10,104.0,,,02/17/2026,02/17/2026,2024-01-01,2026-02-17,2026-02-17,False,,104.0,False,False,2024-01
180,2024,1,Occurrence,Race-Ethnicity,Multi-Race,SUI,Intentional self-harm (suicide),ICD-10,,1,Cell suppressed for small numbers,02/17/2026,02/17/2026,2024-01-01,2026-02-17,2026-02-17,True,Cell suppressed for small numbers,,False,False,2024-01
181,2024,1,Occurrence,Race-Ethnicity,White,SUI,Intentional self-harm (suicide),ICD-10,195.0,,,02/17/2026,02/17/2026,2024-01-01,2026-02-17,2026-02-17,False,,195.0,False,False,2024-01
182,2024,1,Occurrence,Race-Ethnicity,Other/Unknown,SUI,Intentional self-harm (suicide),ICD-10,,1,Cell suppressed for small numbers,02/17/2026,02/17/2026,2024-01-01,2026-02-17,2026-02-17,True,Cell suppressed for small numbers,,False,False,2024-01
183,2024,2,Occurrence,Total Population,Total Population,ALL,All causes (total),ICD-10,23742.0,,,02/17/2026,02/17/2026,2024-02-01,2026-02-17,2026-02-17,False,,23742.0,True,True,2024-02
184,2024,2,Occurrence,Age,Under 1 year,ALL,All causes (total),ICD-10,132.0,,,02/17/2026,02/17/2026,2024-02-01,2026-02-17,2026-02-17,False,,132.0,False,True,2024-02
185,2024,2,Occurrence,Age,1-4 years,ALL,All causes (total),ICD-10,26.0,,,02/17/2026,02/17/2026,2024-02-01,2026-02-17,2026-02-17,False,,26.0,False,True,2024-02
186,2024,2,Occurrence,Age,5-14 years,ALL,All causes (total),ICD-10,55.0,,,02/17/2026,02/17/2026,2024-02-01,2026-02-17,2026-02-17,False,,55.0,False,True,2024-02
187,2024,2,Occurrence,Age,15-24 years,ALL,All causes (total),ICD-10,205.0,,,02/17/2026,02/17/2026,2024-02-01,2026-02-17,2026-02-17,False,,205.0,False,True,2024-02
188,2024,2,Occurrence,Age,25-34 years,ALL,All causes (total),ICD-10,545.0,,,02/17/2026,02/17/2026,2024-02-01,2026-02-17,2026-02-17,False,,545.0,False,True,2024-02
189,2024,2,Occurrence,Age,35-44 years,ALL,All causes (total),ICD-10,837.0,,,02/17/2026,02/17/2026,2024-02-01,2026-02-17,2026-02-17,False,,837.0,False,True,2024-02
190,2024,2,Occurrence,Age,45-54 years,ALL,All causes (total),ICD-10,1308.0,,,02/17/2026,02/17/2026,2024-02-01,2026-02-17,2026-02-17,False,,1308.0,False,True,2024-02
191,2024,2,Occurrence,Age,55-64 years,ALL,All causes (total),ICD-10,2696.0,,,02/17/2026,02/17/2026,2024-02-01,2026-02-17,2026-02-17,False,,2696.0,False,True,2024-02
192,2024,2,Occurrence,Age,65-74 years,ALL,All causes (total),ICD-10,4447.0,,,02/17/2026,02/17/2026,2024-02-01,2026-02-17,2026-02-17,False,,4447.0,False,True,2024-02
193,2024,2,Occurrence,Age,75-84 years,ALL,All causes (total),ICD-10,5984.0,,,02/17/2026,02/17/2026,2024-02-01,2026-02-17,2026-02-17,False,,5984.0,False,True,2024-02
194,2024,2,Occurrence,Age,85 years and over,ALL,All causes (total),ICD-10,7500.0,,,02/17/2026,02/17/2026,2024-02-01,2026-02-17,2026-02-17,False,,7500.0,False,True,2024-02
195,2024,2,Occurrence,Gender,Female,ALL,All causes (total),ICD-10,11092.0,,,02/17/2026,02/17/2026,2024-02-01,2026-02-17,2026-02-17,False,,11092.0,False,True,2024-02
196,2024,2,Occurrence,Gender,Male,ALL,All causes (total),ICD-10,12649.0,,,02/17/2026,02/17/2026,2024-02-01,2026-02-17,2026-02-17,False,,12649.0,False,True,2024-02
197,2024,2,Occurrence,Place Type,Inpatient,ALL,All causes (total),ICD-10,7640.0,,,02/17/2026,02/17/2026,2024-02-01,2026-02-17,2026-02-17,False,,7640.0,False,True,2024-02
198,2024,2,Occurrence,Place Type,Emergency Room/Outpatient,ALL,All causes (total),ICD-10,1228.0,,,02/17/2026,02/17/2026,2024-02-01,2026-02-17,2026-02-17,False,,1228.0,False,True,2024-02
199,2024,2,Occurrence,Place Type,Decedent's Home,ALL,All causes (total),ICD-10,8962.0,,,02/17/2026,02/17/2026,2024-02-01,2026-02-17,2026-02-17,False,,8962.0,False,True,2024-02
200,2024,2,Occurrence,Place Type,Hospice Facility,ALL,All causes (total),ICD-10,212.0,,,02/17/2026,02/17/2026,2024-02-01,2026-02-17,2026-02-17,False,,212.0,False,True,2024-02
201,2024,2,Occurrence,Place Type,Nursing Home/Long Term Care Facility,ALL,All causes (total),ICD-10,1756.0,,,02/17/2026,02/17/2026,2024-02-01,2026-02-17,2026-02-17,False,,1756.0,False,True,2024-02
202,2024,2,Occurrence,Place Type,Other/Unknown,ALL,All causes (total),ICD-10,3944.0,,,02/17/2026,02/17/2026,2024-02-01,2026-02-17,2026-02-17,False,,3944.0,False,True,2024-02
203,2024,2,Occurrence,Race-Ethnicity,American Indian/Alaska Native,ALL,All causes (total),ICD-10,127.0,,,02/17/2026,02/17/2026,2024-02-01,2026-02-17,2026-02-17,False,,127.0,False,True,2024-02
204,2024,2,Occurrence,Race-Ethnicity,Asian,ALL,All causes (total),ICD-10,2659.0,,,02/17/2026,02/17/2026,2024-02-01,2026-02-17,2026-02-17,False,,2659.0,False,True,2024-02
205,2024,2,Occurrence,Race-Ethnicity,Black,ALL,All causes (total),ICD-10,1918.0,,,02/17/2026,02/17/2026,2024-02-01,2026-02-17,2026-02-17,False,,1918.0,False,True,2024-02
206,2024,2,Occurrence,Race-Ethnicity,Hawaiian/Pacific Islander,ALL,All causes (total),ICD-10,89.0,,,02/17/2026,02/17/2026,2024-02-01,2026-02-17,2026-02-17,False,,89.0,False,True,2024-02
207,2024,2,Occurrence,Race-Ethnicity,Hispanic,ALL,All causes (total),ICD-10,5418.0,,,02/17/2026,02/17/2026,2024-02-01,2026-02-17,2026-02-17,False,,5418.0,False,True,2024-02
208,2024,2,Occurrence,Race-Ethnicity,Multi-Race,ALL,All causes (total),ICD-10,242.0,,,02/17/2026,02/17/2026,2024-02-01,2026-02-17,2026-02-17,False,,242.0,False,True,2024-02
209,2024,2,Occurrence,Race-Ethnicity,White,ALL,All causes (total),ICD-10,13079.0,,,02/17/2026,02/17/2026,2024-02-01,2026-02-17,2026-02-17,False,,13079.0,False,True,2024-02
210,2024,2,Occurrence,Race-Ethnicity,Other/Unknown,ALL,All causes (total),ICD-10,210.0,,,02/17/2026,02/17/2026,2024-02-01,2026-02-17,2026-02-17,False,,210.0,False,True,2024-02
211,2024,2,Occurrence,Total Population,Total Population,ALZ,Alzheimer's disease,ICD-10,1315.0,,,02/17/2026,02/17/2026,2024-02-01,2026-02-17,2026-02-17,False,,1315.0,True,False,2024-02
212,2024,2,Occurrence,Gender,Female,ALZ,Alzheimer's disease,ICD-10,877.0,,,02/17/2026,02/17/2026,2024-02-01,2026-02-17,2026-02-17,False,,877.0,False,False,2024-02
213,2024,2,Occurrence,Gender,Male,ALZ,Alzheimer's disease,ICD-10,438.0,,,02/17/2026,02/17/2026,2024-02-01,2026-02-17,2026-02-17,False,,438.0,False,False,2024-02
214,2024,2,Occurrence,Race-Ethnicity,American Indian/Alaska Native,ALZ,Alzheimer's disease,ICD-10,,1,Cell suppressed for small numbers,02/17/2026,02/17/2026,2024-02-01,2026-02-17,2026-02-17,True,Cell suppressed for small numbers,,False,False,2024-02
215,2024,2,Occurrence,Race-Ethnicity,Asian,ALZ,Alzheimer's disease,ICD-10,133.0,,,02/17/2026,02/17/2026,2024-02-01,2026-02-17,2026-02-17,False,,133.0,False,False,2024-02
216,2024,2,Occurrence,Race-Ethnicity,Black,ALZ,Alzheimer's disease,ICD-10,76.0,,,02/17/2026,02/17/2026,2024-02-01,2026-02-17,2026-02-17,False,,76.0,False,False,2024-02
217,2024,2,Occurrence,Race-Ethnicity,Hawaiian/Pacific Islander,ALZ,Alzheimer's disease,ICD-10,,1,Cell suppressed for small numbers,02/17/2026,02/17/2026,2024-02-01,2026-02-17,2026-02-17,True,Cell suppressed for small numbers,,False,False,2024-02
218,2024,2,Occurrence,Race-Ethnicity,Hispanic,ALZ,Alzheimer's disease,ICD-10,239.0,,,02/17/2026,02/17/2026,2024-02-01,2026-02-17,2026-02-17,False,,239.0,False,False,2024-02
219,2024,2,Occurrence,Race-Ethnicity,Multi-Race,ALZ,Alzheimer's disease,ICD-10,,1,Cell suppressed for small numbers,02/17/2026,02/17/2026,2024-02-01,2026-02-17,2026-02-17,True,Cell suppressed for small numbers,,False,False,2024-02
220,2024,2,Occurrence,Race-Ethnicity,White,ALZ,Alzheimer's disease,ICD-10,844.0,,,02/17/2026,02/17/2026,2024-02-01,2026-02-17,2026-02-17,False,,844.0,False,False,2024-02
221,2024,2,Occurrence,Race-Ethnicity,Other/Unknown,ALZ,Alzheimer's disease,ICD-10,,1,Cell suppressed for small numbers,02/17/2026,02/17/2026,2024-02-01,2026-02-17,2026-02-17,True,Cell suppressed for small numbers,,False,False,2024-02
222,2024,2,Occurrence,Total Population,Total Population,CAN,Malignant neoplasms,ICD-10,4902.0,,,02/17/2026,02/17/2026,2024-02-01,2026-02-17,2026-02-17,False,,4902.0,True,False,2024-02
223,2024,2,Occurrence,Gender,Female,CAN,Malignant neoplasms,ICD-10,2379.0,,,02/17/2026,02/17/2026,2024-02-01,2026-02-17,2026-02-17,False,,2379.0,False,False,2024-02
224,2024,2,Occurrence,Gender,Male,CAN,Malignant neoplasms,ICD-10,2523.0,,,02/17/2026,02/17/2026,2024-02-01,2026-02-17,2026-02-17,False,,2523.0,False,False,2024-02
225,2024,2,Occurrence,Race-Ethnicity,American Indian/Alaska Native,CAN,Malignant neoplasms,ICD-10,25.0,,,02/17/2026,02/17/2026,2024-02-01,2026-02-17,2026-02-17,False,,25.0,False,False,2024-02
226,2024,2,Occurrence,Race-Ethnicity,Asian,CAN,Malignant neoplasms,ICD-10,654.0,,,02/17/2026,02/17/2026,2024-02-01,2026-02-17,2026-02-17,False,,654.0,False,False,2024-02
227,2024,2,Occurrence,Race-Ethnicity,Black,CAN,Malignant neoplasms,ICD-10,353.0,,,02/17/2026,02/17/2026,2024-02-01,2026-02-17,2026-02-17,False,,353.0,False,False,2024-02
228,2024,2,Occurrence,Race-Ethnicity,Hawaiian/Pacific Islander,CAN,Malignant neoplasms,ICD-10,24.0,,,02/17/2026,02/17/2026,2024-02-01,2026-02-17,2026-02-17,False,,24.0,False,False,2024-02
229,2024,2,Occurrence,Race-Ethnicity,Hispanic,CAN,Malignant neoplasms,ICD-10,1119.0,,,02/17/2026,02/17/2026,2024-02-01,2026-02-17,2026-02-17,False,,1119.0,False,False,2024-02
230,2024,2,Occurrence,Race-Ethnicity,Multi-Race,CAN,Malignant neoplasms,ICD-10,42.0,,,02/17/2026,02/17/2026,2024-02-01,2026-02-17,2026-02-17,False,,42.0,False,False,2024-02
231,2024,2,Occurrence,Race-Ethnicity,White,CAN,Malignant neoplasms,ICD-10,2654.0,,,02/17/2026,02/17/2026,2024-02-01,2026-02-17,2026-02-17,False,,2654.0,False,False,2024-02
232,2024,2,Occurrence,Race-Ethnicity,Other/Unknown,CAN,Malignant neoplasms,ICD-10,31.0,,,02/17/2026,02/17/2026,2024-02-01,2026-02-17,2026-02-17,False,,31.0,False,False,2024-02
233,2024,2,Occurrence,Total Population,Total Population,CLD,Chronic lower respiratory diseases,ICD-10,928.0,,,02/17/2026,02/17/2026,2024-02-01,2026-02-17,2026-02-17,False,,928.0,True,False,2024-02
234,2024,2,Occurrence,Gender,Female,CLD,Chronic lower respiratory diseases,ICD-10,474.0,,,02/17/2026,02/17/2026,2024-02-01,2026-02-17,2026-02-17,False,,474.0,False,False,2024-02
235,2024,2,Occurrence,Gender,Male,CLD,Chronic lower respiratory diseases,ICD-10,454.0,,,02/17/2026,02/17/2026,2024-02-01,2026-02-17,2026-02-17,False,,454.0,False,False,2024-02
236,2024,2,Occurrence,Race-Ethnicity,American Indian/Alaska Native,CLD,Chronic lower respiratory diseases,ICD-10,,1,Cell suppressed for small numbers,02/17/2026,02/17/2026,2024-02-01,2026-02-17,2026-02-17,True,Cell suppressed for small numbers,,False,False,2024-02
237,2024,2,Occurrence,Race-Ethnicity,Asian,CLD,Chronic lower respiratory diseases,ICD-10,64.0,,,02/17/2026,02/17/2026,2024-02-01,2026-02-17,2026-02-17,False,,64.0,False,False,2024-02
238,2024,2,Occurrence,Race-Ethnicity,Black,CLD,Chronic lower respiratory diseases,ICD-10,80.0,,,02/17/2026,02/17/2026,2024-02-01,2026-02-17,2026-02-17,False,,80.0,False,False,2024-02
239,2024,2,Occurrence,Race-Ethnicity,Hawaiian/Pacific Islander,CLD,Chronic lower respiratory diseases,ICD-10,0.0,,,02/17/2026,02/17/2026,2024-02-01,2026-02-17,2026-02-17,False,,0.0,False,False,2024-02
240,2024,2,Occurrence,Race-Ethnicity,Hispanic,CLD,Chronic lower respiratory diseases,ICD-10,92.0,,,02/17/2026,02/17/2026,2024-02-01,2026-02-17,2026-02-17,False,,92.0,False,False,2024-02
241,2024,2,Occurrence,Race-Ethnicity,Multi-Race,CLD,Chronic lower respiratory diseases,ICD-10,,1,Cell suppressed for small numbers,02/17/2026,02/17/2026,2024-02-01,2026-02-17,2026-02-17,True,Cell suppressed for small numbers,,False,False,2024-02
242,2024,2,Occurrence,Race-Ethnicity,White,CLD,Chronic lower respiratory diseases,ICD-10,678.0,,,02/17/2026,02/17/2026,2024-02-01,2026-02-17,2026-02-17,False,,678.0,False,False,2024-02
243,2024,2,Occurrence,Race-Ethnicity,Other/Unknown,CLD,Chronic lower respiratory diseases,ICD-10,,1,Cell suppressed for small numbers,02/17/2026,02/17/2026,2024-02-01,2026-02-17,2026-02-17,True,Cell suppressed for small numbers,,False,False,2024-02
244,2024,2,Occurrence,Total Population,Total Population,DIA,Diabetes mellitus,ICD-10,949.0,,,02/17/2026,02/17/2026,2024-02-01,2026-02-17,2026-02-17,False,,949.0,True,False,2024-02
245,2024,2,Occurrence,Gender,Female,DIA,Diabetes mellitus,ICD-10,408.0,,,02/17/2026,02/17/2026,2024-02-01,2026-02-17,2026-02-17,False,,408.0,False,False,2024-02
246,2024,2,Occurrence,Gender,Male,DIA,Diabetes mellitus,ICD-10,541.0,,,02/17/2026,02/17/2026,2024-02-01,2026-02-17,2026-02-17,False,,541.0,False,False,2024-02
247,2024,2,Occurrence,Race-Ethnicity,American Indian/Alaska Native,DIA,Diabetes mellitus,ICD-10,,1,Cell suppressed for small numbers,02/17/2026,02/17/2026,2024-02-01,2026-02-17,2026-02-17,True,Cell suppressed for small numbers,,False,False,2024-02
248,2024,2,Occurrence,Race-Ethnicity,Asian,DIA,Diabetes mellitus,ICD-10,136.0,,,02/17/2026,02/17/2026,2024-02-01,2026-02-17,2026-02-17,False,,136.0,False,False,2024-02
249,2024,2,Occurrence,Race-Ethnicity,Black,DIA,Diabetes mellitus,ICD-10,109.0,,,02/17/2026,02/17/2026,2024-02-01,2026-02-17,2026-02-17,False,,109.0,False,False,2024-02
250,2024,2,Occurrence,Race-Ethnicity,Hawaiian/Pacific Islander,DIA,Diabetes mellitus,ICD-10,,1,Cell suppressed for small numbers,02/17/2026,02/17/2026,2024-02-01,2026-02-17,2026-02-17,True,Cell suppressed for small numbers,,False,False,2024-02
251,2024,2,Occurrence,Race-Ethnicity,Hispanic,DIA,Diabetes mellitus,ICD-10,314.0,,,02/17/2026,02/17/2026,2024-02-01,2026-02-17,2026-02-17,False,,314.0,False,False,2024-02
252,2024,2,Occurrence,Race-Ethnicity,Multi-Race,DIA,Diabetes mellitus,ICD-10,,1,Cell suppressed for small numbers,02/17/2026,02/17/2026,2024-02-01,2026-02-17,2026-02-17,True,Cell suppressed for small numbers,,False,False,2024-02
253,2024,2,Occurrence,Race-Ethnicity,White,DIA,Diabetes mellitus,ICD-10,355.0,,,02/17/2026,02/17/2026,2024-02-01,2026-02-17,2026-02-17,False,,355.0,False,False,2024-02
254,2024,2,Occurrence,Race-Ethnicity,Other/Unknown,DIA,Diabetes mellitus,ICD-10,,1,Cell suppressed for small numbers,02/17/2026,02/17/2026,2024-02-01,2026-02-17,2026-02-17,True,Cell suppressed for small numbers,,False,False,2024-02
255,2024,2,Occurrence,Total Population,Total Population,HOM,Assault (homicide),ICD-10,144.0,,,02/17/2026,02/17/2026,2024-02-01,2026-02-17,2026-02-17,False,,144.0,True,False,2024-02
256,2024,2,Occurrence,Gender,Female,HOM,Assault (homicide),ICD-10,26.0,,,02/17/2026,02/17/2026,2024-02-01,2026-02-17,2026-02-17,False,,26.0,False,False,2024-02
257,2024,2,Occurrence,Gender,Male,HOM,Assault (homicide),ICD-10,118.0,,,02/17/2026,02/17/2026,2024-02-01,2026-02-17,2026-02-17,False,,118.0,False,False,2024-02
258,2024,2,Occurrence,Race-Ethnicity,American Indian/Alaska Native,HOM,Assault (homicide),ICD-10,,1,Cell suppressed for small numbers,02/17/2026,02/17/2026,2024-02-01,2026-02-17,2026-02-17,True,Cell suppressed for small numbers,,False,False,2024-02
259,2024,2,Occurrence,Race-Ethnicity,Asian,HOM,Assault (homicide),ICD-10,,1,Cell suppressed for small numbers,02/17/2026,02/17/2026,2024-02-01,2026-02-17,2026-02-17,True,Cell suppressed for small numbers,,False,False,2024-02
260,2024,2,Occurrence,Race-Ethnicity,Black,HOM,Assault (homicide),ICD-10,27.0,,,02/17/2026,02/17/2026,2024-02-01,2026-02-17,2026-02-17,False,,27.0,False,False,2024-02
261,2024,2,Occurrence,Race-Ethnicity,Hawaiian/Pacific Islander,HOM,Assault (homicide),ICD-10,0.0,,,02/17/2026,02/17/2026,2024-02-01,2026-02-17,2026-02-17,False,,0.0,False,False,2024-02
262,2024,2,Occurrence,Race-Ethnicity,Hispanic,HOM,Assault (homicide),ICD-10,67.0,,,02/17/2026,02/17/2026,2024-02-01,2026-02-17,2026-02-17,False,,67.0,False,False,2024-02
263,2024,2,Occurrence,Race-Ethnicity,Multi-Race,HOM,Assault (homicide),ICD-10,,1,Cell suppressed for small numbers,02/17/2026,02/17/2026,2024-02-01,2026-02-17,2026-02-17,True,Cell suppressed for small numbers,,False,False,2024-02
264,2024,2,Occurrence,Race-Ethnicity,White,HOM,Assault (homicide),ICD-10,37.0,,,02/17/2026,02/17/2026,2024-02-01,2026-02-17,2026-02-17,False,,37.0,False,False,2024-02
265,2024,2,Occurrence,Race-Ethnicity,Other/Unknown,HOM,Assault (homicide),ICD-10,0.0,,,02/17/2026,02/17/2026,2024-02-01,2026-02-17,2026-02-17,False,,0.0,False,False,2024-02
266,2024,2,Occurrence,Total Population,Total Population,HTD,Diseases of heart,ICD-10,5155.0,,,02/17/2026,02/17/2026,2024-02-01,2026-02-17,2026-02-17,False,,5155.0,True,False,2024-02
267,2024,2,Occurrence,Gender,Female,HTD,Diseases of heart,ICD-10,2306.0,,,02/17/2026,02/17/2026,2024-02-01,2026-02-17,2026-02-17,False,,2306.0,False,False,2024-02
268,2024,2,Occurrence,Gender,Male,HTD,Diseases of heart,ICD-10,2849.0,,,02/17/2026,02/17/2026,2024-02-01,2026-02-17,2026-02-17,False,,2849.0,False,False,2024-02
269,2024,2,Occurrence,Race-Ethnicity,American Indian/Alaska Native,HTD,Diseases of heart,ICD-10,21.0,,,02/17/2026,02/17/2026,2024-02-01,2026-02-17,2026-02-17,False,,21.0,False,False,2024-02
270,2024,2,Occurrence,Race-Ethnicity,Asian,HTD,Diseases of heart,ICD-10,555.0,,,02/17/2026,02/17/2026,2024-02-01,2026-02-17,2026-02-17,False,,555.0,False,False,2024-02
271,2024,2,Occurrence,Race-Ethnicity,Black,HTD,Diseases of heart,ICD-10,442.0,,,02/17/2026,02/17/2026,2024-02-01,2026-02-17,2026-02-17,False,,442.0,False,False,2024-02
272,2024,2,Occurrence,Race-Ethnicity,Hawaiian/Pacific Islander,HTD,Diseases of heart,ICD-10,23.0,,,02/17/2026,02/17/2026,2024-02-01,2026-02-17,2026-02-17,False,,23.0,False,False,2024-02
273,2024,2,Occurrence,Race-Ethnicity,Hispanic,HTD,Diseases of heart,ICD-10,990.0,,,02/17/2026,02/17/2026,2024-02-01,2026-02-17,2026-02-17,False,,990.0,False,False,2024-02
274,2024,2,Occurrence,Race-Ethnicity,Multi-Race,HTD,Diseases of heart,ICD-10,39.0,,,02/17/2026,02/17/2026,2024-02-01,2026-02-17,2026-02-17,False,,39.0,False,False,2024-02
275,2024,2,Occurrence,Race-Ethnicity,White,HTD,Diseases of heart,ICD-10,3037.0,,,02/17/2026,02/17/2026,2024-02-01,2026-02-17,2026-02-17,False,,3037.0,False,False,2024-02
276,2024,2,Occurrence,Race-Ethnicity,Other/Unknown,HTD,Diseases of heart,ICD-10,48.0,,,02/17/2026,02/17/2026,2024-02-01,2026-02-17,2026-02-17,False,,48.0,False,False,2024-02
277,2024,2,Occurrence,Total Population,Total Population,HYP,Essential hypertension and hypertensive renal disease,ICD-10,536.0,,,02/17/2026,02/17/2026,2024-02-01,2026-02-17,2026-02-17,False,,536.0,True,False,2024-02
278,2024,2,Occurrence,Gender,Female,HYP,Essential hypertension and hypertensive renal disease,ICD-10,267.0,,,02/17/2026,02/17/2026,2024-02-01,2026-02-17,2026-02-17,False,,267.0,False,False,2024-02
279,2024,2,Occurrence,Gender,Male,HYP,Essential hypertension and hypertensive renal disease,ICD-10,269.0,,,02/17/2026,02/17/2026,2024-02-01,2026-02-17,2026-02-17,False,,269.0,False,False,2024-02
280,2024,2,Occurrence,Race-Ethnicity,American Indian/Alaska Native,HYP,Essential hypertension and hypertensive renal disease,ICD-10,,1,Cell suppressed for small numbers,02/17/2026,02/17/2026,2024-02-01,2026-02-17,2026-02-17,True,Cell suppressed for small numbers,,False,False,2024-02
281,2024,2,Occurrence,Race-Ethnicity,Asian,HYP,Essential hypertension and hypertensive renal disease,ICD-10,68.0,,,02/17/2026,02/17/2026,2024-02-01,2026-02-17,2026-02-17,False,,68.0,False,False,2024-02
282,2024,2,Occurrence,Race-Ethnicity,Black,HYP,Essential hypertension and hypertensive renal disease,ICD-10,68.0,,,02/17/2026,02/17/2026,2024-02-01,2026-02-17,2026-02-17,False,,68.0,False,False,2024-02
283,2024,2,Occurrence,Race-Ethnicity,Hawaiian/Pacific Islander,HYP,Essential hypertension and hypertensive renal disease,ICD-10,,1,Cell suppressed for small numbers,02/17/2026,02/17/2026,2024-02-01,2026-02-17,2026-02-17,True,Cell suppressed for small numbers,,False,False,2024-02
284,2024,2,Occurrence,Race-Ethnicity,Hispanic,HYP,Essential hypertension and hypertensive renal disease,ICD-10,134.0,,,02/17/2026,02/17/2026,2024-02-01,2026-02-17,2026-02-17,False,,134.0,False,False,2024-02
285,2024,2,Occurrence,Race-Ethnicity,Multi-Race,HYP,Essential hypertension and hypertensive renal disease,ICD-10,,1,Cell suppressed for small numbers,02/17/2026,02/17/2026,2024-02-01,2026-02-17,2026-02-17,True,Cell suppressed for small numbers,,False,False,2024-02
286,2024,2,Occurrence,Race-Ethnicity,White,HYP,Essential hypertension and hypertensive renal disease,ICD-10,256.0,,,02/17/2026,02/17/2026,2024-02-01,2026-02-17,2026-02-17,False,,256.0,False,False,2024-02
287,2024,2,Occurrence,Race-Ethnicity,Other/Unknown,HYP,Essential hypertension and hypertensive renal disease,ICD-10,,1,Cell suppressed for small numbers,02/17/2026,02/17/2026,2024-02-01,2026-02-17,2026-02-17,True,Cell suppressed for small numbers,,False,False,2024-02
288,2024,2,Occurrence,Total Population,Total Population,INJ,Accidents (unintentional injuries),ICD-10,1678.0,,,02/17/2026,02/17/2026,2024-02-01,2026-02-17,2026-02-17,False,,1678.0,True,False,2024-02
289,2024,2,Occurrence,Gender,Female,INJ,Accidents (unintentional injuries),ICD-10,467.0,,,02/17/2026,02/17/2026,2024-02-01,2026-02-17,2026-02-17,False,,467.0,False,False,2024-02
290,2024,2,Occurrence,Gender,Male,INJ,Accidents (unintentional injuries),ICD-10,1210.0,,,02/17/2026,02/17/2026,2024-02-01,2026-02-17,2026-02-17,False,,1210.0,False,False,2024-02
291,2024,2,Occurrence,Race-Ethnicity,American Indian/Alaska Native,INJ,Accidents (unintentional injuries),ICD-10,,2,Cell suppressed for complementary cell,02/17/2026,02/17/2026,2024-02-01,2026-02-17,2026-02-17,True,Cell suppressed for complementary cell,,False,False,2024-02
292,2024,2,Occurrence,Race-Ethnicity,Asian,INJ,Accidents (unintentional injuries),ICD-10,101.0,,,02/17/2026,02/17/2026,2024-02-01,2026-02-17,2026-02-17,False,,101.0,False,False,2024-02
293,2024,2,Occurrence,Race-Ethnicity,Black,INJ,Accidents (unintentional injuries),ICD-10,195.0,,,02/17/2026,02/17/2026,2024-02-01,2026-02-17,2026-02-17,False,,195.0,False,False,2024-02
294,2024,2,Occurrence,Race-Ethnicity,Hawaiian/Pacific Islander,INJ,Accidents (unintentional injuries),ICD-10,,1,Cell suppressed for small numbers,02/17/2026,02/17/2026,2024-02-01,2026-02-17,2026-02-17,True,Cell suppressed for small numbers,,False,False,2024-02
295,2024,2,Occurrence,Race-Ethnicity,Hispanic,INJ,Accidents (unintentional injuries),ICD-10,545.0,,,02/17/2026,02/17/2026,2024-02-01,2026-02-17,2026-02-17,False,,545.0,False,False,2024-02
296,2024,2,Occurrence,Race-Ethnicity,Multi-Race,INJ,Accidents (unintentional injuries),ICD-10,41.0,,,02/17/2026,02/17/2026,2024-02-01,2026-02-17,2026-02-17,False,,41.0,False,False,2024-02
297,2024,2,Occurrence,Race-Ethnicity,White,INJ,Accidents (unintentional injuries),ICD-10,742.0,,,02/17/2026,02/17/2026,2024-02-01,2026-02-17,2026-02-17,False,,742.0,False,False,2024-02
298,2024,2,Occurrence,Race-Ethnicity,Other/Unknown,INJ,Accidents (unintentional injuries),ICD-10,28.0,,,02/17/2026,02/17/2026,2024-02-01,2026-02-17,2026-02-17,False,,28.0,False,False,2024-02
299,2024,2,Occurrence,Total Population,Total Population,LIV,Chronic liver disease and cirrhosis,ICD-10,522.0,,,02/17/2026,02/17/2026,2024-02-01,2026-02-17,2026-02-17,False,,522.0,True,False,2024-02
300,2024,2,Occurrence,Gender,Female,LIV,Chronic liver disease and cirrhosis,ICD-10,208.0,,,02/17/2026,02/17/2026,2024-02-01,2026-02-17,2026-02-17,False,,208.0,False,False,2024-02
301,2024,2,Occurrence,Gender,Male,LIV,Chronic liver disease and cirrhosis,ICD-10,314.0,,,02/17/2026,02/17/2026,2024-02-01,2026-02-17,2026-02-17,False,,314.0,False,False,2024-02
302,2024,2,Occurrence,Race-Ethnicity,American Indian/Alaska Native,LIV,Chronic liver disease and cirrhosis,ICD-10,,1,Cell suppressed for small numbers,02/17/2026,02/17/2026,2024-02-01,2026-02-17,2026-02-17,True,Cell suppressed for small numbers,,False,False,2024-02
303,2024,2,Occurrence,Race-Ethnicity,Asian,LIV,Chronic liver disease and cirrhosis,ICD-10,21.0,,,02/17/2026,02/17/2026,2024-02-01,2026-02-17,2026-02-17,False,,21.0,False,False,2024-02
304,2024,2,Occurrence,Race-Ethnicity,Black,LIV,Chronic liver disease and cirrhosis,ICD-10,28.0,,,02/17/2026,02/17/2026,2024-02-01,2026-02-17,2026-02-17,False,,28.0,False,False,2024-02
305,2024,2,Occurrence,Race-Ethnicity,Hawaiian/Pacific Islander,LIV,Chronic liver disease and cirrhosis,ICD-10,,1,Cell suppressed for small numbers,02/17/2026,02/17/2026,2024-02-01,2026-02-17,2026-02-17,True,Cell suppressed for small numbers,,False,False,2024-02
306,2024,2,Occurrence,Race-Ethnicity,Hispanic,LIV,Chronic liver disease and cirrhosis,ICD-10,216.0,,,02/17/2026,02/17/2026,2024-02-01,2026-02-17,2026-02-17,False,,216.0,False,False,2024-02
307,2024,2,Occurrence,Race-Ethnicity,Multi-Race,LIV,Chronic liver disease and cirrhosis,ICD-10,,1,Cell suppressed for small numbers,02/17/2026,02/17/2026,2024-02-01,2026-02-17,2026-02-17,True,Cell suppressed for small numbers,,False,False,2024-02
308,2024,2,Occurrence,Race-Ethnicity,White,LIV,Chronic liver disease and cirrhosis,ICD-10,245.0,,,02/17/2026,02/17/2026,2024-02-01,2026-02-17,2026-02-17,False,,245.0,False,False,2024-02
309,2024,2,Occurrence,Race-Ethnicity,Other/Unknown,LIV,Chronic liver disease and cirrhosis,ICD-10,,1,Cell suppressed for small numbers,02/17/2026,02/17/2026,2024-02-01,2026-02-17,2026-02-17,True,Cell suppressed for small numbers,,False,False,2024-02
310,2024,2,Occurrence,Total Population,Total Population,NEP,"Nephritis, nephrotic syndrome and nephrosis",ICD-10,367.0,,,02/17/2026,02/17/2026,2024-02-01,2026-02-17,2026-02-17,False,,367.0,True,False,2024-02
311,2024,2,Occurrence,Gender,Female,NEP,"Nephritis, nephrotic syndrome and nephrosis",ICD-10,170.0,,,02/17/2026,02/17/2026,2024-02-01,2026-02-17,2026-02-17,False,,170.0,False,False,2024-02
312,2024,2,Occurrence,Gender,Male,NEP,"Nephritis, nephrotic syndrome and nephrosis",ICD-10,197.0,,,02/17/2026,02/17/2026,2024-02-01,2026-02-17,2026-02-17,False,,197.0,False,False,2024-02
313,2024,2,Occurrence,Race-Ethnicity,American Indian/Alaska Native,NEP,"Nephritis, nephrotic syndrome and nephrosis",ICD-10,,1,Cell suppressed for small numbers,02/17/2026,02/17/2026,2024-02-01,2026-02-17,2026-02-17,True,Cell suppressed for small numbers,,False,False,2024-02
314,2024,2,Occurrence,Race-Ethnicity,Asian,NEP,"Nephritis, nephrotic syndrome and nephrosis",ICD-10,66.0,,,02/17/2026,02/17/2026,2024-02-01,2026-02-17,2026-02-17,False,,66.0,False,False,2024-02
315,2024,2,Occurrence,Race-Ethnicity,Black,NEP,"Nephritis, nephrotic syndrome and nephrosis",ICD-10,29.0,,,02/17/2026,02/17/2026,2024-02-01,2026-02-17,2026-02-17,False,,29.0,False,False,2024-02
316,2024,2,Occurrence,Race-Ethnicity,Hawaiian/Pacific Islander,NEP,"Nephritis, nephrotic syndrome and nephrosis",ICD-10,0.0,,,02/17/2026,02/17/2026,2024-02-01,2026-02-17,2026-02-17,False,,0.0,False,False,2024-02
317,2024,2,Occurrence,Race-Ethnicity,Hispanic,NEP,"Nephritis, nephrotic syndrome and nephrosis",ICD-10,97.0,,,02/17/2026,02/17/2026,2024-02-01,2026-02-17,2026-02-17,False,,97.0,False,False,2024-02
318,2024,2,Occurrence,Race-Ethnicity,Multi-Race,NEP,"Nephritis, nephrotic syndrome and nephrosis",ICD-10,,1,Cell suppressed for small numbers,02/17/2026,02/17/2026,2024-02-01,2026-02-17,2026-02-17,True,Cell suppressed for small numbers,,False,False,2024-02
319,2024,2,Occurrence,Race-Ethnicity,White,NEP,"Nephritis, nephrotic syndrome and nephrosis",ICD-10,168.0,,,02/17/2026,02/17/2026,2024-02-01,2026-02-17,2026-02-17,False,,168.0,False,False,2024-02
320,2024,2,Occurrence,Race-Ethnicity,Other/Unknown,NEP,"Nephritis, nephrotic syndrome and nephrosis",ICD-10,,1,Cell suppressed for small numbers,02/17/2026,02/17/2026,2024-02-01,2026-02-17,2026-02-17,True,Cell suppressed for small numbers,,False,False,2024-02
321,2024,2,Occurrence,Total Population,Total Population,PAR,Parkinson's disease,ICD-10,337.0,,,02/17/2026,02/17/2026,2024-02-01,2026-02-17,2026-02-17,False,,337.0,True,False,2024-02
322,2024,2,Occurrence,Gender,Female,PAR,Parkinson's disease,ICD-10,122.0,,,02/17/2026,02/17/2026,2024-02-01,2026-02-17,2026-02-17,False,,122.0,False,False,2024-02
323,2024,2,Occurrence,Gender,Male,PAR,Parkinson's disease,ICD-10,215.0,,,02/17/2026,02/17/2026,2024-02-01,2026-02-17,2026-02-17,False,,215.0,False,False,2024-02
324,2024,2,Occurrence,Race-Ethnicity,American Indian/Alaska Native,PAR,Parkinson's disease,ICD-10,0.0,,,02/17/2026,02/17/2026,2024-02-01,2026-02-17,2026-02-17,False,,0.0,False,False,2024-02
325,2024,2,Occurrence,Race-Ethnicity,Asian,PAR,Parkinson's disease,ICD-10,37.0,,,02/17/2026,02/17/2026,2024-02-01,2026-02-17,2026-02-17,False,,37.0,False,False,2024-02
326,2024,2,Occurrence,Race-Ethnicity,Black,PAR,Parkinson's disease,ICD-10,,2,Cell suppressed for complementary cell,02/17/2026,02/17/2026,2024-02-01,2026-02-17,2026-02-17,True,Cell suppressed for complementary cell,,False,False,2024-02
327,2024,2,Occurrence,Race-Ethnicity,Hawaiian/Pacific Islander,PAR,Parkinson's disease,ICD-10,0.0,,,02/17/2026,02/17/2026,2024-02-01,2026-02-17,2026-02-17,False,,0.0,False,False,2024-02
328,2024,2,Occurrence,Race-Ethnicity,Hispanic,PAR,Parkinson's disease,ICD-10,59.0,,,02/17/2026,02/17/2026,2024-02-01,2026-02-17,2026-02-17,False,,59.0,False,False,2024-02
329,2024,2,Occurrence,Race-Ethnicity,Multi-Race,PAR,Parkinson's disease,ICD-10,0.0,,,02/17/2026,02/17/2026,2024-02-01,2026-02-17,2026-02-17,False,,0.0,False,False,2024-02
330,2024,2,Occurrence,Race-Ethnicity,White,PAR,Parkinson's disease,ICD-10,227.0,,,02/17/2026,02/17/2026,2024-02-01,2026-02-17,2026-02-17,False,,227.0,False,False,2024-02
331,2024,2,Occurrence,Race-Ethnicity,Other/Unknown,PAR,Parkinson's disease,ICD-10,,1,Cell suppressed for small numbers,02/17/2026,02/17/2026,2024-02-01,2026-02-17,2026-02-17,True,Cell suppressed for small numbers,,False,False,2024-02
332,2024,2,Occurrence,Total Population,Total Population,PNF,Influenza and pneumonia,ICD-10,513.0,,,02/17/2026,02/17/2026,2024-02-01,2026-02-17,2026-02-17,False,,513.0,True,False,2024-02
333,2024,2,Occurrence,Gender,Female,PNF,Influenza and pneumonia,ICD-10,241.0,,,02/17/2026,02/17/2026,2024-02-01,2026-02-17,2026-02-17,False,,241.0,False,False,2024-02
334,2024,2,Occurrence,Gender,Male,PNF,Influenza and pneumonia,ICD-10,272.0,,,02/17/2026,02/17/2026,2024-02-01,2026-02-17,2026-02-17,False,,272.0,False,False,2024-02
335,2024,2,Occurrence,Race-Ethnicity,American Indian/Alaska Native,PNF,Influenza and pneumonia,ICD-10,,1,Cell suppressed for small numbers,02/17/2026,02/17/2026,2024-02-01,2026-02-17,2026-02-17,True,Cell suppressed for small numbers,,False,False,2024-02
336,2024,2,Occurrence,Race-Ethnicity,Asian,PNF,Influenza and pneumonia,ICD-10,81.0,,,02/17/2026,02/17/2026,2024-02-01,2026-02-17,2026-02-17,False,,81.0,False,False,2024-02
337,2024,2,Occurrence,Race-Ethnicity,Black,PNF,Influenza and pneumonia,ICD-10,40.0,,,02/17/2026,02/17/2026,2024-02-01,2026-02-17,2026-02-17,False,,40.0,False,False,2024-02
338,2024,2,Occurrence,Race-Ethnicity,Hawaiian/Pacific Islander,PNF,Influenza and pneumonia,ICD-10,0.0,,,02/17/2026,02/17/2026,2024-02-01,2026-02-17,2026-02-17,False,,0.0,False,False,2024-02
339,2024,2,Occurrence,Race-Ethnicity,Hispanic,PNF,Influenza and pneumonia,ICD-10,133.0,,,02/17/2026,02/17/2026,2024-02-01,2026-02-17,2026-02-17,False,,133.0,False,False,2024-02
340,2024,2,Occurrence,Race-Ethnicity,Multi-Race,PNF,Influenza and pneumonia,ICD-10,,1,Cell suppressed for small numbers,02/17/2026,02/17/2026,2024-02-01,2026-02-17,2026-02-17,True,Cell suppressed for small numbers,,False,False,2024-02
341,2024,2,Occurrence,Race-Ethnicity,White,PNF,Influenza and pneumonia,ICD-10,249.0,,,02/17/2026,02/17/2026,2024-02-01,2026-02-17,2026-02-17,False,,249.0,False,False,2024-02
342,2024,2,Occurrence,Race-Ethnicity,Other/Unknown,PNF,Influenza and pneumonia,ICD-10,,1,Cell suppressed for small numbers,02/17/2026,02/17/2026,2024-02-01,2026-02-17,2026-02-17,True,Cell suppressed for small numbers,,False,False,2024-02
343,2024,2,Occurrence,Total Population,Total Population,STK,Cerebrovascular diseases,ICD-10,1437.0,,,02/17/2026,02/17/2026,2024-02-01,2026-02-17,2026-02-17,False,,1437.0,True,False,2024-02
344,2024,2,Occurrence,Gender,Female,STK,Cerebrovascular diseases,ICD-10,763.0,,,02/17/2026,02/17/2026,2024-02-01,2026-02-17,2026-02-17,False,,763.0,False,False,2024-02
345,2024,2,Occurrence,Gender,Male,STK,Cerebrovascular diseases,ICD-10,674.0,,,02/17/2026,02/17/2026,2024-02-01,2026-02-17,2026-02-17,False,,674.0,False,False,2024-02
346,2024,2,Occurrence,Race-Ethnicity,American Indian/Alaska Native,STK,Cerebrovascular diseases,ICD-10,,1,Cell suppressed for small numbers,02/17/2026,02/17/2026,2024-02-01,2026-02-17,2026-02-17,True,Cell suppressed for small numbers,,False,False,2024-02
347,2024,2,Occurrence,Race-Ethnicity,Asian,STK,Cerebrovascular diseases,ICD-10,223.0,,,02/17/2026,02/17/2026,2024-02-01,2026-02-17,2026-02-17,False,,223.0,False,False,2024-02
348,2024,2,Occurrence,Race-Ethnicity,Black,STK,Cerebrovascular diseases,ICD-10,124.0,,,02/17/2026,02/17/2026,2024-02-01,2026-02-17,2026-02-17,False,,124.0,False,False,2024-02
349,2024,2,Occurrence,Race-Ethnicity,Hawaiian/Pacific Islander,STK,Cerebrovascular diseases,ICD-10,,1,Cell suppressed for small numbers,02/17/2026,02/17/2026,2024-02-01,2026-02-17,2026-02-17,True,Cell suppressed for small numbers,,False,False,2024-02
350,2024,2,Occurrence,Race-Ethnicity,Hispanic,STK,Cerebrovascular diseases,ICD-10,284.0,,,02/17/2026,02/17/2026,2024-02-01,2026-02-17,2026-02-17,False,,284.0,False,False,2024-02
351,2024,2,Occurrence,Race-Ethnicity,Multi-Race,STK,Cerebrovascular diseases,ICD-10,15.0,,,02/17/2026,02/17/2026,2024-02-01,2026-02-17,2026-02-17,False,,15.0,False,False,2024-02
352,2024,2,Occurrence,Race-Ethnicity,White,STK,Cerebrovascular diseases,ICD-10,762.0,,,02/17/2026,02/17/2026,2024-02-01,2026-02-17,2026-02-17,False,,762.0,False,False,2024-02
353,2024,2,Occurrence,Race-Ethnicity,Other/Unknown,STK,Cerebrovascular diseases,ICD-10,14.0,,,02/17/2026,02/17/2026,2024-02-01,2026-02-17,2026-02-17,False,,14.0,False,False,2024-02
354,2024,2,Occurrence,Total Population,Total Population,SUI,Intentional self-harm (suicide),ICD-10,298.0,,,02/17/2026,02/17/2026,2024-02-01,2026-02-17,2026-02-17,False,,298.0,True,False,2024-02
355,2024,2,Occurrence,Gender,Female,SUI,Intentional self-harm (suicide),ICD-10,52.0,,,02/17/2026,02/17/2026,2024-02-01,2026-02-17,2026-02-17,False,,52.0,False,False,2024-02
356,2024,2,Occurrence,Gender,Male,SUI,Intentional self-harm (suicide),ICD-10,246.0,,,02/17/2026,02/17/2026,2024-02-01,2026-02-17,2026-02-17,False,,246.0,False,False,2024-02
357,2024,2,Occurrence,Race-Ethnicity,American Indian/Alaska Native,SUI,Intentional self-harm (suicide),ICD-10,,1,Cell suppressed for small numbers,02/17/2026,02/17/2026,2024-02-01,2026-02-17,2026-02-17,True,Cell suppressed for small numbers,,False,False,2024-02
358,2024,2,Occurrence,Race-Ethnicity,Asian,SUI,Intentional self-harm (suicide),ICD-10,32.0,,,02/17/2026,02/17/2026,2024-02-01,2026-02-17,2026-02-17,False,,32.0,False,False,2024-02
359,2024,2,Occurrence,Race-Ethnicity,Black,SUI,Intentional self-harm (suicide),ICD-10,13.0,,,02/17/2026,02/17/2026,2024-02-01,2026-02-17,2026-02-17,False,,13.0,False,False,2024-02
360,2024,2,Occurrence,Race-Ethnicity,Hawaiian/Pacific Islander,SUI,Intentional self-harm (suicide),ICD-10,,1,Cell suppressed for small numbers,02/17/2026,02/17/2026,2024-02-01,2026-02-17,2026-02-17,True,Cell suppressed for small numbers,,False,False,2024-02
361,2024,2,Occurrence,Race-Ethnicity,Hispanic,SUI,Intentional self-harm (suicide),ICD-10,75.0,,,02/17/2026,02/17/2026,2024-02-01,2026-02-17,2026-02-17,False,,75.0,False,False,2024-02
362,2024,2,Occurrence,Race-Ethnicity,Multi-Race,SUI,Intentional self-harm (suicide),ICD-10,,1,Cell suppressed for small numbers,02/17/2026,02/17/2026,2024-02-01,2026-02-17,2026-02-17,True,Cell suppressed for small numbers,,False,False,2024-02
363,2024,2,Occurrence,Race-Ethnicity,White,SUI,Intentional self-harm (suicide),ICD-10,167.0,,,02/17/2026,02/17/2026,2024-02-01,2026-02-17,2026-02-17,False,,167.0,False,False,2024-02
364,2024,2,Occurrence,Race-Ethnicity,Other/Unknown,SUI,Intentional self-harm (suicide),ICD-10,,1,Cell suppressed for small numbers,02/17/2026,02/17/2026,2024-02-01,2026-02-17,2026-02-17,True,Cell suppressed for small numbers,,False,False,2024-02
365,2024,3,Occurrence,Total Population,Total Population,ALL,All causes (total),ICD-10,24559.0,,,02/17/2026,02/17/2026,2024-03-01,2026-02-17,2026-02-17,False,,24559.0,True,True,2024-03
366,2024,3,Occurrence,Age,Under 1 year,ALL,All causes (total),ICD-10,150.0,,,02/17/2026,02/17/2026,2024-03-01,2026-02-17,2026-02-17,False,,150.0,False,True,2024-03
367,2024,3,Occurrence,Age,1-4 years,ALL,All causes (total),ICD-10,16.0,,,02/17/2026,02/17/2026,2024-03-01,2026-02-17,2026-02-17,False,,16.0,False,True,2024-03
368,2024,3,Occurrence,Age,5-14 years,ALL,All causes (total),ICD-10,54.0,,,02/17/2026,02/17/2026,2024-03-01,2026-02-17,2026-02-17,False,,54.0,False,True,2024-03
369,2024,3,Occurrence,Age,15-24 years,ALL,All causes (total),ICD-10,229.0,,,02/17/2026,02/17/2026,2024-03-01,2026-02-17,2026-02-17,False,,229.0,False,True,2024-03
370,2024,3,Occurrence,Age,25-34 years,ALL,All causes (total),ICD-10,581.0,,,02/17/2026,02/17/2026,2024-03-01,2026-02-17,2026-02-17,False,,581.0,False,True,2024-03
371,2024,3,Occurrence,Age,35-44 years,ALL,All causes (total),ICD-10,882.0,,,02/17/2026,02/17/2026,2024-03-01,2026-02-17,2026-02-17,False,,882.0,False,True,2024-03
372,2024,3,Occurrence,Age,45-54 years,ALL,All causes (total),ICD-10,1295.0,,,02/17/2026,02/17/2026,2024-03-01,2026-02-17,2026-02-17,False,,1295.0,False,True,2024-03
373,2024,3,Occurrence,Age,55-64 years,ALL,All causes (total),ICD-10,2761.0,,,02/17/2026,02/17/2026,2024-03-01,2026-02-17,2026-02-17,False,,2761.0,False,True,2024-03
374,2024,3,Occurrence,Age,65-74 years,ALL,All causes (total),ICD-10,4617.0,,,02/17/2026,02/17/2026,2024-03-01,2026-02-17,2026-02-17,False,,4617.0,False,True,2024-03
375,2024,3,Occurrence,Age,75-84 years,ALL,All causes (total),ICD-10,6124.0,,,02/17/2026,02/17/2026,2024-03-01,2026-02-17,2026-02-17,False,,6124.0,False,True,2024-03
376,2024,3,Occurrence,Age,85 years and over,ALL,All causes (total),ICD-10,7847.0,,,02/17/2026,02/17/2026,2024-03-01,2026-02-17,2026-02-17,False,,7847.0,False,True,2024-03
377,2024,3,Occurrence,Gender,Female,ALL,All causes (total),ICD-10,11423.0,,,02/17/2026,02/17/2026,2024-03-01,2026-02-17,2026-02-17,False,,11423.0,False,True,2024-03
378,2024,3,Occurrence,Gender,Male,ALL,All causes (total),ICD-10,13134.0,,,02/17/2026,02/17/2026,2024-03-01,2026-02-17,2026-02-17,False,,13134.0,False,True,2024-03
379,2024,3,Occurrence,Place Type,Inpatient,ALL,All causes (total),ICD-10,7720.0,,,02/17/2026,02/17/2026,2024-03-01,2026-02-17,2026-02-17,False,,7720.0,False,True,2024-03
380,2024,3,Occurrence,Place Type,Emergency Room/Outpatient,ALL,All causes (total),ICD-10,1332.0,,,02/17/2026,02/17/2026,2024-03-01,2026-02-17,2026-02-17,False,,1332.0,False,True,2024-03
381,2024,3,Occurrence,Place Type,Decedent's Home,ALL,All causes (total),ICD-10,9315.0,,,02/17/2026,02/17/2026,2024-03-01,2026-02-17,2026-02-17,False,,9315.0,False,True,2024-03
382,2024,3,Occurrence,Place Type,Hospice Facility,ALL,All causes (total),ICD-10,235.0,,,02/17/2026,02/17/2026,2024-03-01,2026-02-17,2026-02-17,False,,235.0,False,True,2024-03
383,2024,3,Occurrence,Place Type,Nursing Home/Long Term Care Facility,ALL,All causes (total),ICD-10,1925.0,,,02/17/2026,02/17/2026,2024-03-01,2026-02-17,2026-02-17,False,,1925.0,False,True,2024-03
384,2024,3,Occurrence,Place Type,Other/Unknown,ALL,All causes (total),ICD-10,4032.0,,,02/17/2026,02/17/2026,2024-03-01,2026-02-17,2026-02-17,False,,4032.0,False,True,2024-03
385,2024,3,Occurrence,Race-Ethnicity,American Indian/Alaska Native,ALL,All causes (total),ICD-10,131.0,,,02/17/2026,02/17/2026,2024-03-01,2026-02-17,2026-02-17,False,,131.0,False,True,2024-03
386,2024,3,Occurrence,Race-Ethnicity,Asian,ALL,All causes (total),ICD-10,2761.0,,,02/17/2026,02/17/2026,2024-03-01,2026-02-17,2026-02-17,False,,2761.0,False,True,2024-03
387,2024,3,Occurrence,Race-Ethnicity,Black,ALL,All causes (total),ICD-10,1885.0,,,02/17/2026,02/17/2026,2024-03-01,2026-02-17,2026-02-17,False,,1885.0,False,True,2024-03
388,2024,3,Occurrence,Race-Ethnicity,Hawaiian/Pacific Islander,ALL,All causes (total),ICD-10,107.0,,,02/17/2026,02/17/2026,2024-03-01,2026-02-17,2026-02-17,False,,107.0,False,True,2024-03
389,2024,3,Occurrence,Race-Ethnicity,Hispanic,ALL,All causes (total),ICD-10,5513.0,,,02/17/2026,02/17/2026,2024-03-01,2026-02-17,2026-02-17,False,,5513.0,False,True,2024-03
390,2024,3,Occurrence,Race-Ethnicity,Multi-Race,ALL,All causes (total),ICD-10,244.0,,,02/17/2026,02/17/2026,2024-03-01,2026-02-17,2026-02-17,False,,244.0,False,True,2024-03
391,2024,3,Occurrence,Race-Ethnicity,White,ALL,All causes (total),ICD-10,13695.0,,,02/17/2026,02/17/2026,2024-03-01,2026-02-17,2026-02-17,False,,13695.0,False,True,2024-03
392,2024,3,Occurrence,Race-Ethnicity,Other/Unknown,ALL,All causes (total),ICD-10,223.0,,,02/17/2026,02/17/2026,2024-03-01,2026-02-17,2026-02-17,False,,223.0,False,True,2024-03
393,2024,3,Occurrence,Total Population,Total Population,ALZ,Alzheimer's disease,ICD-10,1314.0,,,02/17/2026,02/17/2026,2024-03-01,2026-02-17,2026-02-17,False,,1314.0,True,False,2024-03
394,2024,3,Occurrence,Gender,Female,ALZ,Alzheimer's disease,ICD-10,905.0,,,02/17/2026,02/17/2026,2024-03-01,2026-02-17,2026-02-17,False,,905.0,False,False,2024-03
395,2024,3,Occurrence,Gender,Male,ALZ,Alzheimer's disease,ICD-10,409.0,,,02/17/2026,02/17/2026,2024-03-01,2026-02-17,2026-02-17,False,,409.0,False,False,2024-03
396,2024,3,Occurrence,Race-Ethnicity,American Indian/Alaska Native,ALZ,Alzheimer's disease,ICD-10,,1,Cell suppressed for small numbers,02/17/2026,02/17/2026,2024-03-01,2026-02-17,2026-02-17,True,Cell suppressed for small numbers,,False,False,2024-03
397,2024,3,Occurrence,Race-Ethnicity,Asian,ALZ,Alzheimer's disease,ICD-10,141.0,,,02/17/2026,02/17/2026,2024-03-01,2026-02-17,2026-02-17,False,,141.0,False,False,2024-03
398,2024,3,Occurrence,Race-Ethnicity,Black,ALZ,Alzheimer's disease,ICD-10,73.0,,,02/17/2026,02/17/2026,2024-03-01,2026-02-17,2026-02-17,False,,73.0,False,False,2024-03
399,2024,3,Occurrence,Race-Ethnicity,Hawaiian/Pacific Islander,ALZ,Alzheimer's disease,ICD-10,,1,Cell suppressed for small numbers,02/17/2026,02/17/2026,2024-03-01,2026-02-17,2026-02-17,True,Cell suppressed for small numbers,,False,False,2024-03
400,2024,3,Occurrence,Race-Ethnicity,Hispanic,ALZ,Alzheimer's disease,ICD-10,225.0,,,02/17/2026,02/17/2026,2024-03-01,2026-02-17,2026-02-17,False,,225.0,False,False,2024-03
401,2024,3,Occurrence,Race-Ethnicity,Multi-Race,ALZ,Alzheimer's disease,ICD-10,,1,Cell suppressed for small numbers,02/17/2026,02/17/2026,2024-03-01,2026-02-17,2026-02-17,True,Cell suppressed for small numbers,,False,False,2024-03
402,2024,3,Occurrence,Race-Ethnicity,White,ALZ,Alzheimer's disease,ICD-10,858.0,,,02/17/2026,02/17/2026,2024-03-01,2026-02-17,2026-02-17,False,,858.0,False,False,2024-03
403,2024,3,Occurrence,Race-Ethnicity,Other/Unknown,ALZ,Alzheimer's disease,ICD-10,,1,Cell suppressed for small numbers,02/17/2026,02/17/2026,2024-03-01,2026-02-17,2026-02-17,True,Cell suppressed for small numbers,,False,False,2024-03
404,2024,3,Occurrence,Total Population,Total Population,CAN,Malignant neoplasms,ICD-10,5122.0,,,02/17/2026,02/17/2026,2024-03-01,2026-02-17,2026-02-17,False,,5122.0,True,False,2024-03
405,2024,3,Occurrence,Gender,Female,CAN,Malignant neoplasms,ICD-10,2475.0,,,02/17/2026,02/17/2026,2024-03-01,2026-02-17,2026-02-17,False,,2475.0,False,False,2024-03
406,2024,3,Occurrence,Gender,Male,CAN,Malignant neoplasms,ICD-10,2646.0,,,02/17/2026,02/17/2026,2024-03-01,2026-02-17,2026-02-17,False,,2646.0,False,False,2024-03
407,2024,3,Occurrence,Race-Ethnicity,American Indian/Alaska Native,CAN,Malignant neoplasms,ICD-10,22.0,,,02/17/2026,02/17/2026,2024-03-01,2026-02-17,2026-02-17,False,,22.0,False,False,2024-03
408,2024,3,Occurrence,Race-Ethnicity,Asian,CAN,Malignant neoplasms,ICD-10,671.0,,,02/17/2026,02/17/2026,2024-03-01,2026-02-17,2026-02-17,False,,671.0,False,False,2024-03
409,2024,3,Occurrence,Race-Ethnicity,Black,CAN,Malignant neoplasms,ICD-10,325.0,,,02/17/2026,02/17/2026,2024-03-01,2026-02-17,2026-02-17,False,,325.0,False,False,2024-03
410,2024,3,Occurrence,Race-Ethnicity,Hawaiian/Pacific Islander,CAN,Malignant neoplasms,ICD-10,19.0,,,02/17/2026,02/17/2026,2024-03-01,2026-02-17,2026-02-17,False,,19.0,False,False,2024-03
411,2024,3,Occurrence,Race-Ethnicity,Hispanic,CAN,Malignant neoplasms,ICD-10,1130.0,,,02/17/2026,02/17/2026,2024-03-01,2026-02-17,2026-02-17,False,,1130.0,False,False,2024-03
412,2024,3,Occurrence,Race-Ethnicity,Multi-Race,CAN,Malignant neoplasms,ICD-10,45.0,,,02/17/2026,02/17/2026,2024-03-01,2026-02-17,2026-02-17,False,,45.0,False,False,2024-03
413,2024,3,Occurrence,Race-Ethnicity,White,CAN,Malignant neoplasms,ICD-10,2888.0,,,02/17/2026,02/17/2026,2024-03-01,2026-02-17,2026-02-17,False,,2888.0,False,False,2024-03
414,2024,3,Occurrence,Race-Ethnicity,Other/Unknown,CAN,Malignant neoplasms,ICD-10,22.0,,,02/17/2026,02/17/2026,2024-03-01,2026-02-17,2026-02-17,False,,22.0,False,False,2024-03
415,2024,3,Occurrence,Total Population,Total Population,CLD,Chronic lower respiratory diseases,ICD-10,1011.0,,,02/17/2026,02/17/2026,2024-03-01,2026-02-17,2026-02-17,False,,1011.0,True,False,2024-03
416,2024,3,Occurrence,Gender,Female,CLD,Chronic lower respiratory diseases,ICD-10,502.0,,,02/17/2026,02/17/2026,2024-03-01,2026-02-17,2026-02-17,False,,502.0,False,False,2024-03
417,2024,3,Occurrence,Gender,Male,CLD,Chronic lower respiratory diseases,ICD-10,509.0,,,02/17/2026,02/17/2026,2024-03-01,2026-02-17,2026-02-17,False,,509.0,False,False,2024-03
418,2024,3,Occurrence,Race-Ethnicity,American Indian/Alaska Native,CLD,Chronic lower respiratory diseases,ICD-10,,1,Cell suppressed for small numbers,02/17/2026,02/17/2026,2024-03-01,2026-02-17,2026-02-17,True,Cell suppressed for small numbers,,False,False,2024-03
419,2024,3,Occurrence,Race-Ethnicity,Asian,CLD,Chronic lower respiratory diseases,ICD-10,64.0,,,02/17/2026,02/17/2026,2024-03-01,2026-02-17,2026-02-17,False,,64.0,False,False,2024-03
420,2024,3,Occurrence,Race-Ethnicity,Black,CLD,Chronic lower respiratory diseases,ICD-10,76.0,,,02/17/2026,02/17/2026,2024-03-01,2026-02-17,2026-02-17,False,,76.0,False,False,2024-03
421,2024,3,Occurrence,Race-Ethnicity,Hawaiian/Pacific Islander,CLD,Chronic lower respiratory diseases,ICD-10,,1,Cell suppressed for small numbers,02/17/2026,02/17/2026,2024-03-01,2026-02-17,2026-02-17,True,Cell suppressed for small numbers,,False,False,2024-03
422,2024,3,Occurrence,Race-Ethnicity,Hispanic,CLD,Chronic lower respiratory diseases,ICD-10,109.0,,,02/17/2026,02/17/2026,2024-03-01,2026-02-17,2026-02-17,False,,109.0,False,False,2024-03
423,2024,3,Occurrence,Race-Ethnicity,Multi-Race,CLD,Chronic lower respiratory diseases,ICD-10,,1,Cell suppressed for small numbers,02/17/2026,02/17/2026,2024-03-01,2026-02-17,2026-02-17,True,Cell suppressed for small numbers,,False,False,2024-03
424,2024,3,Occurrence,Race-Ethnicity,White,CLD,Chronic lower respiratory diseases,ICD-10,731.0,,,02/17/2026,02/17/2026,2024-03-01,2026-02-17,2026-02-17,False,,731.0,False,False,2024-03
425,2024,3,Occurrence,Race-Ethnicity,Other/Unknown,CLD,Chronic lower respiratory diseases,ICD-10,15.0,,,02/17/2026,02/17/2026,2024-03-01,2026-02-17,2026-02-17,False,,15.0,False,False,2024-03
426,2024,3,Occurrence,Total Population,Total Population,DIA,Diabetes mellitus,ICD-10,977.0,,,02/17/2026,02/17/2026,2024-03-01,2026-02-17,2026-02-17,False,,977.0,True,False,2024-03
427,2024,3,Occurrence,Gender,Female,DIA,Diabetes mellitus,ICD-10,401.0,,,02/17/2026,02/17/2026,2024-03-01,2026-02-17,2026-02-17,False,,401.0,False,False,2024-03
428,2024,3,Occurrence,Gender,Male,DIA,Diabetes mellitus,ICD-10,575.0,,,02/17/2026,02/17/2026,2024-03-01,2026-02-17,2026-02-17,False,,575.0,False,False,2024-03
429,2024,3,Occurrence,Race-Ethnicity,American Indian/Alaska Native,DIA,Diabetes mellitus,ICD-10,,1,Cell suppressed for small numbers,02/17/2026,02/17/2026,2024-03-01,2026-02-17,2026-02-17,True,Cell suppressed for small numbers,,False,False,2024-03
430,2024,3,Occurrence,Race-Ethnicity,Asian,DIA,Diabetes mellitus,ICD-10,153.0,,,02/17/2026,02/17/2026,2024-03-01,2026-02-17,2026-02-17,False,,153.0,False,False,2024-03
431,2024,3,Occurrence,Race-Ethnicity,Black,DIA,Diabetes mellitus,ICD-10,108.0,,,02/17/2026,02/17/2026,2024-03-01,2026-02-17,2026-02-17,False,,108.0,False,False,2024-03
432,2024,3,Occurrence,Race-Ethnicity,Hawaiian/Pacific Islander,DIA,Diabetes mellitus,ICD-10,,1,Cell suppressed for small numbers,02/17/2026,02/17/2026,2024-03-01,2026-02-17,2026-02-17,True,Cell suppressed for small numbers,,False,False,2024-03
433,2024,3,Occurrence,Race-Ethnicity,Hispanic,DIA,Diabetes mellitus,ICD-10,325.0,,,02/17/2026,02/17/2026,2024-03-01,2026-02-17,2026-02-17,False,,325.0,False,False,2024-03
434,2024,3,Occurrence,Race-Ethnicity,Multi-Race,DIA,Diabetes mellitus,ICD-10,,1,Cell suppressed for small numbers,02/17/2026,02/17/2026,2024-03-01,2026-02-17,2026-02-17,True,Cell suppressed for small numbers,,False,False,2024-03
435,2024,3,Occurrence,Race-Ethnicity,White,DIA,Diabetes mellitus,ICD-10,353.0,,,02/17/2026,02/17/2026,2024-03-01,2026-02-17,2026-02-17,False,,353.0,False,False,2024-03
436,2024,3,Occurrence,Race-Ethnicity,Other/Unknown,DIA,Diabetes mellitus,ICD-10,13.0,,,02/17/2026,02/17/2026,2024-03-01,2026-02-17,2026-02-17,False,,13.0,False,False,2024-03
437,2024,3,Occurrence,Total Population,Total Population,HOM,Assault (homicide),ICD-10,144.0,,,02/17/2026,02/17/2026,2024-03-01,2026-02-17,2026-02-17,False,,144.0,True,False,2024-03
438,2024,3,Occurrence,Gender,Female,HOM,Assault (homicide),ICD-10,26.0,,,02/17/2026,02/17/2026,2024-03-01,2026-02-17,2026-02-17,False,,26.0,False,False,2024-03
439,2024,3,Occurrence,Gender,Male,HOM,Assault (homicide),ICD-10,118.0,,,02/17/2026,02/17/2026,2024-03-01,2026-02-17,2026-02-17,False,,118.0,False,False,2024-03
440,2024,3,Occurrence,Race-Ethnicity,American Indian/Alaska Native,HOM,Assault (homicide),ICD-10,,1,Cell suppressed for small numbers,02/17/2026,02/17/2026,2024-03-01,2026-02-17,2026-02-17,True,Cell suppressed for small numbers,,False,False,2024-03
441,2024,3,Occurrence,Race-Ethnicity,Asian,HOM,Assault (homicide),ICD-10,,1,Cell suppressed for small numbers,02/17/2026,02/17/2026,2024-03-01,2026-02-17,2026-02-17,True,Cell suppressed for small numbers,,False,False,2024-03
442,2024,3,Occurrence,Race-Ethnicity,Black,HOM,Assault (homicide),ICD-10,40.0,,,02/17/2026,02/17/2026,2024-03-01,2026-02-17,2026-02-17,False,,40.0,False,False,2024-03
443,2024,3,Occurrence,Race-Ethnicity,Hawaiian/Pacific Islander,HOM,Assault (homicide),ICD-10,0.0,,,02/17/2026,02/17/2026,2024-03-01,2026-02-17,2026-02-17,False,,0.0,False,False,2024-03
444,2024,3,Occurrence,Race-Ethnicity,Hispanic,HOM,Assault (homicide),ICD-10,62.0,,,02/17/2026,02/17/2026,2024-03-01,2026-02-17,2026-02-17,False,,62.0,False,False,2024-03
445,2024,3,Occurrence,Race-Ethnicity,Multi-Race,HOM,Assault (homicide),ICD-10,,1,Cell suppressed for small numbers,02/17/2026,02/17/2026,2024-03-01,2026-02-17,2026-02-17,True,Cell suppressed for small numbers,,False,False,2024-03
446,2024,3,Occurrence,Race-Ethnicity,White,HOM,Assault (homicide),ICD-10,30.0,,,02/17/2026,02/17/2026,2024-03-01,2026-02-17,2026-02-17,False,,30.0,False,False,2024-03
447,2024,3,Occurrence,Race-Ethnicity,Other/Unknown,HOM,Assault (homicide),ICD-10,,1,Cell suppressed for small numbers,02/17/2026,02/17/2026,2024-03-01,2026-02-17,2026-02-17,True,Cell suppressed for small numbers,,False,False,2024-03
448,2024,3,Occurrence,Total Population,Total Population,HTD,Diseases of heart,ICD-10,5475.0,,,02/17/2026,02/17/2026,2024-03-01,2026-02-17,2026-02-17,False,,5475.0,True,False,2024-03
449,2024,3,Occurrence,Gender,Female,HTD,Diseases of heart,ICD-10,2382.0,,,02/17/2026,02/17/2026,2024-03-01,2026-02-17,2026-02-17,False,,2382.0,False,False,2024-03
450,2024,3,Occurrence,Gender,Male,HTD,Diseases of heart,ICD-10,3093.0,,,02/17/2026,02/17/2026,2024-03-01,2026-02-17,2026-02-17,False,,3093.0,False,False,2024-03
451,2024,3,Occurrence,Race-Ethnicity,American Indian/Alaska Native,HTD,Diseases of heart,ICD-10,34.0,,,02/17/2026,02/17/2026,2024-03-01,2026-02-17,2026-02-17,False,,34.0,False,False,2024-03
452,2024,3,Occurrence,Race-Ethnicity,Asian,HTD,Diseases of heart,ICD-10,591.0,,,02/17/2026,02/17/2026,2024-03-01,2026-02-17,2026-02-17,False,,591.0,False,False,2024-03
453,2024,3,Occurrence,Race-Ethnicity,Black,HTD,Diseases of heart,ICD-10,477.0,,,02/17/2026,02/17/2026,2024-03-01,2026-02-17,2026-02-17,False,,477.0,False,False,2024-03
454,2024,3,Occurrence,Race-Ethnicity,Hawaiian/Pacific Islander,HTD,Diseases of heart,ICD-10,31.0,,,02/17/2026,02/17/2026,2024-03-01,2026-02-17,2026-02-17,False,,31.0,False,False,2024-03
455,2024,3,Occurrence,Race-Ethnicity,Hispanic,HTD,Diseases of heart,ICD-10,1033.0,,,02/17/2026,02/17/2026,2024-03-01,2026-02-17,2026-02-17,False,,1033.0,False,False,2024-03
456,2024,3,Occurrence,Race-Ethnicity,Multi-Race,HTD,Diseases of heart,ICD-10,46.0,,,02/17/2026,02/17/2026,2024-03-01,2026-02-17,2026-02-17,False,,46.0,False,False,2024-03
457,2024,3,Occurrence,Race-Ethnicity,White,HTD,Diseases of heart,ICD-10,3223.0,,,02/17/2026,02/17/2026,2024-03-01,2026-02-17,2026-02-17,False,,3223.0,False,False,2024-03
458,2024,3,Occurrence,Race-Ethnicity,Other/Unknown,HTD,Diseases of heart,ICD-10,40.0,,,02/17/2026,02/17/2026,2024-03-01,2026-02-17,2026-02-17,False,,40.0,False,False,2024-03
459,2024,3,Occurrence,Total Population,Total Population,HYP,Essential hypertension and hypertensive renal disease,ICD-10,563.0,,,02/17/2026,02/17/2026,2024-03-01,2026-02-17,2026-02-17,False,,563.0,True,False,2024-03
460,2024,3,Occurrence,Gender,Female,HYP,Essential hypertension and hypertensive renal disease,ICD-10,300.0,,,02/17/2026,02/17/2026,2024-03-01,2026-02-17,2026-02-17,False,,300.0,False,False,2024-03
461,2024,3,Occurrence,Gender,Male,HYP,Essential hypertension and hypertensive renal disease,ICD-10,263.0,,,02/17/2026,02/17/2026,2024-03-01,2026-02-17,2026-02-17,False,,263.0,False,False,2024-03
462,2024,3,Occurrence,Race-Ethnicity,American Indian/Alaska Native,HYP,Essential hypertension and hypertensive renal disease,ICD-10,,1,Cell suppressed for small numbers,02/17/2026,02/17/2026,2024-03-01,2026-02-17,2026-02-17,True,Cell suppressed for small numbers,,False,False,2024-03
463,2024,3,Occurrence,Race-Ethnicity,Asian,HYP,Essential hypertension and hypertensive renal disease,ICD-10,106.0,,,02/17/2026,02/17/2026,2024-03-01,2026-02-17,2026-02-17,False,,106.0,False,False,2024-03
464,2024,3,Occurrence,Race-Ethnicity,Black,HYP,Essential hypertension and hypertensive renal disease,ICD-10,53.0,,,02/17/2026,02/17/2026,2024-03-01,2026-02-17,2026-02-17,False,,53.0,False,False,2024-03
465,2024,3,Occurrence,Race-Ethnicity,Hawaiian/Pacific Islander,HYP,Essential hypertension and hypertensive renal disease,ICD-10,,1,Cell suppressed for small numbers,02/17/2026,02/17/2026,2024-03-01,2026-02-17,2026-02-17,True,Cell suppressed for small numbers,,False,False,2024-03
466,2024,3,Occurrence,Race-Ethnicity,Hispanic,HYP,Essential hypertension and hypertensive renal disease,ICD-10,118.0,,,02/17/2026,02/17/2026,2024-03-01,2026-02-17,2026-02-17,False,,118.0,False,False,2024-03
467,2024,3,Occurrence,Race-Ethnicity,Multi-Race,HYP,Essential hypertension and hypertensive renal disease,ICD-10,,1,Cell suppressed for small numbers,02/17/2026,02/17/2026,2024-03-01,2026-02-17,2026-02-17,True,Cell suppressed for small numbers,,False,False,2024-03
468,2024,3,Occurrence,Race-Ethnicity,White,HYP,Essential hypertension and hypertensive renal disease,ICD-10,267.0,,,02/17/2026,02/17/2026,2024-03-01,2026-02-17,2026-02-17,False,,267.0,False,False,2024-03
469,2024,3,Occurrence,Race-Ethnicity,Other/Unknown,HYP,Essential hypertension and hypertensive renal disease,ICD-10,11.0,,,02/17/2026,02/17/2026,2024-03-01,2026-02-17,2026-02-17,False,,11.0,False,False,2024-03
470,2024,3,Occurrence,Total Population,Total Population,INJ,Accidents (unintentional injuries),ICD-10,1662.0,,,02/17/2026,02/17/2026,2024-03-01,2026-02-17,2026-02-17,False,,1662.0,True,False,2024-03
471,2024,3,Occurrence,Gender,Female,INJ,Accidents (unintentional injuries),ICD-10,470.0,,,02/17/2026,02/17/2026,2024-03-01,2026-02-17,2026-02-17,False,,470.0,False,False,2024-03
472,2024,3,Occurrence,Gender,Male,INJ,Accidents (unintentional injuries),ICD-10,1192.0,,,02/17/2026,02/17/2026,2024-03-01,2026-02-17,2026-02-17,False,,1192.0,False,False,2024-03
473,2024,3,Occurrence,Race-Ethnicity,American Indian/Alaska Native,INJ,Accidents (unintentional injuries),ICD-10,,2,Cell suppressed for complementary cell,02/17/2026,02/17/2026,2024-03-01,2026-02-17,2026-02-17,True,Cell suppressed for complementary cell,,False,False,2024-03
474,2024,3,Occurrence,Race-Ethnicity,Asian,INJ,Accidents (unintentional injuries),ICD-10,96.0,,,02/17/2026,02/17/2026,2024-03-01,2026-02-17,2026-02-17,False,,96.0,False,False,2024-03
475,2024,3,Occurrence,Race-Ethnicity,Black,INJ,Accidents (unintentional injuries),ICD-10,179.0,,,02/17/2026,02/17/2026,2024-03-01,2026-02-17,2026-02-17,False,,179.0,False,False,2024-03
476,2024,3,Occurrence,Race-Ethnicity,Hawaiian/Pacific Islander,INJ,Accidents (unintentional injuries),ICD-10,,1,Cell suppressed for small numbers,02/17/2026,02/17/2026,2024-03-01,2026-02-17,2026-02-17,True,Cell suppressed for small numbers,,False,False,2024-03
477,2024,3,Occurrence,Race-Ethnicity,Hispanic,INJ,Accidents (unintentional injuries),ICD-10,534.0,,,02/17/2026,02/17/2026,2024-03-01,2026-02-17,2026-02-17,False,,534.0,False,False,2024-03
478,2024,3,Occurrence,Race-Ethnicity,Multi-Race,INJ,Accidents (unintentional injuries),ICD-10,34.0,,,02/17/2026,02/17/2026,2024-03-01,2026-02-17,2026-02-17,False,,34.0,False,False,2024-03
479,2024,3,Occurrence,Race-Ethnicity,White,INJ,Accidents (unintentional injuries),ICD-10,763.0,,,02/17/2026,02/17/2026,2024-03-01,2026-02-17,2026-02-17,False,,763.0,False,False,2024-03
480,2024,3,Occurrence,Race-Ethnicity,Other/Unknown,INJ,Accidents (unintentional injuries),ICD-10,30.0,,,02/17/2026,02/17/2026,2024-03-01,2026-02-17,2026-02-17,False,,30.0,False,False,2024-03
481,2024,3,Occurrence,Total Population,Total Population,LIV,Chronic liver disease and cirrhosis,ICD-10,529.0,,,02/17/2026,02/17/2026,2024-03-01,2026-02-17,2026-02-17,False,,529.0,True,False,2024-03
482,2024,3,Occurrence,Gender,Female,LIV,Chronic liver disease and cirrhosis,ICD-10,185.0,,,02/17/2026,02/17/2026,2024-03-01,2026-02-17,2026-02-17,False,,185.0,False,False,2024-03
483,2024,3,Occurrence,Gender,Male,LIV,Chronic liver disease and cirrhosis,ICD-10,344.0,,,02/17/2026,02/17/2026,2024-03-01,2026-02-17,2026-02-17,False,,344.0,False,False,2024-03
484,2024,3,Occurrence,Race-Ethnicity,American Indian/Alaska Native,LIV,Chronic liver disease and cirrhosis,ICD-10,,1,Cell suppressed for small numbers,02/17/2026,02/17/2026,2024-03-01,2026-02-17,2026-02-17,True,Cell suppressed for small numbers,,False,False,2024-03
485,2024,3,Occurrence,Race-Ethnicity,Asian,LIV,Chronic liver disease and cirrhosis,ICD-10,25.0,,,02/17/2026,02/17/2026,2024-03-01,2026-02-17,2026-02-17,False,,25.0,False,False,2024-03
486,2024,3,Occurrence,Race-Ethnicity,Black,LIV,Chronic liver disease and cirrhosis,ICD-10,23.0,,,02/17/2026,02/17/2026,2024-03-01,2026-02-17,2026-02-17,False,,23.0,False,False,2024-03
487,2024,3,Occurrence,Race-Ethnicity,Hawaiian/Pacific Islander,LIV,Chronic liver disease and cirrhosis,ICD-10,0.0,,,02/17/2026,02/17/2026,2024-03-01,2026-02-17,2026-02-17,False,,0.0,False,False,2024-03
488,2024,3,Occurrence,Race-Ethnicity,Hispanic,LIV,Chronic liver disease and cirrhosis,ICD-10,226.0,,,02/17/2026,02/17/2026,2024-03-01,2026-02-17,2026-02-17,False,,226.0,False,False,2024-03
489,2024,3,Occurrence,Race-Ethnicity,Multi-Race,LIV,Chronic liver disease and cirrhosis,ICD-10,,1,Cell suppressed for small numbers,02/17/2026,02/17/2026,2024-03-01,2026-02-17,2026-02-17,True,Cell suppressed for small numbers,,False,False,2024-03
490,2024,3,Occurrence,Race-Ethnicity,White,LIV,Chronic liver disease and cirrhosis,ICD-10,238.0,,,02/17/2026,02/17/2026,2024-03-01,2026-02-17,2026-02-17,False,,238.0,False,False,2024-03
491,2024,3,Occurrence,Race-Ethnicity,Other/Unknown,LIV,Chronic liver disease and cirrhosis,ICD-10,,1,Cell suppressed for small numbers,02/17/2026,02/17/2026,2024-03-01,2026-02-17,2026-02-17,True,Cell suppressed for small numbers,,False,False,2024-03
492,2024,3,Occurrence,Total Population,Total Population,NEP,"Nephritis, nephrotic syndrome and nephrosis",ICD-10,445.0,,,02/17/2026,02/17/2026,2024-03-01,2026-02-17,2026-02-17,False,,445.0,True,False,2024-03
493,2024,3,Occurrence,Gender,Female,NEP,"Nephritis, nephrotic syndrome and nephrosis",ICD-10,189.0,,,02/17/2026,02/17/2026,2024-03-01,2026-02-17,2026-02-17,False,,189.0,False,False,2024-03
494,2024,3,Occurrence,Gender,Male,NEP,"Nephritis, nephrotic syndrome and nephrosis",ICD-10,256.0,,,02/17/2026,02/17/2026,2024-03-01,2026-02-17,2026-02-17,False,,256.0,False,False,2024-03
495,2024,3,Occurrence,Race-Ethnicity,American Indian/Alaska Native,NEP,"Nephritis, nephrotic syndrome and nephrosis",ICD-10,,1,Cell suppressed for small numbers,02/17/2026,02/17/2026,2024-03-01,2026-02-17,2026-02-17,True,Cell suppressed for small numbers,,False,False,2024-03
496,2024,3,Occurrence,Race-Ethnicity,Asian,NEP,"Nephritis, nephrotic syndrome and nephrosis",ICD-10,76.0,,,02/17/2026,02/17/2026,2024-03-01,2026-02-17,2026-02-17,False,,76.0,False,False,2024-03
497,2024,3,Occurrence,Race-Ethnicity,Black,NEP,"Nephritis, nephrotic syndrome and nephrosis",ICD-10,45.0,,,02/17/2026,02/17/2026,2024-03-01,2026-02-17,2026-02-17,False,,45.0,False,False,2024-03
498,2024,3,Occurrence,Race-Ethnicity,Hawaiian/Pacific Islander,NEP,"Nephritis, nephrotic syndrome and nephrosis",ICD-10,,1,Cell suppressed for small numbers,02/17/2026,02/17/2026,2024-03-01,2026-02-17,2026-02-17,True,Cell suppressed for small numbers,,False,False,2024-03
499,2024,3,Occurrence,Race-Ethnicity,Hispanic,NEP,"Nephritis, nephrotic syndrome and nephrosis",ICD-10,118.0,,,02/17/2026,02/17/2026,2024-03-01,2026-02-17,2026-02-17,False,,118.0,False,False,2024-03
500,2024,3,Occurrence,Race-Ethnicity,Multi-Race,NEP,"Nephritis, nephrotic syndrome and nephrosis",ICD-10,,1,Cell suppressed for small numbers,02/17/2026,02/17/2026,2024-03-01,2026-02-17,2026-02-17,True,Cell suppressed for small numbers,,False,False,2024-03
501,2024,3,Occurrence,Race-Ethnicity,White,NEP,"Nephritis, nephrotic syndrome and nephrosis",ICD-10,192.0,,,02/17/2026,02/17/2026,2024-03-01,2026-02-17,2026-02-17,False,,192.0,False,False,2024-03
502,2024,3,Occurrence,Race-Ethnicity,Other/Unknown,NEP,"Nephritis, nephrotic syndrome and nephrosis",ICD-10,,1,Cell suppressed for small numbers,02/17/2026,02/17/2026,2024-03-01,2026-02-17,2026-02-17,True,Cell suppressed for small numbers,,False,False,2024-03
503,2024,3,Occurrence,Total Population,Total Population,PAR,Parkinson's disease,ICD-10,331.0,,,02/17/2026,02/17/2026,2024-03-01,2026-02-17,2026-02-17,False,,331.0,True,False,2024-03
504,2024,3,Occurrence,Gender,Female,PAR,Parkinson's disease,ICD-10,139.0,,,02/17/2026,02/17/2026,2024-03-01,2026-02-17,2026-02-17,False,,139.0,False,False,2024-03
505,2024,3,Occurrence,Gender,Male,PAR,Parkinson's disease,ICD-10,192.0,,,02/17/2026,02/17/2026,2024-03-01,2026-02-17,2026-02-17,False,,192.0,False,False,2024-03
506,2024,3,Occurrence,Race-Ethnicity,American Indian/Alaska Native,PAR,Parkinson's disease,ICD-10,0.0,,,02/17/2026,02/17/2026,2024-03-01,2026-02-17,2026-02-17,False,,0.0,False,False,2024-03
507,2024,3,Occurrence,Race-Ethnicity,Asian,PAR,Parkinson's disease,ICD-10,53.0,,,02/17/2026,02/17/2026,2024-03-01,2026-02-17,2026-02-17,False,,53.0,False,False,2024-03
508,2024,3,Occurrence,Race-Ethnicity,Black,PAR,Parkinson's disease,ICD-10,,2,Cell suppressed for complementary cell,02/17/2026,02/17/2026,2024-03-01,2026-02-17,2026-02-17,True,Cell suppressed for complementary cell,,False,False,2024-03
509,2024,3,Occurrence,Race-Ethnicity,Hawaiian/Pacific Islander,PAR,Parkinson's disease,ICD-10,0.0,,,02/17/2026,02/17/2026,2024-03-01,2026-02-17,2026-02-17,False,,0.0,False,False,2024-03
510,2024,3,Occurrence,Race-Ethnicity,Hispanic,PAR,Parkinson's disease,ICD-10,51.0,,,02/17/2026,02/17/2026,2024-03-01,2026-02-17,2026-02-17,False,,51.0,False,False,2024-03
511,2024,3,Occurrence,Race-Ethnicity,Multi-Race,PAR,Parkinson's disease,ICD-10,,1,Cell suppressed for small numbers,02/17/2026,02/17/2026,2024-03-01,2026-02-17,2026-02-17,True,Cell suppressed for small numbers,,False,False,2024-03
512,2024,3,Occurrence,Race-Ethnicity,White,PAR,Parkinson's disease,ICD-10,211.0,,,02/17/2026,02/17/2026,2024-03-01,2026-02-17,2026-02-17,False,,211.0,False,False,2024-03
513,2024,3,Occurrence,Race-Ethnicity,Other/Unknown,PAR,Parkinson's disease,ICD-10,0.0,,,02/17/2026,02/17/2026,2024-03-01,2026-02-17,2026-02-17,False,,0.0,False,False,2024-03
514,2024,3,Occurrence,Total Population,Total Population,PNF,Influenza and pneumonia,ICD-10,475.0,,,02/17/2026,02/17/2026,2024-03-01,2026-02-17,2026-02-17,False,,475.0,True,False,2024-03
515,2024,3,Occurrence,Gender,Female,PNF,Influenza and pneumonia,ICD-10,211.0,,,02/17/2026,02/17/2026,2024-03-01,2026-02-17,2026-02-17,False,,211.0,False,False,2024-03
516,2024,3,Occurrence,Gender,Male,PNF,Influenza and pneumonia,ICD-10,264.0,,,02/17/2026,02/17/2026,2024-03-01,2026-02-17,2026-02-17,False,,264.0,False,False,2024-03
517,2024,3,Occurrence,Race-Ethnicity,American Indian/Alaska Native,PNF,Influenza and pneumonia,ICD-10,,1,Cell suppressed for small numbers,02/17/2026,02/17/2026,2024-03-01,2026-02-17,2026-02-17,True,Cell suppressed for small numbers,,False,False,2024-03
518,2024,3,Occurrence,Race-Ethnicity,Asian,PNF,Influenza and pneumonia,ICD-10,62.0,,,02/17/2026,02/17/2026,2024-03-01,2026-02-17,2026-02-17,False,,62.0,False,False,2024-03
519,2024,3,Occurrence,Race-Ethnicity,Black,PNF,Influenza and pneumonia,ICD-10,36.0,,,02/17/2026,02/17/2026,2024-03-01,2026-02-17,2026-02-17,False,,36.0,False,False,2024-03
520,2024,3,Occurrence,Race-Ethnicity,Hawaiian/Pacific Islander,PNF,Influenza and pneumonia,ICD-10,0.0,,,02/17/2026,02/17/2026,2024-03-01,2026-02-17,2026-02-17,False,,0.0,False,False,2024-03
521,2024,3,Occurrence,Race-Ethnicity,Hispanic,PNF,Influenza and pneumonia,ICD-10,127.0,,,02/17/2026,02/17/2026,2024-03-01,2026-02-17,2026-02-17,False,,127.0,False,False,2024-03
522,2024,3,Occurrence,Race-Ethnicity,Multi-Race,PNF,Influenza and pneumonia,ICD-10,,1,Cell suppressed for small numbers,02/17/2026,02/17/2026,2024-03-01,2026-02-17,2026-02-17,True,Cell suppressed for small numbers,,False,False,2024-03
523,2024,3,Occurrence,Race-Ethnicity,White,PNF,Influenza and pneumonia,ICD-10,238.0,,,02/17/2026,02/17/2026,2024-03-01,2026-02-17,2026-02-17,False,,238.0,False,False,2024-03
524,2024,3,Occurrence,Race-Ethnicity,Other/Unknown,PNF,Influenza and pneumonia,ICD-10,,1,Cell suppressed for small numbers,02/17/2026,02/17/2026,2024-03-01,2026-02-17,2026-02-17,True,Cell suppressed for small numbers,,False,False,2024-03
525,2024,3,Occurrence,Total Population,Total Population,STK,Cerebrovascular diseases,ICD-10,1480.0,,,02/17/2026,02/17/2026,2024-03-01,2026-02-17,2026-02-17,False,,1480.0,True,False,2024-03
526,2024,3,Occurrence,Gender,Female,STK,Cerebrovascular diseases,ICD-10,835.0,,,02/17/2026,02/17/2026,2024-03-01,2026-02-17,2026-02-17,False,,835.0,False,False,2024-03
527,2024,3,Occurrence,Gender,Male,STK,Cerebrovascular diseases,ICD-10,645.0,,,02/17/2026,02/17/2026,2024-03-01,2026-02-17,2026-02-17,False,,645.0,False,False,2024-03
528,2024,3,Occurrence,Race-Ethnicity,American Indian/Alaska Native,STK,Cerebrovascular diseases,ICD-10,,1,Cell suppressed for small numbers,02/17/2026,02/17/2026,2024-03-01,2026-02-17,2026-02-17,True,Cell suppressed for small numbers,,False,False,2024-03
529,2024,3,Occurrence,Race-Ethnicity,Asian,STK,Cerebrovascular diseases,ICD-10,212.0,,,02/17/2026,02/17/2026,2024-03-01,2026-02-17,2026-02-17,False,,212.0,False,False,2024-03
530,2024,3,Occurrence,Race-Ethnicity,Black,STK,Cerebrovascular diseases,ICD-10,109.0,,,02/17/2026,02/17/2026,2024-03-01,2026-02-17,2026-02-17,False,,109.0,False,False,2024-03
531,2024,3,Occurrence,Race-Ethnicity,Hawaiian/Pacific Islander,STK,Cerebrovascular diseases,ICD-10,,1,Cell suppressed for small numbers,02/17/2026,02/17/2026,2024-03-01,2026-02-17,2026-02-17,True,Cell suppressed for small numbers,,False,False,2024-03
532,2024,3,Occurrence,Race-Ethnicity,Hispanic,STK,Cerebrovascular diseases,ICD-10,303.0,,,02/17/2026,02/17/2026,2024-03-01,2026-02-17,2026-02-17,False,,303.0,False,False,2024-03
533,2024,3,Occurrence,Race-Ethnicity,Multi-Race,STK,Cerebrovascular diseases,ICD-10,,1,Cell suppressed for small numbers,02/17/2026,02/17/2026,2024-03-01,2026-02-17,2026-02-17,True,Cell suppressed for small numbers,,False,False,2024-03
534,2024,3,Occurrence,Race-Ethnicity,White,STK,Cerebrovascular diseases,ICD-10,817.0,,,02/17/2026,02/17/2026,2024-03-01,2026-02-17,2026-02-17,False,,817.0,False,False,2024-03
535,2024,3,Occurrence,Race-Ethnicity,Other/Unknown,STK,Cerebrovascular diseases,ICD-10,16.0,,,02/17/2026,02/17/2026,2024-03-01,2026-02-17,2026-02-17,False,,16.0,False,False,2024-03
536,2024,3,Occurrence,Total Population,Total Population,SUI,Intentional self-harm (suicide),ICD-10,359.0,,,02/17/2026,02/17/2026,2024-03-01,2026-02-17,2026-02-17,False,,359.0,True,False,2024-03
537,2024,3,Occurrence,Gender,Female,SUI,Intentional self-harm (suicide),ICD-10,85.0,,,02/17/2026,02/17/2026,2024-03-01,2026-02-17,2026-02-17,False,,85.0,False,False,2024-03
538,2024,3,Occurrence,Gender,Male,SUI,Intentional self-harm (suicide),ICD-10,274.0,,,02/17/2026,02/17/2026,2024-03-01,2026-02-17,2026-02-17,False,,274.0,False,False,2024-03
539,2024,3,Occurrence,Race-Ethnicity,American Indian/Alaska Native,SUI,Intentional self-harm (suicide),ICD-10,0.0,,,02/17/2026,02/17/2026,2024-03-01,2026-02-17,2026-02-17,False,,0.0,False,False,2024-03
540,2024,3,Occurrence,Race-Ethnicity,Asian,SUI,Intentional self-harm (suicide),ICD-10,44.0,,,02/17/2026,02/17/2026,2024-03-01,2026-02-17,2026-02-17,False,,44.0,False,False,2024-03
541,2024,3,Occurrence,Race-Ethnicity,Black,SUI,Intentional self-harm (suicide),ICD-10,14.0,,,02/17/2026,02/17/2026,2024-03-01,2026-02-17,2026-02-17,False,,14.0,False,False,2024-03
542,2024,3,Occurrence,Race-Ethnicity,Hawaiian/Pacific Islander,SUI,Intentional self-harm (suicide),ICD-10,,1,Cell suppressed for small numbers,02/17/2026,02/17/2026,2024-03-01,2026-02-17,2026-02-17,True,Cell suppressed for small numbers,,False,False,2024-03
543,2024,3,Occurrence,Race-Ethnicity,Hispanic,SUI,Intentional self-harm (suicide),ICD-10,75.0,,,02/17/2026,02/17/2026,2024-03-01,2026-02-17,2026-02-17,False,,75.0,False,False,2024-03
544,2024,3,Occurrence,Race-Ethnicity,Multi-Race,SUI,Intentional self-harm (suicide),ICD-10,,1,Cell suppressed for small numbers,02/17/2026,02/17/2026,2024-03-01,2026-02-17,2026-02-17,True,Cell suppressed for small numbers,,False,False,2024-03
545,2024,3,Occurrence,Race-Ethnicity,White,SUI,Intentional self-harm (suicide),ICD-10,215.0,,,02/17/2026,02/17/2026,2024-03-01,2026-02-17,2026-02-17,False,,215.0,False,False,2024-03
546,2024,3,Occurrence,Race-Ethnicity,Other/Unknown,SUI,Intentional self-harm (suicide),ICD-10,,1,Cell suppressed for small numbers,02/17/2026,02/17/2026,2024-03-01,2026-02-17,2026-02-17,True,Cell suppressed for small numbers,,False,False,2024-03
547,2024,4,Occurrence,Total Population,Total Population,ALL,All causes (total),ICD-10,23578.0,,,02/17/2026,02/17/2026,2024-04-01,2026-02-17,2026-02-17,False,,23578.0,True,True,2024-04
548,2024,4,Occurrence,Age,Under 1 year,ALL,All causes (total),ICD-10,149.0,,,02/17/2026,02/17/2026,2024-04-01,2026-02-17,2026-02-17,False,,149.0,False,True,2024-04
549,2024,4,Occurrence,Age,1-4 years,ALL,All causes (total),ICD-10,27.0,,,02/17/2026,02/17/2026,2024-04-01,2026-02-17,2026-02-17,False,,27.0,False,True,2024-04
550,2024,4,Occurrence,Age,5-14 years,ALL,All causes (total),ICD-10,42.0,,,02/17/2026,02/17/2026,2024-04-01,2026-02-17,2026-02-17,False,,42.0,False,True,2024-04
551,2024,4,Occurrence,Age,15-24 years,ALL,All causes (total),ICD-10,244.0,,,02/17/2026,02/17/2026,2024-04-01,2026-02-17,2026-02-17,False,,244.0,False,True,2024-04
552,2024,4,Occurrence,Age,25-34 years,ALL,All causes (total),ICD-10,526.0,,,02/17/2026,02/17/2026,2024-04-01,2026-02-17,2026-02-17,False,,526.0,False,True,2024-04
553,2024,4,Occurrence,Age,35-44 years,ALL,All causes (total),ICD-10,791.0,,,02/17/2026,02/17/2026,2024-04-01,2026-02-17,2026-02-17,False,,791.0,False,True,2024-04
554,2024,4,Occurrence,Age,45-54 years,ALL,All causes (total),ICD-10,1262.0,,,02/17/2026,02/17/2026,2024-04-01,2026-02-17,2026-02-17,False,,1262.0,False,True,2024-04
555,2024,4,Occurrence,Age,55-64 years,ALL,All causes (total),ICD-10,2694.0,,,02/17/2026,02/17/2026,2024-04-01,2026-02-17,2026-02-17,False,,2694.0,False,True,2024-04
556,2024,4,Occurrence,Age,65-74 years,ALL,All causes (total),ICD-10,4475.0,,,02/17/2026,02/17/2026,2024-04-01,2026-02-17,2026-02-17,False,,4475.0,False,True,2024-04
557,2024,4,Occurrence,Age,75-84 years,ALL,All causes (total),ICD-10,5932.0,,,02/17/2026,02/17/2026,2024-04-01,2026-02-17,2026-02-17,False,,5932.0,False,True,2024-04
558,2024,4,Occurrence,Age,85 years and over,ALL,All causes (total),ICD-10,7431.0,,,02/17/2026,02/17/2026,2024-04-01,2026-02-17,2026-02-17,False,,7431.0,False,True,2024-04
559,2024,4,Occurrence,Gender,Female,ALL,All causes (total),ICD-10,11076.0,,,02/17/2026,02/17/2026,2024-04-01,2026-02-17,2026-02-17,False,,11076.0,False,True,2024-04
560,2024,4,Occurrence,Gender,Male,ALL,All causes (total),ICD-10,12498.0,,,02/17/2026,02/17/2026,2024-04-01,2026-02-17,2026-02-17,False,,12498.0,False,True,2024-04
561,2024,4,Occurrence,Place Type,Inpatient,ALL,All causes (total),ICD-10,7347.0,,,02/17/2026,02/17/2026,2024-04-01,2026-02-17,2026-02-17,False,,7347.0,False,True,2024-04
562,2024,4,Occurrence,Place Type,Emergency Room/Outpatient,ALL,All causes (total),ICD-10,1217.0,,,02/17/2026,02/17/2026,2024-04-01,2026-02-17,2026-02-17,False,,1217.0,False,True,2024-04
563,2024,4,Occurrence,Place Type,Decedent's Home,ALL,All causes (total),ICD-10,8991.0,,,02/17/2026,02/17/2026,2024-04-01,2026-02-17,2026-02-17,False,,8991.0,False,True,2024-04
564,2024,4,Occurrence,Place Type,Hospice Facility,ALL,All causes (total),ICD-10,228.0,,,02/17/2026,02/17/2026,2024-04-01,2026-02-17,2026-02-17,False,,228.0,False,True,2024-04
565,2024,4,Occurrence,Place Type,Nursing Home/Long Term Care Facility,ALL,All causes (total),ICD-10,1927.0,,,02/17/2026,02/17/2026,2024-04-01,2026-02-17,2026-02-17,False,,1927.0,False,True,2024-04
566,2024,4,Occurrence,Place Type,Other/Unknown,ALL,All causes (total),ICD-10,3868.0,,,02/17/2026,02/17/2026,2024-04-01,2026-02-17,2026-02-17,False,,3868.0,False,True,2024-04
567,2024,4,Occurrence,Race-Ethnicity,American Indian/Alaska Native,ALL,All causes (total),ICD-10,100.0,,,02/17/2026,02/17/2026,2024-04-01,2026-02-17,2026-02-17,False,,100.0,False,True,2024-04
568,2024,4,Occurrence,Race-Ethnicity,Asian,ALL,All causes (total),ICD-10,2632.0,,,02/17/2026,02/17/2026,2024-04-01,2026-02-17,2026-02-17,False,,2632.0,False,True,2024-04
569,2024,4,Occurrence,Race-Ethnicity,Black,ALL,All causes (total),ICD-10,1884.0,,,02/17/2026,02/17/2026,2024-04-01,2026-02-17,2026-02-17,False,,1884.0,False,True,2024-04
570,2024,4,Occurrence,Race-Ethnicity,Hawaiian/Pacific Islander,ALL,All causes (total),ICD-10,92.0,,,02/17/2026,02/17/2026,2024-04-01,2026-02-17,2026-02-17,False,,92.0,False,True,2024-04
571,2024,4,Occurrence,Race-Ethnicity,Hispanic,ALL,All causes (total),ICD-10,5254.0,,,02/17/2026,02/17/2026,2024-04-01,2026-02-17,2026-02-17,False,,5254.0,False,True,2024-04
572,2024,4,Occurrence,Race-Ethnicity,Multi-Race,ALL,All causes (total),ICD-10,296.0,,,02/17/2026,02/17/2026,2024-04-01,2026-02-17,2026-02-17,False,,296.0,False,True,2024-04
573,2024,4,Occurrence,Race-Ethnicity,White,ALL,All causes (total),ICD-10,13091.0,,,02/17/2026,02/17/2026,2024-04-01,2026-02-17,2026-02-17,False,,13091.0,False,True,2024-04
574,2024,4,Occurrence,Race-Ethnicity,Other/Unknown,ALL,All causes (total),ICD-10,229.0,,,02/17/2026,02/17/2026,2024-04-01,2026-02-17,2026-02-17,False,,229.0,False,True,2024-04
575,2024,4,Occurrence,Total Population,Total Population,ALZ,Alzheimer's disease,ICD-10,1347.0,,,02/17/2026,02/17/2026,2024-04-01,2026-02-17,2026-02-17,False,,1347.0,True,False,2024-04
576,2024,4,Occurrence,Gender,Female,ALZ,Alzheimer's disease,ICD-10,955.0,,,02/17/2026,02/17/2026,2024-04-01,2026-02-17,2026-02-17,False,,955.0,False,False,2024-04
577,2024,4,Occurrence,Gender,Male,ALZ,Alzheimer's disease,ICD-10,392.0,,,02/17/2026,02/17/2026,2024-04-01,2026-02-17,2026-02-17,False,,392.0,False,False,2024-04
578,2024,4,Occurrence,Race-Ethnicity,American Indian/Alaska Native,ALZ,Alzheimer's disease,ICD-10,,1,Cell suppressed for small numbers,02/17/2026,02/17/2026,2024-04-01,2026-02-17,2026-02-17,True,Cell suppressed for small numbers,,False,False,2024-04
579,2024,4,Occurrence,Race-Ethnicity,Asian,ALZ,Alzheimer's disease,ICD-10,148.0,,,02/17/2026,02/17/2026,2024-04-01,2026-02-17,2026-02-17,False,,148.0,False,False,2024-04
580,2024,4,Occurrence,Race-Ethnicity,Black,ALZ,Alzheimer's disease,ICD-10,89.0,,,02/17/2026,02/17/2026,2024-04-01,2026-02-17,2026-02-17,False,,89.0,False,False,2024-04
581,2024,4,Occurrence,Race-Ethnicity,Hawaiian/Pacific Islander,ALZ,Alzheimer's disease,ICD-10,,1,Cell suppressed for small numbers,02/17/2026,02/17/2026,2024-04-01,2026-02-17,2026-02-17,True,Cell suppressed for small numbers,,False,False,2024-04
582,2024,4,Occurrence,Race-Ethnicity,Hispanic,ALZ,Alzheimer's disease,ICD-10,243.0,,,02/17/2026,02/17/2026,2024-04-01,2026-02-17,2026-02-17,False,,243.0,False,False,2024-04
583,2024,4,Occurrence,Race-Ethnicity,Multi-Race,ALZ,Alzheimer's disease,ICD-10,12.0,,,02/17/2026,02/17/2026,2024-04-01,2026-02-17,2026-02-17,False,,12.0,False,False,2024-04
584,2024,4,Occurrence,Race-Ethnicity,White,ALZ,Alzheimer's disease,ICD-10,840.0,,,02/17/2026,02/17/2026,2024-04-01,2026-02-17,2026-02-17,False,,840.0,False,False,2024-04
585,2024,4,Occurrence,Race-Ethnicity,Other/Unknown,ALZ,Alzheimer's disease,ICD-10,,1,Cell suppressed for small numbers,02/17/2026,02/17/2026,2024-04-01,2026-02-17,2026-02-17,True,Cell suppressed for small numbers,,False,False,2024-04
586,2024,4,Occurrence,Total Population,Total Population,CAN,Malignant neoplasms,ICD-10,4998.0,,,02/17/2026,02/17/2026,2024-04-01,2026-02-17,2026-02-17,False,,4998.0,True,False,2024-04
587,2024,4,Occurrence,Gender,Female,CAN,Malignant neoplasms,ICD-10,2432.0,,,02/17/2026,02/17/2026,2024-04-01,2026-02-17,2026-02-17,False,,2432.0,False,False,2024-04
588,2024,4,Occurrence,Gender,Male,CAN,Malignant neoplasms,ICD-10,2566.0,,,02/17/2026,02/17/2026,2024-04-01,2026-02-17,2026-02-17,False,,2566.0,False,False,2024-04
589,2024,4,Occurrence,Race-Ethnicity,American Indian/Alaska Native,CAN,Malignant neoplasms,ICD-10,16.0,,,02/17/2026,02/17/2026,2024-04-01,2026-02-17,2026-02-17,False,,16.0,False,False,2024-04
590,2024,4,Occurrence,Race-Ethnicity,Asian,CAN,Malignant neoplasms,ICD-10,642.0,,,02/17/2026,02/17/2026,2024-04-01,2026-02-17,2026-02-17,False,,642.0,False,False,2024-04
591,2024,4,Occurrence,Race-Ethnicity,Black,CAN,Malignant neoplasms,ICD-10,359.0,,,02/17/2026,02/17/2026,2024-04-01,2026-02-17,2026-02-17,False,,359.0,False,False,2024-04
592,2024,4,Occurrence,Race-Ethnicity,Hawaiian/Pacific Islander,CAN,Malignant neoplasms,ICD-10,24.0,,,02/17/2026,02/17/2026,2024-04-01,2026-02-17,2026-02-17,False,,24.0,False,False,2024-04
593,2024,4,Occurrence,Race-Ethnicity,Hispanic,CAN,Malignant neoplasms,ICD-10,1058.0,,,02/17/2026,02/17/2026,2024-04-01,2026-02-17,2026-02-17,False,,1058.0,False,False,2024-04
594,2024,4,Occurrence,Race-Ethnicity,Multi-Race,CAN,Malignant neoplasms,ICD-10,47.0,,,02/17/2026,02/17/2026,2024-04-01,2026-02-17,2026-02-17,False,,47.0,False,False,2024-04
595,2024,4,Occurrence,Race-Ethnicity,White,CAN,Malignant neoplasms,ICD-10,2824.0,,,02/17/2026,02/17/2026,2024-04-01,2026-02-17,2026-02-17,False,,2824.0,False,False,2024-04
596,2024,4,Occurrence,Race-Ethnicity,Other/Unknown,CAN,Malignant neoplasms,ICD-10,28.0,,,02/17/2026,02/17/2026,2024-04-01,2026-02-17,2026-02-17,False,,28.0,False,False,2024-04
597,2024,4,Occurrence,Total Population,Total Population,CLD,Chronic lower respiratory diseases,ICD-10,991.0,,,02/17/2026,02/17/2026,2024-04-01,2026-02-17,2026-02-17,False,,991.0,True,False,2024-04
598,2024,4,Occurrence,Gender,Female,CLD,Chronic lower respiratory diseases,ICD-10,501.0,,,02/17/2026,02/17/2026,2024-04-01,2026-02-17,2026-02-17,False,,501.0,False,False,2024-04
599,2024,4,Occurrence,Gender,Male,CLD,Chronic lower respiratory diseases,ICD-10,490.0,,,02/17/2026,02/17/2026,2024-04-01,2026-02-17,2026-02-17,False,,490.0,False,False,2024-04
600,2024,4,Occurrence,Race-Ethnicity,American Indian/Alaska Native,CLD,Chronic lower respiratory diseases,ICD-10,,1,Cell suppressed for small numbers,02/17/2026,02/17/2026,2024-04-01,2026-02-17,2026-02-17,True,Cell suppressed for small numbers,,False,False,2024-04
601,2024,4,Occurrence,Race-Ethnicity,Asian,CLD,Chronic lower respiratory diseases,ICD-10,61.0,,,02/17/2026,02/17/2026,2024-04-01,2026-02-17,2026-02-17,False,,61.0,False,False,2024-04
602,2024,4,Occurrence,Race-Ethnicity,Black,CLD,Chronic lower respiratory diseases,ICD-10,54.0,,,02/17/2026,02/17/2026,2024-04-01,2026-02-17,2026-02-17,False,,54.0,False,False,2024-04
603,2024,4,Occurrence,Race-Ethnicity,Hawaiian/Pacific Islander,CLD,Chronic lower respiratory diseases,ICD-10,,1,Cell suppressed for small numbers,02/17/2026,02/17/2026,2024-04-01,2026-02-17,2026-02-17,True,Cell suppressed for small numbers,,False,False,2024-04
604,2024,4,Occurrence,Race-Ethnicity,Hispanic,CLD,Chronic lower respiratory diseases,ICD-10,107.0,,,02/17/2026,02/17/2026,2024-04-01,2026-02-17,2026-02-17,False,,107.0,False,False,2024-04
605,2024,4,Occurrence,Race-Ethnicity,Multi-Race,CLD,Chronic lower respiratory diseases,ICD-10,12.0,,,02/17/2026,02/17/2026,2024-04-01,2026-02-17,2026-02-17,False,,12.0,False,False,2024-04
606,2024,4,Occurrence,Race-Ethnicity,White,CLD,Chronic lower respiratory diseases,ICD-10,731.0,,,02/17/2026,02/17/2026,2024-04-01,2026-02-17,2026-02-17,False,,731.0,False,False,2024-04
607,2024,4,Occurrence,Race-Ethnicity,Other/Unknown,CLD,Chronic lower respiratory diseases,ICD-10,17.0,,,02/17/2026,02/17/2026,2024-04-01,2026-02-17,2026-02-17,False,,17.0,False,False,2024-04
608,2024,4,Occurrence,Total Population,Total Population,DIA,Diabetes mellitus,ICD-10,856.0,,,02/17/2026,02/17/2026,2024-04-01,2026-02-17,2026-02-17,False,,856.0,True,False,2024-04
609,2024,4,Occurrence,Gender,Female,DIA,Diabetes mellitus,ICD-10,384.0,,,02/17/2026,02/17/2026,2024-04-01,2026-02-17,2026-02-17,False,,384.0,False,False,2024-04
610,2024,4,Occurrence,Gender,Male,DIA,Diabetes mellitus,ICD-10,472.0,,,02/17/2026,02/17/2026,2024-04-01,2026-02-17,2026-02-17,False,,472.0,False,False,2024-04
611,2024,4,Occurrence,Race-Ethnicity,American Indian/Alaska Native,DIA,Diabetes mellitus,ICD-10,,1,Cell suppressed for small numbers,02/17/2026,02/17/2026,2024-04-01,2026-02-17,2026-02-17,True,Cell suppressed for small numbers,,False,False,2024-04
612,2024,4,Occurrence,Race-Ethnicity,Asian,DIA,Diabetes mellitus,ICD-10,136.0,,,02/17/2026,02/17/2026,2024-04-01,2026-02-17,2026-02-17,False,,136.0,False,False,2024-04
613,2024,4,Occurrence,Race-Ethnicity,Black,DIA,Diabetes mellitus,ICD-10,94.0,,,02/17/2026,02/17/2026,2024-04-01,2026-02-17,2026-02-17,False,,94.0,False,False,2024-04
614,2024,4,Occurrence,Race-Ethnicity,Hawaiian/Pacific Islander,DIA,Diabetes mellitus,ICD-10,,1,Cell suppressed for small numbers,02/17/2026,02/17/2026,2024-04-01,2026-02-17,2026-02-17,True,Cell suppressed for small numbers,,False,False,2024-04
615,2024,4,Occurrence,Race-Ethnicity,Hispanic,DIA,Diabetes mellitus,ICD-10,253.0,,,02/17/2026,02/17/2026,2024-04-01,2026-02-17,2026-02-17,False,,253.0,False,False,2024-04
616,2024,4,Occurrence,Race-Ethnicity,Multi-Race,DIA,Diabetes mellitus,ICD-10,17.0,,,02/17/2026,02/17/2026,2024-04-01,2026-02-17,2026-02-17,False,,17.0,False,False,2024-04
617,2024,4,Occurrence,Race-Ethnicity,White,DIA,Diabetes mellitus,ICD-10,333.0,,,02/17/2026,02/17/2026,2024-04-01,2026-02-17,2026-02-17,False,,333.0,False,False,2024-04
618,2024,4,Occurrence,Race-Ethnicity,Other/Unknown,DIA,Diabetes mellitus,ICD-10,13.0,,,02/17/2026,02/17/2026,2024-04-01,2026-02-17,2026-02-17,False,,13.0,False,False,2024-04
619,2024,4,Occurrence,Total Population,Total Population,HOM,Assault (homicide),ICD-10,139.0,,,02/17/2026,02/17/2026,2024-04-01,2026-02-17,2026-02-17,False,,139.0,True,False,2024-04
620,2024,4,Occurrence,Gender,Female,HOM,Assault (homicide),ICD-10,29.0,,,02/17/2026,02/17/2026,2024-04-01,2026-02-17,2026-02-17,False,,29.0,False,False,2024-04
621,2024,4,Occurrence,Gender,Male,HOM,Assault (homicide),ICD-10,110.0,,,02/17/2026,02/17/2026,2024-04-01,2026-02-17,2026-02-17,False,,110.0,False,False,2024-04
622,2024,4,Occurrence,Race-Ethnicity,American Indian/Alaska Native,HOM,Assault (homicide),ICD-10,,1,Cell suppressed for small numbers,02/17/2026,02/17/2026,2024-04-01,2026-02-17,2026-02-17,True,Cell suppressed for small numbers,,False,False,2024-04
623,2024,4,Occurrence,Race-Ethnicity,Asian,HOM,Assault (homicide),ICD-10,,1,Cell suppressed for small numbers,02/17/2026,02/17/2026,2024-04-01,2026-02-17,2026-02-17,True,Cell suppressed for small numbers,,False,False,2024-04
624,2024,4,Occurrence,Race-Ethnicity,Black,HOM,Assault (homicide),ICD-10,37.0,,,02/17/2026,02/17/2026,2024-04-01,2026-02-17,2026-02-17,False,,37.0,False,False,2024-04
625,2024,4,Occurrence,Race-Ethnicity,Hawaiian/Pacific Islander,HOM,Assault (homicide),ICD-10,0.0,,,02/17/2026,02/17/2026,2024-04-01,2026-02-17,2026-02-17,False,,0.0,False,False,2024-04
626,2024,4,Occurrence,Race-Ethnicity,Hispanic,HOM,Assault (homicide),ICD-10,67.0,,,02/17/2026,02/17/2026,2024-04-01,2026-02-17,2026-02-17,False,,67.0,False,False,2024-04
627,2024,4,Occurrence,Race-Ethnicity,Multi-Race,HOM,Assault (homicide),ICD-10,,1,Cell suppressed for small numbers,02/17/2026,02/17/2026,2024-04-01,2026-02-17,2026-02-17,True,Cell suppressed for small numbers,,False,False,2024-04
628,2024,4,Occurrence,Race-Ethnicity,White,HOM,Assault (homicide),ICD-10,21.0,,,02/17/2026,02/17/2026,2024-04-01,2026-02-17,2026-02-17,False,,21.0,False,False,2024-04
629,2024,4,Occurrence,Race-Ethnicity,Other/Unknown,HOM,Assault (homicide),ICD-10,,1,Cell suppressed for small numbers,02/17/2026,02/17/2026,2024-04-01,2026-02-17,2026-02-17,True,Cell suppressed for small numbers,,False,False,2024-04
630,2024,4,Occurrence,Total Population,Total Population,HTD,Diseases of heart,ICD-10,5185.0,,,02/17/2026,02/17/2026,2024-04-01,2026-02-17,2026-02-17,False,,5185.0,True,False,2024-04
631,2024,4,Occurrence,Gender,Female,HTD,Diseases of heart,ICD-10,2238.0,,,02/17/2026,02/17/2026,2024-04-01,2026-02-17,2026-02-17,False,,2238.0,False,False,2024-04
632,2024,4,Occurrence,Gender,Male,HTD,Diseases of heart,ICD-10,2947.0,,,02/17/2026,02/17/2026,2024-04-01,2026-02-17,2026-02-17,False,,2947.0,False,False,2024-04
633,2024,4,Occurrence,Race-Ethnicity,American Indian/Alaska Native,HTD,Diseases of heart,ICD-10,22.0,,,02/17/2026,02/17/2026,2024-04-01,2026-02-17,2026-02-17,False,,22.0,False,False,2024-04
634,2024,4,Occurrence,Race-Ethnicity,Asian,HTD,Diseases of heart,ICD-10,569.0,,,02/17/2026,02/17/2026,2024-04-01,2026-02-17,2026-02-17,False,,569.0,False,False,2024-04
635,2024,4,Occurrence,Race-Ethnicity,Black,HTD,Diseases of heart,ICD-10,442.0,,,02/17/2026,02/17/2026,2024-04-01,2026-02-17,2026-02-17,False,,442.0,False,False,2024-04
636,2024,4,Occurrence,Race-Ethnicity,Hawaiian/Pacific Islander,HTD,Diseases of heart,ICD-10,17.0,,,02/17/2026,02/17/2026,2024-04-01,2026-02-17,2026-02-17,False,,17.0,False,False,2024-04
637,2024,4,Occurrence,Race-Ethnicity,Hispanic,HTD,Diseases of heart,ICD-10,964.0,,,02/17/2026,02/17/2026,2024-04-01,2026-02-17,2026-02-17,False,,964.0,False,False,2024-04
638,2024,4,Occurrence,Race-Ethnicity,Multi-Race,HTD,Diseases of heart,ICD-10,66.0,,,02/17/2026,02/17/2026,2024-04-01,2026-02-17,2026-02-17,False,,66.0,False,False,2024-04
639,2024,4,Occurrence,Race-Ethnicity,White,HTD,Diseases of heart,ICD-10,3048.0,,,02/17/2026,02/17/2026,2024-04-01,2026-02-17,2026-02-17,False,,3048.0,False,False,2024-04
640,2024,4,Occurrence,Race-Ethnicity,Other/Unknown,HTD,Diseases of heart,ICD-10,57.0,,,02/17/2026,02/17/2026,2024-04-01,2026-02-17,2026-02-17,False,,57.0,False,False,2024-04
641,2024,4,Occurrence,Total Population,Total Population,HYP,Essential hypertension and hypertensive renal disease,ICD-10,523.0,,,02/17/2026,02/17/2026,2024-04-01,2026-02-17,2026-02-17,False,,523.0,True,False,2024-04
642,2024,4,Occurrence,Gender,Female,HYP,Essential hypertension and hypertensive renal disease,ICD-10,274.0,,,02/17/2026,02/17/2026,2024-04-01,2026-02-17,2026-02-17,False,,274.0,False,False,2024-04
643,2024,4,Occurrence,Gender,Male,HYP,Essential hypertension and hypertensive renal disease,ICD-10,249.0,,,02/17/2026,02/17/2026,2024-04-01,2026-02-17,2026-02-17,False,,249.0,False,False,2024-04
644,2024,4,Occurrence,Race-Ethnicity,American Indian/Alaska Native,HYP,Essential hypertension and hypertensive renal disease,ICD-10,0.0,,,02/17/2026,02/17/2026,2024-04-01,2026-02-17,2026-02-17,False,,0.0,False,False,2024-04
645,2024,4,Occurrence,Race-Ethnicity,Asian,HYP,Essential hypertension and hypertensive renal disease,ICD-10,68.0,,,02/17/2026,02/17/2026,2024-04-01,2026-02-17,2026-02-17,False,,68.0,False,False,2024-04
646,2024,4,Occurrence,Race-Ethnicity,Black,HYP,Essential hypertension and hypertensive renal disease,ICD-10,54.0,,,02/17/2026,02/17/2026,2024-04-01,2026-02-17,2026-02-17,False,,54.0,False,False,2024-04
647,2024,4,Occurrence,Race-Ethnicity,Hawaiian/Pacific Islander,HYP,Essential hypertension and hypertensive renal disease,ICD-10,,1,Cell suppressed for small numbers,02/17/2026,02/17/2026,2024-04-01,2026-02-17,2026-02-17,True,Cell suppressed for small numbers,,False,False,2024-04
648,2024,4,Occurrence,Race-Ethnicity,Hispanic,HYP,Essential hypertension and hypertensive renal disease,ICD-10,114.0,,,02/17/2026,02/17/2026,2024-04-01,2026-02-17,2026-02-17,False,,114.0,False,False,2024-04
649,2024,4,Occurrence,Race-Ethnicity,Multi-Race,HYP,Essential hypertension and hypertensive renal disease,ICD-10,,1,Cell suppressed for small numbers,02/17/2026,02/17/2026,2024-04-01,2026-02-17,2026-02-17,True,Cell suppressed for small numbers,,False,False,2024-04
650,2024,4,Occurrence,Race-Ethnicity,White,HYP,Essential hypertension and hypertensive renal disease,ICD-10,271.0,,,02/17/2026,02/17/2026,2024-04-01,2026-02-17,2026-02-17,False,,271.0,False,False,2024-04
651,2024,4,Occurrence,Race-Ethnicity,Other/Unknown,HYP,Essential hypertension and hypertensive renal disease,ICD-10,,1,Cell suppressed for small numbers,02/17/2026,02/17/2026,2024-04-01,2026-02-17,2026-02-17,True,Cell suppressed for small numbers,,False,False,2024-04
652,2024,4,Occurrence,Total Population,Total Population,INJ,Accidents (unintentional injuries),ICD-10,1606.0,,,02/17/2026,02/17/2026,2024-04-01,2026-02-17,2026-02-17,False,,1606.0,True,False,2024-04
653,2024,4,Occurrence,Gender,Female,INJ,Accidents (unintentional injuries),ICD-10,424.0,,,02/17/2026,02/17/2026,2024-04-01,2026-02-17,2026-02-17,False,,424.0,False,False,2024-04
654,2024,4,Occurrence,Gender,Male,INJ,Accidents (unintentional injuries),ICD-10,1182.0,,,02/17/2026,02/17/2026,2024-04-01,2026-02-17,2026-02-17,False,,1182.0,False,False,2024-04
655,2024,4,Occurrence,Race-Ethnicity,American Indian/Alaska Native,INJ,Accidents (unintentional injuries),ICD-10,,2,Cell suppressed for complementary cell,02/17/2026,02/17/2026,2024-04-01,2026-02-17,2026-02-17,True,Cell suppressed for complementary cell,,False,False,2024-04
656,2024,4,Occurrence,Race-Ethnicity,Asian,INJ,Accidents (unintentional injuries),ICD-10,105.0,,,02/17/2026,02/17/2026,2024-04-01,2026-02-17,2026-02-17,False,,105.0,False,False,2024-04
657,2024,4,Occurrence,Race-Ethnicity,Black,INJ,Accidents (unintentional injuries),ICD-10,187.0,,,02/17/2026,02/17/2026,2024-04-01,2026-02-17,2026-02-17,False,,187.0,False,False,2024-04
658,2024,4,Occurrence,Race-Ethnicity,Hawaiian/Pacific Islander,INJ,Accidents (unintentional injuries),ICD-10,,1,Cell suppressed for small numbers,02/17/2026,02/17/2026,2024-04-01,2026-02-17,2026-02-17,True,Cell suppressed for small numbers,,False,False,2024-04
659,2024,4,Occurrence,Race-Ethnicity,Hispanic,INJ,Accidents (unintentional injuries),ICD-10,546.0,,,02/17/2026,02/17/2026,2024-04-01,2026-02-17,2026-02-17,False,,546.0,False,False,2024-04
660,2024,4,Occurrence,Race-Ethnicity,Multi-Race,INJ,Accidents (unintentional injuries),ICD-10,38.0,,,02/17/2026,02/17/2026,2024-04-01,2026-02-17,2026-02-17,False,,38.0,False,False,2024-04
661,2024,4,Occurrence,Race-Ethnicity,White,INJ,Accidents (unintentional injuries),ICD-10,692.0,,,02/17/2026,02/17/2026,2024-04-01,2026-02-17,2026-02-17,False,,692.0,False,False,2024-04
662,2024,4,Occurrence,Race-Ethnicity,Other/Unknown,INJ,Accidents (unintentional injuries),ICD-10,21.0,,,02/17/2026,02/17/2026,2024-04-01,2026-02-17,2026-02-17,False,,21.0,False,False,2024-04
663,2024,4,Occurrence,Total Population,Total Population,LIV,Chronic liver disease and cirrhosis,ICD-10,536.0,,,02/17/2026,02/17/2026,2024-04-01,2026-02-17,2026-02-17,False,,536.0,True,False,2024-04
664,2024,4,Occurrence,Gender,Female,LIV,Chronic liver disease and cirrhosis,ICD-10,201.0,,,02/17/2026,02/17/2026,2024-04-01,2026-02-17,2026-02-17,False,,201.0,False,False,2024-04
665,2024,4,Occurrence,Gender,Male,LIV,Chronic liver disease and cirrhosis,ICD-10,334.0,,,02/17/2026,02/17/2026,2024-04-01,2026-02-17,2026-02-17,False,,334.0,False,False,2024-04
666,2024,4,Occurrence,Race-Ethnicity,American Indian/Alaska Native,LIV,Chronic liver disease and cirrhosis,ICD-10,,1,Cell suppressed for small numbers,02/17/2026,02/17/2026,2024-04-01,2026-02-17,2026-02-17,True,Cell suppressed for small numbers,,False,False,2024-04
667,2024,4,Occurrence,Race-Ethnicity,Asian,LIV,Chronic liver disease and cirrhosis,ICD-10,26.0,,,02/17/2026,02/17/2026,2024-04-01,2026-02-17,2026-02-17,False,,26.0,False,False,2024-04
668,2024,4,Occurrence,Race-Ethnicity,Black,LIV,Chronic liver disease and cirrhosis,ICD-10,21.0,,,02/17/2026,02/17/2026,2024-04-01,2026-02-17,2026-02-17,False,,21.0,False,False,2024-04
669,2024,4,Occurrence,Race-Ethnicity,Hawaiian/Pacific Islander,LIV,Chronic liver disease and cirrhosis,ICD-10,,1,Cell suppressed for small numbers,02/17/2026,02/17/2026,2024-04-01,2026-02-17,2026-02-17,True,Cell suppressed for small numbers,,False,False,2024-04
670,2024,4,Occurrence,Race-Ethnicity,Hispanic,LIV,Chronic liver disease and cirrhosis,ICD-10,239.0,,,02/17/2026,02/17/2026,2024-04-01,2026-02-17,2026-02-17,False,,239.0,False,False,2024-04
671,2024,4,Occurrence,Race-Ethnicity,Multi-Race,LIV,Chronic liver disease and cirrhosis,ICD-10,,1,Cell suppressed for small numbers,02/17/2026,02/17/2026,2024-04-01,2026-02-17,2026-02-17,True,Cell suppressed for small numbers,,False,False,2024-04
672,2024,4,Occurrence,Race-Ethnicity,White,LIV,Chronic liver disease and cirrhosis,ICD-10,233.0,,,02/17/2026,02/17/2026,2024-04-01,2026-02-17,2026-02-17,False,,233.0,False,False,2024-04
673,2024,4,Occurrence,Race-Ethnicity,Other/Unknown,LIV,Chronic liver disease and cirrhosis,ICD-10,,1,Cell suppressed for small numbers,02/17/2026,02/17/2026,2024-04-01,2026-02-17,2026-02-17,True,Cell suppressed for small numbers,,False,False,2024-04
674,2024,4,Occurrence,Total Population,Total Population,NEP,"Nephritis, nephrotic syndrome and nephrosis",ICD-10,396.0,,,02/17/2026,02/17/2026,2024-04-01,2026-02-17,2026-02-17,False,,396.0,True,False,2024-04
675,2024,4,Occurrence,Gender,Female,NEP,"Nephritis, nephrotic syndrome and nephrosis",ICD-10,177.0,,,02/17/2026,02/17/2026,2024-04-01,2026-02-17,2026-02-17,False,,177.0,False,False,2024-04
676,2024,4,Occurrence,Gender,Male,NEP,"Nephritis, nephrotic syndrome and nephrosis",ICD-10,219.0,,,02/17/2026,02/17/2026,2024-04-01,2026-02-17,2026-02-17,False,,219.0,False,False,2024-04
677,2024,4,Occurrence,Race-Ethnicity,American Indian/Alaska Native,NEP,"Nephritis, nephrotic syndrome and nephrosis",ICD-10,,1,Cell suppressed for small numbers,02/17/2026,02/17/2026,2024-04-01,2026-02-17,2026-02-17,True,Cell suppressed for small numbers,,False,False,2024-04
678,2024,4,Occurrence,Race-Ethnicity,Asian,NEP,"Nephritis, nephrotic syndrome and nephrosis",ICD-10,62.0,,,02/17/2026,02/17/2026,2024-04-01,2026-02-17,2026-02-17,False,,62.0,False,False,2024-04
679,2024,4,Occurrence,Race-Ethnicity,Black,NEP,"Nephritis, nephrotic syndrome and nephrosis",ICD-10,46.0,,,02/17/2026,02/17/2026,2024-04-01,2026-02-17,2026-02-17,False,,46.0,False,False,2024-04
680,2024,4,Occurrence,Race-Ethnicity,Hawaiian/Pacific Islander,NEP,"Nephritis, nephrotic syndrome and nephrosis",ICD-10,,1,Cell suppressed for small numbers,02/17/2026,02/17/2026,2024-04-01,2026-02-17,2026-02-17,True,Cell suppressed for small numbers,,False,False,2024-04
681,2024,4,Occurrence,Race-Ethnicity,Hispanic,NEP,"Nephritis, nephrotic syndrome and nephrosis",ICD-10,102.0,,,02/17/2026,02/17/2026,2024-04-01,2026-02-17,2026-02-17,False,,102.0,False,False,2024-04
682,2024,4,Occurrence,Race-Ethnicity,Multi-Race,NEP,"Nephritis, nephrotic syndrome and nephrosis",ICD-10,,1,Cell suppressed for small numbers,02/17/2026,02/17/2026,2024-04-01,2026-02-17,2026-02-17,True,Cell suppressed for small numbers,,False,False,2024-04
683,2024,4,Occurrence,Race-Ethnicity,White,NEP,"Nephritis, nephrotic syndrome and nephrosis",ICD-10,173.0,,,02/17/2026,02/17/2026,2024-04-01,2026-02-17,2026-02-17,False,,173.0,False,False,2024-04
684,2024,4,Occurrence,Race-Ethnicity,Other/Unknown,NEP,"Nephritis, nephrotic syndrome and nephrosis",ICD-10,,1,Cell suppressed for small numbers,02/17/2026,02/17/2026,2024-04-01,2026-02-17,2026-02-17,True,Cell suppressed for small numbers,,False,False,2024-04
685,2024,4,Occurrence,Total Population,Total Population,PAR,Parkinson's disease,ICD-10,309.0,,,02/17/2026,02/17/2026,2024-04-01,2026-02-17,2026-02-17,False,,309.0,True,False,2024-04
686,2024,4,Occurrence,Gender,Female,PAR,Parkinson's disease,ICD-10,122.0,,,02/17/2026,02/17/2026,2024-04-01,2026-02-17,2026-02-17,False,,122.0,False,False,2024-04
687,2024,4,Occurrence,Gender,Male,PAR,Parkinson's disease,ICD-10,187.0,,,02/17/2026,02/17/2026,2024-04-01,2026-02-17,2026-02-17,False,,187.0,False,False,2024-04
688,2024,4,Occurrence,Race-Ethnicity,American Indian/Alaska Native,PAR,Parkinson's disease,ICD-10,0.0,,,02/17/2026,02/17/2026,2024-04-01,2026-02-17,2026-02-17,False,,0.0,False,False,2024-04
689,2024,4,Occurrence,Race-Ethnicity,Asian,PAR,Parkinson's disease,ICD-10,33.0,,,02/17/2026,02/17/2026,2024-04-01,2026-02-17,2026-02-17,False,,33.0,False,False,2024-04
690,2024,4,Occurrence,Race-Ethnicity,Black,PAR,Parkinson's disease,ICD-10,,1,Cell suppressed for small numbers,02/17/2026,02/17/2026,2024-04-01,2026-02-17,2026-02-17,True,Cell suppressed for small numbers,,False,False,2024-04
691,2024,4,Occurrence,Race-Ethnicity,Hawaiian/Pacific Islander,PAR,Parkinson's disease,ICD-10,0.0,,,02/17/2026,02/17/2026,2024-04-01,2026-02-17,2026-02-17,False,,0.0,False,False,2024-04
692,2024,4,Occurrence,Race-Ethnicity,Hispanic,PAR,Parkinson's disease,ICD-10,38.0,,,02/17/2026,02/17/2026,2024-04-01,2026-02-17,2026-02-17,False,,38.0,False,False,2024-04
693,2024,4,Occurrence,Race-Ethnicity,Multi-Race,PAR,Parkinson's disease,ICD-10,,1,Cell suppressed for small numbers,02/17/2026,02/17/2026,2024-04-01,2026-02-17,2026-02-17,True,Cell suppressed for small numbers,,False,False,2024-04
694,2024,4,Occurrence,Race-Ethnicity,White,PAR,Parkinson's disease,ICD-10,231.0,,,02/17/2026,02/17/2026,2024-04-01,2026-02-17,2026-02-17,False,,231.0,False,False,2024-04
695,2024,4,Occurrence,Race-Ethnicity,Other/Unknown,PAR,Parkinson's disease,ICD-10,0.0,,,02/17/2026,02/17/2026,2024-04-01,2026-02-17,2026-02-17,False,,0.0,False,False,2024-04
696,2024,4,Occurrence,Total Population,Total Population,PNF,Influenza and pneumonia,ICD-10,467.0,,,02/17/2026,02/17/2026,2024-04-01,2026-02-17,2026-02-17,False,,467.0,True,False,2024-04
697,2024,4,Occurrence,Gender,Female,PNF,Influenza and pneumonia,ICD-10,214.0,,,02/17/2026,02/17/2026,2024-04-01,2026-02-17,2026-02-17,False,,214.0,False,False,2024-04
698,2024,4,Occurrence,Gender,Male,PNF,Influenza and pneumonia,ICD-10,253.0,,,02/17/2026,02/17/2026,2024-04-01,2026-02-17,2026-02-17,False,,253.0,False,False,2024-04
699,2024,4,Occurrence,Race-Ethnicity,American Indian/Alaska Native,PNF,Influenza and pneumonia,ICD-10,,1,Cell suppressed for small numbers,02/17/2026,02/17/2026,2024-04-01,2026-02-17,2026-02-17,True,Cell suppressed for small numbers,,False,False,2024-04
700,2024,4,Occurrence,Race-Ethnicity,Asian,PNF,Influenza and pneumonia,ICD-10,74.0,,,02/17/2026,02/17/2026,2024-04-01,2026-02-17,2026-02-17,False,,74.0,False,False,2024-04
701,2024,4,Occurrence,Race-Ethnicity,Black,PNF,Influenza and pneumonia,ICD-10,30.0,,,02/17/2026,02/17/2026,2024-04-01,2026-02-17,2026-02-17,False,,30.0,False,False,2024-04
702,2024,4,Occurrence,Race-Ethnicity,Hawaiian/Pacific Islander,PNF,Influenza and pneumonia,ICD-10,,1,Cell suppressed for small numbers,02/17/2026,02/17/2026,2024-04-01,2026-02-17,2026-02-17,True,Cell suppressed for small numbers,,False,False,2024-04
703,2024,4,Occurrence,Race-Ethnicity,Hispanic,PNF,Influenza and pneumonia,ICD-10,100.0,,,02/17/2026,02/17/2026,2024-04-01,2026-02-17,2026-02-17,False,,100.0,False,False,2024-04
704,2024,4,Occurrence,Race-Ethnicity,Multi-Race,PNF,Influenza and pneumonia,ICD-10,,1,Cell suppressed for small numbers,02/17/2026,02/17/2026,2024-04-01,2026-02-17,2026-02-17,True,Cell suppressed for small numbers,,False,False,2024-04
705,2024,4,Occurrence,Race-Ethnicity,White,PNF,Influenza and pneumonia,ICD-10,248.0,,,02/17/2026,02/17/2026,2024-04-01,2026-02-17,2026-02-17,False,,248.0,False,False,2024-04
706,2024,4,Occurrence,Race-Ethnicity,Other/Unknown,PNF,Influenza and pneumonia,ICD-10,,1,Cell suppressed for small numbers,02/17/2026,02/17/2026,2024-04-01,2026-02-17,2026-02-17,True,Cell suppressed for small numbers,,False,False,2024-04
707,2024,4,Occurrence,Total Population,Total Population,STK,Cerebrovascular diseases,ICD-10,1468.0,,,02/17/2026,02/17/2026,2024-04-01,2026-02-17,2026-02-17,False,,1468.0,True,False,2024-04
708,2024,4,Occurrence,Gender,Female,STK,Cerebrovascular diseases,ICD-10,827.0,,,02/17/2026,02/17/2026,2024-04-01,2026-02-17,2026-02-17,False,,827.0,False,False,2024-04
709,2024,4,Occurrence,Gender,Male,STK,Cerebrovascular diseases,ICD-10,641.0,,,02/17/2026,02/17/2026,2024-04-01,2026-02-17,2026-02-17,False,,641.0,False,False,2024-04
710,2024,4,Occurrence,Race-Ethnicity,American Indian/Alaska Native,STK,Cerebrovascular diseases,ICD-10,,1,Cell suppressed for small numbers,02/17/2026,02/17/2026,2024-04-01,2026-02-17,2026-02-17,True,Cell suppressed for small numbers,,False,False,2024-04
711,2024,4,Occurrence,Race-Ethnicity,Asian,STK,Cerebrovascular diseases,ICD-10,234.0,,,02/17/2026,02/17/2026,2024-04-01,2026-02-17,2026-02-17,False,,234.0,False,False,2024-04
712,2024,4,Occurrence,Race-Ethnicity,Black,STK,Cerebrovascular diseases,ICD-10,127.0,,,02/17/2026,02/17/2026,2024-04-01,2026-02-17,2026-02-17,False,,127.0,False,False,2024-04
713,2024,4,Occurrence,Race-Ethnicity,Hawaiian/Pacific Islander,STK,Cerebrovascular diseases,ICD-10,,1,Cell suppressed for small numbers,02/17/2026,02/17/2026,2024-04-01,2026-02-17,2026-02-17,True,Cell suppressed for small numbers,,False,False,2024-04
714,2024,4,Occurrence,Race-Ethnicity,Hispanic,STK,Cerebrovascular diseases,ICD-10,332.0,,,02/17/2026,02/17/2026,2024-04-01,2026-02-17,2026-02-17,False,,332.0,False,False,2024-04
715,2024,4,Occurrence,Race-Ethnicity,Multi-Race,STK,Cerebrovascular diseases,ICD-10,16.0,,,02/17/2026,02/17/2026,2024-04-01,2026-02-17,2026-02-17,False,,16.0,False,False,2024-04
716,2024,4,Occurrence,Race-Ethnicity,White,STK,Cerebrovascular diseases,ICD-10,740.0,,,02/17/2026,02/17/2026,2024-04-01,2026-02-17,2026-02-17,False,,740.0,False,False,2024-04
717,2024,4,Occurrence,Race-Ethnicity,Other/Unknown,STK,Cerebrovascular diseases,ICD-10,11.0,,,02/17/2026,02/17/2026,2024-04-01,2026-02-17,2026-02-17,False,,11.0,False,False,2024-04
718,2024,4,Occurrence,Total Population,Total Population,SUI,Intentional self-harm (suicide),ICD-10,344.0,,,02/17/2026,02/17/2026,2024-04-01,2026-02-17,2026-02-17,False,,344.0,True,False,2024-04
719,2024,4,Occurrence,Gender,Female,SUI,Intentional self-harm (suicide),ICD-10,76.0,,,02/17/2026,02/17/2026,2024-04-01,2026-02-17,2026-02-17,False,,76.0,False,False,2024-04
720,2024,4,Occurrence,Gender,Male,SUI,Intentional self-harm (suicide),ICD-10,268.0,,,02/17/2026,02/17/2026,2024-04-01,2026-02-17,2026-02-17,False,,268.0,False,False,2024-04
721,2024,4,Occurrence,Race-Ethnicity,American Indian/Alaska Native,SUI,Intentional self-harm (suicide),ICD-10,,1,Cell suppressed for small numbers,02/17/2026,02/17/2026,2024-04-01,2026-02-17,2026-02-17,True,Cell suppressed for small numbers,,False,False,2024-04
722,2024,4,Occurrence,Race-Ethnicity,Asian,SUI,Intentional self-harm (suicide),ICD-10,45.0,,,02/17/2026,02/17/2026,2024-04-01,2026-02-17,2026-02-17,False,,45.0,False,False,2024-04
723,2024,4,Occurrence,Race-Ethnicity,Black,SUI,Intentional self-harm (suicide),ICD-10,23.0,,,02/17/2026,02/17/2026,2024-04-01,2026-02-17,2026-02-17,False,,23.0,False,False,2024-04
724,2024,4,Occurrence,Race-Ethnicity,Hawaiian/Pacific Islander,SUI,Intentional self-harm (suicide),ICD-10,0.0,,,02/17/2026,02/17/2026,2024-04-01,2026-02-17,2026-02-17,False,,0.0,False,False,2024-04
725,2024,4,Occurrence,Race-Ethnicity,Hispanic,SUI,Intentional self-harm (suicide),ICD-10,79.0,,,02/17/2026,02/17/2026,2024-04-01,2026-02-17,2026-02-17,False,,79.0,False,False,2024-04
726,2024,4,Occurrence,Race-Ethnicity,Multi-Race,SUI,Intentional self-harm (suicide),ICD-10,,1,Cell suppressed for small numbers,02/17/2026,02/17/2026,2024-04-01,2026-02-17,2026-02-17,True,Cell suppressed for small numbers,,False,False,2024-04
727,2024,4,Occurrence,Race-Ethnicity,White,SUI,Intentional self-harm (suicide),ICD-10,184.0,,,02/17/2026,02/17/2026,2024-04-01,2026-02-17,2026-02-17,False,,184.0,False,False,2024-04
728,2024,4,Occurrence,Race-Ethnicity,Other/Unknown,SUI,Intentional self-harm (suicide),ICD-10,,1,Cell suppressed for small numbers,02/17/2026,02/17/2026,2024-04-01,2026-02-17,2026-02-17,True,Cell suppressed for small numbers,,False,False,2024-04
729,2024,5,Occurrence,Total Population,Total Population,ALL,All causes (total),ICD-10,23823.0,,,02/17/2026,02/17/2026,2024-05-01,2026-02-17,2026-02-17,False,,23823.0,True,True,2024-05
730,2024,5,Occurrence,Age,Under 1 year,ALL,All causes (total),ICD-10,133.0,,,02/17/2026,02/17/2026,2024-05-01,2026-02-17,2026-02-17,False,,133.0,False,True,2024-05
731,2024,5,Occurrence,Age,1-4 years,ALL,All causes (total),ICD-10,37.0,,,02/17/2026,02/17/2026,2024-05-01,2026-02-17,2026-02-17,False,,37.0,False,True,2024-05
732,2024,5,Occurrence,Age,5-14 years,ALL,All causes (total),ICD-10,43.0,,,02/17/2026,02/17/2026,2024-05-01,2026-02-17,2026-02-17,False,,43.0,False,True,2024-05
733,2024,5,Occurrence,Age,15-24 years,ALL,All causes (total),ICD-10,244.0,,,02/17/2026,02/17/2026,2024-05-01,2026-02-17,2026-02-17,False,,244.0,False,True,2024-05
734,2024,5,Occurrence,Age,25-34 years,ALL,All causes (total),ICD-10,517.0,,,02/17/2026,02/17/2026,2024-05-01,2026-02-17,2026-02-17,False,,517.0,False,True,2024-05
735,2024,5,Occurrence,Age,35-44 years,ALL,All causes (total),ICD-10,875.0,,,02/17/2026,02/17/2026,2024-05-01,2026-02-17,2026-02-17,False,,875.0,False,True,2024-05
736,2024,5,Occurrence,Age,45-54 years,ALL,All causes (total),ICD-10,1215.0,,,02/17/2026,02/17/2026,2024-05-01,2026-02-17,2026-02-17,False,,1215.0,False,True,2024-05
737,2024,5,Occurrence,Age,55-64 years,ALL,All causes (total),ICD-10,2700.0,,,02/17/2026,02/17/2026,2024-05-01,2026-02-17,2026-02-17,False,,2700.0,False,True,2024-05
738,2024,5,Occurrence,Age,65-74 years,ALL,All causes (total),ICD-10,4458.0,,,02/17/2026,02/17/2026,2024-05-01,2026-02-17,2026-02-17,False,,4458.0,False,True,2024-05
739,2024,5,Occurrence,Age,75-84 years,ALL,All causes (total),ICD-10,6091.0,,,02/17/2026,02/17/2026,2024-05-01,2026-02-17,2026-02-17,False,,6091.0,False,True,2024-05
740,2024,5,Occurrence,Age,85 years and over,ALL,All causes (total),ICD-10,7506.0,,,02/17/2026,02/17/2026,2024-05-01,2026-02-17,2026-02-17,False,,7506.0,False,True,2024-05
741,2024,5,Occurrence,Gender,Female,ALL,All causes (total),ICD-10,11100.0,,,02/17/2026,02/17/2026,2024-05-01,2026-02-17,2026-02-17,False,,11100.0,False,True,2024-05
742,2024,5,Occurrence,Gender,Male,ALL,All causes (total),ICD-10,12720.0,,,02/17/2026,02/17/2026,2024-05-01,2026-02-17,2026-02-17,False,,12720.0,False,True,2024-05
743,2024,5,Occurrence,Place Type,Inpatient,ALL,All causes (total),ICD-10,7434.0,,,02/17/2026,02/17/2026,2024-05-01,2026-02-17,2026-02-17,False,,7434.0,False,True,2024-05
744,2024,5,Occurrence,Place Type,Emergency Room/Outpatient,ALL,All causes (total),ICD-10,1189.0,,,02/17/2026,02/17/2026,2024-05-01,2026-02-17,2026-02-17,False,,1189.0,False,True,2024-05
745,2024,5,Occurrence,Place Type,Decedent's Home,ALL,All causes (total),ICD-10,9126.0,,,02/17/2026,02/17/2026,2024-05-01,2026-02-17,2026-02-17,False,,9126.0,False,True,2024-05
746,2024,5,Occurrence,Place Type,Hospice Facility,ALL,All causes (total),ICD-10,275.0,,,02/17/2026,02/17/2026,2024-05-01,2026-02-17,2026-02-17,False,,275.0,False,True,2024-05
747,2024,5,Occurrence,Place Type,Nursing Home/Long Term Care Facility,ALL,All causes (total),ICD-10,2145.0,,,02/17/2026,02/17/2026,2024-05-01,2026-02-17,2026-02-17,False,,2145.0,False,True,2024-05
748,2024,5,Occurrence,Place Type,Other/Unknown,ALL,All causes (total),ICD-10,3654.0,,,02/17/2026,02/17/2026,2024-05-01,2026-02-17,2026-02-17,False,,3654.0,False,True,2024-05
749,2024,5,Occurrence,Race-Ethnicity,American Indian/Alaska Native,ALL,All causes (total),ICD-10,116.0,,,02/17/2026,02/17/2026,2024-05-01,2026-02-17,2026-02-17,False,,116.0,False,True,2024-05
750,2024,5,Occurrence,Race-Ethnicity,Asian,ALL,All causes (total),ICD-10,2680.0,,,02/17/2026,02/17/2026,2024-05-01,2026-02-17,2026-02-17,False,,2680.0,False,True,2024-05
751,2024,5,Occurrence,Race-Ethnicity,Black,ALL,All causes (total),ICD-10,1791.0,,,02/17/2026,02/17/2026,2024-05-01,2026-02-17,2026-02-17,False,,1791.0,False,True,2024-05
752,2024,5,Occurrence,Race-Ethnicity,Hawaiian/Pacific Islander,ALL,All causes (total),ICD-10,97.0,,,02/17/2026,02/17/2026,2024-05-01,2026-02-17,2026-02-17,False,,97.0,False,True,2024-05
753,2024,5,Occurrence,Race-Ethnicity,Hispanic,ALL,All causes (total),ICD-10,5362.0,,,02/17/2026,02/17/2026,2024-05-01,2026-02-17,2026-02-17,False,,5362.0,False,True,2024-05
754,2024,5,Occurrence,Race-Ethnicity,Multi-Race,ALL,All causes (total),ICD-10,268.0,,,02/17/2026,02/17/2026,2024-05-01,2026-02-17,2026-02-17,False,,268.0,False,True,2024-05
755,2024,5,Occurrence,Race-Ethnicity,White,ALL,All causes (total),ICD-10,13297.0,,,02/17/2026,02/17/2026,2024-05-01,2026-02-17,2026-02-17,False,,13297.0,False,True,2024-05
756,2024,5,Occurrence,Race-Ethnicity,Other/Unknown,ALL,All causes (total),ICD-10,212.0,,,02/17/2026,02/17/2026,2024-05-01,2026-02-17,2026-02-17,False,,212.0,False,True,2024-05
757,2024,5,Occurrence,Total Population,Total Population,ALZ,Alzheimer's disease,ICD-10,1279.0,,,02/17/2026,02/17/2026,2024-05-01,2026-02-17,2026-02-17,False,,1279.0,True,False,2024-05
758,2024,5,Occurrence,Gender,Female,ALZ,Alzheimer's disease,ICD-10,863.0,,,02/17/2026,02/17/2026,2024-05-01,2026-02-17,2026-02-17,False,,863.0,False,False,2024-05
759,2024,5,Occurrence,Gender,Male,ALZ,Alzheimer's disease,ICD-10,416.0,,,02/17/2026,02/17/2026,2024-05-01,2026-02-17,2026-02-17,False,,416.0,False,False,2024-05
760,2024,5,Occurrence,Race-Ethnicity,American Indian/Alaska Native,ALZ,Alzheimer's disease,ICD-10,,1,Cell suppressed for small numbers,02/17/2026,02/17/2026,2024-05-01,2026-02-17,2026-02-17,True,Cell suppressed for small numbers,,False,False,2024-05
761,2024,5,Occurrence,Race-Ethnicity,Asian,ALZ,Alzheimer's disease,ICD-10,139.0,,,02/17/2026,02/17/2026,2024-05-01,2026-02-17,2026-02-17,False,,139.0,False,False,2024-05
762,2024,5,Occurrence,Race-Ethnicity,Black,ALZ,Alzheimer's disease,ICD-10,82.0,,,02/17/2026,02/17/2026,2024-05-01,2026-02-17,2026-02-17,False,,82.0,False,False,2024-05
763,2024,5,Occurrence,Race-Ethnicity,Hawaiian/Pacific Islander,ALZ,Alzheimer's disease,ICD-10,,1,Cell suppressed for small numbers,02/17/2026,02/17/2026,2024-05-01,2026-02-17,2026-02-17,True,Cell suppressed for small numbers,,False,False,2024-05
764,2024,5,Occurrence,Race-Ethnicity,Hispanic,ALZ,Alzheimer's disease,ICD-10,225.0,,,02/17/2026,02/17/2026,2024-05-01,2026-02-17,2026-02-17,False,,225.0,False,False,2024-05
765,2024,5,Occurrence,Race-Ethnicity,Multi-Race,ALZ,Alzheimer's disease,ICD-10,,1,Cell suppressed for small numbers,02/17/2026,02/17/2026,2024-05-01,2026-02-17,2026-02-17,True,Cell suppressed for small numbers,,False,False,2024-05
766,2024,5,Occurrence,Race-Ethnicity,White,ALZ,Alzheimer's disease,ICD-10,819.0,,,02/17/2026,02/17/2026,2024-05-01,2026-02-17,2026-02-17,False,,819.0,False,False,2024-05
767,2024,5,Occurrence,Race-Ethnicity,Other/Unknown,ALZ,Alzheimer's disease,ICD-10,,1,Cell suppressed for small numbers,02/17/2026,02/17/2026,2024-05-01,2026-02-17,2026-02-17,True,Cell suppressed for small numbers,,False,False,2024-05
768,2024,5,Occurrence,Total Population,Total Population,CAN,Malignant neoplasms,ICD-10,5195.0,,,02/17/2026,02/17/2026,2024-05-01,2026-02-17,2026-02-17,False,,5195.0,True,False,2024-05
769,2024,5,Occurrence,Gender,Female,CAN,Malignant neoplasms,ICD-10,2477.0,,,02/17/2026,02/17/2026,2024-05-01,2026-02-17,2026-02-17,False,,2477.0,False,False,2024-05
770,2024,5,Occurrence,Gender,Male,CAN,Malignant neoplasms,ICD-10,2717.0,,,02/17/2026,02/17/2026,2024-05-01,2026-02-17,2026-02-17,False,,2717.0,False,False,2024-05
771,2024,5,Occurrence,Race-Ethnicity,American Indian/Alaska Native,CAN,Malignant neoplasms,ICD-10,24.0,,,02/17/2026,02/17/2026,2024-05-01,2026-02-17,2026-02-17,False,,24.0,False,False,2024-05
772,2024,5,Occurrence,Race-Ethnicity,Asian,CAN,Malignant neoplasms,ICD-10,694.0,,,02/17/2026,02/17/2026,2024-05-01,2026-02-17,2026-02-17,False,,694.0,False,False,2024-05
773,2024,5,Occurrence,Race-Ethnicity,Black,CAN,Malignant neoplasms,ICD-10,388.0,,,02/17/2026,02/17/2026,2024-05-01,2026-02-17,2026-02-17,False,,388.0,False,False,2024-05
774,2024,5,Occurrence,Race-Ethnicity,Hawaiian/Pacific Islander,CAN,Malignant neoplasms,ICD-10,17.0,,,02/17/2026,02/17/2026,2024-05-01,2026-02-17,2026-02-17,False,,17.0,False,False,2024-05
775,2024,5,Occurrence,Race-Ethnicity,Hispanic,CAN,Malignant neoplasms,ICD-10,1177.0,,,02/17/2026,02/17/2026,2024-05-01,2026-02-17,2026-02-17,False,,1177.0,False,False,2024-05
776,2024,5,Occurrence,Race-Ethnicity,Multi-Race,CAN,Malignant neoplasms,ICD-10,61.0,,,02/17/2026,02/17/2026,2024-05-01,2026-02-17,2026-02-17,False,,61.0,False,False,2024-05
777,2024,5,Occurrence,Race-Ethnicity,White,CAN,Malignant neoplasms,ICD-10,2796.0,,,02/17/2026,02/17/2026,2024-05-01,2026-02-17,2026-02-17,False,,2796.0,False,False,2024-05
778,2024,5,Occurrence,Race-Ethnicity,Other/Unknown,CAN,Malignant neoplasms,ICD-10,38.0,,,02/17/2026,02/17/2026,2024-05-01,2026-02-17,2026-02-17,False,,38.0,False,False,2024-05
779,2024,5,Occurrence,Total Population,Total Population,CLD,Chronic lower respiratory diseases,ICD-10,1026.0,,,02/17/2026,02/17/2026,2024-05-01,2026-02-17,2026-02-17,False,,1026.0,True,False,2024-05
780,2024,5,Occurrence,Gender,Female,CLD,Chronic lower respiratory diseases,ICD-10,528.0,,,02/17/2026,02/17/2026,2024-05-01,2026-02-17,2026-02-17,False,,528.0,False,False,2024-05
781,2024,5,Occurrence,Gender,Male,CLD,Chronic lower respiratory diseases,ICD-10,498.0,,,02/17/2026,02/17/2026,2024-05-01,2026-02-17,2026-02-17,False,,498.0,False,False,2024-05
782,2024,5,Occurrence,Race-Ethnicity,American Indian/Alaska Native,CLD,Chronic lower respiratory diseases,ICD-10,,1,Cell suppressed for small numbers,02/17/2026,02/17/2026,2024-05-01,2026-02-17,2026-02-17,True,Cell suppressed for small numbers,,False,False,2024-05
783,2024,5,Occurrence,Race-Ethnicity,Asian,CLD,Chronic lower respiratory diseases,ICD-10,72.0,,,02/17/2026,02/17/2026,2024-05-01,2026-02-17,2026-02-17,False,,72.0,False,False,2024-05
784,2024,5,Occurrence,Race-Ethnicity,Black,CLD,Chronic lower respiratory diseases,ICD-10,69.0,,,02/17/2026,02/17/2026,2024-05-01,2026-02-17,2026-02-17,False,,69.0,False,False,2024-05
785,2024,5,Occurrence,Race-Ethnicity,Hawaiian/Pacific Islander,CLD,Chronic lower respiratory diseases,ICD-10,0.0,,,02/17/2026,02/17/2026,2024-05-01,2026-02-17,2026-02-17,False,,0.0,False,False,2024-05
786,2024,5,Occurrence,Race-Ethnicity,Hispanic,CLD,Chronic lower respiratory diseases,ICD-10,111.0,,,02/17/2026,02/17/2026,2024-05-01,2026-02-17,2026-02-17,False,,111.0,False,False,2024-05
787,2024,5,Occurrence,Race-Ethnicity,Multi-Race,CLD,Chronic lower respiratory diseases,ICD-10,,2,Cell suppressed for complementary cell,02/17/2026,02/17/2026,2024-05-01,2026-02-17,2026-02-17,True,Cell suppressed for complementary cell,,False,False,2024-05
788,2024,5,Occurrence,Race-Ethnicity,White,CLD,Chronic lower respiratory diseases,ICD-10,744.0,,,02/17/2026,02/17/2026,2024-05-01,2026-02-17,2026-02-17,False,,744.0,False,False,2024-05
789,2024,5,Occurrence,Race-Ethnicity,Other/Unknown,CLD,Chronic lower respiratory diseases,ICD-10,,1,Cell suppressed for small numbers,02/17/2026,02/17/2026,2024-05-01,2026-02-17,2026-02-17,True,Cell suppressed for small numbers,,False,False,2024-05
790,2024,5,Occurrence,Total Population,Total Population,DIA,Diabetes mellitus,ICD-10,852.0,,,02/17/2026,02/17/2026,2024-05-01,2026-02-17,2026-02-17,False,,852.0,True,False,2024-05
791,2024,5,Occurrence,Gender,Female,DIA,Diabetes mellitus,ICD-10,356.0,,,02/17/2026,02/17/2026,2024-05-01,2026-02-17,2026-02-17,False,,356.0,False,False,2024-05
792,2024,5,Occurrence,Gender,Male,DIA,Diabetes mellitus,ICD-10,496.0,,,02/17/2026,02/17/2026,2024-05-01,2026-02-17,2026-02-17,False,,496.0,False,False,2024-05
793,2024,5,Occurrence,Race-Ethnicity,American Indian/Alaska Native,DIA,Diabetes mellitus,ICD-10,,1,Cell suppressed for small numbers,02/17/2026,02/17/2026,2024-05-01,2026-02-17,2026-02-17,True,Cell suppressed for small numbers,,False,False,2024-05
794,2024,5,Occurrence,Race-Ethnicity,Asian,DIA,Diabetes mellitus,ICD-10,126.0,,,02/17/2026,02/17/2026,2024-05-01,2026-02-17,2026-02-17,False,,126.0,False,False,2024-05
795,2024,5,Occurrence,Race-Ethnicity,Black,DIA,Diabetes mellitus,ICD-10,89.0,,,02/17/2026,02/17/2026,2024-05-01,2026-02-17,2026-02-17,False,,89.0,False,False,2024-05
796,2024,5,Occurrence,Race-Ethnicity,Hawaiian/Pacific Islander,DIA,Diabetes mellitus,ICD-10,,1,Cell suppressed for small numbers,02/17/2026,02/17/2026,2024-05-01,2026-02-17,2026-02-17,True,Cell suppressed for small numbers,,False,False,2024-05
797,2024,5,Occurrence,Race-Ethnicity,Hispanic,DIA,Diabetes mellitus,ICD-10,295.0,,,02/17/2026,02/17/2026,2024-05-01,2026-02-17,2026-02-17,False,,295.0,False,False,2024-05
798,2024,5,Occurrence,Race-Ethnicity,Multi-Race,DIA,Diabetes mellitus,ICD-10,,1,Cell suppressed for small numbers,02/17/2026,02/17/2026,2024-05-01,2026-02-17,2026-02-17,True,Cell suppressed for small numbers,,False,False,2024-05
799,2024,5,Occurrence,Race-Ethnicity,White,DIA,Diabetes mellitus,ICD-10,321.0,,,02/17/2026,02/17/2026,2024-05-01,2026-02-17,2026-02-17,False,,321.0,False,False,2024-05
800,2024,5,Occurrence,Race-Ethnicity,Other/Unknown,DIA,Diabetes mellitus,ICD-10,,1,Cell suppressed for small numbers,02/17/2026,02/17/2026,2024-05-01,2026-02-17,2026-02-17,True,Cell suppressed for small numbers,,False,False,2024-05
801,2024,5,Occurrence,Total Population,Total Population,HOM,Assault (homicide),ICD-10,139.0,,,02/17/2026,02/17/2026,2024-05-01,2026-02-17,2026-02-17,False,,139.0,True,False,2024-05
802,2024,5,Occurrence,Gender,Female,HOM,Assault (homicide),ICD-10,24.0,,,02/17/2026,02/17/2026,2024-05-01,2026-02-17,2026-02-17,False,,24.0,False,False,2024-05
803,2024,5,Occurrence,Gender,Male,HOM,Assault (homicide),ICD-10,115.0,,,02/17/2026,02/17/2026,2024-05-01,2026-02-17,2026-02-17,False,,115.0,False,False,2024-05
804,2024,5,Occurrence,Race-Ethnicity,American Indian/Alaska Native,HOM,Assault (homicide),ICD-10,,1,Cell suppressed for small numbers,02/17/2026,02/17/2026,2024-05-01,2026-02-17,2026-02-17,True,Cell suppressed for small numbers,,False,False,2024-05
805,2024,5,Occurrence,Race-Ethnicity,Asian,HOM,Assault (homicide),ICD-10,14.0,,,02/17/2026,02/17/2026,2024-05-01,2026-02-17,2026-02-17,False,,14.0,False,False,2024-05
806,2024,5,Occurrence,Race-Ethnicity,Black,HOM,Assault (homicide),ICD-10,32.0,,,02/17/2026,02/17/2026,2024-05-01,2026-02-17,2026-02-17,False,,32.0,False,False,2024-05
807,2024,5,Occurrence,Race-Ethnicity,Hawaiian/Pacific Islander,HOM,Assault (homicide),ICD-10,0.0,,,02/17/2026,02/17/2026,2024-05-01,2026-02-17,2026-02-17,False,,0.0,False,False,2024-05
808,2024,5,Occurrence,Race-Ethnicity,Hispanic,HOM,Assault (homicide),ICD-10,54.0,,,02/17/2026,02/17/2026,2024-05-01,2026-02-17,2026-02-17,False,,54.0,False,False,2024-05
809,2024,5,Occurrence,Race-Ethnicity,Multi-Race,HOM,Assault (homicide),ICD-10,,1,Cell suppressed for small numbers,02/17/2026,02/17/2026,2024-05-01,2026-02-17,2026-02-17,True,Cell suppressed for small numbers,,False,False,2024-05
810,2024,5,Occurrence,Race-Ethnicity,White,HOM,Assault (homicide),ICD-10,33.0,,,02/17/2026,02/17/2026,2024-05-01,2026-02-17,2026-02-17,False,,33.0,False,False,2024-05
811,2024,5,Occurrence,Race-Ethnicity,Other/Unknown,HOM,Assault (homicide),ICD-10,,1,Cell suppressed for small numbers,02/17/2026,02/17/2026,2024-05-01,2026-02-17,2026-02-17,True,Cell suppressed for small numbers,,False,False,2024-05
812,2024,5,Occurrence,Total Population,Total Population,HTD,Diseases of heart,ICD-10,5231.0,,,02/17/2026,02/17/2026,2024-05-01,2026-02-17,2026-02-17,False,,5231.0,True,False,2024-05
813,2024,5,Occurrence,Gender,Female,HTD,Diseases of heart,ICD-10,2319.0,,,02/17/2026,02/17/2026,2024-05-01,2026-02-17,2026-02-17,False,,2319.0,False,False,2024-05
814,2024,5,Occurrence,Gender,Male,HTD,Diseases of heart,ICD-10,2912.0,,,02/17/2026,02/17/2026,2024-05-01,2026-02-17,2026-02-17,False,,2912.0,False,False,2024-05
815,2024,5,Occurrence,Race-Ethnicity,American Indian/Alaska Native,HTD,Diseases of heart,ICD-10,24.0,,,02/17/2026,02/17/2026,2024-05-01,2026-02-17,2026-02-17,False,,24.0,False,False,2024-05
816,2024,5,Occurrence,Race-Ethnicity,Asian,HTD,Diseases of heart,ICD-10,540.0,,,02/17/2026,02/17/2026,2024-05-01,2026-02-17,2026-02-17,False,,540.0,False,False,2024-05
817,2024,5,Occurrence,Race-Ethnicity,Black,HTD,Diseases of heart,ICD-10,410.0,,,02/17/2026,02/17/2026,2024-05-01,2026-02-17,2026-02-17,False,,410.0,False,False,2024-05
818,2024,5,Occurrence,Race-Ethnicity,Hawaiian/Pacific Islander,HTD,Diseases of heart,ICD-10,27.0,,,02/17/2026,02/17/2026,2024-05-01,2026-02-17,2026-02-17,False,,27.0,False,False,2024-05
819,2024,5,Occurrence,Race-Ethnicity,Hispanic,HTD,Diseases of heart,ICD-10,969.0,,,02/17/2026,02/17/2026,2024-05-01,2026-02-17,2026-02-17,False,,969.0,False,False,2024-05
820,2024,5,Occurrence,Race-Ethnicity,Multi-Race,HTD,Diseases of heart,ICD-10,63.0,,,02/17/2026,02/17/2026,2024-05-01,2026-02-17,2026-02-17,False,,63.0,False,False,2024-05
821,2024,5,Occurrence,Race-Ethnicity,White,HTD,Diseases of heart,ICD-10,3151.0,,,02/17/2026,02/17/2026,2024-05-01,2026-02-17,2026-02-17,False,,3151.0,False,False,2024-05
822,2024,5,Occurrence,Race-Ethnicity,Other/Unknown,HTD,Diseases of heart,ICD-10,47.0,,,02/17/2026,02/17/2026,2024-05-01,2026-02-17,2026-02-17,False,,47.0,False,False,2024-05
823,2024,5,Occurrence,Total Population,Total Population,HYP,Essential hypertension and hypertensive renal disease,ICD-10,513.0,,,02/17/2026,02/17/2026,2024-05-01,2026-02-17,2026-02-17,False,,513.0,True,False,2024-05
824,2024,5,Occurrence,Gender,Female,HYP,Essential hypertension and hypertensive renal disease,ICD-10,265.0,,,02/17/2026,02/17/2026,2024-05-01,2026-02-17,2026-02-17,False,,265.0,False,False,2024-05
825,2024,5,Occurrence,Gender,Male,HYP,Essential hypertension and hypertensive renal disease,ICD-10,248.0,,,02/17/2026,02/17/2026,2024-05-01,2026-02-17,2026-02-17,False,,248.0,False,False,2024-05
826,2024,5,Occurrence,Race-Ethnicity,American Indian/Alaska Native,HYP,Essential hypertension and hypertensive renal disease,ICD-10,,1,Cell suppressed for small numbers,02/17/2026,02/17/2026,2024-05-01,2026-02-17,2026-02-17,True,Cell suppressed for small numbers,,False,False,2024-05
827,2024,5,Occurrence,Race-Ethnicity,Asian,HYP,Essential hypertension and hypertensive renal disease,ICD-10,66.0,,,02/17/2026,02/17/2026,2024-05-01,2026-02-17,2026-02-17,False,,66.0,False,False,2024-05
828,2024,5,Occurrence,Race-Ethnicity,Black,HYP,Essential hypertension and hypertensive renal disease,ICD-10,54.0,,,02/17/2026,02/17/2026,2024-05-01,2026-02-17,2026-02-17,False,,54.0,False,False,2024-05
829,2024,5,Occurrence,Race-Ethnicity,Hawaiian/Pacific Islander,HYP,Essential hypertension and hypertensive renal disease,ICD-10,,1,Cell suppressed for small numbers,02/17/2026,02/17/2026,2024-05-01,2026-02-17,2026-02-17,True,Cell suppressed for small numbers,,False,False,2024-05
830,2024,5,Occurrence,Race-Ethnicity,Hispanic,HYP,Essential hypertension and hypertensive renal disease,ICD-10,114.0,,,02/17/2026,02/17/2026,2024-05-01,2026-02-17,2026-02-17,False,,114.0,False,False,2024-05
831,2024,5,Occurrence,Race-Ethnicity,Multi-Race,HYP,Essential hypertension and hypertensive renal disease,ICD-10,,1,Cell suppressed for small numbers,02/17/2026,02/17/2026,2024-05-01,2026-02-17,2026-02-17,True,Cell suppressed for small numbers,,False,False,2024-05
832,2024,5,Occurrence,Race-Ethnicity,White,HYP,Essential hypertension and hypertensive renal disease,ICD-10,263.0,,,02/17/2026,02/17/2026,2024-05-01,2026-02-17,2026-02-17,False,,263.0,False,False,2024-05
833,2024,5,Occurrence,Race-Ethnicity,Other/Unknown,HYP,Essential hypertension and hypertensive renal disease,ICD-10,,1,Cell suppressed for small numbers,02/17/2026,02/17/2026,2024-05-01,2026-02-17,2026-02-17,True,Cell suppressed for small numbers,,False,False,2024-05
834,2024,5,Occurrence,Total Population,Total Population,INJ,Accidents (unintentional injuries),ICD-10,1593.0,,,02/17/2026,02/17/2026,2024-05-01,2026-02-17,2026-02-17,False,,1593.0,True,False,2024-05
835,2024,5,Occurrence,Gender,Female,INJ,Accidents (unintentional injuries),ICD-10,400.0,,,02/17/2026,02/17/2026,2024-05-01,2026-02-17,2026-02-17,False,,400.0,False,False,2024-05
836,2024,5,Occurrence,Gender,Male,INJ,Accidents (unintentional injuries),ICD-10,1192.0,,,02/17/2026,02/17/2026,2024-05-01,2026-02-17,2026-02-17,False,,1192.0,False,False,2024-05
837,2024,5,Occurrence,Race-Ethnicity,American Indian/Alaska Native,INJ,Accidents (unintentional injuries),ICD-10,14.0,,,02/17/2026,02/17/2026,2024-05-01,2026-02-17,2026-02-17,False,,14.0,False,False,2024-05
838,2024,5,Occurrence,Race-Ethnicity,Asian,INJ,Accidents (unintentional injuries),ICD-10,103.0,,,02/17/2026,02/17/2026,2024-05-01,2026-02-17,2026-02-17,False,,103.0,False,False,2024-05
839,2024,5,Occurrence,Race-Ethnicity,Black,INJ,Accidents (unintentional injuries),ICD-10,158.0,,,02/17/2026,02/17/2026,2024-05-01,2026-02-17,2026-02-17,False,,158.0,False,False,2024-05
840,2024,5,Occurrence,Race-Ethnicity,Hawaiian/Pacific Islander,INJ,Accidents (unintentional injuries),ICD-10,12.0,,,02/17/2026,02/17/2026,2024-05-01,2026-02-17,2026-02-17,False,,12.0,False,False,2024-05
841,2024,5,Occurrence,Race-Ethnicity,Hispanic,INJ,Accidents (unintentional injuries),ICD-10,526.0,,,02/17/2026,02/17/2026,2024-05-01,2026-02-17,2026-02-17,False,,526.0,False,False,2024-05
842,2024,5,Occurrence,Race-Ethnicity,Multi-Race,INJ,Accidents (unintentional injuries),ICD-10,22.0,,,02/17/2026,02/17/2026,2024-05-01,2026-02-17,2026-02-17,False,,22.0,False,False,2024-05
843,2024,5,Occurrence,Race-Ethnicity,White,INJ,Accidents (unintentional injuries),ICD-10,731.0,,,02/17/2026,02/17/2026,2024-05-01,2026-02-17,2026-02-17,False,,731.0,False,False,2024-05
844,2024,5,Occurrence,Race-Ethnicity,Other/Unknown,INJ,Accidents (unintentional injuries),ICD-10,27.0,,,02/17/2026,02/17/2026,2024-05-01,2026-02-17,2026-02-17,False,,27.0,False,False,2024-05
845,2024,5,Occurrence,Total Population,Total Population,LIV,Chronic liver disease and cirrhosis,ICD-10,503.0,,,02/17/2026,02/17/2026,2024-05-01,2026-02-17,2026-02-17,False,,503.0,True,False,2024-05
846,2024,5,Occurrence,Gender,Female,LIV,Chronic liver disease and cirrhosis,ICD-10,203.0,,,02/17/2026,02/17/2026,2024-05-01,2026-02-17,2026-02-17,False,,203.0,False,False,2024-05
847,2024,5,Occurrence,Gender,Male,LIV,Chronic liver disease and cirrhosis,ICD-10,300.0,,,02/17/2026,02/17/2026,2024-05-01,2026-02-17,2026-02-17,False,,300.0,False,False,2024-05
848,2024,5,Occurrence,Race-Ethnicity,American Indian/Alaska Native,LIV,Chronic liver disease and cirrhosis,ICD-10,,1,Cell suppressed for small numbers,02/17/2026,02/17/2026,2024-05-01,2026-02-17,2026-02-17,True,Cell suppressed for small numbers,,False,False,2024-05
849,2024,5,Occurrence,Race-Ethnicity,Asian,LIV,Chronic liver disease and cirrhosis,ICD-10,24.0,,,02/17/2026,02/17/2026,2024-05-01,2026-02-17,2026-02-17,False,,24.0,False,False,2024-05
850,2024,5,Occurrence,Race-Ethnicity,Black,LIV,Chronic liver disease and cirrhosis,ICD-10,21.0,,,02/17/2026,02/17/2026,2024-05-01,2026-02-17,2026-02-17,False,,21.0,False,False,2024-05
851,2024,5,Occurrence,Race-Ethnicity,Hawaiian/Pacific Islander,LIV,Chronic liver disease and cirrhosis,ICD-10,,1,Cell suppressed for small numbers,02/17/2026,02/17/2026,2024-05-01,2026-02-17,2026-02-17,True,Cell suppressed for small numbers,,False,False,2024-05
852,2024,5,Occurrence,Race-Ethnicity,Hispanic,LIV,Chronic liver disease and cirrhosis,ICD-10,215.0,,,02/17/2026,02/17/2026,2024-05-01,2026-02-17,2026-02-17,False,,215.0,False,False,2024-05
853,2024,5,Occurrence,Race-Ethnicity,Multi-Race,LIV,Chronic liver disease and cirrhosis,ICD-10,,1,Cell suppressed for small numbers,02/17/2026,02/17/2026,2024-05-01,2026-02-17,2026-02-17,True,Cell suppressed for small numbers,,False,False,2024-05
854,2024,5,Occurrence,Race-Ethnicity,White,LIV,Chronic liver disease and cirrhosis,ICD-10,224.0,,,02/17/2026,02/17/2026,2024-05-01,2026-02-17,2026-02-17,False,,224.0,False,False,2024-05
855,2024,5,Occurrence,Race-Ethnicity,Other/Unknown,LIV,Chronic liver disease and cirrhosis,ICD-10,,1,Cell suppressed for small numbers,02/17/2026,02/17/2026,2024-05-01,2026-02-17,2026-02-17,True,Cell suppressed for small numbers,,False,False,2024-05
856,2024,5,Occurrence,Total Population,Total Population,NEP,"Nephritis, nephrotic syndrome and nephrosis",ICD-10,397.0,,,02/17/2026,02/17/2026,2024-05-01,2026-02-17,2026-02-17,False,,397.0,True,False,2024-05
857,2024,5,Occurrence,Gender,Female,NEP,"Nephritis, nephrotic syndrome and nephrosis",ICD-10,176.0,,,02/17/2026,02/17/2026,2024-05-01,2026-02-17,2026-02-17,False,,176.0,False,False,2024-05
858,2024,5,Occurrence,Gender,Male,NEP,"Nephritis, nephrotic syndrome and nephrosis",ICD-10,221.0,,,02/17/2026,02/17/2026,2024-05-01,2026-02-17,2026-02-17,False,,221.0,False,False,2024-05
859,2024,5,Occurrence,Race-Ethnicity,American Indian/Alaska Native,NEP,"Nephritis, nephrotic syndrome and nephrosis",ICD-10,,1,Cell suppressed for small numbers,02/17/2026,02/17/2026,2024-05-01,2026-02-17,2026-02-17,True,Cell suppressed for small numbers,,False,False,2024-05
860,2024,5,Occurrence,Race-Ethnicity,Asian,NEP,"Nephritis, nephrotic syndrome and nephrosis",ICD-10,45.0,,,02/17/2026,02/17/2026,2024-05-01,2026-02-17,2026-02-17,False,,45.0,False,False,2024-05
861,2024,5,Occurrence,Race-Ethnicity,Black,NEP,"Nephritis, nephrotic syndrome and nephrosis",ICD-10,38.0,,,02/17/2026,02/17/2026,2024-05-01,2026-02-17,2026-02-17,False,,38.0,False,False,2024-05
862,2024,5,Occurrence,Race-Ethnicity,Hawaiian/Pacific Islander,NEP,"Nephritis, nephrotic syndrome and nephrosis",ICD-10,,1,Cell suppressed for small numbers,02/17/2026,02/17/2026,2024-05-01,2026-02-17,2026-02-17,True,Cell suppressed for small numbers,,False,False,2024-05
863,2024,5,Occurrence,Race-Ethnicity,Hispanic,NEP,"Nephritis, nephrotic syndrome and nephrosis",ICD-10,133.0,,,02/17/2026,02/17/2026,2024-05-01,2026-02-17,2026-02-17,False,,133.0,False,False,2024-05
864,2024,5,Occurrence,Race-Ethnicity,Multi-Race,NEP,"Nephritis, nephrotic syndrome and nephrosis",ICD-10,,1,Cell suppressed for small numbers,02/17/2026,02/17/2026,2024-05-01,2026-02-17,2026-02-17,True,Cell suppressed for small numbers,,False,False,2024-05
865,2024,5,Occurrence,Race-Ethnicity,White,NEP,"Nephritis, nephrotic syndrome and nephrosis",ICD-10,162.0,,,02/17/2026,02/17/2026,2024-05-01,2026-02-17,2026-02-17,False,,162.0,False,False,2024-05
866,2024,5,Occurrence,Race-Ethnicity,Other/Unknown,NEP,"Nephritis, nephrotic syndrome and nephrosis",ICD-10,,1,Cell suppressed for small numbers,02/17/2026,02/17/2026,2024-05-01,2026-02-17,2026-02-17,True,Cell suppressed for small numbers,,False,False,2024-05
867,2024,5,Occurrence,Total Population,Total Population,PAR,Parkinson's disease,ICD-10,302.0,,,02/17/2026,02/17/2026,2024-05-01,2026-02-17,2026-02-17,False,,302.0,True,False,2024-05
868,2024,5,Occurrence,Gender,Female,PAR,Parkinson's disease,ICD-10,112.0,,,02/17/2026,02/17/2026,2024-05-01,2026-02-17,2026-02-17,False,,112.0,False,False,2024-05
869,2024,5,Occurrence,Gender,Male,PAR,Parkinson's disease,ICD-10,190.0,,,02/17/2026,02/17/2026,2024-05-01,2026-02-17,2026-02-17,False,,190.0,False,False,2024-05
870,2024,5,Occurrence,Race-Ethnicity,American Indian/Alaska Native,PAR,Parkinson's disease,ICD-10,0.0,,,02/17/2026,02/17/2026,2024-05-01,2026-02-17,2026-02-17,False,,0.0,False,False,2024-05
871,2024,5,Occurrence,Race-Ethnicity,Asian,PAR,Parkinson's disease,ICD-10,43.0,,,02/17/2026,02/17/2026,2024-05-01,2026-02-17,2026-02-17,False,,43.0,False,False,2024-05
872,2024,5,Occurrence,Race-Ethnicity,Black,PAR,Parkinson's disease,ICD-10,,1,Cell suppressed for small numbers,02/17/2026,02/17/2026,2024-05-01,2026-02-17,2026-02-17,True,Cell suppressed for small numbers,,False,False,2024-05
873,2024,5,Occurrence,Race-Ethnicity,Hawaiian/Pacific Islander,PAR,Parkinson's disease,ICD-10,0.0,,,02/17/2026,02/17/2026,2024-05-01,2026-02-17,2026-02-17,False,,0.0,False,False,2024-05
874,2024,5,Occurrence,Race-Ethnicity,Hispanic,PAR,Parkinson's disease,ICD-10,46.0,,,02/17/2026,02/17/2026,2024-05-01,2026-02-17,2026-02-17,False,,46.0,False,False,2024-05
875,2024,5,Occurrence,Race-Ethnicity,Multi-Race,PAR,Parkinson's disease,ICD-10,,1,Cell suppressed for small numbers,02/17/2026,02/17/2026,2024-05-01,2026-02-17,2026-02-17,True,Cell suppressed for small numbers,,False,False,2024-05
876,2024,5,Occurrence,Race-Ethnicity,White,PAR,Parkinson's disease,ICD-10,201.0,,,02/17/2026,02/17/2026,2024-05-01,2026-02-17,2026-02-17,False,,201.0,False,False,2024-05
877,2024,5,Occurrence,Race-Ethnicity,Other/Unknown,PAR,Parkinson's disease,ICD-10,,1,Cell suppressed for small numbers,02/17/2026,02/17/2026,2024-05-01,2026-02-17,2026-02-17,True,Cell suppressed for small numbers,,False,False,2024-05
878,2024,5,Occurrence,Total Population,Total Population,PNF,Influenza and pneumonia,ICD-10,432.0,,,02/17/2026,02/17/2026,2024-05-01,2026-02-17,2026-02-17,False,,432.0,True,False,2024-05
879,2024,5,Occurrence,Gender,Female,PNF,Influenza and pneumonia,ICD-10,223.0,,,02/17/2026,02/17/2026,2024-05-01,2026-02-17,2026-02-17,False,,223.0,False,False,2024-05
880,2024,5,Occurrence,Gender,Male,PNF,Influenza and pneumonia,ICD-10,209.0,,,02/17/2026,02/17/2026,2024-05-01,2026-02-17,2026-02-17,False,,209.0,False,False,2024-05
881,2024,5,Occurrence,Race-Ethnicity,American Indian/Alaska Native,PNF,Influenza and pneumonia,ICD-10,,1,Cell suppressed for small numbers,02/17/2026,02/17/2026,2024-05-01,2026-02-17,2026-02-17,True,Cell suppressed for small numbers,,False,False,2024-05
882,2024,5,Occurrence,Race-Ethnicity,Asian,PNF,Influenza and pneumonia,ICD-10,78.0,,,02/17/2026,02/17/2026,2024-05-01,2026-02-17,2026-02-17,False,,78.0,False,False,2024-05
883,2024,5,Occurrence,Race-Ethnicity,Black,PNF,Influenza and pneumonia,ICD-10,23.0,,,02/17/2026,02/17/2026,2024-05-01,2026-02-17,2026-02-17,False,,23.0,False,False,2024-05
884,2024,5,Occurrence,Race-Ethnicity,Hawaiian/Pacific Islander,PNF,Influenza and pneumonia,ICD-10,,1,Cell suppressed for small numbers,02/17/2026,02/17/2026,2024-05-01,2026-02-17,2026-02-17,True,Cell suppressed for small numbers,,False,False,2024-05
885,2024,5,Occurrence,Race-Ethnicity,Hispanic,PNF,Influenza and pneumonia,ICD-10,113.0,,,02/17/2026,02/17/2026,2024-05-01,2026-02-17,2026-02-17,False,,113.0,False,False,2024-05
886,2024,5,Occurrence,Race-Ethnicity,Multi-Race,PNF,Influenza and pneumonia,ICD-10,,1,Cell suppressed for small numbers,02/17/2026,02/17/2026,2024-05-01,2026-02-17,2026-02-17,True,Cell suppressed for small numbers,,False,False,2024-05
887,2024,5,Occurrence,Race-Ethnicity,White,PNF,Influenza and pneumonia,ICD-10,206.0,,,02/17/2026,02/17/2026,2024-05-01,2026-02-17,2026-02-17,False,,206.0,False,False,2024-05
888,2024,5,Occurrence,Race-Ethnicity,Other/Unknown,PNF,Influenza and pneumonia,ICD-10,,1,Cell suppressed for small numbers,02/17/2026,02/17/2026,2024-05-01,2026-02-17,2026-02-17,True,Cell suppressed for small numbers,,False,False,2024-05
889,2024,5,Occurrence,Total Population,Total Population,STK,Cerebrovascular diseases,ICD-10,1493.0,,,02/17/2026,02/17/2026,2024-05-01,2026-02-17,2026-02-17,False,,1493.0,True,False,2024-05
890,2024,5,Occurrence,Gender,Female,STK,Cerebrovascular diseases,ICD-10,816.0,,,02/17/2026,02/17/2026,2024-05-01,2026-02-17,2026-02-17,False,,816.0,False,False,2024-05
891,2024,5,Occurrence,Gender,Male,STK,Cerebrovascular diseases,ICD-10,677.0,,,02/17/2026,02/17/2026,2024-05-01,2026-02-17,2026-02-17,False,,677.0,False,False,2024-05
892,2024,5,Occurrence,Race-Ethnicity,American Indian/Alaska Native,STK,Cerebrovascular diseases,ICD-10,,1,Cell suppressed for small numbers,02/17/2026,02/17/2026,2024-05-01,2026-02-17,2026-02-17,True,Cell suppressed for small numbers,,False,False,2024-05
893,2024,5,Occurrence,Race-Ethnicity,Asian,STK,Cerebrovascular diseases,ICD-10,238.0,,,02/17/2026,02/17/2026,2024-05-01,2026-02-17,2026-02-17,False,,238.0,False,False,2024-05
894,2024,5,Occurrence,Race-Ethnicity,Black,STK,Cerebrovascular diseases,ICD-10,115.0,,,02/17/2026,02/17/2026,2024-05-01,2026-02-17,2026-02-17,False,,115.0,False,False,2024-05
895,2024,5,Occurrence,Race-Ethnicity,Hawaiian/Pacific Islander,STK,Cerebrovascular diseases,ICD-10,,1,Cell suppressed for small numbers,02/17/2026,02/17/2026,2024-05-01,2026-02-17,2026-02-17,True,Cell suppressed for small numbers,,False,False,2024-05
896,2024,5,Occurrence,Race-Ethnicity,Hispanic,STK,Cerebrovascular diseases,ICD-10,319.0,,,02/17/2026,02/17/2026,2024-05-01,2026-02-17,2026-02-17,False,,319.0,False,False,2024-05
897,2024,5,Occurrence,Race-Ethnicity,Multi-Race,STK,Cerebrovascular diseases,ICD-10,20.0,,,02/17/2026,02/17/2026,2024-05-01,2026-02-17,2026-02-17,False,,20.0,False,False,2024-05
898,2024,5,Occurrence,Race-Ethnicity,White,STK,Cerebrovascular diseases,ICD-10,783.0,,,02/17/2026,02/17/2026,2024-05-01,2026-02-17,2026-02-17,False,,783.0,False,False,2024-05
899,2024,5,Occurrence,Race-Ethnicity,Other/Unknown,STK,Cerebrovascular diseases,ICD-10,11.0,,,02/17/2026,02/17/2026,2024-05-01,2026-02-17,2026-02-17,False,,11.0,False,False,2024-05
900,2024,5,Occurrence,Total Population,Total Population,SUI,Intentional self-harm (suicide),ICD-10,371.0,,,02/17/2026,02/17/2026,2024-05-01,2026-02-17,2026-02-17,False,,371.0,True,False,2024-05
901,2024,5,Occurrence,Gender,Female,SUI,Intentional self-harm (suicide),ICD-10,89.0,,,02/17/2026,02/17/2026,2024-05-01,2026-02-17,2026-02-17,False,,89.0,False,False,2024-05
902,2024,5,Occurrence,Gender,Male,SUI,Intentional self-harm (suicide),ICD-10,282.0,,,02/17/2026,02/17/2026,2024-05-01,2026-02-17,2026-02-17,False,,282.0,False,False,2024-05
903,2024,5,Occurrence,Race-Ethnicity,American Indian/Alaska Native,SUI,Intentional self-harm (suicide),ICD-10,,1,Cell suppressed for small numbers,02/17/2026,02/17/2026,2024-05-01,2026-02-17,2026-02-17,True,Cell suppressed for small numbers,,False,False,2024-05
904,2024,5,Occurrence,Race-Ethnicity,Asian,SUI,Intentional self-harm (suicide),ICD-10,34.0,,,02/17/2026,02/17/2026,2024-05-01,2026-02-17,2026-02-17,False,,34.0,False,False,2024-05
905,2024,5,Occurrence,Race-Ethnicity,Black,SUI,Intentional self-harm (suicide),ICD-10,15.0,,,02/17/2026,02/17/2026,2024-05-01,2026-02-17,2026-02-17,False,,15.0,False,False,2024-05
906,2024,5,Occurrence,Race-Ethnicity,Hawaiian/Pacific Islander,SUI,Intentional self-harm (suicide),ICD-10,,1,Cell suppressed for small numbers,02/17/2026,02/17/2026,2024-05-01,2026-02-17,2026-02-17,True,Cell suppressed for small numbers,,False,False,2024-05
907,2024,5,Occurrence,Race-Ethnicity,Hispanic,SUI,Intentional self-harm (suicide),ICD-10,89.0,,,02/17/2026,02/17/2026,2024-05-01,2026-02-17,2026-02-17,False,,89.0,False,False,2024-05
908,2024,5,Occurrence,Race-Ethnicity,Multi-Race,SUI,Intentional self-harm (suicide),ICD-10,,1,Cell suppressed for small numbers,02/17/2026,02/17/2026,2024-05-01,2026-02-17,2026-02-17,True,Cell suppressed for small numbers,,False,False,2024-05
909,2024,5,Occurrence,Race-Ethnicity,White,SUI,Intentional self-harm (suicide),ICD-10,216.0,,,02/17/2026,02/17/2026,2024-05-01,2026-02-17,2026-02-17,False,,216.0,False,False,2024-05
910,2024,5,Occurrence,Race-Ethnicity,Other/Unknown,SUI,Intentional self-harm (suicide),ICD-10,,1,Cell suppressed for small numbers,02/17/2026,02/17/2026,2024-05-01,2026-02-17,2026-02-17,True,Cell suppressed for small numbers,,False,False,2024-05
911,2024,6,Occurrence,Total Population,Total Population,ALL,All causes (total),ICD-10,23285.0,,,02/17/2026,02/17/2026,2024-06-01,2026-02-17,2026-02-17,False,,23285.0,True,True,2024-06
912,2024,6,Occurrence,Age,Under 1 year,ALL,All causes (total),ICD-10,155.0,,,02/17/2026,02/17/2026,2024-06-01,2026-02-17,2026-02-17,False,,155.0,False,True,2024-06
913,2024,6,Occurrence,Age,1-4 years,ALL,All causes (total),ICD-10,27.0,,,02/17/2026,02/17/2026,2024-06-01,2026-02-17,2026-02-17,False,,27.0,False,True,2024-06
914,2024,6,Occurrence,Age,5-14 years,ALL,All causes (total),ICD-10,46.0,,,02/17/2026,02/17/2026,2024-06-01,2026-02-17,2026-02-17,False,,46.0,False,True,2024-06
915,2024,6,Occurrence,Age,15-24 years,ALL,All causes (total),ICD-10,235.0,,,02/17/2026,02/17/2026,2024-06-01,2026-02-17,2026-02-17,False,,235.0,False,True,2024-06
916,2024,6,Occurrence,Age,25-34 years,ALL,All causes (total),ICD-10,579.0,,,02/17/2026,02/17/2026,2024-06-01,2026-02-17,2026-02-17,False,,579.0,False,True,2024-06
917,2024,6,Occurrence,Age,35-44 years,ALL,All causes (total),ICD-10,892.0,,,02/17/2026,02/17/2026,2024-06-01,2026-02-17,2026-02-17,False,,892.0,False,True,2024-06
918,2024,6,Occurrence,Age,45-54 years,ALL,All causes (total),ICD-10,1272.0,,,02/17/2026,02/17/2026,2024-06-01,2026-02-17,2026-02-17,False,,1272.0,False,True,2024-06
919,2024,6,Occurrence,Age,55-64 years,ALL,All causes (total),ICD-10,2634.0,,,02/17/2026,02/17/2026,2024-06-01,2026-02-17,2026-02-17,False,,2634.0,False,True,2024-06
920,2024,6,Occurrence,Age,65-74 years,ALL,All causes (total),ICD-10,4365.0,,,02/17/2026,02/17/2026,2024-06-01,2026-02-17,2026-02-17,False,,4365.0,False,True,2024-06
921,2024,6,Occurrence,Age,75-84 years,ALL,All causes (total),ICD-10,5818.0,,,02/17/2026,02/17/2026,2024-06-01,2026-02-17,2026-02-17,False,,5818.0,False,True,2024-06
922,2024,6,Occurrence,Age,85 years and over,ALL,All causes (total),ICD-10,7259.0,,,02/17/2026,02/17/2026,2024-06-01,2026-02-17,2026-02-17,False,,7259.0,False,True,2024-06
923,2024,6,Occurrence,Gender,Female,ALL,All causes (total),ICD-10,10834.0,,,02/17/2026,02/17/2026,2024-06-01,2026-02-17,2026-02-17,False,,10834.0,False,True,2024-06
924,2024,6,Occurrence,Gender,Male,ALL,All causes (total),ICD-10,12450.0,,,02/17/2026,02/17/2026,2024-06-01,2026-02-17,2026-02-17,False,,12450.0,False,True,2024-06
925,2024,6,Occurrence,Place Type,Inpatient,ALL,All causes (total),ICD-10,7166.0,,,02/17/2026,02/17/2026,2024-06-01,2026-02-17,2026-02-17,False,,7166.0,False,True,2024-06
926,2024,6,Occurrence,Place Type,Emergency Room/Outpatient,ALL,All causes (total),ICD-10,1255.0,,,02/17/2026,02/17/2026,2024-06-01,2026-02-17,2026-02-17,False,,1255.0,False,True,2024-06
927,2024,6,Occurrence,Place Type,Decedent's Home,ALL,All causes (total),ICD-10,8899.0,,,02/17/2026,02/17/2026,2024-06-01,2026-02-17,2026-02-17,False,,8899.0,False,True,2024-06
928,2024,6,Occurrence,Place Type,Hospice Facility,ALL,All causes (total),ICD-10,232.0,,,02/17/2026,02/17/2026,2024-06-01,2026-02-17,2026-02-17,False,,232.0,False,True,2024-06
929,2024,6,Occurrence,Place Type,Nursing Home/Long Term Care Facility,ALL,All causes (total),ICD-10,2184.0,,,02/17/2026,02/17/2026,2024-06-01,2026-02-17,2026-02-17,False,,2184.0,False,True,2024-06
930,2024,6,Occurrence,Place Type,Other/Unknown,ALL,All causes (total),ICD-10,3549.0,,,02/17/2026,02/17/2026,2024-06-01,2026-02-17,2026-02-17,False,,3549.0,False,True,2024-06
931,2024,6,Occurrence,Race-Ethnicity,American Indian/Alaska Native,ALL,All causes (total),ICD-10,107.0,,,02/17/2026,02/17/2026,2024-06-01,2026-02-17,2026-02-17,False,,107.0,False,True,2024-06
932,2024,6,Occurrence,Race-Ethnicity,Asian,ALL,All causes (total),ICD-10,2596.0,,,02/17/2026,02/17/2026,2024-06-01,2026-02-17,2026-02-17,False,,2596.0,False,True,2024-06
933,2024,6,Occurrence,Race-Ethnicity,Black,ALL,All causes (total),ICD-10,1799.0,,,02/17/2026,02/17/2026,2024-06-01,2026-02-17,2026-02-17,False,,1799.0,False,True,2024-06
934,2024,6,Occurrence,Race-Ethnicity,Hawaiian/Pacific Islander,ALL,All causes (total),ICD-10,108.0,,,02/17/2026,02/17/2026,2024-06-01,2026-02-17,2026-02-17,False,,108.0,False,True,2024-06
935,2024,6,Occurrence,Race-Ethnicity,Hispanic,ALL,All causes (total),ICD-10,5379.0,,,02/17/2026,02/17/2026,2024-06-01,2026-02-17,2026-02-17,False,,5379.0,False,True,2024-06
936,2024,6,Occurrence,Race-Ethnicity,Multi-Race,ALL,All causes (total),ICD-10,274.0,,,02/17/2026,02/17/2026,2024-06-01,2026-02-17,2026-02-17,False,,274.0,False,True,2024-06
937,2024,6,Occurrence,Race-Ethnicity,White,ALL,All causes (total),ICD-10,12822.0,,,02/17/2026,02/17/2026,2024-06-01,2026-02-17,2026-02-17,False,,12822.0,False,True,2024-06
938,2024,6,Occurrence,Race-Ethnicity,Other/Unknown,ALL,All causes (total),ICD-10,200.0,,,02/17/2026,02/17/2026,2024-06-01,2026-02-17,2026-02-17,False,,200.0,False,True,2024-06
939,2024,6,Occurrence,Total Population,Total Population,ALZ,Alzheimer's disease,ICD-10,1270.0,,,02/17/2026,02/17/2026,2024-06-01,2026-02-17,2026-02-17,False,,1270.0,True,False,2024-06
940,2024,6,Occurrence,Gender,Female,ALZ,Alzheimer's disease,ICD-10,859.0,,,02/17/2026,02/17/2026,2024-06-01,2026-02-17,2026-02-17,False,,859.0,False,False,2024-06
941,2024,6,Occurrence,Gender,Male,ALZ,Alzheimer's disease,ICD-10,411.0,,,02/17/2026,02/17/2026,2024-06-01,2026-02-17,2026-02-17,False,,411.0,False,False,2024-06
942,2024,6,Occurrence,Race-Ethnicity,American Indian/Alaska Native,ALZ,Alzheimer's disease,ICD-10,,1,Cell suppressed for small numbers,02/17/2026,02/17/2026,2024-06-01,2026-02-17,2026-02-17,True,Cell suppressed for small numbers,,False,False,2024-06
943,2024,6,Occurrence,Race-Ethnicity,Asian,ALZ,Alzheimer's disease,ICD-10,155.0,,,02/17/2026,02/17/2026,2024-06-01,2026-02-17,2026-02-17,False,,155.0,False,False,2024-06
944,2024,6,Occurrence,Race-Ethnicity,Black,ALZ,Alzheimer's disease,ICD-10,74.0,,,02/17/2026,02/17/2026,2024-06-01,2026-02-17,2026-02-17,False,,74.0,False,False,2024-06
945,2024,6,Occurrence,Race-Ethnicity,Hawaiian/Pacific Islander,ALZ,Alzheimer's disease,ICD-10,,1,Cell suppressed for small numbers,02/17/2026,02/17/2026,2024-06-01,2026-02-17,2026-02-17,True,Cell suppressed for small numbers,,False,False,2024-06
946,2024,6,Occurrence,Race-Ethnicity,Hispanic,ALZ,Alzheimer's disease,ICD-10,239.0,,,02/17/2026,02/17/2026,2024-06-01,2026-02-17,2026-02-17,False,,239.0,False,False,2024-06
947,2024,6,Occurrence,Race-Ethnicity,Multi-Race,ALZ,Alzheimer's disease,ICD-10,,1,Cell suppressed for small numbers,02/17/2026,02/17/2026,2024-06-01,2026-02-17,2026-02-17,True,Cell suppressed for small numbers,,False,False,2024-06
948,2024,6,Occurrence,Race-Ethnicity,White,ALZ,Alzheimer's disease,ICD-10,781.0,,,02/17/2026,02/17/2026,2024-06-01,2026-02-17,2026-02-17,False,,781.0,False,False,2024-06
949,2024,6,Occurrence,Race-Ethnicity,Other/Unknown,ALZ,Alzheimer's disease,ICD-10,,1,Cell suppressed for small numbers,02/17/2026,02/17/2026,2024-06-01,2026-02-17,2026-02-17,True,Cell suppressed for small numbers,,False,False,2024-06
950,2024,6,Occurrence,Total Population,Total Population,CAN,Malignant neoplasms,ICD-10,4988.0,,,02/17/2026,02/17/2026,2024-06-01,2026-02-17,2026-02-17,False,,4988.0,True,False,2024-06
951,2024,6,Occurrence,Gender,Female,CAN,Malignant neoplasms,ICD-10,2426.0,,,02/17/2026,02/17/2026,2024-06-01,2026-02-17,2026-02-17,False,,2426.0,False,False,2024-06
952,2024,6,Occurrence,Gender,Male,CAN,Malignant neoplasms,ICD-10,2562.0,,,02/17/2026,02/17/2026,2024-06-01,2026-02-17,2026-02-17,False,,2562.0,False,False,2024-06
953,2024,6,Occurrence,Race-Ethnicity,American Indian/Alaska Native,CAN,Malignant neoplasms,ICD-10,14.0,,,02/17/2026,02/17/2026,2024-06-01,2026-02-17,2026-02-17,False,,14.0,False,False,2024-06
954,2024,6,Occurrence,Race-Ethnicity,Asian,CAN,Malignant neoplasms,ICD-10,651.0,,,02/17/2026,02/17/2026,2024-06-01,2026-02-17,2026-02-17,False,,651.0,False,False,2024-06
955,2024,6,Occurrence,Race-Ethnicity,Black,CAN,Malignant neoplasms,ICD-10,320.0,,,02/17/2026,02/17/2026,2024-06-01,2026-02-17,2026-02-17,False,,320.0,False,False,2024-06
956,2024,6,Occurrence,Race-Ethnicity,Hawaiian/Pacific Islander,CAN,Malignant neoplasms,ICD-10,17.0,,,02/17/2026,02/17/2026,2024-06-01,2026-02-17,2026-02-17,False,,17.0,False,False,2024-06
957,2024,6,Occurrence,Race-Ethnicity,Hispanic,CAN,Malignant neoplasms,ICD-10,1134.0,,,02/17/2026,02/17/2026,2024-06-01,2026-02-17,2026-02-17,False,,1134.0,False,False,2024-06
958,2024,6,Occurrence,Race-Ethnicity,Multi-Race,CAN,Malignant neoplasms,ICD-10,49.0,,,02/17/2026,02/17/2026,2024-06-01,2026-02-17,2026-02-17,False,,49.0,False,False,2024-06
959,2024,6,Occurrence,Race-Ethnicity,White,CAN,Malignant neoplasms,ICD-10,2770.0,,,02/17/2026,02/17/2026,2024-06-01,2026-02-17,2026-02-17,False,,2770.0,False,False,2024-06
960,2024,6,Occurrence,Race-Ethnicity,Other/Unknown,CAN,Malignant neoplasms,ICD-10,33.0,,,02/17/2026,02/17/2026,2024-06-01,2026-02-17,2026-02-17,False,,33.0,False,False,2024-06
961,2024,6,Occurrence,Total Population,Total Population,CLD,Chronic lower respiratory diseases,ICD-10,920.0,,,02/17/2026,02/17/2026,2024-06-01,2026-02-17,2026-02-17,False,,920.0,True,False,2024-06
962,2024,6,Occurrence,Gender,Female,CLD,Chronic lower respiratory diseases,ICD-10,471.0,,,02/17/2026,02/17/2026,2024-06-01,2026-02-17,2026-02-17,False,,471.0,False,False,2024-06
963,2024,6,Occurrence,Gender,Male,CLD,Chronic lower respiratory diseases,ICD-10,449.0,,,02/17/2026,02/17/2026,2024-06-01,2026-02-17,2026-02-17,False,,449.0,False,False,2024-06
964,2024,6,Occurrence,Race-Ethnicity,American Indian/Alaska Native,CLD,Chronic lower respiratory diseases,ICD-10,,1,Cell suppressed for small numbers,02/17/2026,02/17/2026,2024-06-01,2026-02-17,2026-02-17,True,Cell suppressed for small numbers,,False,False,2024-06
965,2024,6,Occurrence,Race-Ethnicity,Asian,CLD,Chronic lower respiratory diseases,ICD-10,71.0,,,02/17/2026,02/17/2026,2024-06-01,2026-02-17,2026-02-17,False,,71.0,False,False,2024-06
966,2024,6,Occurrence,Race-Ethnicity,Black,CLD,Chronic lower respiratory diseases,ICD-10,65.0,,,02/17/2026,02/17/2026,2024-06-01,2026-02-17,2026-02-17,False,,65.0,False,False,2024-06
967,2024,6,Occurrence,Race-Ethnicity,Hawaiian/Pacific Islander,CLD,Chronic lower respiratory diseases,ICD-10,,1,Cell suppressed for small numbers,02/17/2026,02/17/2026,2024-06-01,2026-02-17,2026-02-17,True,Cell suppressed for small numbers,,False,False,2024-06
968,2024,6,Occurrence,Race-Ethnicity,Hispanic,CLD,Chronic lower respiratory diseases,ICD-10,118.0,,,02/17/2026,02/17/2026,2024-06-01,2026-02-17,2026-02-17,False,,118.0,False,False,2024-06
969,2024,6,Occurrence,Race-Ethnicity,Multi-Race,CLD,Chronic lower respiratory diseases,ICD-10,11.0,,,02/17/2026,02/17/2026,2024-06-01,2026-02-17,2026-02-17,False,,11.0,False,False,2024-06
970,2024,6,Occurrence,Race-Ethnicity,White,CLD,Chronic lower respiratory diseases,ICD-10,639.0,,,02/17/2026,02/17/2026,2024-06-01,2026-02-17,2026-02-17,False,,639.0,False,False,2024-06
971,2024,6,Occurrence,Race-Ethnicity,Other/Unknown,CLD,Chronic lower respiratory diseases,ICD-10,11.0,,,02/17/2026,02/17/2026,2024-06-01,2026-02-17,2026-02-17,False,,11.0,False,False,2024-06
972,2024,6,Occurrence,Total Population,Total Population,DIA,Diabetes mellitus,ICD-10,847.0,,,02/17/2026,02/17/2026,2024-06-01,2026-02-17,2026-02-17,False,,847.0,True,False,2024-06
973,2024,6,Occurrence,Gender,Female,DIA,Diabetes mellitus,ICD-10,370.0,,,02/17/2026,02/17/2026,2024-06-01,2026-02-17,2026-02-17,False,,370.0,False,False,2024-06
974,2024,6,Occurrence,Gender,Male,DIA,Diabetes mellitus,ICD-10,477.0,,,02/17/2026,02/17/2026,2024-06-01,2026-02-17,2026-02-17,False,,477.0,False,False,2024-06
975,2024,6,Occurrence,Race-Ethnicity,American Indian/Alaska Native,DIA,Diabetes mellitus,ICD-10,,1,Cell suppressed for small numbers,02/17/2026,02/17/2026,2024-06-01,2026-02-17,2026-02-17,True,Cell suppressed for small numbers,,False,False,2024-06
976,2024,6,Occurrence,Race-Ethnicity,Asian,DIA,Diabetes mellitus,ICD-10,139.0,,,02/17/2026,02/17/2026,2024-06-01,2026-02-17,2026-02-17,False,,139.0,False,False,2024-06
977,2024,6,Occurrence,Race-Ethnicity,Black,DIA,Diabetes mellitus,ICD-10,83.0,,,02/17/2026,02/17/2026,2024-06-01,2026-02-17,2026-02-17,False,,83.0,False,False,2024-06
978,2024,6,Occurrence,Race-Ethnicity,Hawaiian/Pacific Islander,DIA,Diabetes mellitus,ICD-10,,1,Cell suppressed for small numbers,02/17/2026,02/17/2026,2024-06-01,2026-02-17,2026-02-17,True,Cell suppressed for small numbers,,False,False,2024-06
979,2024,6,Occurrence,Race-Ethnicity,Hispanic,DIA,Diabetes mellitus,ICD-10,310.0,,,02/17/2026,02/17/2026,2024-06-01,2026-02-17,2026-02-17,False,,310.0,False,False,2024-06
980,2024,6,Occurrence,Race-Ethnicity,Multi-Race,DIA,Diabetes mellitus,ICD-10,,1,Cell suppressed for small numbers,02/17/2026,02/17/2026,2024-06-01,2026-02-17,2026-02-17,True,Cell suppressed for small numbers,,False,False,2024-06
981,2024,6,Occurrence,Race-Ethnicity,White,DIA,Diabetes mellitus,ICD-10,287.0,,,02/17/2026,02/17/2026,2024-06-01,2026-02-17,2026-02-17,False,,287.0,False,False,2024-06
982,2024,6,Occurrence,Race-Ethnicity,Other/Unknown,DIA,Diabetes mellitus,ICD-10,,1,Cell suppressed for small numbers,02/17/2026,02/17/2026,2024-06-01,2026-02-17,2026-02-17,True,Cell suppressed for small numbers,,False,False,2024-06
983,2024,6,Occurrence,Total Population,Total Population,HOM,Assault (homicide),ICD-10,182.0,,,02/17/2026,02/17/2026,2024-06-01,2026-02-17,2026-02-17,False,,182.0,True,False,2024-06
984,2024,6,Occurrence,Gender,Female,HOM,Assault (homicide),ICD-10,24.0,,,02/17/2026,02/17/2026,2024-06-01,2026-02-17,2026-02-17,False,,24.0,False,False,2024-06
985,2024,6,Occurrence,Gender,Male,HOM,Assault (homicide),ICD-10,158.0,,,02/17/2026,02/17/2026,2024-06-01,2026-02-17,2026-02-17,False,,158.0,False,False,2024-06
986,2024,6,Occurrence,Race-Ethnicity,American Indian/Alaska Native,HOM,Assault (homicide),ICD-10,0.0,,,02/17/2026,02/17/2026,2024-06-01,2026-02-17,2026-02-17,False,,0.0,False,False,2024-06
987,2024,6,Occurrence,Race-Ethnicity,Asian,HOM,Assault (homicide),ICD-10,12.0,,,02/17/2026,02/17/2026,2024-06-01,2026-02-17,2026-02-17,False,,12.0,False,False,2024-06
988,2024,6,Occurrence,Race-Ethnicity,Black,HOM,Assault (homicide),ICD-10,59.0,,,02/17/2026,02/17/2026,2024-06-01,2026-02-17,2026-02-17,False,,59.0,False,False,2024-06
989,2024,6,Occurrence,Race-Ethnicity,Hawaiian/Pacific Islander,HOM,Assault (homicide),ICD-10,0.0,,,02/17/2026,02/17/2026,2024-06-01,2026-02-17,2026-02-17,False,,0.0,False,False,2024-06
990,2024,6,Occurrence,Race-Ethnicity,Hispanic,HOM,Assault (homicide),ICD-10,83.0,,,02/17/2026,02/17/2026,2024-06-01,2026-02-17,2026-02-17,False,,83.0,False,False,2024-06
991,2024,6,Occurrence,Race-Ethnicity,Multi-Race,HOM,Assault (homicide),ICD-10,,1,Cell suppressed for small numbers,02/17/2026,02/17/2026,2024-06-01,2026-02-17,2026-02-17,True,Cell suppressed for small numbers,,False,False,2024-06
992,2024,6,Occurrence,Race-Ethnicity,White,HOM,Assault (homicide),ICD-10,25.0,,,02/17/2026,02/17/2026,2024-06-01,2026-02-17,2026-02-17,False,,25.0,False,False,2024-06
993,2024,6,Occurrence,Race-Ethnicity,Other/Unknown,HOM,Assault (homicide),ICD-10,,1,Cell suppressed for small numbers,02/17/2026,02/17/2026,2024-06-01,2026-02-17,2026-02-17,True,Cell suppressed for small numbers,,False,False,2024-06
994,2024,6,Occurrence,Total Population,Total Population,HTD,Diseases of heart,ICD-10,5056.0,,,02/17/2026,02/17/2026,2024-06-01,2026-02-17,2026-02-17,False,,5056.0,True,False,2024-06
995,2024,6,Occurrence,Gender,Female,HTD,Diseases of heart,ICD-10,2225.0,,,02/17/2026,02/17/2026,2024-06-01,2026-02-17,2026-02-17,False,,2225.0,False,False,2024-06
996,2024,6,Occurrence,Gender,Male,HTD,Diseases of heart,ICD-10,2831.0,,,02/17/2026,02/17/2026,2024-06-01,2026-02-17,2026-02-17,False,,2831.0,False,False,2024-06
997,2024,6,Occurrence,Race-Ethnicity,American Indian/Alaska Native,HTD,Diseases of heart,ICD-10,27.0,,,02/17/2026,02/17/2026,2024-06-01,2026-02-17,2026-02-17,False,,27.0,False,False,2024-06
998,2024,6,Occurrence,Race-Ethnicity,Asian,HTD,Diseases of heart,ICD-10,512.0,,,02/17/2026,02/17/2026,2024-06-01,2026-02-17,2026-02-17,False,,512.0,False,False,2024-06
999,2024,6,Occurrence,Race-Ethnicity,Black,HTD,Diseases of heart,ICD-10,437.0,,,02/17/2026,02/17/2026,2024-06-01,2026-02-17,2026-02-17,False,,437.0,False,False,2024-06
1000,2024,6,Occurrence,Race-Ethnicity,Hawaiian/Pacific Islander,HTD,Diseases of heart,ICD-10,42.0,,,02/17/2026,02/17/2026,2024-06-01,2026-02-17,2026-02-17,False,,42.0,False,False,2024-06
1001,2024,6,Occurrence,Race-Ethnicity,Hispanic,HTD,Diseases of heart,ICD-10,957.0,,,02/17/2026,02/17/2026,2024-06-01,2026-02-17,2026-02-17,False,,957.0,False,False,2024-06
1002,2024,6,Occurrence,Race-Ethnicity,Multi-Race,HTD,Diseases of heart,ICD-10,65.0,,,02/17/2026,02/17/2026,2024-06-01,2026-02-17,2026-02-17,False,,65.0,False,False,2024-06
1003,2024,6,Occurrence,Race-Ethnicity,White,HTD,Diseases of heart,ICD-10,2977.0,,,02/17/2026,02/17/2026,2024-06-01,2026-02-17,2026-02-17,False,,2977.0,False,False,2024-06
1004,2024,6,Occurrence,Race-Ethnicity,Other/Unknown,HTD,Diseases of heart,ICD-10,39.0,,,02/17/2026,02/17/2026,2024-06-01,2026-02-17,2026-02-17,False,,39.0,False,False,2024-06
1005,2024,6,Occurrence,Total Population,Total Population,HYP,Essential hypertension and hypertensive renal disease,ICD-10,470.0,,,02/17/2026,02/17/2026,2024-06-01,2026-02-17,2026-02-17,False,,470.0,True,False,2024-06
1006,2024,6,Occurrence,Gender,Female,HYP,Essential hypertension and hypertensive renal disease,ICD-10,258.0,,,02/17/2026,02/17/2026,2024-06-01,2026-02-17,2026-02-17,False,,258.0,False,False,2024-06
1007,2024,6,Occurrence,Gender,Male,HYP,Essential hypertension and hypertensive renal disease,ICD-10,212.0,,,02/17/2026,02/17/2026,2024-06-01,2026-02-17,2026-02-17,False,,212.0,False,False,2024-06
1008,2024,6,Occurrence,Race-Ethnicity,American Indian/Alaska Native,HYP,Essential hypertension and hypertensive renal disease,ICD-10,,1,Cell suppressed for small numbers,02/17/2026,02/17/2026,2024-06-01,2026-02-17,2026-02-17,True,Cell suppressed for small numbers,,False,False,2024-06
1009,2024,6,Occurrence,Race-Ethnicity,Asian,HYP,Essential hypertension and hypertensive renal disease,ICD-10,78.0,,,02/17/2026,02/17/2026,2024-06-01,2026-02-17,2026-02-17,False,,78.0,False,False,2024-06
1010,2024,6,Occurrence,Race-Ethnicity,Black,HYP,Essential hypertension and hypertensive renal disease,ICD-10,48.0,,,02/17/2026,02/17/2026,2024-06-01,2026-02-17,2026-02-17,False,,48.0,False,False,2024-06
1011,2024,6,Occurrence,Race-Ethnicity,Hawaiian/Pacific Islander,HYP,Essential hypertension and hypertensive renal disease,ICD-10,,1,Cell suppressed for small numbers,02/17/2026,02/17/2026,2024-06-01,2026-02-17,2026-02-17,True,Cell suppressed for small numbers,,False,False,2024-06
1012,2024,6,Occurrence,Race-Ethnicity,Hispanic,HYP,Essential hypertension and hypertensive renal disease,ICD-10,106.0,,,02/17/2026,02/17/2026,2024-06-01,2026-02-17,2026-02-17,False,,106.0,False,False,2024-06
1013,2024,6,Occurrence,Race-Ethnicity,Multi-Race,HYP,Essential hypertension and hypertensive renal disease,ICD-10,,1,Cell suppressed for small numbers,02/17/2026,02/17/2026,2024-06-01,2026-02-17,2026-02-17,True,Cell suppressed for small numbers,,False,False,2024-06
1014,2024,6,Occurrence,Race-Ethnicity,White,HYP,Essential hypertension and hypertensive renal disease,ICD-10,230.0,,,02/17/2026,02/17/2026,2024-06-01,2026-02-17,2026-02-17,False,,230.0,False,False,2024-06
1015,2024,6,Occurrence,Race-Ethnicity,Other/Unknown,HYP,Essential hypertension and hypertensive renal disease,ICD-10,,1,Cell suppressed for small numbers,02/17/2026,02/17/2026,2024-06-01,2026-02-17,2026-02-17,True,Cell suppressed for small numbers,,False,False,2024-06
1016,2024,6,Occurrence,Total Population,Total Population,INJ,Accidents (unintentional injuries),ICD-10,1689.0,,,02/17/2026,02/17/2026,2024-06-01,2026-02-17,2026-02-17,False,,1689.0,True,False,2024-06
1017,2024,6,Occurrence,Gender,Female,INJ,Accidents (unintentional injuries),ICD-10,452.0,,,02/17/2026,02/17/2026,2024-06-01,2026-02-17,2026-02-17,False,,452.0,False,False,2024-06
1018,2024,6,Occurrence,Gender,Male,INJ,Accidents (unintentional injuries),ICD-10,1237.0,,,02/17/2026,02/17/2026,2024-06-01,2026-02-17,2026-02-17,False,,1237.0,False,False,2024-06
1019,2024,6,Occurrence,Race-Ethnicity,American Indian/Alaska Native,INJ,Accidents (unintentional injuries),ICD-10,,2,Cell suppressed for complementary cell,02/17/2026,02/17/2026,2024-06-01,2026-02-17,2026-02-17,True,Cell suppressed for complementary cell,,False,False,2024-06
1020,2024,6,Occurrence,Race-Ethnicity,Asian,INJ,Accidents (unintentional injuries),ICD-10,105.0,,,02/17/2026,02/17/2026,2024-06-01,2026-02-17,2026-02-17,False,,105.0,False,False,2024-06
1021,2024,6,Occurrence,Race-Ethnicity,Black,INJ,Accidents (unintentional injuries),ICD-10,182.0,,,02/17/2026,02/17/2026,2024-06-01,2026-02-17,2026-02-17,False,,182.0,False,False,2024-06
1022,2024,6,Occurrence,Race-Ethnicity,Hawaiian/Pacific Islander,INJ,Accidents (unintentional injuries),ICD-10,,1,Cell suppressed for small numbers,02/17/2026,02/17/2026,2024-06-01,2026-02-17,2026-02-17,True,Cell suppressed for small numbers,,False,False,2024-06
1023,2024,6,Occurrence,Race-Ethnicity,Hispanic,INJ,Accidents (unintentional injuries),ICD-10,546.0,,,02/17/2026,02/17/2026,2024-06-01,2026-02-17,2026-02-17,False,,546.0,False,False,2024-06
1024,2024,6,Occurrence,Race-Ethnicity,Multi-Race,INJ,Accidents (unintentional injuries),ICD-10,30.0,,,02/17/2026,02/17/2026,2024-06-01,2026-02-17,2026-02-17,False,,30.0,False,False,2024-06
1025,2024,6,Occurrence,Race-Ethnicity,White,INJ,Accidents (unintentional injuries),ICD-10,776.0,,,02/17/2026,02/17/2026,2024-06-01,2026-02-17,2026-02-17,False,,776.0,False,False,2024-06
1026,2024,6,Occurrence,Race-Ethnicity,Other/Unknown,INJ,Accidents (unintentional injuries),ICD-10,30.0,,,02/17/2026,02/17/2026,2024-06-01,2026-02-17,2026-02-17,False,,30.0,False,False,2024-06
1027,2024,6,Occurrence,Total Population,Total Population,LIV,Chronic liver disease and cirrhosis,ICD-10,501.0,,,02/17/2026,02/17/2026,2024-06-01,2026-02-17,2026-02-17,False,,501.0,True,False,2024-06
1028,2024,6,Occurrence,Gender,Female,LIV,Chronic liver disease and cirrhosis,ICD-10,190.0,,,02/17/2026,02/17/2026,2024-06-01,2026-02-17,2026-02-17,False,,190.0,False,False,2024-06
1029,2024,6,Occurrence,Gender,Male,LIV,Chronic liver disease and cirrhosis,ICD-10,311.0,,,02/17/2026,02/17/2026,2024-06-01,2026-02-17,2026-02-17,False,,311.0,False,False,2024-06
1030,2024,6,Occurrence,Race-Ethnicity,American Indian/Alaska Native,LIV,Chronic liver disease and cirrhosis,ICD-10,,1,Cell suppressed for small numbers,02/17/2026,02/17/2026,2024-06-01,2026-02-17,2026-02-17,True,Cell suppressed for small numbers,,False,False,2024-06
1031,2024,6,Occurrence,Race-Ethnicity,Asian,LIV,Chronic liver disease and cirrhosis,ICD-10,18.0,,,02/17/2026,02/17/2026,2024-06-01,2026-02-17,2026-02-17,False,,18.0,False,False,2024-06
1032,2024,6,Occurrence,Race-Ethnicity,Black,LIV,Chronic liver disease and cirrhosis,ICD-10,24.0,,,02/17/2026,02/17/2026,2024-06-01,2026-02-17,2026-02-17,False,,24.0,False,False,2024-06
1033,2024,6,Occurrence,Race-Ethnicity,Hawaiian/Pacific Islander,LIV,Chronic liver disease and cirrhosis,ICD-10,0.0,,,02/17/2026,02/17/2026,2024-06-01,2026-02-17,2026-02-17,False,,0.0,False,False,2024-06
1034,2024,6,Occurrence,Race-Ethnicity,Hispanic,LIV,Chronic liver disease and cirrhosis,ICD-10,230.0,,,02/17/2026,02/17/2026,2024-06-01,2026-02-17,2026-02-17,False,,230.0,False,False,2024-06
1035,2024,6,Occurrence,Race-Ethnicity,Multi-Race,LIV,Chronic liver disease and cirrhosis,ICD-10,,1,Cell suppressed for small numbers,02/17/2026,02/17/2026,2024-06-01,2026-02-17,2026-02-17,True,Cell suppressed for small numbers,,False,False,2024-06
1036,2024,6,Occurrence,Race-Ethnicity,White,LIV,Chronic liver disease and cirrhosis,ICD-10,208.0,,,02/17/2026,02/17/2026,2024-06-01,2026-02-17,2026-02-17,False,,208.0,False,False,2024-06
1037,2024,6,Occurrence,Race-Ethnicity,Other/Unknown,LIV,Chronic liver disease and cirrhosis,ICD-10,,1,Cell suppressed for small numbers,02/17/2026,02/17/2026,2024-06-01,2026-02-17,2026-02-17,True,Cell suppressed for small numbers,,False,False,2024-06
1038,2024,6,Occurrence,Total Population,Total Population,NEP,"Nephritis, nephrotic syndrome and nephrosis",ICD-10,356.0,,,02/17/2026,02/17/2026,2024-06-01,2026-02-17,2026-02-17,False,,356.0,True,False,2024-06
1039,2024,6,Occurrence,Gender,Female,NEP,"Nephritis, nephrotic syndrome and nephrosis",ICD-10,163.0,,,02/17/2026,02/17/2026,2024-06-01,2026-02-17,2026-02-17,False,,163.0,False,False,2024-06
1040,2024,6,Occurrence,Gender,Male,NEP,"Nephritis, nephrotic syndrome and nephrosis",ICD-10,192.0,,,02/17/2026,02/17/2026,2024-06-01,2026-02-17,2026-02-17,False,,192.0,False,False,2024-06
1041,2024,6,Occurrence,Race-Ethnicity,American Indian/Alaska Native,NEP,"Nephritis, nephrotic syndrome and nephrosis",ICD-10,,1,Cell suppressed for small numbers,02/17/2026,02/17/2026,2024-06-01,2026-02-17,2026-02-17,True,Cell suppressed for small numbers,,False,False,2024-06
1042,2024,6,Occurrence,Race-Ethnicity,Asian,NEP,"Nephritis, nephrotic syndrome and nephrosis",ICD-10,50.0,,,02/17/2026,02/17/2026,2024-06-01,2026-02-17,2026-02-17,False,,50.0,False,False,2024-06
1043,2024,6,Occurrence,Race-Ethnicity,Black,NEP,"Nephritis, nephrotic syndrome and nephrosis",ICD-10,36.0,,,02/17/2026,02/17/2026,2024-06-01,2026-02-17,2026-02-17,False,,36.0,False,False,2024-06
1044,2024,6,Occurrence,Race-Ethnicity,Hawaiian/Pacific Islander,NEP,"Nephritis, nephrotic syndrome and nephrosis",ICD-10,,1,Cell suppressed for small numbers,02/17/2026,02/17/2026,2024-06-01,2026-02-17,2026-02-17,True,Cell suppressed for small numbers,,False,False,2024-06
1045,2024,6,Occurrence,Race-Ethnicity,Hispanic,NEP,"Nephritis, nephrotic syndrome and nephrosis",ICD-10,100.0,,,02/17/2026,02/17/2026,2024-06-01,2026-02-17,2026-02-17,False,,100.0,False,False,2024-06
1046,2024,6,Occurrence,Race-Ethnicity,Multi-Race,NEP,"Nephritis, nephrotic syndrome and nephrosis",ICD-10,,1,Cell suppressed for small numbers,02/17/2026,02/17/2026,2024-06-01,2026-02-17,2026-02-17,True,Cell suppressed for small numbers,,False,False,2024-06
1047,2024,6,Occurrence,Race-Ethnicity,White,NEP,"Nephritis, nephrotic syndrome and nephrosis",ICD-10,155.0,,,02/17/2026,02/17/2026,2024-06-01,2026-02-17,2026-02-17,False,,155.0,False,False,2024-06
1048,2024,6,Occurrence,Race-Ethnicity,Other/Unknown,NEP,"Nephritis, nephrotic syndrome and nephrosis",ICD-10,,1,Cell suppressed for small numbers,02/17/2026,02/17/2026,2024-06-01,2026-02-17,2026-02-17,True,Cell suppressed for small numbers,,False,False,2024-06
1049,2024,6,Occurrence,Total Population,Total Population,PAR,Parkinson's disease,ICD-10,343.0,,,02/17/2026,02/17/2026,2024-06-01,2026-02-17,2026-02-17,False,,343.0,True,False,2024-06
1050,2024,6,Occurrence,Gender,Female,PAR,Parkinson's disease,ICD-10,122.0,,,02/17/2026,02/17/2026,2024-06-01,2026-02-17,2026-02-17,False,,122.0,False,False,2024-06
1051,2024,6,Occurrence,Gender,Male,PAR,Parkinson's disease,ICD-10,221.0,,,02/17/2026,02/17/2026,2024-06-01,2026-02-17,2026-02-17,False,,221.0,False,False,2024-06
1052,2024,6,Occurrence,Race-Ethnicity,American Indian/Alaska Native,PAR,Parkinson's disease,ICD-10,0.0,,,02/17/2026,02/17/2026,2024-06-01,2026-02-17,2026-02-17,False,,0.0,False,False,2024-06
1053,2024,6,Occurrence,Race-Ethnicity,Asian,PAR,Parkinson's disease,ICD-10,47.0,,,02/17/2026,02/17/2026,2024-06-01,2026-02-17,2026-02-17,False,,47.0,False,False,2024-06
1054,2024,6,Occurrence,Race-Ethnicity,Black,PAR,Parkinson's disease,ICD-10,13.0,,,02/17/2026,02/17/2026,2024-06-01,2026-02-17,2026-02-17,False,,13.0,False,False,2024-06
1055,2024,6,Occurrence,Race-Ethnicity,Hawaiian/Pacific Islander,PAR,Parkinson's disease,ICD-10,,1,Cell suppressed for small numbers,02/17/2026,02/17/2026,2024-06-01,2026-02-17,2026-02-17,True,Cell suppressed for small numbers,,False,False,2024-06
1056,2024,6,Occurrence,Race-Ethnicity,Hispanic,PAR,Parkinson's disease,ICD-10,42.0,,,02/17/2026,02/17/2026,2024-06-01,2026-02-17,2026-02-17,False,,42.0,False,False,2024-06
1057,2024,6,Occurrence,Race-Ethnicity,Multi-Race,PAR,Parkinson's disease,ICD-10,,1,Cell suppressed for small numbers,02/17/2026,02/17/2026,2024-06-01,2026-02-17,2026-02-17,True,Cell suppressed for small numbers,,False,False,2024-06
1058,2024,6,Occurrence,Race-Ethnicity,White,PAR,Parkinson's disease,ICD-10,237.0,,,02/17/2026,02/17/2026,2024-06-01,2026-02-17,2026-02-17,False,,237.0,False,False,2024-06
1059,2024,6,Occurrence,Race-Ethnicity,Other/Unknown,PAR,Parkinson's disease,ICD-10,,1,Cell suppressed for small numbers,02/17/2026,02/17/2026,2024-06-01,2026-02-17,2026-02-17,True,Cell suppressed for small numbers,,False,False,2024-06
1060,2024,6,Occurrence,Total Population,Total Population,PNF,Influenza and pneumonia,ICD-10,379.0,,,02/17/2026,02/17/2026,2024-06-01,2026-02-17,2026-02-17,False,,379.0,True,False,2024-06
1061,2024,6,Occurrence,Gender,Female,PNF,Influenza and pneumonia,ICD-10,176.0,,,02/17/2026,02/17/2026,2024-06-01,2026-02-17,2026-02-17,False,,176.0,False,False,2024-06
1062,2024,6,Occurrence,Gender,Male,PNF,Influenza and pneumonia,ICD-10,203.0,,,02/17/2026,02/17/2026,2024-06-01,2026-02-17,2026-02-17,False,,203.0,False,False,2024-06
1063,2024,6,Occurrence,Race-Ethnicity,American Indian/Alaska Native,PNF,Influenza and pneumonia,ICD-10,,1,Cell suppressed for small numbers,02/17/2026,02/17/2026,2024-06-01,2026-02-17,2026-02-17,True,Cell suppressed for small numbers,,False,False,2024-06
1064,2024,6,Occurrence,Race-Ethnicity,Asian,PNF,Influenza and pneumonia,ICD-10,67.0,,,02/17/2026,02/17/2026,2024-06-01,2026-02-17,2026-02-17,False,,67.0,False,False,2024-06
1065,2024,6,Occurrence,Race-Ethnicity,Black,PNF,Influenza and pneumonia,ICD-10,33.0,,,02/17/2026,02/17/2026,2024-06-01,2026-02-17,2026-02-17,False,,33.0,False,False,2024-06
1066,2024,6,Occurrence,Race-Ethnicity,Hawaiian/Pacific Islander,PNF,Influenza and pneumonia,ICD-10,,1,Cell suppressed for small numbers,02/17/2026,02/17/2026,2024-06-01,2026-02-17,2026-02-17,True,Cell suppressed for small numbers,,False,False,2024-06
1067,2024,6,Occurrence,Race-Ethnicity,Hispanic,PNF,Influenza and pneumonia,ICD-10,83.0,,,02/17/2026,02/17/2026,2024-06-01,2026-02-17,2026-02-17,False,,83.0,False,False,2024-06
1068,2024,6,Occurrence,Race-Ethnicity,Multi-Race,PNF,Influenza and pneumonia,ICD-10,,1,Cell suppressed for small numbers,02/17/2026,02/17/2026,2024-06-01,2026-02-17,2026-02-17,True,Cell suppressed for small numbers,,False,False,2024-06
1069,2024,6,Occurrence,Race-Ethnicity,White,PNF,Influenza and pneumonia,ICD-10,185.0,,,02/17/2026,02/17/2026,2024-06-01,2026-02-17,2026-02-17,False,,185.0,False,False,2024-06
1070,2024,6,Occurrence,Race-Ethnicity,Other/Unknown,PNF,Influenza and pneumonia,ICD-10,,1,Cell suppressed for small numbers,02/17/2026,02/17/2026,2024-06-01,2026-02-17,2026-02-17,True,Cell suppressed for small numbers,,False,False,2024-06
1071,2024,6,Occurrence,Total Population,Total Population,STK,Cerebrovascular diseases,ICD-10,1396.0,,,02/17/2026,02/17/2026,2024-06-01,2026-02-17,2026-02-17,False,,1396.0,True,False,2024-06
1072,2024,6,Occurrence,Gender,Female,STK,Cerebrovascular diseases,ICD-10,740.0,,,02/17/2026,02/17/2026,2024-06-01,2026-02-17,2026-02-17,False,,740.0,False,False,2024-06
1073,2024,6,Occurrence,Gender,Male,STK,Cerebrovascular diseases,ICD-10,656.0,,,02/17/2026,02/17/2026,2024-06-01,2026-02-17,2026-02-17,False,,656.0,False,False,2024-06
1074,2024,6,Occurrence,Race-Ethnicity,American Indian/Alaska Native,STK,Cerebrovascular diseases,ICD-10,,1,Cell suppressed for small numbers,02/17/2026,02/17/2026,2024-06-01,2026-02-17,2026-02-17,True,Cell suppressed for small numbers,,False,False,2024-06
1075,2024,6,Occurrence,Race-Ethnicity,Asian,STK,Cerebrovascular diseases,ICD-10,209.0,,,02/17/2026,02/17/2026,2024-06-01,2026-02-17,2026-02-17,False,,209.0,False,False,2024-06
1076,2024,6,Occurrence,Race-Ethnicity,Black,STK,Cerebrovascular diseases,ICD-10,100.0,,,02/17/2026,02/17/2026,2024-06-01,2026-02-17,2026-02-17,False,,100.0,False,False,2024-06
1077,2024,6,Occurrence,Race-Ethnicity,Hawaiian/Pacific Islander,STK,Cerebrovascular diseases,ICD-10,,1,Cell suppressed for small numbers,02/17/2026,02/17/2026,2024-06-01,2026-02-17,2026-02-17,True,Cell suppressed for small numbers,,False,False,2024-06
1078,2024,6,Occurrence,Race-Ethnicity,Hispanic,STK,Cerebrovascular diseases,ICD-10,305.0,,,02/17/2026,02/17/2026,2024-06-01,2026-02-17,2026-02-17,False,,305.0,False,False,2024-06
1079,2024,6,Occurrence,Race-Ethnicity,Multi-Race,STK,Cerebrovascular diseases,ICD-10,13.0,,,02/17/2026,02/17/2026,2024-06-01,2026-02-17,2026-02-17,False,,13.0,False,False,2024-06
1080,2024,6,Occurrence,Race-Ethnicity,White,STK,Cerebrovascular diseases,ICD-10,750.0,,,02/17/2026,02/17/2026,2024-06-01,2026-02-17,2026-02-17,False,,750.0,False,False,2024-06
1081,2024,6,Occurrence,Race-Ethnicity,Other/Unknown,STK,Cerebrovascular diseases,ICD-10,,1,Cell suppressed for small numbers,02/17/2026,02/17/2026,2024-06-01,2026-02-17,2026-02-17,True,Cell suppressed for small numbers,,False,False,2024-06
1082,2024,6,Occurrence,Total Population,Total Population,SUI,Intentional self-harm (suicide),ICD-10,339.0,,,02/17/2026,02/17/2026,2024-06-01,2026-02-17,2026-02-17,False,,339.0,True,False,2024-06
1083,2024,6,Occurrence,Gender,Female,SUI,Intentional self-harm (suicide),ICD-10,58.0,,,02/17/2026,02/17/2026,2024-06-01,2026-02-17,2026-02-17,False,,58.0,False,False,2024-06
1084,2024,6,Occurrence,Gender,Male,SUI,Intentional self-harm (suicide),ICD-10,281.0,,,02/17/2026,02/17/2026,2024-06-01,2026-02-17,2026-02-17,False,,281.0,False,False,2024-06
1085,2024,6,Occurrence,Race-Ethnicity,American Indian/Alaska Native,SUI,Intentional self-harm (suicide),ICD-10,,1,Cell suppressed for small numbers,02/17/2026,02/17/2026,2024-06-01,2026-02-17,2026-02-17,True,Cell suppressed for small numbers,,False,False,2024-06
1086,2024,6,Occurrence,Race-Ethnicity,Asian,SUI,Intentional self-harm (suicide),ICD-10,31.0,,,02/17/2026,02/17/2026,2024-06-01,2026-02-17,2026-02-17,False,,31.0,False,False,2024-06
1087,2024,6,Occurrence,Race-Ethnicity,Black,SUI,Intentional self-harm (suicide),ICD-10,18.0,,,02/17/2026,02/17/2026,2024-06-01,2026-02-17,2026-02-17,False,,18.0,False,False,2024-06
1088,2024,6,Occurrence,Race-Ethnicity,Hawaiian/Pacific Islander,SUI,Intentional self-harm (suicide),ICD-10,0.0,,,02/17/2026,02/17/2026,2024-06-01,2026-02-17,2026-02-17,False,,0.0,False,False,2024-06
1089,2024,6,Occurrence,Race-Ethnicity,Hispanic,SUI,Intentional self-harm (suicide),ICD-10,82.0,,,02/17/2026,02/17/2026,2024-06-01,2026-02-17,2026-02-17,False,,82.0,False,False,2024-06
1090,2024,6,Occurrence,Race-Ethnicity,Multi-Race,SUI,Intentional self-harm (suicide),ICD-10,13.0,,,02/17/2026,02/17/2026,2024-06-01,2026-02-17,2026-02-17,False,,13.0,False,False,2024-06
1091,2024,6,Occurrence,Race-Ethnicity,White,SUI,Intentional self-harm (suicide),ICD-10,188.0,,,02/17/2026,02/17/2026,2024-06-01,2026-02-17,2026-02-17,False,,188.0,False,False,2024-06
1092,2024,6,Occurrence,Race-Ethnicity,Other/Unknown,SUI,Intentional self-harm (suicide),ICD-10,,1,Cell suppressed for small numbers,02/17/2026,02/17/2026,2024-06-01,2026-02-17,2026-02-17,True,Cell suppressed for small numbers,,False,False,2024-06
1093,2024,7,Occurrence,Total Population,Total Population,ALL,All causes (total),ICD-10,24037.0,,,02/17/2026,02/17/2026,2024-07-01,2026-02-17,2026-02-17,False,,24037.0,True,True,2024-07
1094,2024,7,Occurrence,Age,Under 1 year,ALL,All causes (total),ICD-10,157.0,,,02/17/2026,02/17/2026,2024-07-01,2026-02-17,2026-02-17,False,,157.0,False,True,2024-07
1095,2024,7,Occurrence,Age,1-4 years,ALL,All causes (total),ICD-10,32.0,,,02/17/2026,02/17/2026,2024-07-01,2026-02-17,2026-02-17,False,,32.0,False,True,2024-07
1096,2024,7,Occurrence,Age,5-14 years,ALL,All causes (total),ICD-10,39.0,,,02/17/2026,02/17/2026,2024-07-01,2026-02-17,2026-02-17,False,,39.0,False,True,2024-07
1097,2024,7,Occurrence,Age,15-24 years,ALL,All causes (total),ICD-10,235.0,,,02/17/2026,02/17/2026,2024-07-01,2026-02-17,2026-02-17,False,,235.0,False,True,2024-07
1098,2024,7,Occurrence,Age,25-34 years,ALL,All causes (total),ICD-10,597.0,,,02/17/2026,02/17/2026,2024-07-01,2026-02-17,2026-02-17,False,,597.0,False,True,2024-07
1099,2024,7,Occurrence,Age,35-44 years,ALL,All causes (total),ICD-10,842.0,,,02/17/2026,02/17/2026,2024-07-01,2026-02-17,2026-02-17,False,,842.0,False,True,2024-07
1100,2024,7,Occurrence,Age,45-54 years,ALL,All causes (total),ICD-10,1287.0,,,02/17/2026,02/17/2026,2024-07-01,2026-02-17,2026-02-17,False,,1287.0,False,True,2024-07
1101,2024,7,Occurrence,Age,55-64 years,ALL,All causes (total),ICD-10,2787.0,,,02/17/2026,02/17/2026,2024-07-01,2026-02-17,2026-02-17,False,,2787.0,False,True,2024-07
1102,2024,7,Occurrence,Age,65-74 years,ALL,All causes (total),ICD-10,4720.0,,,02/17/2026,02/17/2026,2024-07-01,2026-02-17,2026-02-17,False,,4720.0,False,True,2024-07
1103,2024,7,Occurrence,Age,75-84 years,ALL,All causes (total),ICD-10,5916.0,,,02/17/2026,02/17/2026,2024-07-01,2026-02-17,2026-02-17,False,,5916.0,False,True,2024-07
1104,2024,7,Occurrence,Age,85 years and over,ALL,All causes (total),ICD-10,7416.0,,,02/17/2026,02/17/2026,2024-07-01,2026-02-17,2026-02-17,False,,7416.0,False,True,2024-07
1105,2024,7,Occurrence,Gender,Female,ALL,All causes (total),ICD-10,11163.0,,,02/17/2026,02/17/2026,2024-07-01,2026-02-17,2026-02-17,False,,11163.0,False,True,2024-07
1106,2024,7,Occurrence,Gender,Male,ALL,All causes (total),ICD-10,12872.0,,,02/17/2026,02/17/2026,2024-07-01,2026-02-17,2026-02-17,False,,12872.0,False,True,2024-07
1107,2024,7,Occurrence,Place Type,Inpatient,ALL,All causes (total),ICD-10,7124.0,,,02/17/2026,02/17/2026,2024-07-01,2026-02-17,2026-02-17,False,,7124.0,False,True,2024-07
1108,2024,7,Occurrence,Place Type,Emergency Room/Outpatient,ALL,All causes (total),ICD-10,1391.0,,,02/17/2026,02/17/2026,2024-07-01,2026-02-17,2026-02-17,False,,1391.0,False,True,2024-07
1109,2024,7,Occurrence,Place Type,Decedent's Home,ALL,All causes (total),ICD-10,9343.0,,,02/17/2026,02/17/2026,2024-07-01,2026-02-17,2026-02-17,False,,9343.0,False,True,2024-07
1110,2024,7,Occurrence,Place Type,Hospice Facility,ALL,All causes (total),ICD-10,243.0,,,02/17/2026,02/17/2026,2024-07-01,2026-02-17,2026-02-17,False,,243.0,False,True,2024-07
1111,2024,7,Occurrence,Place Type,Nursing Home/Long Term Care Facility,ALL,All causes (total),ICD-10,2385.0,,,02/17/2026,02/17/2026,2024-07-01,2026-02-17,2026-02-17,False,,2385.0,False,True,2024-07
1112,2024,7,Occurrence,Place Type,Other/Unknown,ALL,All causes (total),ICD-10,3551.0,,,02/17/2026,02/17/2026,2024-07-01,2026-02-17,2026-02-17,False,,3551.0,False,True,2024-07
1113,2024,7,Occurrence,Race-Ethnicity,American Indian/Alaska Native,ALL,All causes (total),ICD-10,118.0,,,02/17/2026,02/17/2026,2024-07-01,2026-02-17,2026-02-17,False,,118.0,False,True,2024-07
1114,2024,7,Occurrence,Race-Ethnicity,Asian,ALL,All causes (total),ICD-10,2670.0,,,02/17/2026,02/17/2026,2024-07-01,2026-02-17,2026-02-17,False,,2670.0,False,True,2024-07
1115,2024,7,Occurrence,Race-Ethnicity,Black,ALL,All causes (total),ICD-10,1822.0,,,02/17/2026,02/17/2026,2024-07-01,2026-02-17,2026-02-17,False,,1822.0,False,True,2024-07
1116,2024,7,Occurrence,Race-Ethnicity,Hawaiian/Pacific Islander,ALL,All causes (total),ICD-10,109.0,,,02/17/2026,02/17/2026,2024-07-01,2026-02-17,2026-02-17,False,,109.0,False,True,2024-07
1117,2024,7,Occurrence,Race-Ethnicity,Hispanic,ALL,All causes (total),ICD-10,5506.0,,,02/17/2026,02/17/2026,2024-07-01,2026-02-17,2026-02-17,False,,5506.0,False,True,2024-07
1118,2024,7,Occurrence,Race-Ethnicity,Multi-Race,ALL,All causes (total),ICD-10,242.0,,,02/17/2026,02/17/2026,2024-07-01,2026-02-17,2026-02-17,False,,242.0,False,True,2024-07
1119,2024,7,Occurrence,Race-Ethnicity,White,ALL,All causes (total),ICD-10,13310.0,,,02/17/2026,02/17/2026,2024-07-01,2026-02-17,2026-02-17,False,,13310.0,False,True,2024-07
1120,2024,7,Occurrence,Race-Ethnicity,Other/Unknown,ALL,All causes (total),ICD-10,260.0,,,02/17/2026,02/17/2026,2024-07-01,2026-02-17,2026-02-17,False,,260.0,False,True,2024-07
1121,2024,7,Occurrence,Total Population,Total Population,ALZ,Alzheimer's disease,ICD-10,1319.0,,,02/17/2026,02/17/2026,2024-07-01,2026-02-17,2026-02-17,False,,1319.0,True,False,2024-07
1122,2024,7,Occurrence,Gender,Female,ALZ,Alzheimer's disease,ICD-10,910.0,,,02/17/2026,02/17/2026,2024-07-01,2026-02-17,2026-02-17,False,,910.0,False,False,2024-07
1123,2024,7,Occurrence,Gender,Male,ALZ,Alzheimer's disease,ICD-10,409.0,,,02/17/2026,02/17/2026,2024-07-01,2026-02-17,2026-02-17,False,,409.0,False,False,2024-07
1124,2024,7,Occurrence,Race-Ethnicity,American Indian/Alaska Native,ALZ,Alzheimer's disease,ICD-10,,1,Cell suppressed for small numbers,02/17/2026,02/17/2026,2024-07-01,2026-02-17,2026-02-17,True,Cell suppressed for small numbers,,False,False,2024-07
1125,2024,7,Occurrence,Race-Ethnicity,Asian,ALZ,Alzheimer's disease,ICD-10,143.0,,,02/17/2026,02/17/2026,2024-07-01,2026-02-17,2026-02-17,False,,143.0,False,False,2024-07
1126,2024,7,Occurrence,Race-Ethnicity,Black,ALZ,Alzheimer's disease,ICD-10,60.0,,,02/17/2026,02/17/2026,2024-07-01,2026-02-17,2026-02-17,False,,60.0,False,False,2024-07
1127,2024,7,Occurrence,Race-Ethnicity,Hawaiian/Pacific Islander,ALZ,Alzheimer's disease,ICD-10,,1,Cell suppressed for small numbers,02/17/2026,02/17/2026,2024-07-01,2026-02-17,2026-02-17,True,Cell suppressed for small numbers,,False,False,2024-07
1128,2024,7,Occurrence,Race-Ethnicity,Hispanic,ALZ,Alzheimer's disease,ICD-10,238.0,,,02/17/2026,02/17/2026,2024-07-01,2026-02-17,2026-02-17,False,,238.0,False,False,2024-07
1129,2024,7,Occurrence,Race-Ethnicity,Multi-Race,ALZ,Alzheimer's disease,ICD-10,,1,Cell suppressed for small numbers,02/17/2026,02/17/2026,2024-07-01,2026-02-17,2026-02-17,True,Cell suppressed for small numbers,,False,False,2024-07
1130,2024,7,Occurrence,Race-Ethnicity,White,ALZ,Alzheimer's disease,ICD-10,854.0,,,02/17/2026,02/17/2026,2024-07-01,2026-02-17,2026-02-17,False,,854.0,False,False,2024-07
1131,2024,7,Occurrence,Race-Ethnicity,Other/Unknown,ALZ,Alzheimer's disease,ICD-10,,1,Cell suppressed for small numbers,02/17/2026,02/17/2026,2024-07-01,2026-02-17,2026-02-17,True,Cell suppressed for small numbers,,False,False,2024-07
1132,2024,7,Occurrence,Total Population,Total Population,CAN,Malignant neoplasms,ICD-10,5151.0,,,02/17/2026,02/17/2026,2024-07-01,2026-02-17,2026-02-17,False,,5151.0,True,False,2024-07
1133,2024,7,Occurrence,Gender,Female,CAN,Malignant neoplasms,ICD-10,2522.0,,,02/17/2026,02/17/2026,2024-07-01,2026-02-17,2026-02-17,False,,2522.0,False,False,2024-07
1134,2024,7,Occurrence,Gender,Male,CAN,Malignant neoplasms,ICD-10,2628.0,,,02/17/2026,02/17/2026,2024-07-01,2026-02-17,2026-02-17,False,,2628.0,False,False,2024-07
1135,2024,7,Occurrence,Race-Ethnicity,American Indian/Alaska Native,CAN,Malignant neoplasms,ICD-10,21.0,,,02/17/2026,02/17/2026,2024-07-01,2026-02-17,2026-02-17,False,,21.0,False,False,2024-07
1136,2024,7,Occurrence,Race-Ethnicity,Asian,CAN,Malignant neoplasms,ICD-10,674.0,,,02/17/2026,02/17/2026,2024-07-01,2026-02-17,2026-02-17,False,,674.0,False,False,2024-07
1137,2024,7,Occurrence,Race-Ethnicity,Black,CAN,Malignant neoplasms,ICD-10,359.0,,,02/17/2026,02/17/2026,2024-07-01,2026-02-17,2026-02-17,False,,359.0,False,False,2024-07
1138,2024,7,Occurrence,Race-Ethnicity,Hawaiian/Pacific Islander,CAN,Malignant neoplasms,ICD-10,25.0,,,02/17/2026,02/17/2026,2024-07-01,2026-02-17,2026-02-17,False,,25.0,False,False,2024-07
1139,2024,7,Occurrence,Race-Ethnicity,Hispanic,CAN,Malignant neoplasms,ICD-10,1137.0,,,02/17/2026,02/17/2026,2024-07-01,2026-02-17,2026-02-17,False,,1137.0,False,False,2024-07
1140,2024,7,Occurrence,Race-Ethnicity,Multi-Race,CAN,Malignant neoplasms,ICD-10,50.0,,,02/17/2026,02/17/2026,2024-07-01,2026-02-17,2026-02-17,False,,50.0,False,False,2024-07
1141,2024,7,Occurrence,Race-Ethnicity,White,CAN,Malignant neoplasms,ICD-10,2842.0,,,02/17/2026,02/17/2026,2024-07-01,2026-02-17,2026-02-17,False,,2842.0,False,False,2024-07
1142,2024,7,Occurrence,Race-Ethnicity,Other/Unknown,CAN,Malignant neoplasms,ICD-10,43.0,,,02/17/2026,02/17/2026,2024-07-01,2026-02-17,2026-02-17,False,,43.0,False,False,2024-07
1143,2024,7,Occurrence,Total Population,Total Population,CLD,Chronic lower respiratory diseases,ICD-10,898.0,,,02/17/2026,02/17/2026,2024-07-01,2026-02-17,2026-02-17,False,,898.0,True,False,2024-07
1144,2024,7,Occurrence,Gender,Female,CLD,Chronic lower respiratory diseases,ICD-10,483.0,,,02/17/2026,02/17/2026,2024-07-01,2026-02-17,2026-02-17,False,,483.0,False,False,2024-07
1145,2024,7,Occurrence,Gender,Male,CLD,Chronic lower respiratory diseases,ICD-10,415.0,,,02/17/2026,02/17/2026,2024-07-01,2026-02-17,2026-02-17,False,,415.0,False,False,2024-07
1146,2024,7,Occurrence,Race-Ethnicity,American Indian/Alaska Native,CLD,Chronic lower respiratory diseases,ICD-10,,1,Cell suppressed for small numbers,02/17/2026,02/17/2026,2024-07-01,2026-02-17,2026-02-17,True,Cell suppressed for small numbers,,False,False,2024-07
1147,2024,7,Occurrence,Race-Ethnicity,Asian,CLD,Chronic lower respiratory diseases,ICD-10,64.0,,,02/17/2026,02/17/2026,2024-07-01,2026-02-17,2026-02-17,False,,64.0,False,False,2024-07
1148,2024,7,Occurrence,Race-Ethnicity,Black,CLD,Chronic lower respiratory diseases,ICD-10,65.0,,,02/17/2026,02/17/2026,2024-07-01,2026-02-17,2026-02-17,False,,65.0,False,False,2024-07
1149,2024,7,Occurrence,Race-Ethnicity,Hawaiian/Pacific Islander,CLD,Chronic lower respiratory diseases,ICD-10,,1,Cell suppressed for small numbers,02/17/2026,02/17/2026,2024-07-01,2026-02-17,2026-02-17,True,Cell suppressed for small numbers,,False,False,2024-07
1150,2024,7,Occurrence,Race-Ethnicity,Hispanic,CLD,Chronic lower respiratory diseases,ICD-10,101.0,,,02/17/2026,02/17/2026,2024-07-01,2026-02-17,2026-02-17,False,,101.0,False,False,2024-07
1151,2024,7,Occurrence,Race-Ethnicity,Multi-Race,CLD,Chronic lower respiratory diseases,ICD-10,13.0,,,02/17/2026,02/17/2026,2024-07-01,2026-02-17,2026-02-17,False,,13.0,False,False,2024-07
1152,2024,7,Occurrence,Race-Ethnicity,White,CLD,Chronic lower respiratory diseases,ICD-10,644.0,,,02/17/2026,02/17/2026,2024-07-01,2026-02-17,2026-02-17,False,,644.0,False,False,2024-07
1153,2024,7,Occurrence,Race-Ethnicity,Other/Unknown,CLD,Chronic lower respiratory diseases,ICD-10,,1,Cell suppressed for small numbers,02/17/2026,02/17/2026,2024-07-01,2026-02-17,2026-02-17,True,Cell suppressed for small numbers,,False,False,2024-07
1154,2024,7,Occurrence,Total Population,Total Population,DIA,Diabetes mellitus,ICD-10,900.0,,,02/17/2026,02/17/2026,2024-07-01,2026-02-17,2026-02-17,False,,900.0,True,False,2024-07
1155,2024,7,Occurrence,Gender,Female,DIA,Diabetes mellitus,ICD-10,391.0,,,02/17/2026,02/17/2026,2024-07-01,2026-02-17,2026-02-17,False,,391.0,False,False,2024-07
1156,2024,7,Occurrence,Gender,Male,DIA,Diabetes mellitus,ICD-10,509.0,,,02/17/2026,02/17/2026,2024-07-01,2026-02-17,2026-02-17,False,,509.0,False,False,2024-07
1157,2024,7,Occurrence,Race-Ethnicity,American Indian/Alaska Native,DIA,Diabetes mellitus,ICD-10,,1,Cell suppressed for small numbers,02/17/2026,02/17/2026,2024-07-01,2026-02-17,2026-02-17,True,Cell suppressed for small numbers,,False,False,2024-07
1158,2024,7,Occurrence,Race-Ethnicity,Asian,DIA,Diabetes mellitus,ICD-10,124.0,,,02/17/2026,02/17/2026,2024-07-01,2026-02-17,2026-02-17,False,,124.0,False,False,2024-07
1159,2024,7,Occurrence,Race-Ethnicity,Black,DIA,Diabetes mellitus,ICD-10,100.0,,,02/17/2026,02/17/2026,2024-07-01,2026-02-17,2026-02-17,False,,100.0,False,False,2024-07
1160,2024,7,Occurrence,Race-Ethnicity,Hawaiian/Pacific Islander,DIA,Diabetes mellitus,ICD-10,,1,Cell suppressed for small numbers,02/17/2026,02/17/2026,2024-07-01,2026-02-17,2026-02-17,True,Cell suppressed for small numbers,,False,False,2024-07
1161,2024,7,Occurrence,Race-Ethnicity,Hispanic,DIA,Diabetes mellitus,ICD-10,299.0,,,02/17/2026,02/17/2026,2024-07-01,2026-02-17,2026-02-17,False,,299.0,False,False,2024-07
1162,2024,7,Occurrence,Race-Ethnicity,Multi-Race,DIA,Diabetes mellitus,ICD-10,,1,Cell suppressed for small numbers,02/17/2026,02/17/2026,2024-07-01,2026-02-17,2026-02-17,True,Cell suppressed for small numbers,,False,False,2024-07
1163,2024,7,Occurrence,Race-Ethnicity,White,DIA,Diabetes mellitus,ICD-10,342.0,,,02/17/2026,02/17/2026,2024-07-01,2026-02-17,2026-02-17,False,,342.0,False,False,2024-07
1164,2024,7,Occurrence,Race-Ethnicity,Other/Unknown,DIA,Diabetes mellitus,ICD-10,12.0,,,02/17/2026,02/17/2026,2024-07-01,2026-02-17,2026-02-17,False,,12.0,False,False,2024-07
1165,2024,7,Occurrence,Total Population,Total Population,HOM,Assault (homicide),ICD-10,182.0,,,02/17/2026,02/17/2026,2024-07-01,2026-02-17,2026-02-17,False,,182.0,True,False,2024-07
1166,2024,7,Occurrence,Gender,Female,HOM,Assault (homicide),ICD-10,35.0,,,02/17/2026,02/17/2026,2024-07-01,2026-02-17,2026-02-17,False,,35.0,False,False,2024-07
1167,2024,7,Occurrence,Gender,Male,HOM,Assault (homicide),ICD-10,147.0,,,02/17/2026,02/17/2026,2024-07-01,2026-02-17,2026-02-17,False,,147.0,False,False,2024-07
1168,2024,7,Occurrence,Race-Ethnicity,American Indian/Alaska Native,HOM,Assault (homicide),ICD-10,,1,Cell suppressed for small numbers,02/17/2026,02/17/2026,2024-07-01,2026-02-17,2026-02-17,True,Cell suppressed for small numbers,,False,False,2024-07
1169,2024,7,Occurrence,Race-Ethnicity,Asian,HOM,Assault (homicide),ICD-10,,1,Cell suppressed for small numbers,02/17/2026,02/17/2026,2024-07-01,2026-02-17,2026-02-17,True,Cell suppressed for small numbers,,False,False,2024-07
1170,2024,7,Occurrence,Race-Ethnicity,Black,HOM,Assault (homicide),ICD-10,49.0,,,02/17/2026,02/17/2026,2024-07-01,2026-02-17,2026-02-17,False,,49.0,False,False,2024-07
1171,2024,7,Occurrence,Race-Ethnicity,Hawaiian/Pacific Islander,HOM,Assault (homicide),ICD-10,0.0,,,02/17/2026,02/17/2026,2024-07-01,2026-02-17,2026-02-17,False,,0.0,False,False,2024-07
1172,2024,7,Occurrence,Race-Ethnicity,Hispanic,HOM,Assault (homicide),ICD-10,85.0,,,02/17/2026,02/17/2026,2024-07-01,2026-02-17,2026-02-17,False,,85.0,False,False,2024-07
1173,2024,7,Occurrence,Race-Ethnicity,Multi-Race,HOM,Assault (homicide),ICD-10,,1,Cell suppressed for small numbers,02/17/2026,02/17/2026,2024-07-01,2026-02-17,2026-02-17,True,Cell suppressed for small numbers,,False,False,2024-07
1174,2024,7,Occurrence,Race-Ethnicity,White,HOM,Assault (homicide),ICD-10,38.0,,,02/17/2026,02/17/2026,2024-07-01,2026-02-17,2026-02-17,False,,38.0,False,False,2024-07
1175,2024,7,Occurrence,Race-Ethnicity,Other/Unknown,HOM,Assault (homicide),ICD-10,0.0,,,02/17/2026,02/17/2026,2024-07-01,2026-02-17,2026-02-17,False,,0.0,False,False,2024-07
1176,2024,7,Occurrence,Total Population,Total Population,HTD,Diseases of heart,ICD-10,5210.0,,,02/17/2026,02/17/2026,2024-07-01,2026-02-17,2026-02-17,False,,5210.0,True,False,2024-07
1177,2024,7,Occurrence,Gender,Female,HTD,Diseases of heart,ICD-10,2292.0,,,02/17/2026,02/17/2026,2024-07-01,2026-02-17,2026-02-17,False,,2292.0,False,False,2024-07
1178,2024,7,Occurrence,Gender,Male,HTD,Diseases of heart,ICD-10,2918.0,,,02/17/2026,02/17/2026,2024-07-01,2026-02-17,2026-02-17,False,,2918.0,False,False,2024-07
1179,2024,7,Occurrence,Race-Ethnicity,American Indian/Alaska Native,HTD,Diseases of heart,ICD-10,16.0,,,02/17/2026,02/17/2026,2024-07-01,2026-02-17,2026-02-17,False,,16.0,False,False,2024-07
1180,2024,7,Occurrence,Race-Ethnicity,Asian,HTD,Diseases of heart,ICD-10,523.0,,,02/17/2026,02/17/2026,2024-07-01,2026-02-17,2026-02-17,False,,523.0,False,False,2024-07
1181,2024,7,Occurrence,Race-Ethnicity,Black,HTD,Diseases of heart,ICD-10,423.0,,,02/17/2026,02/17/2026,2024-07-01,2026-02-17,2026-02-17,False,,423.0,False,False,2024-07
1182,2024,7,Occurrence,Race-Ethnicity,Hawaiian/Pacific Islander,HTD,Diseases of heart,ICD-10,21.0,,,02/17/2026,02/17/2026,2024-07-01,2026-02-17,2026-02-17,False,,21.0,False,False,2024-07
1183,2024,7,Occurrence,Race-Ethnicity,Hispanic,HTD,Diseases of heart,ICD-10,979.0,,,02/17/2026,02/17/2026,2024-07-01,2026-02-17,2026-02-17,False,,979.0,False,False,2024-07
1184,2024,7,Occurrence,Race-Ethnicity,Multi-Race,HTD,Diseases of heart,ICD-10,43.0,,,02/17/2026,02/17/2026,2024-07-01,2026-02-17,2026-02-17,False,,43.0,False,False,2024-07
1185,2024,7,Occurrence,Race-Ethnicity,White,HTD,Diseases of heart,ICD-10,3140.0,,,02/17/2026,02/17/2026,2024-07-01,2026-02-17,2026-02-17,False,,3140.0,False,False,2024-07
1186,2024,7,Occurrence,Race-Ethnicity,Other/Unknown,HTD,Diseases of heart,ICD-10,65.0,,,02/17/2026,02/17/2026,2024-07-01,2026-02-17,2026-02-17,False,,65.0,False,False,2024-07
1187,2024,7,Occurrence,Total Population,Total Population,HYP,Essential hypertension and hypertensive renal disease,ICD-10,556.0,,,02/17/2026,02/17/2026,2024-07-01,2026-02-17,2026-02-17,False,,556.0,True,False,2024-07
1188,2024,7,Occurrence,Gender,Female,HYP,Essential hypertension and hypertensive renal disease,ICD-10,278.0,,,02/17/2026,02/17/2026,2024-07-01,2026-02-17,2026-02-17,False,,278.0,False,False,2024-07
1189,2024,7,Occurrence,Gender,Male,HYP,Essential hypertension and hypertensive renal disease,ICD-10,278.0,,,02/17/2026,02/17/2026,2024-07-01,2026-02-17,2026-02-17,False,,278.0,False,False,2024-07
1190,2024,7,Occurrence,Race-Ethnicity,American Indian/Alaska Native,HYP,Essential hypertension and hypertensive renal disease,ICD-10,,1,Cell suppressed for small numbers,02/17/2026,02/17/2026,2024-07-01,2026-02-17,2026-02-17,True,Cell suppressed for small numbers,,False,False,2024-07
1191,2024,7,Occurrence,Race-Ethnicity,Asian,HYP,Essential hypertension and hypertensive renal disease,ICD-10,86.0,,,02/17/2026,02/17/2026,2024-07-01,2026-02-17,2026-02-17,False,,86.0,False,False,2024-07
1192,2024,7,Occurrence,Race-Ethnicity,Black,HYP,Essential hypertension and hypertensive renal disease,ICD-10,53.0,,,02/17/2026,02/17/2026,2024-07-01,2026-02-17,2026-02-17,False,,53.0,False,False,2024-07
1193,2024,7,Occurrence,Race-Ethnicity,Hawaiian/Pacific Islander,HYP,Essential hypertension and hypertensive renal disease,ICD-10,,1,Cell suppressed for small numbers,02/17/2026,02/17/2026,2024-07-01,2026-02-17,2026-02-17,True,Cell suppressed for small numbers,,False,False,2024-07
1194,2024,7,Occurrence,Race-Ethnicity,Hispanic,HYP,Essential hypertension and hypertensive renal disease,ICD-10,121.0,,,02/17/2026,02/17/2026,2024-07-01,2026-02-17,2026-02-17,False,,121.0,False,False,2024-07
1195,2024,7,Occurrence,Race-Ethnicity,Multi-Race,HYP,Essential hypertension and hypertensive renal disease,ICD-10,,1,Cell suppressed for small numbers,02/17/2026,02/17/2026,2024-07-01,2026-02-17,2026-02-17,True,Cell suppressed for small numbers,,False,False,2024-07
1196,2024,7,Occurrence,Race-Ethnicity,White,HYP,Essential hypertension and hypertensive renal disease,ICD-10,278.0,,,02/17/2026,02/17/2026,2024-07-01,2026-02-17,2026-02-17,False,,278.0,False,False,2024-07
1197,2024,7,Occurrence,Race-Ethnicity,Other/Unknown,HYP,Essential hypertension and hypertensive renal disease,ICD-10,,1,Cell suppressed for small numbers,02/17/2026,02/17/2026,2024-07-01,2026-02-17,2026-02-17,True,Cell suppressed for small numbers,,False,False,2024-07
1198,2024,7,Occurrence,Total Population,Total Population,INJ,Accidents (unintentional injuries),ICD-10,1717.0,,,02/17/2026,02/17/2026,2024-07-01,2026-02-17,2026-02-17,False,,1717.0,True,False,2024-07
1199,2024,7,Occurrence,Gender,Female,INJ,Accidents (unintentional injuries),ICD-10,444.0,,,02/17/2026,02/17/2026,2024-07-01,2026-02-17,2026-02-17,False,,444.0,False,False,2024-07
1200,2024,7,Occurrence,Gender,Male,INJ,Accidents (unintentional injuries),ICD-10,1273.0,,,02/17/2026,02/17/2026,2024-07-01,2026-02-17,2026-02-17,False,,1273.0,False,False,2024-07
1201,2024,7,Occurrence,Race-Ethnicity,American Indian/Alaska Native,INJ,Accidents (unintentional injuries),ICD-10,,2,Cell suppressed for complementary cell,02/17/2026,02/17/2026,2024-07-01,2026-02-17,2026-02-17,True,Cell suppressed for complementary cell,,False,False,2024-07
1202,2024,7,Occurrence,Race-Ethnicity,Asian,INJ,Accidents (unintentional injuries),ICD-10,105.0,,,02/17/2026,02/17/2026,2024-07-01,2026-02-17,2026-02-17,False,,105.0,False,False,2024-07
1203,2024,7,Occurrence,Race-Ethnicity,Black,INJ,Accidents (unintentional injuries),ICD-10,165.0,,,02/17/2026,02/17/2026,2024-07-01,2026-02-17,2026-02-17,False,,165.0,False,False,2024-07
1204,2024,7,Occurrence,Race-Ethnicity,Hawaiian/Pacific Islander,INJ,Accidents (unintentional injuries),ICD-10,,1,Cell suppressed for small numbers,02/17/2026,02/17/2026,2024-07-01,2026-02-17,2026-02-17,True,Cell suppressed for small numbers,,False,False,2024-07
1205,2024,7,Occurrence,Race-Ethnicity,Hispanic,INJ,Accidents (unintentional injuries),ICD-10,586.0,,,02/17/2026,02/17/2026,2024-07-01,2026-02-17,2026-02-17,False,,586.0,False,False,2024-07
1206,2024,7,Occurrence,Race-Ethnicity,Multi-Race,INJ,Accidents (unintentional injuries),ICD-10,30.0,,,02/17/2026,02/17/2026,2024-07-01,2026-02-17,2026-02-17,False,,30.0,False,False,2024-07
1207,2024,7,Occurrence,Race-Ethnicity,White,INJ,Accidents (unintentional injuries),ICD-10,765.0,,,02/17/2026,02/17/2026,2024-07-01,2026-02-17,2026-02-17,False,,765.0,False,False,2024-07
1208,2024,7,Occurrence,Race-Ethnicity,Other/Unknown,INJ,Accidents (unintentional injuries),ICD-10,34.0,,,02/17/2026,02/17/2026,2024-07-01,2026-02-17,2026-02-17,False,,34.0,False,False,2024-07
1209,2024,7,Occurrence,Total Population,Total Population,LIV,Chronic liver disease and cirrhosis,ICD-10,502.0,,,02/17/2026,02/17/2026,2024-07-01,2026-02-17,2026-02-17,False,,502.0,True,False,2024-07
1210,2024,7,Occurrence,Gender,Female,LIV,Chronic liver disease and cirrhosis,ICD-10,176.0,,,02/17/2026,02/17/2026,2024-07-01,2026-02-17,2026-02-17,False,,176.0,False,False,2024-07
1211,2024,7,Occurrence,Gender,Male,LIV,Chronic liver disease and cirrhosis,ICD-10,326.0,,,02/17/2026,02/17/2026,2024-07-01,2026-02-17,2026-02-17,False,,326.0,False,False,2024-07
1212,2024,7,Occurrence,Race-Ethnicity,American Indian/Alaska Native,LIV,Chronic liver disease and cirrhosis,ICD-10,,1,Cell suppressed for small numbers,02/17/2026,02/17/2026,2024-07-01,2026-02-17,2026-02-17,True,Cell suppressed for small numbers,,False,False,2024-07
1213,2024,7,Occurrence,Race-Ethnicity,Asian,LIV,Chronic liver disease and cirrhosis,ICD-10,27.0,,,02/17/2026,02/17/2026,2024-07-01,2026-02-17,2026-02-17,False,,27.0,False,False,2024-07
1214,2024,7,Occurrence,Race-Ethnicity,Black,LIV,Chronic liver disease and cirrhosis,ICD-10,21.0,,,02/17/2026,02/17/2026,2024-07-01,2026-02-17,2026-02-17,False,,21.0,False,False,2024-07
1215,2024,7,Occurrence,Race-Ethnicity,Hawaiian/Pacific Islander,LIV,Chronic liver disease and cirrhosis,ICD-10,,1,Cell suppressed for small numbers,02/17/2026,02/17/2026,2024-07-01,2026-02-17,2026-02-17,True,Cell suppressed for small numbers,,False,False,2024-07
1216,2024,7,Occurrence,Race-Ethnicity,Hispanic,LIV,Chronic liver disease and cirrhosis,ICD-10,230.0,,,02/17/2026,02/17/2026,2024-07-01,2026-02-17,2026-02-17,False,,230.0,False,False,2024-07
1217,2024,7,Occurrence,Race-Ethnicity,Multi-Race,LIV,Chronic liver disease and cirrhosis,ICD-10,,1,Cell suppressed for small numbers,02/17/2026,02/17/2026,2024-07-01,2026-02-17,2026-02-17,True,Cell suppressed for small numbers,,False,False,2024-07
1218,2024,7,Occurrence,Race-Ethnicity,White,LIV,Chronic liver disease and cirrhosis,ICD-10,205.0,,,02/17/2026,02/17/2026,2024-07-01,2026-02-17,2026-02-17,False,,205.0,False,False,2024-07
1219,2024,7,Occurrence,Race-Ethnicity,Other/Unknown,LIV,Chronic liver disease and cirrhosis,ICD-10,,1,Cell suppressed for small numbers,02/17/2026,02/17/2026,2024-07-01,2026-02-17,2026-02-17,True,Cell suppressed for small numbers,,False,False,2024-07
1220,2024,7,Occurrence,Total Population,Total Population,NEP,"Nephritis, nephrotic syndrome and nephrosis",ICD-10,401.0,,,02/17/2026,02/17/2026,2024-07-01,2026-02-17,2026-02-17,False,,401.0,True,False,2024-07
1221,2024,7,Occurrence,Gender,Female,NEP,"Nephritis, nephrotic syndrome and nephrosis",ICD-10,179.0,,,02/17/2026,02/17/2026,2024-07-01,2026-02-17,2026-02-17,False,,179.0,False,False,2024-07
1222,2024,7,Occurrence,Gender,Male,NEP,"Nephritis, nephrotic syndrome and nephrosis",ICD-10,222.0,,,02/17/2026,02/17/2026,2024-07-01,2026-02-17,2026-02-17,False,,222.0,False,False,2024-07
1223,2024,7,Occurrence,Race-Ethnicity,American Indian/Alaska Native,NEP,"Nephritis, nephrotic syndrome and nephrosis",ICD-10,0.0,,,02/17/2026,02/17/2026,2024-07-01,2026-02-17,2026-02-17,False,,0.0,False,False,2024-07
1224,2024,7,Occurrence,Race-Ethnicity,Asian,NEP,"Nephritis, nephrotic syndrome and nephrosis",ICD-10,60.0,,,02/17/2026,02/17/2026,2024-07-01,2026-02-17,2026-02-17,False,,60.0,False,False,2024-07
1225,2024,7,Occurrence,Race-Ethnicity,Black,NEP,"Nephritis, nephrotic syndrome and nephrosis",ICD-10,37.0,,,02/17/2026,02/17/2026,2024-07-01,2026-02-17,2026-02-17,False,,37.0,False,False,2024-07
1226,2024,7,Occurrence,Race-Ethnicity,Hawaiian/Pacific Islander,NEP,"Nephritis, nephrotic syndrome and nephrosis",ICD-10,,1,Cell suppressed for small numbers,02/17/2026,02/17/2026,2024-07-01,2026-02-17,2026-02-17,True,Cell suppressed for small numbers,,False,False,2024-07
1227,2024,7,Occurrence,Race-Ethnicity,Hispanic,NEP,"Nephritis, nephrotic syndrome and nephrosis",ICD-10,126.0,,,02/17/2026,02/17/2026,2024-07-01,2026-02-17,2026-02-17,False,,126.0,False,False,2024-07
1228,2024,7,Occurrence,Race-Ethnicity,Multi-Race,NEP,"Nephritis, nephrotic syndrome and nephrosis",ICD-10,,1,Cell suppressed for small numbers,02/17/2026,02/17/2026,2024-07-01,2026-02-17,2026-02-17,True,Cell suppressed for small numbers,,False,False,2024-07
1229,2024,7,Occurrence,Race-Ethnicity,White,NEP,"Nephritis, nephrotic syndrome and nephrosis",ICD-10,162.0,,,02/17/2026,02/17/2026,2024-07-01,2026-02-17,2026-02-17,False,,162.0,False,False,2024-07
1230,2024,7,Occurrence,Race-Ethnicity,Other/Unknown,NEP,"Nephritis, nephrotic syndrome and nephrosis",ICD-10,,1,Cell suppressed for small numbers,02/17/2026,02/17/2026,2024-07-01,2026-02-17,2026-02-17,True,Cell suppressed for small numbers,,False,False,2024-07
1231,2024,7,Occurrence,Total Population,Total Population,PAR,Parkinson's disease,ICD-10,372.0,,,02/17/2026,02/17/2026,2024-07-01,2026-02-17,2026-02-17,False,,372.0,True,False,2024-07
1232,2024,7,Occurrence,Gender,Female,PAR,Parkinson's disease,ICD-10,119.0,,,02/17/2026,02/17/2026,2024-07-01,2026-02-17,2026-02-17,False,,119.0,False,False,2024-07
1233,2024,7,Occurrence,Gender,Male,PAR,Parkinson's disease,ICD-10,253.0,,,02/17/2026,02/17/2026,2024-07-01,2026-02-17,2026-02-17,False,,253.0,False,False,2024-07
1234,2024,7,Occurrence,Race-Ethnicity,American Indian/Alaska Native,PAR,Parkinson's disease,ICD-10,,1,Cell suppressed for small numbers,02/17/2026,02/17/2026,2024-07-01,2026-02-17,2026-02-17,True,Cell suppressed for small numbers,,False,False,2024-07
1235,2024,7,Occurrence,Race-Ethnicity,Asian,PAR,Parkinson's disease,ICD-10,54.0,,,02/17/2026,02/17/2026,2024-07-01,2026-02-17,2026-02-17,False,,54.0,False,False,2024-07
1236,2024,7,Occurrence,Race-Ethnicity,Black,PAR,Parkinson's disease,ICD-10,,1,Cell suppressed for small numbers,02/17/2026,02/17/2026,2024-07-01,2026-02-17,2026-02-17,True,Cell suppressed for small numbers,,False,False,2024-07
1237,2024,7,Occurrence,Race-Ethnicity,Hawaiian/Pacific Islander,PAR,Parkinson's disease,ICD-10,,1,Cell suppressed for small numbers,02/17/2026,02/17/2026,2024-07-01,2026-02-17,2026-02-17,True,Cell suppressed for small numbers,,False,False,2024-07
1238,2024,7,Occurrence,Race-Ethnicity,Hispanic,PAR,Parkinson's disease,ICD-10,44.0,,,02/17/2026,02/17/2026,2024-07-01,2026-02-17,2026-02-17,False,,44.0,False,False,2024-07
1239,2024,7,Occurrence,Race-Ethnicity,Multi-Race,PAR,Parkinson's disease,ICD-10,,1,Cell suppressed for small numbers,02/17/2026,02/17/2026,2024-07-01,2026-02-17,2026-02-17,True,Cell suppressed for small numbers,,False,False,2024-07
1240,2024,7,Occurrence,Race-Ethnicity,White,PAR,Parkinson's disease,ICD-10,254.0,,,02/17/2026,02/17/2026,2024-07-01,2026-02-17,2026-02-17,False,,254.0,False,False,2024-07
1241,2024,7,Occurrence,Race-Ethnicity,Other/Unknown,PAR,Parkinson's disease,ICD-10,,1,Cell suppressed for small numbers,02/17/2026,02/17/2026,2024-07-01,2026-02-17,2026-02-17,True,Cell suppressed for small numbers,,False,False,2024-07
1242,2024,7,Occurrence,Total Population,Total Population,PNF,Influenza and pneumonia,ICD-10,383.0,,,02/17/2026,02/17/2026,2024-07-01,2026-02-17,2026-02-17,False,,383.0,True,False,2024-07
1243,2024,7,Occurrence,Gender,Female,PNF,Influenza and pneumonia,ICD-10,179.0,,,02/17/2026,02/17/2026,2024-07-01,2026-02-17,2026-02-17,False,,179.0,False,False,2024-07
1244,2024,7,Occurrence,Gender,Male,PNF,Influenza and pneumonia,ICD-10,204.0,,,02/17/2026,02/17/2026,2024-07-01,2026-02-17,2026-02-17,False,,204.0,False,False,2024-07
1245,2024,7,Occurrence,Race-Ethnicity,American Indian/Alaska Native,PNF,Influenza and pneumonia,ICD-10,0.0,,,02/17/2026,02/17/2026,2024-07-01,2026-02-17,2026-02-17,False,,0.0,False,False,2024-07
1246,2024,7,Occurrence,Race-Ethnicity,Asian,PNF,Influenza and pneumonia,ICD-10,76.0,,,02/17/2026,02/17/2026,2024-07-01,2026-02-17,2026-02-17,False,,76.0,False,False,2024-07
1247,2024,7,Occurrence,Race-Ethnicity,Black,PNF,Influenza and pneumonia,ICD-10,25.0,,,02/17/2026,02/17/2026,2024-07-01,2026-02-17,2026-02-17,False,,25.0,False,False,2024-07
1248,2024,7,Occurrence,Race-Ethnicity,Hawaiian/Pacific Islander,PNF,Influenza and pneumonia,ICD-10,,1,Cell suppressed for small numbers,02/17/2026,02/17/2026,2024-07-01,2026-02-17,2026-02-17,True,Cell suppressed for small numbers,,False,False,2024-07
1249,2024,7,Occurrence,Race-Ethnicity,Hispanic,PNF,Influenza and pneumonia,ICD-10,87.0,,,02/17/2026,02/17/2026,2024-07-01,2026-02-17,2026-02-17,False,,87.0,False,False,2024-07
1250,2024,7,Occurrence,Race-Ethnicity,Multi-Race,PNF,Influenza and pneumonia,ICD-10,,1,Cell suppressed for small numbers,02/17/2026,02/17/2026,2024-07-01,2026-02-17,2026-02-17,True,Cell suppressed for small numbers,,False,False,2024-07
1251,2024,7,Occurrence,Race-Ethnicity,White,PNF,Influenza and pneumonia,ICD-10,187.0,,,02/17/2026,02/17/2026,2024-07-01,2026-02-17,2026-02-17,False,,187.0,False,False,2024-07
1252,2024,7,Occurrence,Race-Ethnicity,Other/Unknown,PNF,Influenza and pneumonia,ICD-10,,1,Cell suppressed for small numbers,02/17/2026,02/17/2026,2024-07-01,2026-02-17,2026-02-17,True,Cell suppressed for small numbers,,False,False,2024-07
1253,2024,7,Occurrence,Total Population,Total Population,STK,Cerebrovascular diseases,ICD-10,1405.0,,,02/17/2026,02/17/2026,2024-07-01,2026-02-17,2026-02-17,False,,1405.0,True,False,2024-07
1254,2024,7,Occurrence,Gender,Female,STK,Cerebrovascular diseases,ICD-10,775.0,,,02/17/2026,02/17/2026,2024-07-01,2026-02-17,2026-02-17,False,,775.0,False,False,2024-07
1255,2024,7,Occurrence,Gender,Male,STK,Cerebrovascular diseases,ICD-10,630.0,,,02/17/2026,02/17/2026,2024-07-01,2026-02-17,2026-02-17,False,,630.0,False,False,2024-07
1256,2024,7,Occurrence,Race-Ethnicity,American Indian/Alaska Native,STK,Cerebrovascular diseases,ICD-10,,1,Cell suppressed for small numbers,02/17/2026,02/17/2026,2024-07-01,2026-02-17,2026-02-17,True,Cell suppressed for small numbers,,False,False,2024-07
1257,2024,7,Occurrence,Race-Ethnicity,Asian,STK,Cerebrovascular diseases,ICD-10,208.0,,,02/17/2026,02/17/2026,2024-07-01,2026-02-17,2026-02-17,False,,208.0,False,False,2024-07
1258,2024,7,Occurrence,Race-Ethnicity,Black,STK,Cerebrovascular diseases,ICD-10,100.0,,,02/17/2026,02/17/2026,2024-07-01,2026-02-17,2026-02-17,False,,100.0,False,False,2024-07
1259,2024,7,Occurrence,Race-Ethnicity,Hawaiian/Pacific Islander,STK,Cerebrovascular diseases,ICD-10,,1,Cell suppressed for small numbers,02/17/2026,02/17/2026,2024-07-01,2026-02-17,2026-02-17,True,Cell suppressed for small numbers,,False,False,2024-07
1260,2024,7,Occurrence,Race-Ethnicity,Hispanic,STK,Cerebrovascular diseases,ICD-10,306.0,,,02/17/2026,02/17/2026,2024-07-01,2026-02-17,2026-02-17,False,,306.0,False,False,2024-07
1261,2024,7,Occurrence,Race-Ethnicity,Multi-Race,STK,Cerebrovascular diseases,ICD-10,13.0,,,02/17/2026,02/17/2026,2024-07-01,2026-02-17,2026-02-17,False,,13.0,False,False,2024-07
1262,2024,7,Occurrence,Race-Ethnicity,White,STK,Cerebrovascular diseases,ICD-10,751.0,,,02/17/2026,02/17/2026,2024-07-01,2026-02-17,2026-02-17,False,,751.0,False,False,2024-07
1263,2024,7,Occurrence,Race-Ethnicity,Other/Unknown,STK,Cerebrovascular diseases,ICD-10,12.0,,,02/17/2026,02/17/2026,2024-07-01,2026-02-17,2026-02-17,False,,12.0,False,False,2024-07
1264,2024,7,Occurrence,Total Population,Total Population,SUI,Intentional self-harm (suicide),ICD-10,381.0,,,02/17/2026,02/17/2026,2024-07-01,2026-02-17,2026-02-17,False,,381.0,True,False,2024-07
1265,2024,7,Occurrence,Gender,Female,SUI,Intentional self-harm (suicide),ICD-10,82.0,,,02/17/2026,02/17/2026,2024-07-01,2026-02-17,2026-02-17,False,,82.0,False,False,2024-07
1266,2024,7,Occurrence,Gender,Male,SUI,Intentional self-harm (suicide),ICD-10,299.0,,,02/17/2026,02/17/2026,2024-07-01,2026-02-17,2026-02-17,False,,299.0,False,False,2024-07
1267,2024,7,Occurrence,Race-Ethnicity,American Indian/Alaska Native,SUI,Intentional self-harm (suicide),ICD-10,0.0,,,02/17/2026,02/17/2026,2024-07-01,2026-02-17,2026-02-17,False,,0.0,False,False,2024-07
1268,2024,7,Occurrence,Race-Ethnicity,Asian,SUI,Intentional self-harm (suicide),ICD-10,38.0,,,02/17/2026,02/17/2026,2024-07-01,2026-02-17,2026-02-17,False,,38.0,False,False,2024-07
1269,2024,7,Occurrence,Race-Ethnicity,Black,SUI,Intentional self-harm (suicide),ICD-10,15.0,,,02/17/2026,02/17/2026,2024-07-01,2026-02-17,2026-02-17,False,,15.0,False,False,2024-07
1270,2024,7,Occurrence,Race-Ethnicity,Hawaiian/Pacific Islander,SUI,Intentional self-harm (suicide),ICD-10,,1,Cell suppressed for small numbers,02/17/2026,02/17/2026,2024-07-01,2026-02-17,2026-02-17,True,Cell suppressed for small numbers,,False,False,2024-07
1271,2024,7,Occurrence,Race-Ethnicity,Hispanic,SUI,Intentional self-harm (suicide),ICD-10,100.0,,,02/17/2026,02/17/2026,2024-07-01,2026-02-17,2026-02-17,False,,100.0,False,False,2024-07
1272,2024,7,Occurrence,Race-Ethnicity,Multi-Race,SUI,Intentional self-harm (suicide),ICD-10,,1,Cell suppressed for small numbers,02/17/2026,02/17/2026,2024-07-01,2026-02-17,2026-02-17,True,Cell suppressed for small numbers,,False,False,2024-07
1273,2024,7,Occurrence,Race-Ethnicity,White,SUI,Intentional self-harm (suicide),ICD-10,215.0,,,02/17/2026,02/17/2026,2024-07-01,2026-02-17,2026-02-17,False,,215.0,False,False,2024-07
1274,2024,7,Occurrence,Race-Ethnicity,Other/Unknown,SUI,Intentional self-harm (suicide),ICD-10,,1,Cell suppressed for small numbers,02/17/2026,02/17/2026,2024-07-01,2026-02-17,2026-02-17,True,Cell suppressed for small numbers,,False,False,2024-07
1275,2024,8,Occurrence,Total Population,Total Population,ALL,All causes (total),ICD-10,23519.0,,,02/17/2026,02/17/2026,2024-08-01,2026-02-17,2026-02-17,False,,23519.0,True,True,2024-08
1276,2024,8,Occurrence,Age,Under 1 year,ALL,All causes (total),ICD-10,129.0,,,02/17/2026,02/17/2026,2024-08-01,2026-02-17,2026-02-17,False,,129.0,False,True,2024-08
1277,2024,8,Occurrence,Age,1-4 years,ALL,All causes (total),ICD-10,20.0,,,02/17/2026,02/17/2026,2024-08-01,2026-02-17,2026-02-17,False,,20.0,False,True,2024-08
1278,2024,8,Occurrence,Age,5-14 years,ALL,All causes (total),ICD-10,42.0,,,02/17/2026,02/17/2026,2024-08-01,2026-02-17,2026-02-17,False,,42.0,False,True,2024-08
1279,2024,8,Occurrence,Age,15-24 years,ALL,All causes (total),ICD-10,238.0,,,02/17/2026,02/17/2026,2024-08-01,2026-02-17,2026-02-17,False,,238.0,False,True,2024-08
1280,2024,8,Occurrence,Age,25-34 years,ALL,All causes (total),ICD-10,494.0,,,02/17/2026,02/17/2026,2024-08-01,2026-02-17,2026-02-17,False,,494.0,False,True,2024-08
1281,2024,8,Occurrence,Age,35-44 years,ALL,All causes (total),ICD-10,854.0,,,02/17/2026,02/17/2026,2024-08-01,2026-02-17,2026-02-17,False,,854.0,False,True,2024-08
1282,2024,8,Occurrence,Age,45-54 years,ALL,All causes (total),ICD-10,1257.0,,,02/17/2026,02/17/2026,2024-08-01,2026-02-17,2026-02-17,False,,1257.0,False,True,2024-08
1283,2024,8,Occurrence,Age,55-64 years,ALL,All causes (total),ICD-10,2690.0,,,02/17/2026,02/17/2026,2024-08-01,2026-02-17,2026-02-17,False,,2690.0,False,True,2024-08
1284,2024,8,Occurrence,Age,65-74 years,ALL,All causes (total),ICD-10,4423.0,,,02/17/2026,02/17/2026,2024-08-01,2026-02-17,2026-02-17,False,,4423.0,False,True,2024-08
1285,2024,8,Occurrence,Age,75-84 years,ALL,All causes (total),ICD-10,5922.0,,,02/17/2026,02/17/2026,2024-08-01,2026-02-17,2026-02-17,False,,5922.0,False,True,2024-08
1286,2024,8,Occurrence,Age,85 years and over,ALL,All causes (total),ICD-10,7442.0,,,02/17/2026,02/17/2026,2024-08-01,2026-02-17,2026-02-17,False,,7442.0,False,True,2024-08
1287,2024,8,Occurrence,Gender,Female,ALL,All causes (total),ICD-10,10903.0,,,02/17/2026,02/17/2026,2024-08-01,2026-02-17,2026-02-17,False,,10903.0,False,True,2024-08
1288,2024,8,Occurrence,Gender,Male,ALL,All causes (total),ICD-10,12611.0,,,02/17/2026,02/17/2026,2024-08-01,2026-02-17,2026-02-17,False,,12611.0,False,True,2024-08
1289,2024,8,Occurrence,Place Type,Inpatient,ALL,All causes (total),ICD-10,7144.0,,,02/17/2026,02/17/2026,2024-08-01,2026-02-17,2026-02-17,False,,7144.0,False,True,2024-08
1290,2024,8,Occurrence,Place Type,Emergency Room/Outpatient,ALL,All causes (total),ICD-10,1233.0,,,02/17/2026,02/17/2026,2024-08-01,2026-02-17,2026-02-17,False,,1233.0,False,True,2024-08
1291,2024,8,Occurrence,Place Type,Decedent's Home,ALL,All causes (total),ICD-10,9006.0,,,02/17/2026,02/17/2026,2024-08-01,2026-02-17,2026-02-17,False,,9006.0,False,True,2024-08
1292,2024,8,Occurrence,Place Type,Hospice Facility,ALL,All causes (total),ICD-10,308.0,,,02/17/2026,02/17/2026,2024-08-01,2026-02-17,2026-02-17,False,,308.0,False,True,2024-08
1293,2024,8,Occurrence,Place Type,Nursing Home/Long Term Care Facility,ALL,All causes (total),ICD-10,2992.0,,,02/17/2026,02/17/2026,2024-08-01,2026-02-17,2026-02-17,False,,2992.0,False,True,2024-08
1294,2024,8,Occurrence,Place Type,Other/Unknown,ALL,All causes (total),ICD-10,2836.0,,,02/17/2026,02/17/2026,2024-08-01,2026-02-17,2026-02-17,False,,2836.0,False,True,2024-08
1295,2024,8,Occurrence,Race-Ethnicity,American Indian/Alaska Native,ALL,All causes (total),ICD-10,126.0,,,02/17/2026,02/17/2026,2024-08-01,2026-02-17,2026-02-17,False,,126.0,False,True,2024-08
1296,2024,8,Occurrence,Race-Ethnicity,Asian,ALL,All causes (total),ICD-10,2598.0,,,02/17/2026,02/17/2026,2024-08-01,2026-02-17,2026-02-17,False,,2598.0,False,True,2024-08
1297,2024,8,Occurrence,Race-Ethnicity,Black,ALL,All causes (total),ICD-10,1851.0,,,02/17/2026,02/17/2026,2024-08-01,2026-02-17,2026-02-17,False,,1851.0,False,True,2024-08
1298,2024,8,Occurrence,Race-Ethnicity,Hawaiian/Pacific Islander,ALL,All causes (total),ICD-10,95.0,,,02/17/2026,02/17/2026,2024-08-01,2026-02-17,2026-02-17,False,,95.0,False,True,2024-08
1299,2024,8,Occurrence,Race-Ethnicity,Hispanic,ALL,All causes (total),ICD-10,5313.0,,,02/17/2026,02/17/2026,2024-08-01,2026-02-17,2026-02-17,False,,5313.0,False,True,2024-08
1300,2024,8,Occurrence,Race-Ethnicity,Multi-Race,ALL,All causes (total),ICD-10,272.0,,,02/17/2026,02/17/2026,2024-08-01,2026-02-17,2026-02-17,False,,272.0,False,True,2024-08
1301,2024,8,Occurrence,Race-Ethnicity,White,ALL,All causes (total),ICD-10,13077.0,,,02/17/2026,02/17/2026,2024-08-01,2026-02-17,2026-02-17,False,,13077.0,False,True,2024-08
1302,2024,8,Occurrence,Race-Ethnicity,Other/Unknown,ALL,All causes (total),ICD-10,187.0,,,02/17/2026,02/17/2026,2024-08-01,2026-02-17,2026-02-17,False,,187.0,False,True,2024-08
1303,2024,8,Occurrence,Total Population,Total Population,ALZ,Alzheimer's disease,ICD-10,1351.0,,,02/17/2026,02/17/2026,2024-08-01,2026-02-17,2026-02-17,False,,1351.0,True,False,2024-08
1304,2024,8,Occurrence,Gender,Female,ALZ,Alzheimer's disease,ICD-10,893.0,,,02/17/2026,02/17/2026,2024-08-01,2026-02-17,2026-02-17,False,,893.0,False,False,2024-08
1305,2024,8,Occurrence,Gender,Male,ALZ,Alzheimer's disease,ICD-10,458.0,,,02/17/2026,02/17/2026,2024-08-01,2026-02-17,2026-02-17,False,,458.0,False,False,2024-08
1306,2024,8,Occurrence,Race-Ethnicity,American Indian/Alaska Native,ALZ,Alzheimer's disease,ICD-10,,1,Cell suppressed for small numbers,02/17/2026,02/17/2026,2024-08-01,2026-02-17,2026-02-17,True,Cell suppressed for small numbers,,False,False,2024-08
1307,2024,8,Occurrence,Race-Ethnicity,Asian,ALZ,Alzheimer's disease,ICD-10,148.0,,,02/17/2026,02/17/2026,2024-08-01,2026-02-17,2026-02-17,False,,148.0,False,False,2024-08
1308,2024,8,Occurrence,Race-Ethnicity,Black,ALZ,Alzheimer's disease,ICD-10,74.0,,,02/17/2026,02/17/2026,2024-08-01,2026-02-17,2026-02-17,False,,74.0,False,False,2024-08
1309,2024,8,Occurrence,Race-Ethnicity,Hawaiian/Pacific Islander,ALZ,Alzheimer's disease,ICD-10,,1,Cell suppressed for small numbers,02/17/2026,02/17/2026,2024-08-01,2026-02-17,2026-02-17,True,Cell suppressed for small numbers,,False,False,2024-08
1310,2024,8,Occurrence,Race-Ethnicity,Hispanic,ALZ,Alzheimer's disease,ICD-10,251.0,,,02/17/2026,02/17/2026,2024-08-01,2026-02-17,2026-02-17,False,,251.0,False,False,2024-08
1311,2024,8,Occurrence,Race-Ethnicity,Multi-Race,ALZ,Alzheimer's disease,ICD-10,,1,Cell suppressed for small numbers,02/17/2026,02/17/2026,2024-08-01,2026-02-17,2026-02-17,True,Cell suppressed for small numbers,,False,False,2024-08
1312,2024,8,Occurrence,Race-Ethnicity,White,ALZ,Alzheimer's disease,ICD-10,852.0,,,02/17/2026,02/17/2026,2024-08-01,2026-02-17,2026-02-17,False,,852.0,False,False,2024-08
1313,2024,8,Occurrence,Race-Ethnicity,Other/Unknown,ALZ,Alzheimer's disease,ICD-10,,1,Cell suppressed for small numbers,02/17/2026,02/17/2026,2024-08-01,2026-02-17,2026-02-17,True,Cell suppressed for small numbers,,False,False,2024-08
1314,2024,8,Occurrence,Total Population,Total Population,CAN,Malignant neoplasms,ICD-10,5164.0,,,02/17/2026,02/17/2026,2024-08-01,2026-02-17,2026-02-17,False,,5164.0,True,False,2024-08
1315,2024,8,Occurrence,Gender,Female,CAN,Malignant neoplasms,ICD-10,2468.0,,,02/17/2026,02/17/2026,2024-08-01,2026-02-17,2026-02-17,False,,2468.0,False,False,2024-08
1316,2024,8,Occurrence,Gender,Male,CAN,Malignant neoplasms,ICD-10,2696.0,,,02/17/2026,02/17/2026,2024-08-01,2026-02-17,2026-02-17,False,,2696.0,False,False,2024-08
1317,2024,8,Occurrence,Race-Ethnicity,American Indian/Alaska Native,CAN,Malignant neoplasms,ICD-10,24.0,,,02/17/2026,02/17/2026,2024-08-01,2026-02-17,2026-02-17,False,,24.0,False,False,2024-08
1318,2024,8,Occurrence,Race-Ethnicity,Asian,CAN,Malignant neoplasms,ICD-10,663.0,,,02/17/2026,02/17/2026,2024-08-01,2026-02-17,2026-02-17,False,,663.0,False,False,2024-08
1319,2024,8,Occurrence,Race-Ethnicity,Black,CAN,Malignant neoplasms,ICD-10,380.0,,,02/17/2026,02/17/2026,2024-08-01,2026-02-17,2026-02-17,False,,380.0,False,False,2024-08
1320,2024,8,Occurrence,Race-Ethnicity,Hawaiian/Pacific Islander,CAN,Malignant neoplasms,ICD-10,23.0,,,02/17/2026,02/17/2026,2024-08-01,2026-02-17,2026-02-17,False,,23.0,False,False,2024-08
1321,2024,8,Occurrence,Race-Ethnicity,Hispanic,CAN,Malignant neoplasms,ICD-10,1120.0,,,02/17/2026,02/17/2026,2024-08-01,2026-02-17,2026-02-17,False,,1120.0,False,False,2024-08
1322,2024,8,Occurrence,Race-Ethnicity,Multi-Race,CAN,Malignant neoplasms,ICD-10,59.0,,,02/17/2026,02/17/2026,2024-08-01,2026-02-17,2026-02-17,False,,59.0,False,False,2024-08
1323,2024,8,Occurrence,Race-Ethnicity,White,CAN,Malignant neoplasms,ICD-10,2875.0,,,02/17/2026,02/17/2026,2024-08-01,2026-02-17,2026-02-17,False,,2875.0,False,False,2024-08
1324,2024,8,Occurrence,Race-Ethnicity,Other/Unknown,CAN,Malignant neoplasms,ICD-10,20.0,,,02/17/2026,02/17/2026,2024-08-01,2026-02-17,2026-02-17,False,,20.0,False,False,2024-08
1325,2024,8,Occurrence,Total Population,Total Population,CLD,Chronic lower respiratory diseases,ICD-10,920.0,,,02/17/2026,02/17/2026,2024-08-01,2026-02-17,2026-02-17,False,,920.0,True,False,2024-08
1326,2024,8,Occurrence,Gender,Female,CLD,Chronic lower respiratory diseases,ICD-10,472.0,,,02/17/2026,02/17/2026,2024-08-01,2026-02-17,2026-02-17,False,,472.0,False,False,2024-08
1327,2024,8,Occurrence,Gender,Male,CLD,Chronic lower respiratory diseases,ICD-10,448.0,,,02/17/2026,02/17/2026,2024-08-01,2026-02-17,2026-02-17,False,,448.0,False,False,2024-08
1328,2024,8,Occurrence,Race-Ethnicity,American Indian/Alaska Native,CLD,Chronic lower respiratory diseases,ICD-10,,1,Cell suppressed for small numbers,02/17/2026,02/17/2026,2024-08-01,2026-02-17,2026-02-17,True,Cell suppressed for small numbers,,False,False,2024-08
1329,2024,8,Occurrence,Race-Ethnicity,Asian,CLD,Chronic lower respiratory diseases,ICD-10,56.0,,,02/17/2026,02/17/2026,2024-08-01,2026-02-17,2026-02-17,False,,56.0,False,False,2024-08
1330,2024,8,Occurrence,Race-Ethnicity,Black,CLD,Chronic lower respiratory diseases,ICD-10,77.0,,,02/17/2026,02/17/2026,2024-08-01,2026-02-17,2026-02-17,False,,77.0,False,False,2024-08
1331,2024,8,Occurrence,Race-Ethnicity,Hawaiian/Pacific Islander,CLD,Chronic lower respiratory diseases,ICD-10,,1,Cell suppressed for small numbers,02/17/2026,02/17/2026,2024-08-01,2026-02-17,2026-02-17,True,Cell suppressed for small numbers,,False,False,2024-08
1332,2024,8,Occurrence,Race-Ethnicity,Hispanic,CLD,Chronic lower respiratory diseases,ICD-10,101.0,,,02/17/2026,02/17/2026,2024-08-01,2026-02-17,2026-02-17,False,,101.0,False,False,2024-08
1333,2024,8,Occurrence,Race-Ethnicity,Multi-Race,CLD,Chronic lower respiratory diseases,ICD-10,11.0,,,02/17/2026,02/17/2026,2024-08-01,2026-02-17,2026-02-17,False,,11.0,False,False,2024-08
1334,2024,8,Occurrence,Race-Ethnicity,White,CLD,Chronic lower respiratory diseases,ICD-10,662.0,,,02/17/2026,02/17/2026,2024-08-01,2026-02-17,2026-02-17,False,,662.0,False,False,2024-08
1335,2024,8,Occurrence,Race-Ethnicity,Other/Unknown,CLD,Chronic lower respiratory diseases,ICD-10,,1,Cell suppressed for small numbers,02/17/2026,02/17/2026,2024-08-01,2026-02-17,2026-02-17,True,Cell suppressed for small numbers,,False,False,2024-08
1336,2024,8,Occurrence,Total Population,Total Population,DIA,Diabetes mellitus,ICD-10,886.0,,,02/17/2026,02/17/2026,2024-08-01,2026-02-17,2026-02-17,False,,886.0,True,False,2024-08
1337,2024,8,Occurrence,Gender,Female,DIA,Diabetes mellitus,ICD-10,376.0,,,02/17/2026,02/17/2026,2024-08-01,2026-02-17,2026-02-17,False,,376.0,False,False,2024-08
1338,2024,8,Occurrence,Gender,Male,DIA,Diabetes mellitus,ICD-10,510.0,,,02/17/2026,02/17/2026,2024-08-01,2026-02-17,2026-02-17,False,,510.0,False,False,2024-08
1339,2024,8,Occurrence,Race-Ethnicity,American Indian/Alaska Native,DIA,Diabetes mellitus,ICD-10,,1,Cell suppressed for small numbers,02/17/2026,02/17/2026,2024-08-01,2026-02-17,2026-02-17,True,Cell suppressed for small numbers,,False,False,2024-08
1340,2024,8,Occurrence,Race-Ethnicity,Asian,DIA,Diabetes mellitus,ICD-10,135.0,,,02/17/2026,02/17/2026,2024-08-01,2026-02-17,2026-02-17,False,,135.0,False,False,2024-08
1341,2024,8,Occurrence,Race-Ethnicity,Black,DIA,Diabetes mellitus,ICD-10,101.0,,,02/17/2026,02/17/2026,2024-08-01,2026-02-17,2026-02-17,False,,101.0,False,False,2024-08
1342,2024,8,Occurrence,Race-Ethnicity,Hawaiian/Pacific Islander,DIA,Diabetes mellitus,ICD-10,,1,Cell suppressed for small numbers,02/17/2026,02/17/2026,2024-08-01,2026-02-17,2026-02-17,True,Cell suppressed for small numbers,,False,False,2024-08
1343,2024,8,Occurrence,Race-Ethnicity,Hispanic,DIA,Diabetes mellitus,ICD-10,294.0,,,02/17/2026,02/17/2026,2024-08-01,2026-02-17,2026-02-17,False,,294.0,False,False,2024-08
1344,2024,8,Occurrence,Race-Ethnicity,Multi-Race,DIA,Diabetes mellitus,ICD-10,12.0,,,02/17/2026,02/17/2026,2024-08-01,2026-02-17,2026-02-17,False,,12.0,False,False,2024-08
1345,2024,8,Occurrence,Race-Ethnicity,White,DIA,Diabetes mellitus,ICD-10,334.0,,,02/17/2026,02/17/2026,2024-08-01,2026-02-17,2026-02-17,False,,334.0,False,False,2024-08
1346,2024,8,Occurrence,Race-Ethnicity,Other/Unknown,DIA,Diabetes mellitus,ICD-10,,1,Cell suppressed for small numbers,02/17/2026,02/17/2026,2024-08-01,2026-02-17,2026-02-17,True,Cell suppressed for small numbers,,False,False,2024-08
1347,2024,8,Occurrence,Total Population,Total Population,HOM,Assault (homicide),ICD-10,154.0,,,02/17/2026,02/17/2026,2024-08-01,2026-02-17,2026-02-17,False,,154.0,True,False,2024-08
1348,2024,8,Occurrence,Gender,Female,HOM,Assault (homicide),ICD-10,26.0,,,02/17/2026,02/17/2026,2024-08-01,2026-02-17,2026-02-17,False,,26.0,False,False,2024-08
1349,2024,8,Occurrence,Gender,Male,HOM,Assault (homicide),ICD-10,128.0,,,02/17/2026,02/17/2026,2024-08-01,2026-02-17,2026-02-17,False,,128.0,False,False,2024-08
1350,2024,8,Occurrence,Race-Ethnicity,American Indian/Alaska Native,HOM,Assault (homicide),ICD-10,0.0,,,02/17/2026,02/17/2026,2024-08-01,2026-02-17,2026-02-17,False,,0.0,False,False,2024-08
1351,2024,8,Occurrence,Race-Ethnicity,Asian,HOM,Assault (homicide),ICD-10,,1,Cell suppressed for small numbers,02/17/2026,02/17/2026,2024-08-01,2026-02-17,2026-02-17,True,Cell suppressed for small numbers,,False,False,2024-08
1352,2024,8,Occurrence,Race-Ethnicity,Black,HOM,Assault (homicide),ICD-10,40.0,,,02/17/2026,02/17/2026,2024-08-01,2026-02-17,2026-02-17,False,,40.0,False,False,2024-08
1353,2024,8,Occurrence,Race-Ethnicity,Hawaiian/Pacific Islander,HOM,Assault (homicide),ICD-10,,1,Cell suppressed for small numbers,02/17/2026,02/17/2026,2024-08-01,2026-02-17,2026-02-17,True,Cell suppressed for small numbers,,False,False,2024-08
1354,2024,8,Occurrence,Race-Ethnicity,Hispanic,HOM,Assault (homicide),ICD-10,73.0,,,02/17/2026,02/17/2026,2024-08-01,2026-02-17,2026-02-17,False,,73.0,False,False,2024-08
1355,2024,8,Occurrence,Race-Ethnicity,Multi-Race,HOM,Assault (homicide),ICD-10,,1,Cell suppressed for small numbers,02/17/2026,02/17/2026,2024-08-01,2026-02-17,2026-02-17,True,Cell suppressed for small numbers,,False,False,2024-08
1356,2024,8,Occurrence,Race-Ethnicity,White,HOM,Assault (homicide),ICD-10,34.0,,,02/17/2026,02/17/2026,2024-08-01,2026-02-17,2026-02-17,False,,34.0,False,False,2024-08
1357,2024,8,Occurrence,Race-Ethnicity,Other/Unknown,HOM,Assault (homicide),ICD-10,0.0,,,02/17/2026,02/17/2026,2024-08-01,2026-02-17,2026-02-17,False,,0.0,False,False,2024-08
1358,2024,8,Occurrence,Total Population,Total Population,HTD,Diseases of heart,ICD-10,4863.0,,,02/17/2026,02/17/2026,2024-08-01,2026-02-17,2026-02-17,False,,4863.0,True,False,2024-08
1359,2024,8,Occurrence,Gender,Female,HTD,Diseases of heart,ICD-10,2074.0,,,02/17/2026,02/17/2026,2024-08-01,2026-02-17,2026-02-17,False,,2074.0,False,False,2024-08
1360,2024,8,Occurrence,Gender,Male,HTD,Diseases of heart,ICD-10,2788.0,,,02/17/2026,02/17/2026,2024-08-01,2026-02-17,2026-02-17,False,,2788.0,False,False,2024-08
1361,2024,8,Occurrence,Race-Ethnicity,American Indian/Alaska Native,HTD,Diseases of heart,ICD-10,31.0,,,02/17/2026,02/17/2026,2024-08-01,2026-02-17,2026-02-17,False,,31.0,False,False,2024-08
1362,2024,8,Occurrence,Race-Ethnicity,Asian,HTD,Diseases of heart,ICD-10,499.0,,,02/17/2026,02/17/2026,2024-08-01,2026-02-17,2026-02-17,False,,499.0,False,False,2024-08
1363,2024,8,Occurrence,Race-Ethnicity,Black,HTD,Diseases of heart,ICD-10,420.0,,,02/17/2026,02/17/2026,2024-08-01,2026-02-17,2026-02-17,False,,420.0,False,False,2024-08
1364,2024,8,Occurrence,Race-Ethnicity,Hawaiian/Pacific Islander,HTD,Diseases of heart,ICD-10,16.0,,,02/17/2026,02/17/2026,2024-08-01,2026-02-17,2026-02-17,False,,16.0,False,False,2024-08
1365,2024,8,Occurrence,Race-Ethnicity,Hispanic,HTD,Diseases of heart,ICD-10,913.0,,,02/17/2026,02/17/2026,2024-08-01,2026-02-17,2026-02-17,False,,913.0,False,False,2024-08
1366,2024,8,Occurrence,Race-Ethnicity,Multi-Race,HTD,Diseases of heart,ICD-10,59.0,,,02/17/2026,02/17/2026,2024-08-01,2026-02-17,2026-02-17,False,,59.0,False,False,2024-08
1367,2024,8,Occurrence,Race-Ethnicity,White,HTD,Diseases of heart,ICD-10,2874.0,,,02/17/2026,02/17/2026,2024-08-01,2026-02-17,2026-02-17,False,,2874.0,False,False,2024-08
1368,2024,8,Occurrence,Race-Ethnicity,Other/Unknown,HTD,Diseases of heart,ICD-10,51.0,,,02/17/2026,02/17/2026,2024-08-01,2026-02-17,2026-02-17,False,,51.0,False,False,2024-08
1369,2024,8,Occurrence,Total Population,Total Population,HYP,Essential hypertension and hypertensive renal disease,ICD-10,494.0,,,02/17/2026,02/17/2026,2024-08-01,2026-02-17,2026-02-17,False,,494.0,True,False,2024-08
1370,2024,8,Occurrence,Gender,Female,HYP,Essential hypertension and hypertensive renal disease,ICD-10,256.0,,,02/17/2026,02/17/2026,2024-08-01,2026-02-17,2026-02-17,False,,256.0,False,False,2024-08
1371,2024,8,Occurrence,Gender,Male,HYP,Essential hypertension and hypertensive renal disease,ICD-10,238.0,,,02/17/2026,02/17/2026,2024-08-01,2026-02-17,2026-02-17,False,,238.0,False,False,2024-08
1372,2024,8,Occurrence,Race-Ethnicity,American Indian/Alaska Native,HYP,Essential hypertension and hypertensive renal disease,ICD-10,,1,Cell suppressed for small numbers,02/17/2026,02/17/2026,2024-08-01,2026-02-17,2026-02-17,True,Cell suppressed for small numbers,,False,False,2024-08
1373,2024,8,Occurrence,Race-Ethnicity,Asian,HYP,Essential hypertension and hypertensive renal disease,ICD-10,89.0,,,02/17/2026,02/17/2026,2024-08-01,2026-02-17,2026-02-17,False,,89.0,False,False,2024-08
1374,2024,8,Occurrence,Race-Ethnicity,Black,HYP,Essential hypertension and hypertensive renal disease,ICD-10,37.0,,,02/17/2026,02/17/2026,2024-08-01,2026-02-17,2026-02-17,False,,37.0,False,False,2024-08
1375,2024,8,Occurrence,Race-Ethnicity,Hawaiian/Pacific Islander,HYP,Essential hypertension and hypertensive renal disease,ICD-10,,1,Cell suppressed for small numbers,02/17/2026,02/17/2026,2024-08-01,2026-02-17,2026-02-17,True,Cell suppressed for small numbers,,False,False,2024-08
1376,2024,8,Occurrence,Race-Ethnicity,Hispanic,HYP,Essential hypertension and hypertensive renal disease,ICD-10,114.0,,,02/17/2026,02/17/2026,2024-08-01,2026-02-17,2026-02-17,False,,114.0,False,False,2024-08
1377,2024,8,Occurrence,Race-Ethnicity,Multi-Race,HYP,Essential hypertension and hypertensive renal disease,ICD-10,,1,Cell suppressed for small numbers,02/17/2026,02/17/2026,2024-08-01,2026-02-17,2026-02-17,True,Cell suppressed for small numbers,,False,False,2024-08
1378,2024,8,Occurrence,Race-Ethnicity,White,HYP,Essential hypertension and hypertensive renal disease,ICD-10,235.0,,,02/17/2026,02/17/2026,2024-08-01,2026-02-17,2026-02-17,False,,235.0,False,False,2024-08
1379,2024,8,Occurrence,Race-Ethnicity,Other/Unknown,HYP,Essential hypertension and hypertensive renal disease,ICD-10,,1,Cell suppressed for small numbers,02/17/2026,02/17/2026,2024-08-01,2026-02-17,2026-02-17,True,Cell suppressed for small numbers,,False,False,2024-08
1380,2024,8,Occurrence,Total Population,Total Population,INJ,Accidents (unintentional injuries),ICD-10,1623.0,,,02/17/2026,02/17/2026,2024-08-01,2026-02-17,2026-02-17,False,,1623.0,True,False,2024-08
1381,2024,8,Occurrence,Gender,Female,INJ,Accidents (unintentional injuries),ICD-10,463.0,,,02/17/2026,02/17/2026,2024-08-01,2026-02-17,2026-02-17,False,,463.0,False,False,2024-08
1382,2024,8,Occurrence,Gender,Male,INJ,Accidents (unintentional injuries),ICD-10,1160.0,,,02/17/2026,02/17/2026,2024-08-01,2026-02-17,2026-02-17,False,,1160.0,False,False,2024-08
1383,2024,8,Occurrence,Race-Ethnicity,American Indian/Alaska Native,INJ,Accidents (unintentional injuries),ICD-10,,2,Cell suppressed for complementary cell,02/17/2026,02/17/2026,2024-08-01,2026-02-17,2026-02-17,True,Cell suppressed for complementary cell,,False,False,2024-08
1384,2024,8,Occurrence,Race-Ethnicity,Asian,INJ,Accidents (unintentional injuries),ICD-10,107.0,,,02/17/2026,02/17/2026,2024-08-01,2026-02-17,2026-02-17,False,,107.0,False,False,2024-08
1385,2024,8,Occurrence,Race-Ethnicity,Black,INJ,Accidents (unintentional injuries),ICD-10,166.0,,,02/17/2026,02/17/2026,2024-08-01,2026-02-17,2026-02-17,False,,166.0,False,False,2024-08
1386,2024,8,Occurrence,Race-Ethnicity,Hawaiian/Pacific Islander,INJ,Accidents (unintentional injuries),ICD-10,,1,Cell suppressed for small numbers,02/17/2026,02/17/2026,2024-08-01,2026-02-17,2026-02-17,True,Cell suppressed for small numbers,,False,False,2024-08
1387,2024,8,Occurrence,Race-Ethnicity,Hispanic,INJ,Accidents (unintentional injuries),ICD-10,528.0,,,02/17/2026,02/17/2026,2024-08-01,2026-02-17,2026-02-17,False,,528.0,False,False,2024-08
1388,2024,8,Occurrence,Race-Ethnicity,Multi-Race,INJ,Accidents (unintentional injuries),ICD-10,32.0,,,02/17/2026,02/17/2026,2024-08-01,2026-02-17,2026-02-17,False,,32.0,False,False,2024-08
1389,2024,8,Occurrence,Race-Ethnicity,White,INJ,Accidents (unintentional injuries),ICD-10,753.0,,,02/17/2026,02/17/2026,2024-08-01,2026-02-17,2026-02-17,False,,753.0,False,False,2024-08
1390,2024,8,Occurrence,Race-Ethnicity,Other/Unknown,INJ,Accidents (unintentional injuries),ICD-10,,2,Cell suppressed for complementary cell,02/17/2026,02/17/2026,2024-08-01,2026-02-17,2026-02-17,True,Cell suppressed for complementary cell,,False,False,2024-08
1391,2024,8,Occurrence,Total Population,Total Population,LIV,Chronic liver disease and cirrhosis,ICD-10,480.0,,,02/17/2026,02/17/2026,2024-08-01,2026-02-17,2026-02-17,False,,480.0,True,False,2024-08
1392,2024,8,Occurrence,Gender,Female,LIV,Chronic liver disease and cirrhosis,ICD-10,180.0,,,02/17/2026,02/17/2026,2024-08-01,2026-02-17,2026-02-17,False,,180.0,False,False,2024-08
1393,2024,8,Occurrence,Gender,Male,LIV,Chronic liver disease and cirrhosis,ICD-10,300.0,,,02/17/2026,02/17/2026,2024-08-01,2026-02-17,2026-02-17,False,,300.0,False,False,2024-08
1394,2024,8,Occurrence,Race-Ethnicity,American Indian/Alaska Native,LIV,Chronic liver disease and cirrhosis,ICD-10,,1,Cell suppressed for small numbers,02/17/2026,02/17/2026,2024-08-01,2026-02-17,2026-02-17,True,Cell suppressed for small numbers,,False,False,2024-08
1395,2024,8,Occurrence,Race-Ethnicity,Asian,LIV,Chronic liver disease and cirrhosis,ICD-10,21.0,,,02/17/2026,02/17/2026,2024-08-01,2026-02-17,2026-02-17,False,,21.0,False,False,2024-08
1396,2024,8,Occurrence,Race-Ethnicity,Black,LIV,Chronic liver disease and cirrhosis,ICD-10,26.0,,,02/17/2026,02/17/2026,2024-08-01,2026-02-17,2026-02-17,False,,26.0,False,False,2024-08
1397,2024,8,Occurrence,Race-Ethnicity,Hawaiian/Pacific Islander,LIV,Chronic liver disease and cirrhosis,ICD-10,,1,Cell suppressed for small numbers,02/17/2026,02/17/2026,2024-08-01,2026-02-17,2026-02-17,True,Cell suppressed for small numbers,,False,False,2024-08
1398,2024,8,Occurrence,Race-Ethnicity,Hispanic,LIV,Chronic liver disease and cirrhosis,ICD-10,214.0,,,02/17/2026,02/17/2026,2024-08-01,2026-02-17,2026-02-17,False,,214.0,False,False,2024-08
1399,2024,8,Occurrence,Race-Ethnicity,Multi-Race,LIV,Chronic liver disease and cirrhosis,ICD-10,,1,Cell suppressed for small numbers,02/17/2026,02/17/2026,2024-08-01,2026-02-17,2026-02-17,True,Cell suppressed for small numbers,,False,False,2024-08
1400,2024,8,Occurrence,Race-Ethnicity,White,LIV,Chronic liver disease and cirrhosis,ICD-10,194.0,,,02/17/2026,02/17/2026,2024-08-01,2026-02-17,2026-02-17,False,,194.0,False,False,2024-08
1401,2024,8,Occurrence,Race-Ethnicity,Other/Unknown,LIV,Chronic liver disease and cirrhosis,ICD-10,,1,Cell suppressed for small numbers,02/17/2026,02/17/2026,2024-08-01,2026-02-17,2026-02-17,True,Cell suppressed for small numbers,,False,False,2024-08
1402,2024,8,Occurrence,Total Population,Total Population,NEP,"Nephritis, nephrotic syndrome and nephrosis",ICD-10,392.0,,,02/17/2026,02/17/2026,2024-08-01,2026-02-17,2026-02-17,False,,392.0,True,False,2024-08
1403,2024,8,Occurrence,Gender,Female,NEP,"Nephritis, nephrotic syndrome and nephrosis",ICD-10,176.0,,,02/17/2026,02/17/2026,2024-08-01,2026-02-17,2026-02-17,False,,176.0,False,False,2024-08
1404,2024,8,Occurrence,Gender,Male,NEP,"Nephritis, nephrotic syndrome and nephrosis",ICD-10,216.0,,,02/17/2026,02/17/2026,2024-08-01,2026-02-17,2026-02-17,False,,216.0,False,False,2024-08
1405,2024,8,Occurrence,Race-Ethnicity,American Indian/Alaska Native,NEP,"Nephritis, nephrotic syndrome and nephrosis",ICD-10,,1,Cell suppressed for small numbers,02/17/2026,02/17/2026,2024-08-01,2026-02-17,2026-02-17,True,Cell suppressed for small numbers,,False,False,2024-08
1406,2024,8,Occurrence,Race-Ethnicity,Asian,NEP,"Nephritis, nephrotic syndrome and nephrosis",ICD-10,54.0,,,02/17/2026,02/17/2026,2024-08-01,2026-02-17,2026-02-17,False,,54.0,False,False,2024-08
1407,2024,8,Occurrence,Race-Ethnicity,Black,NEP,"Nephritis, nephrotic syndrome and nephrosis",ICD-10,35.0,,,02/17/2026,02/17/2026,2024-08-01,2026-02-17,2026-02-17,False,,35.0,False,False,2024-08
1408,2024,8,Occurrence,Race-Ethnicity,Hawaiian/Pacific Islander,NEP,"Nephritis, nephrotic syndrome and nephrosis",ICD-10,,1,Cell suppressed for small numbers,02/17/2026,02/17/2026,2024-08-01,2026-02-17,2026-02-17,True,Cell suppressed for small numbers,,False,False,2024-08
1409,2024,8,Occurrence,Race-Ethnicity,Hispanic,NEP,"Nephritis, nephrotic syndrome and nephrosis",ICD-10,116.0,,,02/17/2026,02/17/2026,2024-08-01,2026-02-17,2026-02-17,False,,116.0,False,False,2024-08
1410,2024,8,Occurrence,Race-Ethnicity,Multi-Race,NEP,"Nephritis, nephrotic syndrome and nephrosis",ICD-10,,1,Cell suppressed for small numbers,02/17/2026,02/17/2026,2024-08-01,2026-02-17,2026-02-17,True,Cell suppressed for small numbers,,False,False,2024-08
1411,2024,8,Occurrence,Race-Ethnicity,White,NEP,"Nephritis, nephrotic syndrome and nephrosis",ICD-10,175.0,,,02/17/2026,02/17/2026,2024-08-01,2026-02-17,2026-02-17,False,,175.0,False,False,2024-08
1412,2024,8,Occurrence,Race-Ethnicity,Other/Unknown,NEP,"Nephritis, nephrotic syndrome and nephrosis",ICD-10,,1,Cell suppressed for small numbers,02/17/2026,02/17/2026,2024-08-01,2026-02-17,2026-02-17,True,Cell suppressed for small numbers,,False,False,2024-08
1413,2024,8,Occurrence,Total Population,Total Population,PAR,Parkinson's disease,ICD-10,357.0,,,02/17/2026,02/17/2026,2024-08-01,2026-02-17,2026-02-17,False,,357.0,True,False,2024-08
1414,2024,8,Occurrence,Gender,Female,PAR,Parkinson's disease,ICD-10,120.0,,,02/17/2026,02/17/2026,2024-08-01,2026-02-17,2026-02-17,False,,120.0,False,False,2024-08
1415,2024,8,Occurrence,Gender,Male,PAR,Parkinson's disease,ICD-10,237.0,,,02/17/2026,02/17/2026,2024-08-01,2026-02-17,2026-02-17,False,,237.0,False,False,2024-08
1416,2024,8,Occurrence,Race-Ethnicity,American Indian/Alaska Native,PAR,Parkinson's disease,ICD-10,,1,Cell suppressed for small numbers,02/17/2026,02/17/2026,2024-08-01,2026-02-17,2026-02-17,True,Cell suppressed for small numbers,,False,False,2024-08
1417,2024,8,Occurrence,Race-Ethnicity,Asian,PAR,Parkinson's disease,ICD-10,45.0,,,02/17/2026,02/17/2026,2024-08-01,2026-02-17,2026-02-17,False,,45.0,False,False,2024-08
1418,2024,8,Occurrence,Race-Ethnicity,Black,PAR,Parkinson's disease,ICD-10,12.0,,,02/17/2026,02/17/2026,2024-08-01,2026-02-17,2026-02-17,False,,12.0,False,False,2024-08
1419,2024,8,Occurrence,Race-Ethnicity,Hawaiian/Pacific Islander,PAR,Parkinson's disease,ICD-10,,1,Cell suppressed for small numbers,02/17/2026,02/17/2026,2024-08-01,2026-02-17,2026-02-17,True,Cell suppressed for small numbers,,False,False,2024-08
1420,2024,8,Occurrence,Race-Ethnicity,Hispanic,PAR,Parkinson's disease,ICD-10,65.0,,,02/17/2026,02/17/2026,2024-08-01,2026-02-17,2026-02-17,False,,65.0,False,False,2024-08
1421,2024,8,Occurrence,Race-Ethnicity,Multi-Race,PAR,Parkinson's disease,ICD-10,,1,Cell suppressed for small numbers,02/17/2026,02/17/2026,2024-08-01,2026-02-17,2026-02-17,True,Cell suppressed for small numbers,,False,False,2024-08
1422,2024,8,Occurrence,Race-Ethnicity,White,PAR,Parkinson's disease,ICD-10,228.0,,,02/17/2026,02/17/2026,2024-08-01,2026-02-17,2026-02-17,False,,228.0,False,False,2024-08
1423,2024,8,Occurrence,Race-Ethnicity,Other/Unknown,PAR,Parkinson's disease,ICD-10,,1,Cell suppressed for small numbers,02/17/2026,02/17/2026,2024-08-01,2026-02-17,2026-02-17,True,Cell suppressed for small numbers,,False,False,2024-08
1424,2024,8,Occurrence,Total Population,Total Population,PNF,Influenza and pneumonia,ICD-10,346.0,,,02/17/2026,02/17/2026,2024-08-01,2026-02-17,2026-02-17,False,,346.0,True,False,2024-08
1425,2024,8,Occurrence,Gender,Female,PNF,Influenza and pneumonia,ICD-10,155.0,,,02/17/2026,02/17/2026,2024-08-01,2026-02-17,2026-02-17,False,,155.0,False,False,2024-08
1426,2024,8,Occurrence,Gender,Male,PNF,Influenza and pneumonia,ICD-10,191.0,,,02/17/2026,02/17/2026,2024-08-01,2026-02-17,2026-02-17,False,,191.0,False,False,2024-08
1427,2024,8,Occurrence,Race-Ethnicity,American Indian/Alaska Native,PNF,Influenza and pneumonia,ICD-10,,1,Cell suppressed for small numbers,02/17/2026,02/17/2026,2024-08-01,2026-02-17,2026-02-17,True,Cell suppressed for small numbers,,False,False,2024-08
1428,2024,8,Occurrence,Race-Ethnicity,Asian,PNF,Influenza and pneumonia,ICD-10,38.0,,,02/17/2026,02/17/2026,2024-08-01,2026-02-17,2026-02-17,False,,38.0,False,False,2024-08
1429,2024,8,Occurrence,Race-Ethnicity,Black,PNF,Influenza and pneumonia,ICD-10,25.0,,,02/17/2026,02/17/2026,2024-08-01,2026-02-17,2026-02-17,False,,25.0,False,False,2024-08
1430,2024,8,Occurrence,Race-Ethnicity,Hawaiian/Pacific Islander,PNF,Influenza and pneumonia,ICD-10,0.0,,,02/17/2026,02/17/2026,2024-08-01,2026-02-17,2026-02-17,False,,0.0,False,False,2024-08
1431,2024,8,Occurrence,Race-Ethnicity,Hispanic,PNF,Influenza and pneumonia,ICD-10,87.0,,,02/17/2026,02/17/2026,2024-08-01,2026-02-17,2026-02-17,False,,87.0,False,False,2024-08
1432,2024,8,Occurrence,Race-Ethnicity,Multi-Race,PNF,Influenza and pneumonia,ICD-10,,1,Cell suppressed for small numbers,02/17/2026,02/17/2026,2024-08-01,2026-02-17,2026-02-17,True,Cell suppressed for small numbers,,False,False,2024-08
1433,2024,8,Occurrence,Race-Ethnicity,White,PNF,Influenza and pneumonia,ICD-10,187.0,,,02/17/2026,02/17/2026,2024-08-01,2026-02-17,2026-02-17,False,,187.0,False,False,2024-08
1434,2024,8,Occurrence,Race-Ethnicity,Other/Unknown,PNF,Influenza and pneumonia,ICD-10,,1,Cell suppressed for small numbers,02/17/2026,02/17/2026,2024-08-01,2026-02-17,2026-02-17,True,Cell suppressed for small numbers,,False,False,2024-08
1435,2024,8,Occurrence,Total Population,Total Population,STK,Cerebrovascular diseases,ICD-10,1422.0,,,02/17/2026,02/17/2026,2024-08-01,2026-02-17,2026-02-17,False,,1422.0,True,False,2024-08
1436,2024,8,Occurrence,Gender,Female,STK,Cerebrovascular diseases,ICD-10,800.0,,,02/17/2026,02/17/2026,2024-08-01,2026-02-17,2026-02-17,False,,800.0,False,False,2024-08
1437,2024,8,Occurrence,Gender,Male,STK,Cerebrovascular diseases,ICD-10,622.0,,,02/17/2026,02/17/2026,2024-08-01,2026-02-17,2026-02-17,False,,622.0,False,False,2024-08
1438,2024,8,Occurrence,Race-Ethnicity,American Indian/Alaska Native,STK,Cerebrovascular diseases,ICD-10,,1,Cell suppressed for small numbers,02/17/2026,02/17/2026,2024-08-01,2026-02-17,2026-02-17,True,Cell suppressed for small numbers,,False,False,2024-08
1439,2024,8,Occurrence,Race-Ethnicity,Asian,STK,Cerebrovascular diseases,ICD-10,204.0,,,02/17/2026,02/17/2026,2024-08-01,2026-02-17,2026-02-17,False,,204.0,False,False,2024-08
1440,2024,8,Occurrence,Race-Ethnicity,Black,STK,Cerebrovascular diseases,ICD-10,123.0,,,02/17/2026,02/17/2026,2024-08-01,2026-02-17,2026-02-17,False,,123.0,False,False,2024-08
1441,2024,8,Occurrence,Race-Ethnicity,Hawaiian/Pacific Islander,STK,Cerebrovascular diseases,ICD-10,,1,Cell suppressed for small numbers,02/17/2026,02/17/2026,2024-08-01,2026-02-17,2026-02-17,True,Cell suppressed for small numbers,,False,False,2024-08
1442,2024,8,Occurrence,Race-Ethnicity,Hispanic,STK,Cerebrovascular diseases,ICD-10,312.0,,,02/17/2026,02/17/2026,2024-08-01,2026-02-17,2026-02-17,False,,312.0,False,False,2024-08
1443,2024,8,Occurrence,Race-Ethnicity,Multi-Race,STK,Cerebrovascular diseases,ICD-10,,1,Cell suppressed for small numbers,02/17/2026,02/17/2026,2024-08-01,2026-02-17,2026-02-17,True,Cell suppressed for small numbers,,False,False,2024-08
1444,2024,8,Occurrence,Race-Ethnicity,White,STK,Cerebrovascular diseases,ICD-10,750.0,,,02/17/2026,02/17/2026,2024-08-01,2026-02-17,2026-02-17,False,,750.0,False,False,2024-08
1445,2024,8,Occurrence,Race-Ethnicity,Other/Unknown,STK,Cerebrovascular diseases,ICD-10,11.0,,,02/17/2026,02/17/2026,2024-08-01,2026-02-17,2026-02-17,False,,11.0,False,False,2024-08
1446,2024,8,Occurrence,Total Population,Total Population,SUI,Intentional self-harm (suicide),ICD-10,381.0,,,02/17/2026,02/17/2026,2024-08-01,2026-02-17,2026-02-17,False,,381.0,True,False,2024-08
1447,2024,8,Occurrence,Gender,Female,SUI,Intentional self-harm (suicide),ICD-10,91.0,,,02/17/2026,02/17/2026,2024-08-01,2026-02-17,2026-02-17,False,,91.0,False,False,2024-08
1448,2024,8,Occurrence,Gender,Male,SUI,Intentional self-harm (suicide),ICD-10,290.0,,,02/17/2026,02/17/2026,2024-08-01,2026-02-17,2026-02-17,False,,290.0,False,False,2024-08
1449,2024,8,Occurrence,Race-Ethnicity,American Indian/Alaska Native,SUI,Intentional self-harm (suicide),ICD-10,,1,Cell suppressed for small numbers,02/17/2026,02/17/2026,2024-08-01,2026-02-17,2026-02-17,True,Cell suppressed for small numbers,,False,False,2024-08
1450,2024,8,Occurrence,Race-Ethnicity,Asian,SUI,Intentional self-harm (suicide),ICD-10,34.0,,,02/17/2026,02/17/2026,2024-08-01,2026-02-17,2026-02-17,False,,34.0,False,False,2024-08
1451,2024,8,Occurrence,Race-Ethnicity,Black,SUI,Intentional self-harm (suicide),ICD-10,21.0,,,02/17/2026,02/17/2026,2024-08-01,2026-02-17,2026-02-17,False,,21.0,False,False,2024-08
1452,2024,8,Occurrence,Race-Ethnicity,Hawaiian/Pacific Islander,SUI,Intentional self-harm (suicide),ICD-10,,1,Cell suppressed for small numbers,02/17/2026,02/17/2026,2024-08-01,2026-02-17,2026-02-17,True,Cell suppressed for small numbers,,False,False,2024-08
1453,2024,8,Occurrence,Race-Ethnicity,Hispanic,SUI,Intentional self-harm (suicide),ICD-10,84.0,,,02/17/2026,02/17/2026,2024-08-01,2026-02-17,2026-02-17,False,,84.0,False,False,2024-08
1454,2024,8,Occurrence,Race-Ethnicity,Multi-Race,SUI,Intentional self-harm (suicide),ICD-10,,1,Cell suppressed for small numbers,02/17/2026,02/17/2026,2024-08-01,2026-02-17,2026-02-17,True,Cell suppressed for small numbers,,False,False,2024-08
1455,2024,8,Occurrence,Race-Ethnicity,White,SUI,Intentional self-harm (suicide),ICD-10,228.0,,,02/17/2026,02/17/2026,2024-08-01,2026-02-17,2026-02-17,False,,228.0,False,False,2024-08
1456,2024,8,Occurrence,Race-Ethnicity,Other/Unknown,SUI,Intentional self-harm (suicide),ICD-10,,1,Cell suppressed for small numbers,02/17/2026,02/17/2026,2024-08-01,2026-02-17,2026-02-17,True,Cell suppressed for small numbers,,False,False,2024-08
1457,2024,9,Occurrence,Total Population,Total Population,ALL,All causes (total),ICD-10,22539.0,,,02/17/2026,02/17/2026,2024-09-01,2026-02-17,2026-02-17,False,,22539.0,True,True,2024-09
1458,2024,9,Occurrence,Age,Under 1 year,ALL,All causes (total),ICD-10,139.0,,,02/17/2026,02/17/2026,2024-09-01,2026-02-17,2026-02-17,False,,139.0,False,True,2024-09
1459,2024,9,Occurrence,Age,1-4 years,ALL,All causes (total),ICD-10,27.0,,,02/17/2026,02/17/2026,2024-09-01,2026-02-17,2026-02-17,False,,27.0,False,True,2024-09
1460,2024,9,Occurrence,Age,5-14 years,ALL,All causes (total),ICD-10,43.0,,,02/17/2026,02/17/2026,2024-09-01,2026-02-17,2026-02-17,False,,43.0,False,True,2024-09
1461,2024,9,Occurrence,Age,15-24 years,ALL,All causes (total),ICD-10,238.0,,,02/17/2026,02/17/2026,2024-09-01,2026-02-17,2026-02-17,False,,238.0,False,True,2024-09
1462,2024,9,Occurrence,Age,25-34 years,ALL,All causes (total),ICD-10,482.0,,,02/17/2026,02/17/2026,2024-09-01,2026-02-17,2026-02-17,False,,482.0,False,True,2024-09
1463,2024,9,Occurrence,Age,35-44 years,ALL,All causes (total),ICD-10,770.0,,,02/17/2026,02/17/2026,2024-09-01,2026-02-17,2026-02-17,False,,770.0,False,True,2024-09
1464,2024,9,Occurrence,Age,45-54 years,ALL,All causes (total),ICD-10,1227.0,,,02/17/2026,02/17/2026,2024-09-01,2026-02-17,2026-02-17,False,,1227.0,False,True,2024-09
1465,2024,9,Occurrence,Age,55-64 years,ALL,All causes (total),ICD-10,2564.0,,,02/17/2026,02/17/2026,2024-09-01,2026-02-17,2026-02-17,False,,2564.0,False,True,2024-09
1466,2024,9,Occurrence,Age,65-74 years,ALL,All causes (total),ICD-10,4219.0,,,02/17/2026,02/17/2026,2024-09-01,2026-02-17,2026-02-17,False,,4219.0,False,True,2024-09
1467,2024,9,Occurrence,Age,75-84 years,ALL,All causes (total),ICD-10,5708.0,,,02/17/2026,02/17/2026,2024-09-01,2026-02-17,2026-02-17,False,,5708.0,False,True,2024-09
1468,2024,9,Occurrence,Age,85 years and over,ALL,All causes (total),ICD-10,7109.0,,,02/17/2026,02/17/2026,2024-09-01,2026-02-17,2026-02-17,False,,7109.0,False,True,2024-09
1469,2024,9,Occurrence,Gender,Female,ALL,All causes (total),ICD-10,10585.0,,,02/17/2026,02/17/2026,2024-09-01,2026-02-17,2026-02-17,False,,10585.0,False,True,2024-09
1470,2024,9,Occurrence,Gender,Male,ALL,All causes (total),ICD-10,11947.0,,,02/17/2026,02/17/2026,2024-09-01,2026-02-17,2026-02-17,False,,11947.0,False,True,2024-09
1471,2024,9,Occurrence,Place Type,Inpatient,ALL,All causes (total),ICD-10,7036.0,,,02/17/2026,02/17/2026,2024-09-01,2026-02-17,2026-02-17,False,,7036.0,False,True,2024-09
1472,2024,9,Occurrence,Place Type,Emergency Room/Outpatient,ALL,All causes (total),ICD-10,1206.0,,,02/17/2026,02/17/2026,2024-09-01,2026-02-17,2026-02-17,False,,1206.0,False,True,2024-09
1473,2024,9,Occurrence,Place Type,Decedent's Home,ALL,All causes (total),ICD-10,8657.0,,,02/17/2026,02/17/2026,2024-09-01,2026-02-17,2026-02-17,False,,8657.0,False,True,2024-09
1474,2024,9,Occurrence,Place Type,Hospice Facility,ALL,All causes (total),ICD-10,285.0,,,02/17/2026,02/17/2026,2024-09-01,2026-02-17,2026-02-17,False,,285.0,False,True,2024-09
1475,2024,9,Occurrence,Place Type,Nursing Home/Long Term Care Facility,ALL,All causes (total),ICD-10,2784.0,,,02/17/2026,02/17/2026,2024-09-01,2026-02-17,2026-02-17,False,,2784.0,False,True,2024-09
1476,2024,9,Occurrence,Place Type,Other/Unknown,ALL,All causes (total),ICD-10,2571.0,,,02/17/2026,02/17/2026,2024-09-01,2026-02-17,2026-02-17,False,,2571.0,False,True,2024-09
1477,2024,9,Occurrence,Race-Ethnicity,American Indian/Alaska Native,ALL,All causes (total),ICD-10,93.0,,,02/17/2026,02/17/2026,2024-09-01,2026-02-17,2026-02-17,False,,93.0,False,True,2024-09
1478,2024,9,Occurrence,Race-Ethnicity,Asian,ALL,All causes (total),ICD-10,2530.0,,,02/17/2026,02/17/2026,2024-09-01,2026-02-17,2026-02-17,False,,2530.0,False,True,2024-09
1479,2024,9,Occurrence,Race-Ethnicity,Black,ALL,All causes (total),ICD-10,1736.0,,,02/17/2026,02/17/2026,2024-09-01,2026-02-17,2026-02-17,False,,1736.0,False,True,2024-09
1480,2024,9,Occurrence,Race-Ethnicity,Hawaiian/Pacific Islander,ALL,All causes (total),ICD-10,86.0,,,02/17/2026,02/17/2026,2024-09-01,2026-02-17,2026-02-17,False,,86.0,False,True,2024-09
1481,2024,9,Occurrence,Race-Ethnicity,Hispanic,ALL,All causes (total),ICD-10,5287.0,,,02/17/2026,02/17/2026,2024-09-01,2026-02-17,2026-02-17,False,,5287.0,False,True,2024-09
1482,2024,9,Occurrence,Race-Ethnicity,Multi-Race,ALL,All causes (total),ICD-10,250.0,,,02/17/2026,02/17/2026,2024-09-01,2026-02-17,2026-02-17,False,,250.0,False,True,2024-09
1483,2024,9,Occurrence,Race-Ethnicity,White,ALL,All causes (total),ICD-10,12362.0,,,02/17/2026,02/17/2026,2024-09-01,2026-02-17,2026-02-17,False,,12362.0,False,True,2024-09
1484,2024,9,Occurrence,Race-Ethnicity,Other/Unknown,ALL,All causes (total),ICD-10,195.0,,,02/17/2026,02/17/2026,2024-09-01,2026-02-17,2026-02-17,False,,195.0,False,True,2024-09
1485,2024,9,Occurrence,Total Population,Total Population,ALZ,Alzheimer's disease,ICD-10,1273.0,,,02/17/2026,02/17/2026,2024-09-01,2026-02-17,2026-02-17,False,,1273.0,True,False,2024-09
1486,2024,9,Occurrence,Gender,Female,ALZ,Alzheimer's disease,ICD-10,837.0,,,02/17/2026,02/17/2026,2024-09-01,2026-02-17,2026-02-17,False,,837.0,False,False,2024-09
1487,2024,9,Occurrence,Gender,Male,ALZ,Alzheimer's disease,ICD-10,436.0,,,02/17/2026,02/17/2026,2024-09-01,2026-02-17,2026-02-17,False,,436.0,False,False,2024-09
1488,2024,9,Occurrence,Race-Ethnicity,American Indian/Alaska Native,ALZ,Alzheimer's disease,ICD-10,,1,Cell suppressed for small numbers,02/17/2026,02/17/2026,2024-09-01,2026-02-17,2026-02-17,True,Cell suppressed for small numbers,,False,False,2024-09
1489,2024,9,Occurrence,Race-Ethnicity,Asian,ALZ,Alzheimer's disease,ICD-10,139.0,,,02/17/2026,02/17/2026,2024-09-01,2026-02-17,2026-02-17,False,,139.0,False,False,2024-09
1490,2024,9,Occurrence,Race-Ethnicity,Black,ALZ,Alzheimer's disease,ICD-10,62.0,,,02/17/2026,02/17/2026,2024-09-01,2026-02-17,2026-02-17,False,,62.0,False,False,2024-09
1491,2024,9,Occurrence,Race-Ethnicity,Hawaiian/Pacific Islander,ALZ,Alzheimer's disease,ICD-10,,1,Cell suppressed for small numbers,02/17/2026,02/17/2026,2024-09-01,2026-02-17,2026-02-17,True,Cell suppressed for small numbers,,False,False,2024-09
1492,2024,9,Occurrence,Race-Ethnicity,Hispanic,ALZ,Alzheimer's disease,ICD-10,232.0,,,02/17/2026,02/17/2026,2024-09-01,2026-02-17,2026-02-17,False,,232.0,False,False,2024-09
1493,2024,9,Occurrence,Race-Ethnicity,Multi-Race,ALZ,Alzheimer's disease,ICD-10,,1,Cell suppressed for small numbers,02/17/2026,02/17/2026,2024-09-01,2026-02-17,2026-02-17,True,Cell suppressed for small numbers,,False,False,2024-09
1494,2024,9,Occurrence,Race-Ethnicity,White,ALZ,Alzheimer's disease,ICD-10,823.0,,,02/17/2026,02/17/2026,2024-09-01,2026-02-17,2026-02-17,False,,823.0,False,False,2024-09
1495,2024,9,Occurrence,Race-Ethnicity,Other/Unknown,ALZ,Alzheimer's disease,ICD-10,,1,Cell suppressed for small numbers,02/17/2026,02/17/2026,2024-09-01,2026-02-17,2026-02-17,True,Cell suppressed for small numbers,,False,False,2024-09
1496,2024,9,Occurrence,Total Population,Total Population,CAN,Malignant neoplasms,ICD-10,4929.0,,,02/17/2026,02/17/2026,2024-09-01,2026-02-17,2026-02-17,False,,4929.0,True,False,2024-09
1497,2024,9,Occurrence,Gender,Female,CAN,Malignant neoplasms,ICD-10,2405.0,,,02/17/2026,02/17/2026,2024-09-01,2026-02-17,2026-02-17,False,,2405.0,False,False,2024-09
1498,2024,9,Occurrence,Gender,Male,CAN,Malignant neoplasms,ICD-10,2524.0,,,02/17/2026,02/17/2026,2024-09-01,2026-02-17,2026-02-17,False,,2524.0,False,False,2024-09
1499,2024,9,Occurrence,Race-Ethnicity,American Indian/Alaska Native,CAN,Malignant neoplasms,ICD-10,15.0,,,02/17/2026,02/17/2026,2024-09-01,2026-02-17,2026-02-17,False,,15.0,False,False,2024-09
1500,2024,9,Occurrence,Race-Ethnicity,Asian,CAN,Malignant neoplasms,ICD-10,606.0,,,02/17/2026,02/17/2026,2024-09-01,2026-02-17,2026-02-17,False,,606.0,False,False,2024-09
1501,2024,9,Occurrence,Race-Ethnicity,Black,CAN,Malignant neoplasms,ICD-10,350.0,,,02/17/2026,02/17/2026,2024-09-01,2026-02-17,2026-02-17,False,,350.0,False,False,2024-09
1502,2024,9,Occurrence,Race-Ethnicity,Hawaiian/Pacific Islander,CAN,Malignant neoplasms,ICD-10,16.0,,,02/17/2026,02/17/2026,2024-09-01,2026-02-17,2026-02-17,False,,16.0,False,False,2024-09
1503,2024,9,Occurrence,Race-Ethnicity,Hispanic,CAN,Malignant neoplasms,ICD-10,1137.0,,,02/17/2026,02/17/2026,2024-09-01,2026-02-17,2026-02-17,False,,1137.0,False,False,2024-09
1504,2024,9,Occurrence,Race-Ethnicity,Multi-Race,CAN,Malignant neoplasms,ICD-10,47.0,,,02/17/2026,02/17/2026,2024-09-01,2026-02-17,2026-02-17,False,,47.0,False,False,2024-09
1505,2024,9,Occurrence,Race-Ethnicity,White,CAN,Malignant neoplasms,ICD-10,2725.0,,,02/17/2026,02/17/2026,2024-09-01,2026-02-17,2026-02-17,False,,2725.0,False,False,2024-09
1506,2024,9,Occurrence,Race-Ethnicity,Other/Unknown,CAN,Malignant neoplasms,ICD-10,33.0,,,02/17/2026,02/17/2026,2024-09-01,2026-02-17,2026-02-17,False,,33.0,False,False,2024-09
1507,2024,9,Occurrence,Total Population,Total Population,CLD,Chronic lower respiratory diseases,ICD-10,826.0,,,02/17/2026,02/17/2026,2024-09-01,2026-02-17,2026-02-17,False,,826.0,True,False,2024-09
1508,2024,9,Occurrence,Gender,Female,CLD,Chronic lower respiratory diseases,ICD-10,429.0,,,02/17/2026,02/17/2026,2024-09-01,2026-02-17,2026-02-17,False,,429.0,False,False,2024-09
1509,2024,9,Occurrence,Gender,Male,CLD,Chronic lower respiratory diseases,ICD-10,397.0,,,02/17/2026,02/17/2026,2024-09-01,2026-02-17,2026-02-17,False,,397.0,False,False,2024-09
1510,2024,9,Occurrence,Race-Ethnicity,American Indian/Alaska Native,CLD,Chronic lower respiratory diseases,ICD-10,,1,Cell suppressed for small numbers,02/17/2026,02/17/2026,2024-09-01,2026-02-17,2026-02-17,True,Cell suppressed for small numbers,,False,False,2024-09
1511,2024,9,Occurrence,Race-Ethnicity,Asian,CLD,Chronic lower respiratory diseases,ICD-10,63.0,,,02/17/2026,02/17/2026,2024-09-01,2026-02-17,2026-02-17,False,,63.0,False,False,2024-09
1512,2024,9,Occurrence,Race-Ethnicity,Black,CLD,Chronic lower respiratory diseases,ICD-10,61.0,,,02/17/2026,02/17/2026,2024-09-01,2026-02-17,2026-02-17,False,,61.0,False,False,2024-09
1513,2024,9,Occurrence,Race-Ethnicity,Hawaiian/Pacific Islander,CLD,Chronic lower respiratory diseases,ICD-10,,1,Cell suppressed for small numbers,02/17/2026,02/17/2026,2024-09-01,2026-02-17,2026-02-17,True,Cell suppressed for small numbers,,False,False,2024-09
1514,2024,9,Occurrence,Race-Ethnicity,Hispanic,CLD,Chronic lower respiratory diseases,ICD-10,93.0,,,02/17/2026,02/17/2026,2024-09-01,2026-02-17,2026-02-17,False,,93.0,False,False,2024-09
1515,2024,9,Occurrence,Race-Ethnicity,Multi-Race,CLD,Chronic lower respiratory diseases,ICD-10,,1,Cell suppressed for small numbers,02/17/2026,02/17/2026,2024-09-01,2026-02-17,2026-02-17,True,Cell suppressed for small numbers,,False,False,2024-09
1516,2024,9,Occurrence,Race-Ethnicity,White,CLD,Chronic lower respiratory diseases,ICD-10,585.0,,,02/17/2026,02/17/2026,2024-09-01,2026-02-17,2026-02-17,False,,585.0,False,False,2024-09
1517,2024,9,Occurrence,Race-Ethnicity,Other/Unknown,CLD,Chronic lower respiratory diseases,ICD-10,,1,Cell suppressed for small numbers,02/17/2026,02/17/2026,2024-09-01,2026-02-17,2026-02-17,True,Cell suppressed for small numbers,,False,False,2024-09
1518,2024,9,Occurrence,Total Population,Total Population,DIA,Diabetes mellitus,ICD-10,867.0,,,02/17/2026,02/17/2026,2024-09-01,2026-02-17,2026-02-17,False,,867.0,True,False,2024-09
1519,2024,9,Occurrence,Gender,Female,DIA,Diabetes mellitus,ICD-10,380.0,,,02/17/2026,02/17/2026,2024-09-01,2026-02-17,2026-02-17,False,,380.0,False,False,2024-09
1520,2024,9,Occurrence,Gender,Male,DIA,Diabetes mellitus,ICD-10,486.0,,,02/17/2026,02/17/2026,2024-09-01,2026-02-17,2026-02-17,False,,486.0,False,False,2024-09
1521,2024,9,Occurrence,Race-Ethnicity,American Indian/Alaska Native,DIA,Diabetes mellitus,ICD-10,,1,Cell suppressed for small numbers,02/17/2026,02/17/2026,2024-09-01,2026-02-17,2026-02-17,True,Cell suppressed for small numbers,,False,False,2024-09
1522,2024,9,Occurrence,Race-Ethnicity,Asian,DIA,Diabetes mellitus,ICD-10,146.0,,,02/17/2026,02/17/2026,2024-09-01,2026-02-17,2026-02-17,False,,146.0,False,False,2024-09
1523,2024,9,Occurrence,Race-Ethnicity,Black,DIA,Diabetes mellitus,ICD-10,97.0,,,02/17/2026,02/17/2026,2024-09-01,2026-02-17,2026-02-17,False,,97.0,False,False,2024-09
1524,2024,9,Occurrence,Race-Ethnicity,Hawaiian/Pacific Islander,DIA,Diabetes mellitus,ICD-10,,1,Cell suppressed for small numbers,02/17/2026,02/17/2026,2024-09-01,2026-02-17,2026-02-17,True,Cell suppressed for small numbers,,False,False,2024-09
1525,2024,9,Occurrence,Race-Ethnicity,Hispanic,DIA,Diabetes mellitus,ICD-10,308.0,,,02/17/2026,02/17/2026,2024-09-01,2026-02-17,2026-02-17,False,,308.0,False,False,2024-09
1526,2024,9,Occurrence,Race-Ethnicity,Multi-Race,DIA,Diabetes mellitus,ICD-10,13.0,,,02/17/2026,02/17/2026,2024-09-01,2026-02-17,2026-02-17,False,,13.0,False,False,2024-09
1527,2024,9,Occurrence,Race-Ethnicity,White,DIA,Diabetes mellitus,ICD-10,285.0,,,02/17/2026,02/17/2026,2024-09-01,2026-02-17,2026-02-17,False,,285.0,False,False,2024-09
1528,2024,9,Occurrence,Race-Ethnicity,Other/Unknown,DIA,Diabetes mellitus,ICD-10,11.0,,,02/17/2026,02/17/2026,2024-09-01,2026-02-17,2026-02-17,False,,11.0,False,False,2024-09
1529,2024,9,Occurrence,Total Population,Total Population,HOM,Assault (homicide),ICD-10,155.0,,,02/17/2026,02/17/2026,2024-09-01,2026-02-17,2026-02-17,False,,155.0,True,False,2024-09
1530,2024,9,Occurrence,Gender,Female,HOM,Assault (homicide),ICD-10,35.0,,,02/17/2026,02/17/2026,2024-09-01,2026-02-17,2026-02-17,False,,35.0,False,False,2024-09
1531,2024,9,Occurrence,Gender,Male,HOM,Assault (homicide),ICD-10,120.0,,,02/17/2026,02/17/2026,2024-09-01,2026-02-17,2026-02-17,False,,120.0,False,False,2024-09
1532,2024,9,Occurrence,Race-Ethnicity,American Indian/Alaska Native,HOM,Assault (homicide),ICD-10,0.0,,,02/17/2026,02/17/2026,2024-09-01,2026-02-17,2026-02-17,False,,0.0,False,False,2024-09
1533,2024,9,Occurrence,Race-Ethnicity,Asian,HOM,Assault (homicide),ICD-10,,1,Cell suppressed for small numbers,02/17/2026,02/17/2026,2024-09-01,2026-02-17,2026-02-17,True,Cell suppressed for small numbers,,False,False,2024-09
1534,2024,9,Occurrence,Race-Ethnicity,Black,HOM,Assault (homicide),ICD-10,40.0,,,02/17/2026,02/17/2026,2024-09-01,2026-02-17,2026-02-17,False,,40.0,False,False,2024-09
1535,2024,9,Occurrence,Race-Ethnicity,Hawaiian/Pacific Islander,HOM,Assault (homicide),ICD-10,0.0,,,02/17/2026,02/17/2026,2024-09-01,2026-02-17,2026-02-17,False,,0.0,False,False,2024-09
1536,2024,9,Occurrence,Race-Ethnicity,Hispanic,HOM,Assault (homicide),ICD-10,81.0,,,02/17/2026,02/17/2026,2024-09-01,2026-02-17,2026-02-17,False,,81.0,False,False,2024-09
1537,2024,9,Occurrence,Race-Ethnicity,Multi-Race,HOM,Assault (homicide),ICD-10,,1,Cell suppressed for small numbers,02/17/2026,02/17/2026,2024-09-01,2026-02-17,2026-02-17,True,Cell suppressed for small numbers,,False,False,2024-09
1538,2024,9,Occurrence,Race-Ethnicity,White,HOM,Assault (homicide),ICD-10,26.0,,,02/17/2026,02/17/2026,2024-09-01,2026-02-17,2026-02-17,False,,26.0,False,False,2024-09
1539,2024,9,Occurrence,Race-Ethnicity,Other/Unknown,HOM,Assault (homicide),ICD-10,0.0,,,02/17/2026,02/17/2026,2024-09-01,2026-02-17,2026-02-17,False,,0.0,False,False,2024-09
1540,2024,9,Occurrence,Total Population,Total Population,HTD,Diseases of heart,ICD-10,4750.0,,,02/17/2026,02/17/2026,2024-09-01,2026-02-17,2026-02-17,False,,4750.0,True,False,2024-09
1541,2024,9,Occurrence,Gender,Female,HTD,Diseases of heart,ICD-10,2102.0,,,02/17/2026,02/17/2026,2024-09-01,2026-02-17,2026-02-17,False,,2102.0,False,False,2024-09
1542,2024,9,Occurrence,Gender,Male,HTD,Diseases of heart,ICD-10,2648.0,,,02/17/2026,02/17/2026,2024-09-01,2026-02-17,2026-02-17,False,,2648.0,False,False,2024-09
1543,2024,9,Occurrence,Race-Ethnicity,American Indian/Alaska Native,HTD,Diseases of heart,ICD-10,16.0,,,02/17/2026,02/17/2026,2024-09-01,2026-02-17,2026-02-17,False,,16.0,False,False,2024-09
1544,2024,9,Occurrence,Race-Ethnicity,Asian,HTD,Diseases of heart,ICD-10,539.0,,,02/17/2026,02/17/2026,2024-09-01,2026-02-17,2026-02-17,False,,539.0,False,False,2024-09
1545,2024,9,Occurrence,Race-Ethnicity,Black,HTD,Diseases of heart,ICD-10,408.0,,,02/17/2026,02/17/2026,2024-09-01,2026-02-17,2026-02-17,False,,408.0,False,False,2024-09
1546,2024,9,Occurrence,Race-Ethnicity,Hawaiian/Pacific Islander,HTD,Diseases of heart,ICD-10,25.0,,,02/17/2026,02/17/2026,2024-09-01,2026-02-17,2026-02-17,False,,25.0,False,False,2024-09
1547,2024,9,Occurrence,Race-Ethnicity,Hispanic,HTD,Diseases of heart,ICD-10,912.0,,,02/17/2026,02/17/2026,2024-09-01,2026-02-17,2026-02-17,False,,912.0,False,False,2024-09
1548,2024,9,Occurrence,Race-Ethnicity,Multi-Race,HTD,Diseases of heart,ICD-10,39.0,,,02/17/2026,02/17/2026,2024-09-01,2026-02-17,2026-02-17,False,,39.0,False,False,2024-09
1549,2024,9,Occurrence,Race-Ethnicity,White,HTD,Diseases of heart,ICD-10,2771.0,,,02/17/2026,02/17/2026,2024-09-01,2026-02-17,2026-02-17,False,,2771.0,False,False,2024-09
1550,2024,9,Occurrence,Race-Ethnicity,Other/Unknown,HTD,Diseases of heart,ICD-10,40.0,,,02/17/2026,02/17/2026,2024-09-01,2026-02-17,2026-02-17,False,,40.0,False,False,2024-09
1551,2024,9,Occurrence,Total Population,Total Population,HYP,Essential hypertension and hypertensive renal disease,ICD-10,471.0,,,02/17/2026,02/17/2026,2024-09-01,2026-02-17,2026-02-17,False,,471.0,True,False,2024-09
1552,2024,9,Occurrence,Gender,Female,HYP,Essential hypertension and hypertensive renal disease,ICD-10,241.0,,,02/17/2026,02/17/2026,2024-09-01,2026-02-17,2026-02-17,False,,241.0,False,False,2024-09
1553,2024,9,Occurrence,Gender,Male,HYP,Essential hypertension and hypertensive renal disease,ICD-10,230.0,,,02/17/2026,02/17/2026,2024-09-01,2026-02-17,2026-02-17,False,,230.0,False,False,2024-09
1554,2024,9,Occurrence,Race-Ethnicity,American Indian/Alaska Native,HYP,Essential hypertension and hypertensive renal disease,ICD-10,,1,Cell suppressed for small numbers,02/17/2026,02/17/2026,2024-09-01,2026-02-17,2026-02-17,True,Cell suppressed for small numbers,,False,False,2024-09
1555,2024,9,Occurrence,Race-Ethnicity,Asian,HYP,Essential hypertension and hypertensive renal disease,ICD-10,57.0,,,02/17/2026,02/17/2026,2024-09-01,2026-02-17,2026-02-17,False,,57.0,False,False,2024-09
1556,2024,9,Occurrence,Race-Ethnicity,Black,HYP,Essential hypertension and hypertensive renal disease,ICD-10,54.0,,,02/17/2026,02/17/2026,2024-09-01,2026-02-17,2026-02-17,False,,54.0,False,False,2024-09
1557,2024,9,Occurrence,Race-Ethnicity,Hawaiian/Pacific Islander,HYP,Essential hypertension and hypertensive renal disease,ICD-10,,1,Cell suppressed for small numbers,02/17/2026,02/17/2026,2024-09-01,2026-02-17,2026-02-17,True,Cell suppressed for small numbers,,False,False,2024-09
1558,2024,9,Occurrence,Race-Ethnicity,Hispanic,HYP,Essential hypertension and hypertensive renal disease,ICD-10,96.0,,,02/17/2026,02/17/2026,2024-09-01,2026-02-17,2026-02-17,False,,96.0,False,False,2024-09
1559,2024,9,Occurrence,Race-Ethnicity,Multi-Race,HYP,Essential hypertension and hypertensive renal disease,ICD-10,,1,Cell suppressed for small numbers,02/17/2026,02/17/2026,2024-09-01,2026-02-17,2026-02-17,True,Cell suppressed for small numbers,,False,False,2024-09
1560,2024,9,Occurrence,Race-Ethnicity,White,HYP,Essential hypertension and hypertensive renal disease,ICD-10,254.0,,,02/17/2026,02/17/2026,2024-09-01,2026-02-17,2026-02-17,False,,254.0,False,False,2024-09
1561,2024,9,Occurrence,Race-Ethnicity,Other/Unknown,HYP,Essential hypertension and hypertensive renal disease,ICD-10,,1,Cell suppressed for small numbers,02/17/2026,02/17/2026,2024-09-01,2026-02-17,2026-02-17,True,Cell suppressed for small numbers,,False,False,2024-09
1562,2024,9,Occurrence,Total Population,Total Population,INJ,Accidents (unintentional injuries),ICD-10,1536.0,,,02/17/2026,02/17/2026,2024-09-01,2026-02-17,2026-02-17,False,,1536.0,True,False,2024-09
1563,2024,9,Occurrence,Gender,Female,INJ,Accidents (unintentional injuries),ICD-10,427.0,,,02/17/2026,02/17/2026,2024-09-01,2026-02-17,2026-02-17,False,,427.0,False,False,2024-09
1564,2024,9,Occurrence,Gender,Male,INJ,Accidents (unintentional injuries),ICD-10,1108.0,,,02/17/2026,02/17/2026,2024-09-01,2026-02-17,2026-02-17,False,,1108.0,False,False,2024-09
1565,2024,9,Occurrence,Race-Ethnicity,American Indian/Alaska Native,INJ,Accidents (unintentional injuries),ICD-10,,1,Cell suppressed for small numbers,02/17/2026,02/17/2026,2024-09-01,2026-02-17,2026-02-17,True,Cell suppressed for small numbers,,False,False,2024-09
1566,2024,9,Occurrence,Race-Ethnicity,Asian,INJ,Accidents (unintentional injuries),ICD-10,105.0,,,02/17/2026,02/17/2026,2024-09-01,2026-02-17,2026-02-17,False,,105.0,False,False,2024-09
1567,2024,9,Occurrence,Race-Ethnicity,Black,INJ,Accidents (unintentional injuries),ICD-10,162.0,,,02/17/2026,02/17/2026,2024-09-01,2026-02-17,2026-02-17,False,,162.0,False,False,2024-09
1568,2024,9,Occurrence,Race-Ethnicity,Hawaiian/Pacific Islander,INJ,Accidents (unintentional injuries),ICD-10,,1,Cell suppressed for small numbers,02/17/2026,02/17/2026,2024-09-01,2026-02-17,2026-02-17,True,Cell suppressed for small numbers,,False,False,2024-09
1569,2024,9,Occurrence,Race-Ethnicity,Hispanic,INJ,Accidents (unintentional injuries),ICD-10,552.0,,,02/17/2026,02/17/2026,2024-09-01,2026-02-17,2026-02-17,False,,552.0,False,False,2024-09
1570,2024,9,Occurrence,Race-Ethnicity,Multi-Race,INJ,Accidents (unintentional injuries),ICD-10,37.0,,,02/17/2026,02/17/2026,2024-09-01,2026-02-17,2026-02-17,False,,37.0,False,False,2024-09
1571,2024,9,Occurrence,Race-Ethnicity,White,INJ,Accidents (unintentional injuries),ICD-10,638.0,,,02/17/2026,02/17/2026,2024-09-01,2026-02-17,2026-02-17,False,,638.0,False,False,2024-09
1572,2024,9,Occurrence,Race-Ethnicity,Other/Unknown,INJ,Accidents (unintentional injuries),ICD-10,26.0,,,02/17/2026,02/17/2026,2024-09-01,2026-02-17,2026-02-17,False,,26.0,False,False,2024-09
1573,2024,9,Occurrence,Total Population,Total Population,LIV,Chronic liver disease and cirrhosis,ICD-10,503.0,,,02/17/2026,02/17/2026,2024-09-01,2026-02-17,2026-02-17,False,,503.0,True,False,2024-09
1574,2024,9,Occurrence,Gender,Female,LIV,Chronic liver disease and cirrhosis,ICD-10,198.0,,,02/17/2026,02/17/2026,2024-09-01,2026-02-17,2026-02-17,False,,198.0,False,False,2024-09
1575,2024,9,Occurrence,Gender,Male,LIV,Chronic liver disease and cirrhosis,ICD-10,305.0,,,02/17/2026,02/17/2026,2024-09-01,2026-02-17,2026-02-17,False,,305.0,False,False,2024-09
1576,2024,9,Occurrence,Race-Ethnicity,American Indian/Alaska Native,LIV,Chronic liver disease and cirrhosis,ICD-10,,1,Cell suppressed for small numbers,02/17/2026,02/17/2026,2024-09-01,2026-02-17,2026-02-17,True,Cell suppressed for small numbers,,False,False,2024-09
1577,2024,9,Occurrence,Race-Ethnicity,Asian,LIV,Chronic liver disease and cirrhosis,ICD-10,30.0,,,02/17/2026,02/17/2026,2024-09-01,2026-02-17,2026-02-17,False,,30.0,False,False,2024-09
1578,2024,9,Occurrence,Race-Ethnicity,Black,LIV,Chronic liver disease and cirrhosis,ICD-10,21.0,,,02/17/2026,02/17/2026,2024-09-01,2026-02-17,2026-02-17,False,,21.0,False,False,2024-09
1579,2024,9,Occurrence,Race-Ethnicity,Hawaiian/Pacific Islander,LIV,Chronic liver disease and cirrhosis,ICD-10,,1,Cell suppressed for small numbers,02/17/2026,02/17/2026,2024-09-01,2026-02-17,2026-02-17,True,Cell suppressed for small numbers,,False,False,2024-09
1580,2024,9,Occurrence,Race-Ethnicity,Hispanic,LIV,Chronic liver disease and cirrhosis,ICD-10,243.0,,,02/17/2026,02/17/2026,2024-09-01,2026-02-17,2026-02-17,False,,243.0,False,False,2024-09
1581,2024,9,Occurrence,Race-Ethnicity,Multi-Race,LIV,Chronic liver disease and cirrhosis,ICD-10,,1,Cell suppressed for small numbers,02/17/2026,02/17/2026,2024-09-01,2026-02-17,2026-02-17,True,Cell suppressed for small numbers,,False,False,2024-09
1582,2024,9,Occurrence,Race-Ethnicity,White,LIV,Chronic liver disease and cirrhosis,ICD-10,192.0,,,02/17/2026,02/17/2026,2024-09-01,2026-02-17,2026-02-17,False,,192.0,False,False,2024-09
1583,2024,9,Occurrence,Race-Ethnicity,Other/Unknown,LIV,Chronic liver disease and cirrhosis,ICD-10,,1,Cell suppressed for small numbers,02/17/2026,02/17/2026,2024-09-01,2026-02-17,2026-02-17,True,Cell suppressed for small numbers,,False,False,2024-09
1584,2024,9,Occurrence,Total Population,Total Population,NEP,"Nephritis, nephrotic syndrome and nephrosis",ICD-10,369.0,,,02/17/2026,02/17/2026,2024-09-01,2026-02-17,2026-02-17,False,,369.0,True,False,2024-09
1585,2024,9,Occurrence,Gender,Female,NEP,"Nephritis, nephrotic syndrome and nephrosis",ICD-10,160.0,,,02/17/2026,02/17/2026,2024-09-01,2026-02-17,2026-02-17,False,,160.0,False,False,2024-09
1586,2024,9,Occurrence,Gender,Male,NEP,"Nephritis, nephrotic syndrome and nephrosis",ICD-10,209.0,,,02/17/2026,02/17/2026,2024-09-01,2026-02-17,2026-02-17,False,,209.0,False,False,2024-09
1587,2024,9,Occurrence,Race-Ethnicity,American Indian/Alaska Native,NEP,"Nephritis, nephrotic syndrome and nephrosis",ICD-10,,1,Cell suppressed for small numbers,02/17/2026,02/17/2026,2024-09-01,2026-02-17,2026-02-17,True,Cell suppressed for small numbers,,False,False,2024-09
1588,2024,9,Occurrence,Race-Ethnicity,Asian,NEP,"Nephritis, nephrotic syndrome and nephrosis",ICD-10,55.0,,,02/17/2026,02/17/2026,2024-09-01,2026-02-17,2026-02-17,False,,55.0,False,False,2024-09
1589,2024,9,Occurrence,Race-Ethnicity,Black,NEP,"Nephritis, nephrotic syndrome and nephrosis",ICD-10,49.0,,,02/17/2026,02/17/2026,2024-09-01,2026-02-17,2026-02-17,False,,49.0,False,False,2024-09
1590,2024,9,Occurrence,Race-Ethnicity,Hawaiian/Pacific Islander,NEP,"Nephritis, nephrotic syndrome and nephrosis",ICD-10,,1,Cell suppressed for small numbers,02/17/2026,02/17/2026,2024-09-01,2026-02-17,2026-02-17,True,Cell suppressed for small numbers,,False,False,2024-09
1591,2024,9,Occurrence,Race-Ethnicity,Hispanic,NEP,"Nephritis, nephrotic syndrome and nephrosis",ICD-10,105.0,,,02/17/2026,02/17/2026,2024-09-01,2026-02-17,2026-02-17,False,,105.0,False,False,2024-09
1592,2024,9,Occurrence,Race-Ethnicity,Multi-Race,NEP,"Nephritis, nephrotic syndrome and nephrosis",ICD-10,,1,Cell suppressed for small numbers,02/17/2026,02/17/2026,2024-09-01,2026-02-17,2026-02-17,True,Cell suppressed for small numbers,,False,False,2024-09
1593,2024,9,Occurrence,Race-Ethnicity,White,NEP,"Nephritis, nephrotic syndrome and nephrosis",ICD-10,150.0,,,02/17/2026,02/17/2026,2024-09-01,2026-02-17,2026-02-17,False,,150.0,False,False,2024-09
1594,2024,9,Occurrence,Race-Ethnicity,Other/Unknown,NEP,"Nephritis, nephrotic syndrome and nephrosis",ICD-10,0.0,,,02/17/2026,02/17/2026,2024-09-01,2026-02-17,2026-02-17,False,,0.0,False,False,2024-09
1595,2024,9,Occurrence,Total Population,Total Population,PAR,Parkinson's disease,ICD-10,332.0,,,02/17/2026,02/17/2026,2024-09-01,2026-02-17,2026-02-17,False,,332.0,True,False,2024-09
1596,2024,9,Occurrence,Gender,Female,PAR,Parkinson's disease,ICD-10,148.0,,,02/17/2026,02/17/2026,2024-09-01,2026-02-17,2026-02-17,False,,148.0,False,False,2024-09
1597,2024,9,Occurrence,Gender,Male,PAR,Parkinson's disease,ICD-10,184.0,,,02/17/2026,02/17/2026,2024-09-01,2026-02-17,2026-02-17,False,,184.0,False,False,2024-09
1598,2024,9,Occurrence,Race-Ethnicity,American Indian/Alaska Native,PAR,Parkinson's disease,ICD-10,,1,Cell suppressed for small numbers,02/17/2026,02/17/2026,2024-09-01,2026-02-17,2026-02-17,True,Cell suppressed for small numbers,,False,False,2024-09
1599,2024,9,Occurrence,Race-Ethnicity,Asian,PAR,Parkinson's disease,ICD-10,53.0,,,02/17/2026,02/17/2026,2024-09-01,2026-02-17,2026-02-17,False,,53.0,False,False,2024-09
1600,2024,9,Occurrence,Race-Ethnicity,Black,PAR,Parkinson's disease,ICD-10,15.0,,,02/17/2026,02/17/2026,2024-09-01,2026-02-17,2026-02-17,False,,15.0,False,False,2024-09
1601,2024,9,Occurrence,Race-Ethnicity,Hawaiian/Pacific Islander,PAR,Parkinson's disease,ICD-10,0.0,,,02/17/2026,02/17/2026,2024-09-01,2026-02-17,2026-02-17,False,,0.0,False,False,2024-09
1602,2024,9,Occurrence,Race-Ethnicity,Hispanic,PAR,Parkinson's disease,ICD-10,46.0,,,02/17/2026,02/17/2026,2024-09-01,2026-02-17,2026-02-17,False,,46.0,False,False,2024-09
1603,2024,9,Occurrence,Race-Ethnicity,Multi-Race,PAR,Parkinson's disease,ICD-10,,1,Cell suppressed for small numbers,02/17/2026,02/17/2026,2024-09-01,2026-02-17,2026-02-17,True,Cell suppressed for small numbers,,False,False,2024-09
1604,2024,9,Occurrence,Race-Ethnicity,White,PAR,Parkinson's disease,ICD-10,212.0,,,02/17/2026,02/17/2026,2024-09-01,2026-02-17,2026-02-17,False,,212.0,False,False,2024-09
1605,2024,9,Occurrence,Race-Ethnicity,Other/Unknown,PAR,Parkinson's disease,ICD-10,,1,Cell suppressed for small numbers,02/17/2026,02/17/2026,2024-09-01,2026-02-17,2026-02-17,True,Cell suppressed for small numbers,,False,False,2024-09
1606,2024,9,Occurrence,Total Population,Total Population,PNF,Influenza and pneumonia,ICD-10,319.0,,,02/17/2026,02/17/2026,2024-09-01,2026-02-17,2026-02-17,False,,319.0,True,False,2024-09
1607,2024,9,Occurrence,Gender,Female,PNF,Influenza and pneumonia,ICD-10,147.0,,,02/17/2026,02/17/2026,2024-09-01,2026-02-17,2026-02-17,False,,147.0,False,False,2024-09
1608,2024,9,Occurrence,Gender,Male,PNF,Influenza and pneumonia,ICD-10,172.0,,,02/17/2026,02/17/2026,2024-09-01,2026-02-17,2026-02-17,False,,172.0,False,False,2024-09
1609,2024,9,Occurrence,Race-Ethnicity,American Indian/Alaska Native,PNF,Influenza and pneumonia,ICD-10,,1,Cell suppressed for small numbers,02/17/2026,02/17/2026,2024-09-01,2026-02-17,2026-02-17,True,Cell suppressed for small numbers,,False,False,2024-09
1610,2024,9,Occurrence,Race-Ethnicity,Asian,PNF,Influenza and pneumonia,ICD-10,38.0,,,02/17/2026,02/17/2026,2024-09-01,2026-02-17,2026-02-17,False,,38.0,False,False,2024-09
1611,2024,9,Occurrence,Race-Ethnicity,Black,PNF,Influenza and pneumonia,ICD-10,26.0,,,02/17/2026,02/17/2026,2024-09-01,2026-02-17,2026-02-17,False,,26.0,False,False,2024-09
1612,2024,9,Occurrence,Race-Ethnicity,Hawaiian/Pacific Islander,PNF,Influenza and pneumonia,ICD-10,0.0,,,02/17/2026,02/17/2026,2024-09-01,2026-02-17,2026-02-17,False,,0.0,False,False,2024-09
1613,2024,9,Occurrence,Race-Ethnicity,Hispanic,PNF,Influenza and pneumonia,ICD-10,76.0,,,02/17/2026,02/17/2026,2024-09-01,2026-02-17,2026-02-17,False,,76.0,False,False,2024-09
1614,2024,9,Occurrence,Race-Ethnicity,Multi-Race,PNF,Influenza and pneumonia,ICD-10,,1,Cell suppressed for small numbers,02/17/2026,02/17/2026,2024-09-01,2026-02-17,2026-02-17,True,Cell suppressed for small numbers,,False,False,2024-09
1615,2024,9,Occurrence,Race-Ethnicity,White,PNF,Influenza and pneumonia,ICD-10,168.0,,,02/17/2026,02/17/2026,2024-09-01,2026-02-17,2026-02-17,False,,168.0,False,False,2024-09
1616,2024,9,Occurrence,Race-Ethnicity,Other/Unknown,PNF,Influenza and pneumonia,ICD-10,,1,Cell suppressed for small numbers,02/17/2026,02/17/2026,2024-09-01,2026-02-17,2026-02-17,True,Cell suppressed for small numbers,,False,False,2024-09
1617,2024,9,Occurrence,Total Population,Total Population,STK,Cerebrovascular diseases,ICD-10,1422.0,,,02/17/2026,02/17/2026,2024-09-01,2026-02-17,2026-02-17,False,,1422.0,True,False,2024-09
1618,2024,9,Occurrence,Gender,Female,STK,Cerebrovascular diseases,ICD-10,773.0,,,02/17/2026,02/17/2026,2024-09-01,2026-02-17,2026-02-17,False,,773.0,False,False,2024-09
1619,2024,9,Occurrence,Gender,Male,STK,Cerebrovascular diseases,ICD-10,649.0,,,02/17/2026,02/17/2026,2024-09-01,2026-02-17,2026-02-17,False,,649.0,False,False,2024-09
1620,2024,9,Occurrence,Race-Ethnicity,American Indian/Alaska Native,STK,Cerebrovascular diseases,ICD-10,,1,Cell suppressed for small numbers,02/17/2026,02/17/2026,2024-09-01,2026-02-17,2026-02-17,True,Cell suppressed for small numbers,,False,False,2024-09
1621,2024,9,Occurrence,Race-Ethnicity,Asian,STK,Cerebrovascular diseases,ICD-10,206.0,,,02/17/2026,02/17/2026,2024-09-01,2026-02-17,2026-02-17,False,,206.0,False,False,2024-09
1622,2024,9,Occurrence,Race-Ethnicity,Black,STK,Cerebrovascular diseases,ICD-10,98.0,,,02/17/2026,02/17/2026,2024-09-01,2026-02-17,2026-02-17,False,,98.0,False,False,2024-09
1623,2024,9,Occurrence,Race-Ethnicity,Hawaiian/Pacific Islander,STK,Cerebrovascular diseases,ICD-10,,1,Cell suppressed for small numbers,02/17/2026,02/17/2026,2024-09-01,2026-02-17,2026-02-17,True,Cell suppressed for small numbers,,False,False,2024-09
1624,2024,9,Occurrence,Race-Ethnicity,Hispanic,STK,Cerebrovascular diseases,ICD-10,314.0,,,02/17/2026,02/17/2026,2024-09-01,2026-02-17,2026-02-17,False,,314.0,False,False,2024-09
1625,2024,9,Occurrence,Race-Ethnicity,Multi-Race,STK,Cerebrovascular diseases,ICD-10,12.0,,,02/17/2026,02/17/2026,2024-09-01,2026-02-17,2026-02-17,False,,12.0,False,False,2024-09
1626,2024,9,Occurrence,Race-Ethnicity,White,STK,Cerebrovascular diseases,ICD-10,772.0,,,02/17/2026,02/17/2026,2024-09-01,2026-02-17,2026-02-17,False,,772.0,False,False,2024-09
1627,2024,9,Occurrence,Race-Ethnicity,Other/Unknown,STK,Cerebrovascular diseases,ICD-10,,1,Cell suppressed for small numbers,02/17/2026,02/17/2026,2024-09-01,2026-02-17,2026-02-17,True,Cell suppressed for small numbers,,False,False,2024-09
1628,2024,9,Occurrence,Total Population,Total Population,SUI,Intentional self-harm (suicide),ICD-10,349.0,,,02/17/2026,02/17/2026,2024-09-01,2026-02-17,2026-02-17,False,,349.0,True,False,2024-09
1629,2024,9,Occurrence,Gender,Female,SUI,Intentional self-harm (suicide),ICD-10,81.0,,,02/17/2026,02/17/2026,2024-09-01,2026-02-17,2026-02-17,False,,81.0,False,False,2024-09
1630,2024,9,Occurrence,Gender,Male,SUI,Intentional self-harm (suicide),ICD-10,268.0,,,02/17/2026,02/17/2026,2024-09-01,2026-02-17,2026-02-17,False,,268.0,False,False,2024-09
1631,2024,9,Occurrence,Race-Ethnicity,American Indian/Alaska Native,SUI,Intentional self-harm (suicide),ICD-10,,1,Cell suppressed for small numbers,02/17/2026,02/17/2026,2024-09-01,2026-02-17,2026-02-17,True,Cell suppressed for small numbers,,False,False,2024-09
1632,2024,9,Occurrence,Race-Ethnicity,Asian,SUI,Intentional self-harm (suicide),ICD-10,33.0,,,02/17/2026,02/17/2026,2024-09-01,2026-02-17,2026-02-17,False,,33.0,False,False,2024-09
1633,2024,9,Occurrence,Race-Ethnicity,Black,SUI,Intentional self-harm (suicide),ICD-10,25.0,,,02/17/2026,02/17/2026,2024-09-01,2026-02-17,2026-02-17,False,,25.0,False,False,2024-09
1634,2024,9,Occurrence,Race-Ethnicity,Hawaiian/Pacific Islander,SUI,Intentional self-harm (suicide),ICD-10,,1,Cell suppressed for small numbers,02/17/2026,02/17/2026,2024-09-01,2026-02-17,2026-02-17,True,Cell suppressed for small numbers,,False,False,2024-09
1635,2024,9,Occurrence,Race-Ethnicity,Hispanic,SUI,Intentional self-harm (suicide),ICD-10,79.0,,,02/17/2026,02/17/2026,2024-09-01,2026-02-17,2026-02-17,False,,79.0,False,False,2024-09
1636,2024,9,Occurrence,Race-Ethnicity,Multi-Race,SUI,Intentional self-harm (suicide),ICD-10,15.0,,,02/17/2026,02/17/2026,2024-09-01,2026-02-17,2026-02-17,False,,15.0,False,False,2024-09
1637,2024,9,Occurrence,Race-Ethnicity,White,SUI,Intentional self-harm (suicide),ICD-10,192.0,,,02/17/2026,02/17/2026,2024-09-01,2026-02-17,2026-02-17,False,,192.0,False,False,2024-09
1638,2024,9,Occurrence,Race-Ethnicity,Other/Unknown,SUI,Intentional self-harm (suicide),ICD-10,0.0,,,02/17/2026,02/17/2026,2024-09-01,2026-02-17,2026-02-17,False,,0.0,False,False,2024-09
1639,2024,10,Occurrence,Total Population,Total Population,ALL,All causes (total),ICD-10,23373.0,,,02/17/2026,02/17/2026,2024-10-01,2026-02-17,2026-02-17,False,,23373.0,True,True,2024-10
1640,2024,10,Occurrence,Age,Under 1 year,ALL,All causes (total),ICD-10,157.0,,,02/17/2026,02/17/2026,2024-10-01,2026-02-17,2026-02-17,False,,157.0,False,True,2024-10
1641,2024,10,Occurrence,Age,1-4 years,ALL,All causes (total),ICD-10,24.0,,,02/17/2026,02/17/2026,2024-10-01,2026-02-17,2026-02-17,False,,24.0,False,True,2024-10
1642,2024,10,Occurrence,Age,5-14 years,ALL,All causes (total),ICD-10,40.0,,,02/17/2026,02/17/2026,2024-10-01,2026-02-17,2026-02-17,False,,40.0,False,True,2024-10
1643,2024,10,Occurrence,Age,15-24 years,ALL,All causes (total),ICD-10,223.0,,,02/17/2026,02/17/2026,2024-10-01,2026-02-17,2026-02-17,False,,223.0,False,True,2024-10
1644,2024,10,Occurrence,Age,25-34 years,ALL,All causes (total),ICD-10,542.0,,,02/17/2026,02/17/2026,2024-10-01,2026-02-17,2026-02-17,False,,542.0,False,True,2024-10
1645,2024,10,Occurrence,Age,35-44 years,ALL,All causes (total),ICD-10,796.0,,,02/17/2026,02/17/2026,2024-10-01,2026-02-17,2026-02-17,False,,796.0,False,True,2024-10
1646,2024,10,Occurrence,Age,45-54 years,ALL,All causes (total),ICD-10,1218.0,,,02/17/2026,02/17/2026,2024-10-01,2026-02-17,2026-02-17,False,,1218.0,False,True,2024-10
1647,2024,10,Occurrence,Age,55-64 years,ALL,All causes (total),ICD-10,2664.0,,,02/17/2026,02/17/2026,2024-10-01,2026-02-17,2026-02-17,False,,2664.0,False,True,2024-10
1648,2024,10,Occurrence,Age,65-74 years,ALL,All causes (total),ICD-10,4511.0,,,02/17/2026,02/17/2026,2024-10-01,2026-02-17,2026-02-17,False,,4511.0,False,True,2024-10
1649,2024,10,Occurrence,Age,75-84 years,ALL,All causes (total),ICD-10,5962.0,,,02/17/2026,02/17/2026,2024-10-01,2026-02-17,2026-02-17,False,,5962.0,False,True,2024-10
1650,2024,10,Occurrence,Age,85 years and over,ALL,All causes (total),ICD-10,7231.0,,,02/17/2026,02/17/2026,2024-10-01,2026-02-17,2026-02-17,False,,7231.0,False,True,2024-10
1651,2024,10,Occurrence,Gender,Female,ALL,All causes (total),ICD-10,10989.0,,,02/17/2026,02/17/2026,2024-10-01,2026-02-17,2026-02-17,False,,10989.0,False,True,2024-10
1652,2024,10,Occurrence,Gender,Male,ALL,All causes (total),ICD-10,12381.0,,,02/17/2026,02/17/2026,2024-10-01,2026-02-17,2026-02-17,False,,12381.0,False,True,2024-10
1653,2024,10,Occurrence,Place Type,Inpatient,ALL,All causes (total),ICD-10,7243.0,,,02/17/2026,02/17/2026,2024-10-01,2026-02-17,2026-02-17,False,,7243.0,False,True,2024-10
1654,2024,10,Occurrence,Place Type,Emergency Room/Outpatient,ALL,All causes (total),ICD-10,1321.0,,,02/17/2026,02/17/2026,2024-10-01,2026-02-17,2026-02-17,False,,1321.0,False,True,2024-10
1655,2024,10,Occurrence,Place Type,Decedent's Home,ALL,All causes (total),ICD-10,9004.0,,,02/17/2026,02/17/2026,2024-10-01,2026-02-17,2026-02-17,False,,9004.0,False,True,2024-10
1656,2024,10,Occurrence,Place Type,Hospice Facility,ALL,All causes (total),ICD-10,287.0,,,02/17/2026,02/17/2026,2024-10-01,2026-02-17,2026-02-17,False,,287.0,False,True,2024-10
1657,2024,10,Occurrence,Place Type,Nursing Home/Long Term Care Facility,ALL,All causes (total),ICD-10,3106.0,,,02/17/2026,02/17/2026,2024-10-01,2026-02-17,2026-02-17,False,,3106.0,False,True,2024-10
1658,2024,10,Occurrence,Place Type,Other/Unknown,ALL,All causes (total),ICD-10,2412.0,,,02/17/2026,02/17/2026,2024-10-01,2026-02-17,2026-02-17,False,,2412.0,False,True,2024-10
1659,2024,10,Occurrence,Race-Ethnicity,American Indian/Alaska Native,ALL,All causes (total),ICD-10,99.0,,,02/17/2026,02/17/2026,2024-10-01,2026-02-17,2026-02-17,False,,99.0,False,True,2024-10
1660,2024,10,Occurrence,Race-Ethnicity,Asian,ALL,All causes (total),ICD-10,2641.0,,,02/17/2026,02/17/2026,2024-10-01,2026-02-17,2026-02-17,False,,2641.0,False,True,2024-10
1661,2024,10,Occurrence,Race-Ethnicity,Black,ALL,All causes (total),ICD-10,1886.0,,,02/17/2026,02/17/2026,2024-10-01,2026-02-17,2026-02-17,False,,1886.0,False,True,2024-10
1662,2024,10,Occurrence,Race-Ethnicity,Hawaiian/Pacific Islander,ALL,All causes (total),ICD-10,99.0,,,02/17/2026,02/17/2026,2024-10-01,2026-02-17,2026-02-17,False,,99.0,False,True,2024-10
1663,2024,10,Occurrence,Race-Ethnicity,Hispanic,ALL,All causes (total),ICD-10,5320.0,,,02/17/2026,02/17/2026,2024-10-01,2026-02-17,2026-02-17,False,,5320.0,False,True,2024-10
1664,2024,10,Occurrence,Race-Ethnicity,Multi-Race,ALL,All causes (total),ICD-10,285.0,,,02/17/2026,02/17/2026,2024-10-01,2026-02-17,2026-02-17,False,,285.0,False,True,2024-10
1665,2024,10,Occurrence,Race-Ethnicity,White,ALL,All causes (total),ICD-10,12823.0,,,02/17/2026,02/17/2026,2024-10-01,2026-02-17,2026-02-17,False,,12823.0,False,True,2024-10
1666,2024,10,Occurrence,Race-Ethnicity,Other/Unknown,ALL,All causes (total),ICD-10,220.0,,,02/17/2026,02/17/2026,2024-10-01,2026-02-17,2026-02-17,False,,220.0,False,True,2024-10
1667,2024,10,Occurrence,Total Population,Total Population,ALZ,Alzheimer's disease,ICD-10,1296.0,,,02/17/2026,02/17/2026,2024-10-01,2026-02-17,2026-02-17,False,,1296.0,True,False,2024-10
1668,2024,10,Occurrence,Gender,Female,ALZ,Alzheimer's disease,ICD-10,844.0,,,02/17/2026,02/17/2026,2024-10-01,2026-02-17,2026-02-17,False,,844.0,False,False,2024-10
1669,2024,10,Occurrence,Gender,Male,ALZ,Alzheimer's disease,ICD-10,452.0,,,02/17/2026,02/17/2026,2024-10-01,2026-02-17,2026-02-17,False,,452.0,False,False,2024-10
1670,2024,10,Occurrence,Race-Ethnicity,American Indian/Alaska Native,ALZ,Alzheimer's disease,ICD-10,,1,Cell suppressed for small numbers,02/17/2026,02/17/2026,2024-10-01,2026-02-17,2026-02-17,True,Cell suppressed for small numbers,,False,False,2024-10
1671,2024,10,Occurrence,Race-Ethnicity,Asian,ALZ,Alzheimer's disease,ICD-10,159.0,,,02/17/2026,02/17/2026,2024-10-01,2026-02-17,2026-02-17,False,,159.0,False,False,2024-10
1672,2024,10,Occurrence,Race-Ethnicity,Black,ALZ,Alzheimer's disease,ICD-10,71.0,,,02/17/2026,02/17/2026,2024-10-01,2026-02-17,2026-02-17,False,,71.0,False,False,2024-10
1673,2024,10,Occurrence,Race-Ethnicity,Hawaiian/Pacific Islander,ALZ,Alzheimer's disease,ICD-10,,1,Cell suppressed for small numbers,02/17/2026,02/17/2026,2024-10-01,2026-02-17,2026-02-17,True,Cell suppressed for small numbers,,False,False,2024-10
1674,2024,10,Occurrence,Race-Ethnicity,Hispanic,ALZ,Alzheimer's disease,ICD-10,239.0,,,02/17/2026,02/17/2026,2024-10-01,2026-02-17,2026-02-17,False,,239.0,False,False,2024-10
1675,2024,10,Occurrence,Race-Ethnicity,Multi-Race,ALZ,Alzheimer's disease,ICD-10,,1,Cell suppressed for small numbers,02/17/2026,02/17/2026,2024-10-01,2026-02-17,2026-02-17,True,Cell suppressed for small numbers,,False,False,2024-10
1676,2024,10,Occurrence,Race-Ethnicity,White,ALZ,Alzheimer's disease,ICD-10,809.0,,,02/17/2026,02/17/2026,2024-10-01,2026-02-17,2026-02-17,False,,809.0,False,False,2024-10
1677,2024,10,Occurrence,Race-Ethnicity,Other/Unknown,ALZ,Alzheimer's disease,ICD-10,,1,Cell suppressed for small numbers,02/17/2026,02/17/2026,2024-10-01,2026-02-17,2026-02-17,True,Cell suppressed for small numbers,,False,False,2024-10
1678,2024,10,Occurrence,Total Population,Total Population,CAN,Malignant neoplasms,ICD-10,5204.0,,,02/17/2026,02/17/2026,2024-10-01,2026-02-17,2026-02-17,False,,5204.0,True,False,2024-10
1679,2024,10,Occurrence,Gender,Female,CAN,Malignant neoplasms,ICD-10,2521.0,,,02/17/2026,02/17/2026,2024-10-01,2026-02-17,2026-02-17,False,,2521.0,False,False,2024-10
1680,2024,10,Occurrence,Gender,Male,CAN,Malignant neoplasms,ICD-10,2682.0,,,02/17/2026,02/17/2026,2024-10-01,2026-02-17,2026-02-17,False,,2682.0,False,False,2024-10
1681,2024,10,Occurrence,Race-Ethnicity,American Indian/Alaska Native,CAN,Malignant neoplasms,ICD-10,20.0,,,02/17/2026,02/17/2026,2024-10-01,2026-02-17,2026-02-17,False,,20.0,False,False,2024-10
1682,2024,10,Occurrence,Race-Ethnicity,Asian,CAN,Malignant neoplasms,ICD-10,636.0,,,02/17/2026,02/17/2026,2024-10-01,2026-02-17,2026-02-17,False,,636.0,False,False,2024-10
1683,2024,10,Occurrence,Race-Ethnicity,Black,CAN,Malignant neoplasms,ICD-10,379.0,,,02/17/2026,02/17/2026,2024-10-01,2026-02-17,2026-02-17,False,,379.0,False,False,2024-10
1684,2024,10,Occurrence,Race-Ethnicity,Hawaiian/Pacific Islander,CAN,Malignant neoplasms,ICD-10,23.0,,,02/17/2026,02/17/2026,2024-10-01,2026-02-17,2026-02-17,False,,23.0,False,False,2024-10
1685,2024,10,Occurrence,Race-Ethnicity,Hispanic,CAN,Malignant neoplasms,ICD-10,1145.0,,,02/17/2026,02/17/2026,2024-10-01,2026-02-17,2026-02-17,False,,1145.0,False,False,2024-10
1686,2024,10,Occurrence,Race-Ethnicity,Multi-Race,CAN,Malignant neoplasms,ICD-10,58.0,,,02/17/2026,02/17/2026,2024-10-01,2026-02-17,2026-02-17,False,,58.0,False,False,2024-10
1687,2024,10,Occurrence,Race-Ethnicity,White,CAN,Malignant neoplasms,ICD-10,2901.0,,,02/17/2026,02/17/2026,2024-10-01,2026-02-17,2026-02-17,False,,2901.0,False,False,2024-10
1688,2024,10,Occurrence,Race-Ethnicity,Other/Unknown,CAN,Malignant neoplasms,ICD-10,42.0,,,02/17/2026,02/17/2026,2024-10-01,2026-02-17,2026-02-17,False,,42.0,False,False,2024-10
1689,2024,10,Occurrence,Total Population,Total Population,CLD,Chronic lower respiratory diseases,ICD-10,898.0,,,02/17/2026,02/17/2026,2024-10-01,2026-02-17,2026-02-17,False,,898.0,True,False,2024-10
1690,2024,10,Occurrence,Gender,Female,CLD,Chronic lower respiratory diseases,ICD-10,468.0,,,02/17/2026,02/17/2026,2024-10-01,2026-02-17,2026-02-17,False,,468.0,False,False,2024-10
1691,2024,10,Occurrence,Gender,Male,CLD,Chronic lower respiratory diseases,ICD-10,430.0,,,02/17/2026,02/17/2026,2024-10-01,2026-02-17,2026-02-17,False,,430.0,False,False,2024-10
1692,2024,10,Occurrence,Race-Ethnicity,American Indian/Alaska Native,CLD,Chronic lower respiratory diseases,ICD-10,,1,Cell suppressed for small numbers,02/17/2026,02/17/2026,2024-10-01,2026-02-17,2026-02-17,True,Cell suppressed for small numbers,,False,False,2024-10
1693,2024,10,Occurrence,Race-Ethnicity,Asian,CLD,Chronic lower respiratory diseases,ICD-10,64.0,,,02/17/2026,02/17/2026,2024-10-01,2026-02-17,2026-02-17,False,,64.0,False,False,2024-10
1694,2024,10,Occurrence,Race-Ethnicity,Black,CLD,Chronic lower respiratory diseases,ICD-10,61.0,,,02/17/2026,02/17/2026,2024-10-01,2026-02-17,2026-02-17,False,,61.0,False,False,2024-10
1695,2024,10,Occurrence,Race-Ethnicity,Hawaiian/Pacific Islander,CLD,Chronic lower respiratory diseases,ICD-10,0.0,,,02/17/2026,02/17/2026,2024-10-01,2026-02-17,2026-02-17,False,,0.0,False,False,2024-10
1696,2024,10,Occurrence,Race-Ethnicity,Hispanic,CLD,Chronic lower respiratory diseases,ICD-10,104.0,,,02/17/2026,02/17/2026,2024-10-01,2026-02-17,2026-02-17,False,,104.0,False,False,2024-10
1697,2024,10,Occurrence,Race-Ethnicity,Multi-Race,CLD,Chronic lower respiratory diseases,ICD-10,14.0,,,02/17/2026,02/17/2026,2024-10-01,2026-02-17,2026-02-17,False,,14.0,False,False,2024-10
1698,2024,10,Occurrence,Race-Ethnicity,White,CLD,Chronic lower respiratory diseases,ICD-10,644.0,,,02/17/2026,02/17/2026,2024-10-01,2026-02-17,2026-02-17,False,,644.0,False,False,2024-10
1699,2024,10,Occurrence,Race-Ethnicity,Other/Unknown,CLD,Chronic lower respiratory diseases,ICD-10,,1,Cell suppressed for small numbers,02/17/2026,02/17/2026,2024-10-01,2026-02-17,2026-02-17,True,Cell suppressed for small numbers,,False,False,2024-10
1700,2024,10,Occurrence,Total Population,Total Population,DIA,Diabetes mellitus,ICD-10,898.0,,,02/17/2026,02/17/2026,2024-10-01,2026-02-17,2026-02-17,False,,898.0,True,False,2024-10
1701,2024,10,Occurrence,Gender,Female,DIA,Diabetes mellitus,ICD-10,374.0,,,02/17/2026,02/17/2026,2024-10-01,2026-02-17,2026-02-17,False,,374.0,False,False,2024-10
1702,2024,10,Occurrence,Gender,Male,DIA,Diabetes mellitus,ICD-10,524.0,,,02/17/2026,02/17/2026,2024-10-01,2026-02-17,2026-02-17,False,,524.0,False,False,2024-10
1703,2024,10,Occurrence,Race-Ethnicity,American Indian/Alaska Native,DIA,Diabetes mellitus,ICD-10,,1,Cell suppressed for small numbers,02/17/2026,02/17/2026,2024-10-01,2026-02-17,2026-02-17,True,Cell suppressed for small numbers,,False,False,2024-10
1704,2024,10,Occurrence,Race-Ethnicity,Asian,DIA,Diabetes mellitus,ICD-10,132.0,,,02/17/2026,02/17/2026,2024-10-01,2026-02-17,2026-02-17,False,,132.0,False,False,2024-10
1705,2024,10,Occurrence,Race-Ethnicity,Black,DIA,Diabetes mellitus,ICD-10,90.0,,,02/17/2026,02/17/2026,2024-10-01,2026-02-17,2026-02-17,False,,90.0,False,False,2024-10
1706,2024,10,Occurrence,Race-Ethnicity,Hawaiian/Pacific Islander,DIA,Diabetes mellitus,ICD-10,,1,Cell suppressed for small numbers,02/17/2026,02/17/2026,2024-10-01,2026-02-17,2026-02-17,True,Cell suppressed for small numbers,,False,False,2024-10
1707,2024,10,Occurrence,Race-Ethnicity,Hispanic,DIA,Diabetes mellitus,ICD-10,313.0,,,02/17/2026,02/17/2026,2024-10-01,2026-02-17,2026-02-17,False,,313.0,False,False,2024-10
1708,2024,10,Occurrence,Race-Ethnicity,Multi-Race,DIA,Diabetes mellitus,ICD-10,,1,Cell suppressed for small numbers,02/17/2026,02/17/2026,2024-10-01,2026-02-17,2026-02-17,True,Cell suppressed for small numbers,,False,False,2024-10
1709,2024,10,Occurrence,Race-Ethnicity,White,DIA,Diabetes mellitus,ICD-10,331.0,,,02/17/2026,02/17/2026,2024-10-01,2026-02-17,2026-02-17,False,,331.0,False,False,2024-10
1710,2024,10,Occurrence,Race-Ethnicity,Other/Unknown,DIA,Diabetes mellitus,ICD-10,12.0,,,02/17/2026,02/17/2026,2024-10-01,2026-02-17,2026-02-17,False,,12.0,False,False,2024-10
1711,2024,10,Occurrence,Total Population,Total Population,HOM,Assault (homicide),ICD-10,155.0,,,02/17/2026,02/17/2026,2024-10-01,2026-02-17,2026-02-17,False,,155.0,True,False,2024-10
1712,2024,10,Occurrence,Gender,Female,HOM,Assault (homicide),ICD-10,27.0,,,02/17/2026,02/17/2026,2024-10-01,2026-02-17,2026-02-17,False,,27.0,False,False,2024-10
1713,2024,10,Occurrence,Gender,Male,HOM,Assault (homicide),ICD-10,128.0,,,02/17/2026,02/17/2026,2024-10-01,2026-02-17,2026-02-17,False,,128.0,False,False,2024-10
1714,2024,10,Occurrence,Race-Ethnicity,American Indian/Alaska Native,HOM,Assault (homicide),ICD-10,,1,Cell suppressed for small numbers,02/17/2026,02/17/2026,2024-10-01,2026-02-17,2026-02-17,True,Cell suppressed for small numbers,,False,False,2024-10
1715,2024,10,Occurrence,Race-Ethnicity,Asian,HOM,Assault (homicide),ICD-10,,1,Cell suppressed for small numbers,02/17/2026,02/17/2026,2024-10-01,2026-02-17,2026-02-17,True,Cell suppressed for small numbers,,False,False,2024-10
1716,2024,10,Occurrence,Race-Ethnicity,Black,HOM,Assault (homicide),ICD-10,38.0,,,02/17/2026,02/17/2026,2024-10-01,2026-02-17,2026-02-17,False,,38.0,False,False,2024-10
1717,2024,10,Occurrence,Race-Ethnicity,Hawaiian/Pacific Islander,HOM,Assault (homicide),ICD-10,0.0,,,02/17/2026,02/17/2026,2024-10-01,2026-02-17,2026-02-17,False,,0.0,False,False,2024-10
1718,2024,10,Occurrence,Race-Ethnicity,Hispanic,HOM,Assault (homicide),ICD-10,66.0,,,02/17/2026,02/17/2026,2024-10-01,2026-02-17,2026-02-17,False,,66.0,False,False,2024-10
1719,2024,10,Occurrence,Race-Ethnicity,Multi-Race,HOM,Assault (homicide),ICD-10,,1,Cell suppressed for small numbers,02/17/2026,02/17/2026,2024-10-01,2026-02-17,2026-02-17,True,Cell suppressed for small numbers,,False,False,2024-10
1720,2024,10,Occurrence,Race-Ethnicity,White,HOM,Assault (homicide),ICD-10,37.0,,,02/17/2026,02/17/2026,2024-10-01,2026-02-17,2026-02-17,False,,37.0,False,False,2024-10
1721,2024,10,Occurrence,Race-Ethnicity,Other/Unknown,HOM,Assault (homicide),ICD-10,,1,Cell suppressed for small numbers,02/17/2026,02/17/2026,2024-10-01,2026-02-17,2026-02-17,True,Cell suppressed for small numbers,,False,False,2024-10
1722,2024,10,Occurrence,Total Population,Total Population,HTD,Diseases of heart,ICD-10,4971.0,,,02/17/2026,02/17/2026,2024-10-01,2026-02-17,2026-02-17,False,,4971.0,True,False,2024-10
1723,2024,10,Occurrence,Gender,Female,HTD,Diseases of heart,ICD-10,2201.0,,,02/17/2026,02/17/2026,2024-10-01,2026-02-17,2026-02-17,False,,2201.0,False,False,2024-10
1724,2024,10,Occurrence,Gender,Male,HTD,Diseases of heart,ICD-10,2770.0,,,02/17/2026,02/17/2026,2024-10-01,2026-02-17,2026-02-17,False,,2770.0,False,False,2024-10
1725,2024,10,Occurrence,Race-Ethnicity,American Indian/Alaska Native,HTD,Diseases of heart,ICD-10,17.0,,,02/17/2026,02/17/2026,2024-10-01,2026-02-17,2026-02-17,False,,17.0,False,False,2024-10
1726,2024,10,Occurrence,Race-Ethnicity,Asian,HTD,Diseases of heart,ICD-10,516.0,,,02/17/2026,02/17/2026,2024-10-01,2026-02-17,2026-02-17,False,,516.0,False,False,2024-10
1727,2024,10,Occurrence,Race-Ethnicity,Black,HTD,Diseases of heart,ICD-10,454.0,,,02/17/2026,02/17/2026,2024-10-01,2026-02-17,2026-02-17,False,,454.0,False,False,2024-10
1728,2024,10,Occurrence,Race-Ethnicity,Hawaiian/Pacific Islander,HTD,Diseases of heart,ICD-10,22.0,,,02/17/2026,02/17/2026,2024-10-01,2026-02-17,2026-02-17,False,,22.0,False,False,2024-10
1729,2024,10,Occurrence,Race-Ethnicity,Hispanic,HTD,Diseases of heart,ICD-10,954.0,,,02/17/2026,02/17/2026,2024-10-01,2026-02-17,2026-02-17,False,,954.0,False,False,2024-10
1730,2024,10,Occurrence,Race-Ethnicity,Multi-Race,HTD,Diseases of heart,ICD-10,63.0,,,02/17/2026,02/17/2026,2024-10-01,2026-02-17,2026-02-17,False,,63.0,False,False,2024-10
1731,2024,10,Occurrence,Race-Ethnicity,White,HTD,Diseases of heart,ICD-10,2899.0,,,02/17/2026,02/17/2026,2024-10-01,2026-02-17,2026-02-17,False,,2899.0,False,False,2024-10
1732,2024,10,Occurrence,Race-Ethnicity,Other/Unknown,HTD,Diseases of heart,ICD-10,46.0,,,02/17/2026,02/17/2026,2024-10-01,2026-02-17,2026-02-17,False,,46.0,False,False,2024-10
1733,2024,10,Occurrence,Total Population,Total Population,HYP,Essential hypertension and hypertensive renal disease,ICD-10,496.0,,,02/17/2026,02/17/2026,2024-10-01,2026-02-17,2026-02-17,False,,496.0,True,False,2024-10
1734,2024,10,Occurrence,Gender,Female,HYP,Essential hypertension and hypertensive renal disease,ICD-10,270.0,,,02/17/2026,02/17/2026,2024-10-01,2026-02-17,2026-02-17,False,,270.0,False,False,2024-10
1735,2024,10,Occurrence,Gender,Male,HYP,Essential hypertension and hypertensive renal disease,ICD-10,226.0,,,02/17/2026,02/17/2026,2024-10-01,2026-02-17,2026-02-17,False,,226.0,False,False,2024-10
1736,2024,10,Occurrence,Race-Ethnicity,American Indian/Alaska Native,HYP,Essential hypertension and hypertensive renal disease,ICD-10,,1,Cell suppressed for small numbers,02/17/2026,02/17/2026,2024-10-01,2026-02-17,2026-02-17,True,Cell suppressed for small numbers,,False,False,2024-10
1737,2024,10,Occurrence,Race-Ethnicity,Asian,HYP,Essential hypertension and hypertensive renal disease,ICD-10,75.0,,,02/17/2026,02/17/2026,2024-10-01,2026-02-17,2026-02-17,False,,75.0,False,False,2024-10
1738,2024,10,Occurrence,Race-Ethnicity,Black,HYP,Essential hypertension and hypertensive renal disease,ICD-10,62.0,,,02/17/2026,02/17/2026,2024-10-01,2026-02-17,2026-02-17,False,,62.0,False,False,2024-10
1739,2024,10,Occurrence,Race-Ethnicity,Hawaiian/Pacific Islander,HYP,Essential hypertension and hypertensive renal disease,ICD-10,,1,Cell suppressed for small numbers,02/17/2026,02/17/2026,2024-10-01,2026-02-17,2026-02-17,True,Cell suppressed for small numbers,,False,False,2024-10
1740,2024,10,Occurrence,Race-Ethnicity,Hispanic,HYP,Essential hypertension and hypertensive renal disease,ICD-10,89.0,,,02/17/2026,02/17/2026,2024-10-01,2026-02-17,2026-02-17,False,,89.0,False,False,2024-10
1741,2024,10,Occurrence,Race-Ethnicity,Multi-Race,HYP,Essential hypertension and hypertensive renal disease,ICD-10,,1,Cell suppressed for small numbers,02/17/2026,02/17/2026,2024-10-01,2026-02-17,2026-02-17,True,Cell suppressed for small numbers,,False,False,2024-10
1742,2024,10,Occurrence,Race-Ethnicity,White,HYP,Essential hypertension and hypertensive renal disease,ICD-10,255.0,,,02/17/2026,02/17/2026,2024-10-01,2026-02-17,2026-02-17,False,,255.0,False,False,2024-10
1743,2024,10,Occurrence,Race-Ethnicity,Other/Unknown,HYP,Essential hypertension and hypertensive renal disease,ICD-10,,1,Cell suppressed for small numbers,02/17/2026,02/17/2026,2024-10-01,2026-02-17,2026-02-17,True,Cell suppressed for small numbers,,False,False,2024-10
1744,2024,10,Occurrence,Total Population,Total Population,INJ,Accidents (unintentional injuries),ICD-10,1526.0,,,02/17/2026,02/17/2026,2024-10-01,2026-02-17,2026-02-17,False,,1526.0,True,False,2024-10
1745,2024,10,Occurrence,Gender,Female,INJ,Accidents (unintentional injuries),ICD-10,442.0,,,02/17/2026,02/17/2026,2024-10-01,2026-02-17,2026-02-17,False,,442.0,False,False,2024-10
1746,2024,10,Occurrence,Gender,Male,INJ,Accidents (unintentional injuries),ICD-10,1082.0,,,02/17/2026,02/17/2026,2024-10-01,2026-02-17,2026-02-17,False,,1082.0,False,False,2024-10
1747,2024,10,Occurrence,Race-Ethnicity,American Indian/Alaska Native,INJ,Accidents (unintentional injuries),ICD-10,,2,Cell suppressed for complementary cell,02/17/2026,02/17/2026,2024-10-01,2026-02-17,2026-02-17,True,Cell suppressed for complementary cell,,False,False,2024-10
1748,2024,10,Occurrence,Race-Ethnicity,Asian,INJ,Accidents (unintentional injuries),ICD-10,118.0,,,02/17/2026,02/17/2026,2024-10-01,2026-02-17,2026-02-17,False,,118.0,False,False,2024-10
1749,2024,10,Occurrence,Race-Ethnicity,Black,INJ,Accidents (unintentional injuries),ICD-10,152.0,,,02/17/2026,02/17/2026,2024-10-01,2026-02-17,2026-02-17,False,,152.0,False,False,2024-10
1750,2024,10,Occurrence,Race-Ethnicity,Hawaiian/Pacific Islander,INJ,Accidents (unintentional injuries),ICD-10,,1,Cell suppressed for small numbers,02/17/2026,02/17/2026,2024-10-01,2026-02-17,2026-02-17,True,Cell suppressed for small numbers,,False,False,2024-10
1751,2024,10,Occurrence,Race-Ethnicity,Hispanic,INJ,Accidents (unintentional injuries),ICD-10,494.0,,,02/17/2026,02/17/2026,2024-10-01,2026-02-17,2026-02-17,False,,494.0,False,False,2024-10
1752,2024,10,Occurrence,Race-Ethnicity,Multi-Race,INJ,Accidents (unintentional injuries),ICD-10,42.0,,,02/17/2026,02/17/2026,2024-10-01,2026-02-17,2026-02-17,False,,42.0,False,False,2024-10
1753,2024,10,Occurrence,Race-Ethnicity,White,INJ,Accidents (unintentional injuries),ICD-10,672.0,,,02/17/2026,02/17/2026,2024-10-01,2026-02-17,2026-02-17,False,,672.0,False,False,2024-10
1754,2024,10,Occurrence,Race-Ethnicity,Other/Unknown,INJ,Accidents (unintentional injuries),ICD-10,25.0,,,02/17/2026,02/17/2026,2024-10-01,2026-02-17,2026-02-17,False,,25.0,False,False,2024-10
1755,2024,10,Occurrence,Total Population,Total Population,LIV,Chronic liver disease and cirrhosis,ICD-10,538.0,,,02/17/2026,02/17/2026,2024-10-01,2026-02-17,2026-02-17,False,,538.0,True,False,2024-10
1756,2024,10,Occurrence,Gender,Female,LIV,Chronic liver disease and cirrhosis,ICD-10,208.0,,,02/17/2026,02/17/2026,2024-10-01,2026-02-17,2026-02-17,False,,208.0,False,False,2024-10
1757,2024,10,Occurrence,Gender,Male,LIV,Chronic liver disease and cirrhosis,ICD-10,330.0,,,02/17/2026,02/17/2026,2024-10-01,2026-02-17,2026-02-17,False,,330.0,False,False,2024-10
1758,2024,10,Occurrence,Race-Ethnicity,American Indian/Alaska Native,LIV,Chronic liver disease and cirrhosis,ICD-10,,1,Cell suppressed for small numbers,02/17/2026,02/17/2026,2024-10-01,2026-02-17,2026-02-17,True,Cell suppressed for small numbers,,False,False,2024-10
1759,2024,10,Occurrence,Race-Ethnicity,Asian,LIV,Chronic liver disease and cirrhosis,ICD-10,31.0,,,02/17/2026,02/17/2026,2024-10-01,2026-02-17,2026-02-17,False,,31.0,False,False,2024-10
1760,2024,10,Occurrence,Race-Ethnicity,Black,LIV,Chronic liver disease and cirrhosis,ICD-10,17.0,,,02/17/2026,02/17/2026,2024-10-01,2026-02-17,2026-02-17,False,,17.0,False,False,2024-10
1761,2024,10,Occurrence,Race-Ethnicity,Hawaiian/Pacific Islander,LIV,Chronic liver disease and cirrhosis,ICD-10,,1,Cell suppressed for small numbers,02/17/2026,02/17/2026,2024-10-01,2026-02-17,2026-02-17,True,Cell suppressed for small numbers,,False,False,2024-10
1762,2024,10,Occurrence,Race-Ethnicity,Hispanic,LIV,Chronic liver disease and cirrhosis,ICD-10,239.0,,,02/17/2026,02/17/2026,2024-10-01,2026-02-17,2026-02-17,False,,239.0,False,False,2024-10
1763,2024,10,Occurrence,Race-Ethnicity,Multi-Race,LIV,Chronic liver disease and cirrhosis,ICD-10,,1,Cell suppressed for small numbers,02/17/2026,02/17/2026,2024-10-01,2026-02-17,2026-02-17,True,Cell suppressed for small numbers,,False,False,2024-10
1764,2024,10,Occurrence,Race-Ethnicity,White,LIV,Chronic liver disease and cirrhosis,ICD-10,236.0,,,02/17/2026,02/17/2026,2024-10-01,2026-02-17,2026-02-17,False,,236.0,False,False,2024-10
1765,2024,10,Occurrence,Race-Ethnicity,Other/Unknown,LIV,Chronic liver disease and cirrhosis,ICD-10,,1,Cell suppressed for small numbers,02/17/2026,02/17/2026,2024-10-01,2026-02-17,2026-02-17,True,Cell suppressed for small numbers,,False,False,2024-10
1766,2024,10,Occurrence,Total Population,Total Population,NEP,"Nephritis, nephrotic syndrome and nephrosis",ICD-10,404.0,,,02/17/2026,02/17/2026,2024-10-01,2026-02-17,2026-02-17,False,,404.0,True,False,2024-10
1767,2024,10,Occurrence,Gender,Female,NEP,"Nephritis, nephrotic syndrome and nephrosis",ICD-10,197.0,,,02/17/2026,02/17/2026,2024-10-01,2026-02-17,2026-02-17,False,,197.0,False,False,2024-10
1768,2024,10,Occurrence,Gender,Male,NEP,"Nephritis, nephrotic syndrome and nephrosis",ICD-10,207.0,,,02/17/2026,02/17/2026,2024-10-01,2026-02-17,2026-02-17,False,,207.0,False,False,2024-10
1769,2024,10,Occurrence,Race-Ethnicity,American Indian/Alaska Native,NEP,"Nephritis, nephrotic syndrome and nephrosis",ICD-10,,1,Cell suppressed for small numbers,02/17/2026,02/17/2026,2024-10-01,2026-02-17,2026-02-17,True,Cell suppressed for small numbers,,False,False,2024-10
1770,2024,10,Occurrence,Race-Ethnicity,Asian,NEP,"Nephritis, nephrotic syndrome and nephrosis",ICD-10,56.0,,,02/17/2026,02/17/2026,2024-10-01,2026-02-17,2026-02-17,False,,56.0,False,False,2024-10
1771,2024,10,Occurrence,Race-Ethnicity,Black,NEP,"Nephritis, nephrotic syndrome and nephrosis",ICD-10,50.0,,,02/17/2026,02/17/2026,2024-10-01,2026-02-17,2026-02-17,False,,50.0,False,False,2024-10
1772,2024,10,Occurrence,Race-Ethnicity,Hawaiian/Pacific Islander,NEP,"Nephritis, nephrotic syndrome and nephrosis",ICD-10,,1,Cell suppressed for small numbers,02/17/2026,02/17/2026,2024-10-01,2026-02-17,2026-02-17,True,Cell suppressed for small numbers,,False,False,2024-10
1773,2024,10,Occurrence,Race-Ethnicity,Hispanic,NEP,"Nephritis, nephrotic syndrome and nephrosis",ICD-10,125.0,,,02/17/2026,02/17/2026,2024-10-01,2026-02-17,2026-02-17,False,,125.0,False,False,2024-10
1774,2024,10,Occurrence,Race-Ethnicity,Multi-Race,NEP,"Nephritis, nephrotic syndrome and nephrosis",ICD-10,,1,Cell suppressed for small numbers,02/17/2026,02/17/2026,2024-10-01,2026-02-17,2026-02-17,True,Cell suppressed for small numbers,,False,False,2024-10
1775,2024,10,Occurrence,Race-Ethnicity,White,NEP,"Nephritis, nephrotic syndrome and nephrosis",ICD-10,156.0,,,02/17/2026,02/17/2026,2024-10-01,2026-02-17,2026-02-17,False,,156.0,False,False,2024-10
1776,2024,10,Occurrence,Race-Ethnicity,Other/Unknown,NEP,"Nephritis, nephrotic syndrome and nephrosis",ICD-10,,1,Cell suppressed for small numbers,02/17/2026,02/17/2026,2024-10-01,2026-02-17,2026-02-17,True,Cell suppressed for small numbers,,False,False,2024-10
1777,2024,10,Occurrence,Total Population,Total Population,PAR,Parkinson's disease,ICD-10,340.0,,,02/17/2026,02/17/2026,2024-10-01,2026-02-17,2026-02-17,False,,340.0,True,False,2024-10
1778,2024,10,Occurrence,Gender,Female,PAR,Parkinson's disease,ICD-10,131.0,,,02/17/2026,02/17/2026,2024-10-01,2026-02-17,2026-02-17,False,,131.0,False,False,2024-10
1779,2024,10,Occurrence,Gender,Male,PAR,Parkinson's disease,ICD-10,209.0,,,02/17/2026,02/17/2026,2024-10-01,2026-02-17,2026-02-17,False,,209.0,False,False,2024-10
1780,2024,10,Occurrence,Race-Ethnicity,American Indian/Alaska Native,PAR,Parkinson's disease,ICD-10,0.0,,,02/17/2026,02/17/2026,2024-10-01,2026-02-17,2026-02-17,False,,0.0,False,False,2024-10
1781,2024,10,Occurrence,Race-Ethnicity,Asian,PAR,Parkinson's disease,ICD-10,38.0,,,02/17/2026,02/17/2026,2024-10-01,2026-02-17,2026-02-17,False,,38.0,False,False,2024-10
1782,2024,10,Occurrence,Race-Ethnicity,Black,PAR,Parkinson's disease,ICD-10,11.0,,,02/17/2026,02/17/2026,2024-10-01,2026-02-17,2026-02-17,False,,11.0,False,False,2024-10
1783,2024,10,Occurrence,Race-Ethnicity,Hawaiian/Pacific Islander,PAR,Parkinson's disease,ICD-10,0.0,,,02/17/2026,02/17/2026,2024-10-01,2026-02-17,2026-02-17,False,,0.0,False,False,2024-10
1784,2024,10,Occurrence,Race-Ethnicity,Hispanic,PAR,Parkinson's disease,ICD-10,48.0,,,02/17/2026,02/17/2026,2024-10-01,2026-02-17,2026-02-17,False,,48.0,False,False,2024-10
1785,2024,10,Occurrence,Race-Ethnicity,Multi-Race,PAR,Parkinson's disease,ICD-10,,1,Cell suppressed for small numbers,02/17/2026,02/17/2026,2024-10-01,2026-02-17,2026-02-17,True,Cell suppressed for small numbers,,False,False,2024-10
1786,2024,10,Occurrence,Race-Ethnicity,White,PAR,Parkinson's disease,ICD-10,238.0,,,02/17/2026,02/17/2026,2024-10-01,2026-02-17,2026-02-17,False,,238.0,False,False,2024-10
1787,2024,10,Occurrence,Race-Ethnicity,Other/Unknown,PAR,Parkinson's disease,ICD-10,,1,Cell suppressed for small numbers,02/17/2026,02/17/2026,2024-10-01,2026-02-17,2026-02-17,True,Cell suppressed for small numbers,,False,False,2024-10
1788,2024,10,Occurrence,Total Population,Total Population,PNF,Influenza and pneumonia,ICD-10,360.0,,,02/17/2026,02/17/2026,2024-10-01,2026-02-17,2026-02-17,False,,360.0,True,False,2024-10
1789,2024,10,Occurrence,Gender,Female,PNF,Influenza and pneumonia,ICD-10,165.0,,,02/17/2026,02/17/2026,2024-10-01,2026-02-17,2026-02-17,False,,165.0,False,False,2024-10
1790,2024,10,Occurrence,Gender,Male,PNF,Influenza and pneumonia,ICD-10,195.0,,,02/17/2026,02/17/2026,2024-10-01,2026-02-17,2026-02-17,False,,195.0,False,False,2024-10
1791,2024,10,Occurrence,Race-Ethnicity,American Indian/Alaska Native,PNF,Influenza and pneumonia,ICD-10,,1,Cell suppressed for small numbers,02/17/2026,02/17/2026,2024-10-01,2026-02-17,2026-02-17,True,Cell suppressed for small numbers,,False,False,2024-10
1792,2024,10,Occurrence,Race-Ethnicity,Asian,PNF,Influenza and pneumonia,ICD-10,55.0,,,02/17/2026,02/17/2026,2024-10-01,2026-02-17,2026-02-17,False,,55.0,False,False,2024-10
1793,2024,10,Occurrence,Race-Ethnicity,Black,PNF,Influenza and pneumonia,ICD-10,27.0,,,02/17/2026,02/17/2026,2024-10-01,2026-02-17,2026-02-17,False,,27.0,False,False,2024-10
1794,2024,10,Occurrence,Race-Ethnicity,Hawaiian/Pacific Islander,PNF,Influenza and pneumonia,ICD-10,0.0,,,02/17/2026,02/17/2026,2024-10-01,2026-02-17,2026-02-17,False,,0.0,False,False,2024-10
1795,2024,10,Occurrence,Race-Ethnicity,Hispanic,PNF,Influenza and pneumonia,ICD-10,90.0,,,02/17/2026,02/17/2026,2024-10-01,2026-02-17,2026-02-17,False,,90.0,False,False,2024-10
1796,2024,10,Occurrence,Race-Ethnicity,Multi-Race,PNF,Influenza and pneumonia,ICD-10,,1,Cell suppressed for small numbers,02/17/2026,02/17/2026,2024-10-01,2026-02-17,2026-02-17,True,Cell suppressed for small numbers,,False,False,2024-10
1797,2024,10,Occurrence,Race-Ethnicity,White,PNF,Influenza and pneumonia,ICD-10,178.0,,,02/17/2026,02/17/2026,2024-10-01,2026-02-17,2026-02-17,False,,178.0,False,False,2024-10
1798,2024,10,Occurrence,Race-Ethnicity,Other/Unknown,PNF,Influenza and pneumonia,ICD-10,,1,Cell suppressed for small numbers,02/17/2026,02/17/2026,2024-10-01,2026-02-17,2026-02-17,True,Cell suppressed for small numbers,,False,False,2024-10
1799,2024,10,Occurrence,Total Population,Total Population,STK,Cerebrovascular diseases,ICD-10,1409.0,,,02/17/2026,02/17/2026,2024-10-01,2026-02-17,2026-02-17,False,,1409.0,True,False,2024-10
1800,2024,10,Occurrence,Gender,Female,STK,Cerebrovascular diseases,ICD-10,785.0,,,02/17/2026,02/17/2026,2024-10-01,2026-02-17,2026-02-17,False,,785.0,False,False,2024-10
1801,2024,10,Occurrence,Gender,Male,STK,Cerebrovascular diseases,ICD-10,624.0,,,02/17/2026,02/17/2026,2024-10-01,2026-02-17,2026-02-17,False,,624.0,False,False,2024-10
1802,2024,10,Occurrence,Race-Ethnicity,American Indian/Alaska Native,STK,Cerebrovascular diseases,ICD-10,,1,Cell suppressed for small numbers,02/17/2026,02/17/2026,2024-10-01,2026-02-17,2026-02-17,True,Cell suppressed for small numbers,,False,False,2024-10
1803,2024,10,Occurrence,Race-Ethnicity,Asian,STK,Cerebrovascular diseases,ICD-10,241.0,,,02/17/2026,02/17/2026,2024-10-01,2026-02-17,2026-02-17,False,,241.0,False,False,2024-10
1804,2024,10,Occurrence,Race-Ethnicity,Black,STK,Cerebrovascular diseases,ICD-10,120.0,,,02/17/2026,02/17/2026,2024-10-01,2026-02-17,2026-02-17,False,,120.0,False,False,2024-10
1805,2024,10,Occurrence,Race-Ethnicity,Hawaiian/Pacific Islander,STK,Cerebrovascular diseases,ICD-10,,1,Cell suppressed for small numbers,02/17/2026,02/17/2026,2024-10-01,2026-02-17,2026-02-17,True,Cell suppressed for small numbers,,False,False,2024-10
1806,2024,10,Occurrence,Race-Ethnicity,Hispanic,STK,Cerebrovascular diseases,ICD-10,279.0,,,02/17/2026,02/17/2026,2024-10-01,2026-02-17,2026-02-17,False,,279.0,False,False,2024-10
1807,2024,10,Occurrence,Race-Ethnicity,Multi-Race,STK,Cerebrovascular diseases,ICD-10,,1,Cell suppressed for small numbers,02/17/2026,02/17/2026,2024-10-01,2026-02-17,2026-02-17,True,Cell suppressed for small numbers,,False,False,2024-10
1808,2024,10,Occurrence,Race-Ethnicity,White,STK,Cerebrovascular diseases,ICD-10,747.0,,,02/17/2026,02/17/2026,2024-10-01,2026-02-17,2026-02-17,False,,747.0,False,False,2024-10
1809,2024,10,Occurrence,Race-Ethnicity,Other/Unknown,STK,Cerebrovascular diseases,ICD-10,,1,Cell suppressed for small numbers,02/17/2026,02/17/2026,2024-10-01,2026-02-17,2026-02-17,True,Cell suppressed for small numbers,,False,False,2024-10
1810,2024,10,Occurrence,Total Population,Total Population,SUI,Intentional self-harm (suicide),ICD-10,338.0,,,02/17/2026,02/17/2026,2024-10-01,2026-02-17,2026-02-17,False,,338.0,True,False,2024-10
1811,2024,10,Occurrence,Gender,Female,SUI,Intentional self-harm (suicide),ICD-10,67.0,,,02/17/2026,02/17/2026,2024-10-01,2026-02-17,2026-02-17,False,,67.0,False,False,2024-10
1812,2024,10,Occurrence,Gender,Male,SUI,Intentional self-harm (suicide),ICD-10,271.0,,,02/17/2026,02/17/2026,2024-10-01,2026-02-17,2026-02-17,False,,271.0,False,False,2024-10
1813,2024,10,Occurrence,Race-Ethnicity,American Indian/Alaska Native,SUI,Intentional self-harm (suicide),ICD-10,0.0,,,02/17/2026,02/17/2026,2024-10-01,2026-02-17,2026-02-17,False,,0.0,False,False,2024-10
1814,2024,10,Occurrence,Race-Ethnicity,Asian,SUI,Intentional self-harm (suicide),ICD-10,39.0,,,02/17/2026,02/17/2026,2024-10-01,2026-02-17,2026-02-17,False,,39.0,False,False,2024-10
1815,2024,10,Occurrence,Race-Ethnicity,Black,SUI,Intentional self-harm (suicide),ICD-10,22.0,,,02/17/2026,02/17/2026,2024-10-01,2026-02-17,2026-02-17,False,,22.0,False,False,2024-10
1816,2024,10,Occurrence,Race-Ethnicity,Hawaiian/Pacific Islander,SUI,Intentional self-harm (suicide),ICD-10,0.0,,,02/17/2026,02/17/2026,2024-10-01,2026-02-17,2026-02-17,False,,0.0,False,False,2024-10
1817,2024,10,Occurrence,Race-Ethnicity,Hispanic,SUI,Intentional self-harm (suicide),ICD-10,89.0,,,02/17/2026,02/17/2026,2024-10-01,2026-02-17,2026-02-17,False,,89.0,False,False,2024-10
1818,2024,10,Occurrence,Race-Ethnicity,Multi-Race,SUI,Intentional self-harm (suicide),ICD-10,,2,Cell suppressed for complementary cell,02/17/2026,02/17/2026,2024-10-01,2026-02-17,2026-02-17,True,Cell suppressed for complementary cell,,False,False,2024-10
1819,2024,10,Occurrence,Race-Ethnicity,White,SUI,Intentional self-harm (suicide),ICD-10,172.0,,,02/17/2026,02/17/2026,2024-10-01,2026-02-17,2026-02-17,False,,172.0,False,False,2024-10
1820,2024,10,Occurrence,Race-Ethnicity,Other/Unknown,SUI,Intentional self-harm (suicide),ICD-10,,1,Cell suppressed for small numbers,02/17/2026,02/17/2026,2024-10-01,2026-02-17,2026-02-17,True,Cell suppressed for small numbers,,False,False,2024-10
1821,2024,11,Occurrence,Total Population,Total Population,ALL,All causes (total),ICD-10,24089.0,,,02/17/2026,02/17/2026,2024-11-01,2026-02-17,2026-02-17,False,,24089.0,True,True,2024-11
1822,2024,11,Occurrence,Age,Under 1 year,ALL,All causes (total),ICD-10,135.0,,,02/17/2026,02/17/2026,2024-11-01,2026-02-17,2026-02-17,False,,135.0,False,True,2024-11
1823,2024,11,Occurrence,Age,1-4 years,ALL,All causes (total),ICD-10,28.0,,,02/17/2026,02/17/2026,2024-11-01,2026-02-17,2026-02-17,False,,28.0,False,True,2024-11
1824,2024,11,Occurrence,Age,5-14 years,ALL,All causes (total),ICD-10,44.0,,,02/17/2026,02/17/2026,2024-11-01,2026-02-17,2026-02-17,False,,44.0,False,True,2024-11
1825,2024,11,Occurrence,Age,15-24 years,ALL,All causes (total),ICD-10,232.0,,,02/17/2026,02/17/2026,2024-11-01,2026-02-17,2026-02-17,False,,232.0,False,True,2024-11
1826,2024,11,Occurrence,Age,25-34 years,ALL,All causes (total),ICD-10,498.0,,,02/17/2026,02/17/2026,2024-11-01,2026-02-17,2026-02-17,False,,498.0,False,True,2024-11
1827,2024,11,Occurrence,Age,35-44 years,ALL,All causes (total),ICD-10,785.0,,,02/17/2026,02/17/2026,2024-11-01,2026-02-17,2026-02-17,False,,785.0,False,True,2024-11
1828,2024,11,Occurrence,Age,45-54 years,ALL,All causes (total),ICD-10,1229.0,,,02/17/2026,02/17/2026,2024-11-01,2026-02-17,2026-02-17,False,,1229.0,False,True,2024-11
1829,2024,11,Occurrence,Age,55-64 years,ALL,All causes (total),ICD-10,2627.0,,,02/17/2026,02/17/2026,2024-11-01,2026-02-17,2026-02-17,False,,2627.0,False,True,2024-11
1830,2024,11,Occurrence,Age,65-74 years,ALL,All causes (total),ICD-10,4654.0,,,02/17/2026,02/17/2026,2024-11-01,2026-02-17,2026-02-17,False,,4654.0,False,True,2024-11
1831,2024,11,Occurrence,Age,75-84 years,ALL,All causes (total),ICD-10,6360.0,,,02/17/2026,02/17/2026,2024-11-01,2026-02-17,2026-02-17,False,,6360.0,False,True,2024-11
1832,2024,11,Occurrence,Age,85 years and over,ALL,All causes (total),ICD-10,7491.0,,,02/17/2026,02/17/2026,2024-11-01,2026-02-17,2026-02-17,False,,7491.0,False,True,2024-11
1833,2024,11,Occurrence,Gender,Female,ALL,All causes (total),ICD-10,11271.0,,,02/17/2026,02/17/2026,2024-11-01,2026-02-17,2026-02-17,False,,11271.0,False,True,2024-11
1834,2024,11,Occurrence,Gender,Male,ALL,All causes (total),ICD-10,12814.0,,,02/17/2026,02/17/2026,2024-11-01,2026-02-17,2026-02-17,False,,12814.0,False,True,2024-11
1835,2024,11,Occurrence,Place Type,Inpatient,ALL,All causes (total),ICD-10,7477.0,,,02/17/2026,02/17/2026,2024-11-01,2026-02-17,2026-02-17,False,,7477.0,False,True,2024-11
1836,2024,11,Occurrence,Place Type,Emergency Room/Outpatient,ALL,All causes (total),ICD-10,1404.0,,,02/17/2026,02/17/2026,2024-11-01,2026-02-17,2026-02-17,False,,1404.0,False,True,2024-11
1837,2024,11,Occurrence,Place Type,Decedent's Home,ALL,All causes (total),ICD-10,9277.0,,,02/17/2026,02/17/2026,2024-11-01,2026-02-17,2026-02-17,False,,9277.0,False,True,2024-11
1838,2024,11,Occurrence,Place Type,Hospice Facility,ALL,All causes (total),ICD-10,303.0,,,02/17/2026,02/17/2026,2024-11-01,2026-02-17,2026-02-17,False,,303.0,False,True,2024-11
1839,2024,11,Occurrence,Place Type,Nursing Home/Long Term Care Facility,ALL,All causes (total),ICD-10,3794.0,,,02/17/2026,02/17/2026,2024-11-01,2026-02-17,2026-02-17,False,,3794.0,False,True,2024-11
1840,2024,11,Occurrence,Place Type,Other/Unknown,ALL,All causes (total),ICD-10,1834.0,,,02/17/2026,02/17/2026,2024-11-01,2026-02-17,2026-02-17,False,,1834.0,False,True,2024-11
1841,2024,11,Occurrence,Race-Ethnicity,American Indian/Alaska Native,ALL,All causes (total),ICD-10,145.0,,,02/17/2026,02/17/2026,2024-11-01,2026-02-17,2026-02-17,False,,145.0,False,True,2024-11
1842,2024,11,Occurrence,Race-Ethnicity,Asian,ALL,All causes (total),ICD-10,2667.0,,,02/17/2026,02/17/2026,2024-11-01,2026-02-17,2026-02-17,False,,2667.0,False,True,2024-11
1843,2024,11,Occurrence,Race-Ethnicity,Black,ALL,All causes (total),ICD-10,1871.0,,,02/17/2026,02/17/2026,2024-11-01,2026-02-17,2026-02-17,False,,1871.0,False,True,2024-11
1844,2024,11,Occurrence,Race-Ethnicity,Hawaiian/Pacific Islander,ALL,All causes (total),ICD-10,106.0,,,02/17/2026,02/17/2026,2024-11-01,2026-02-17,2026-02-17,False,,106.0,False,True,2024-11
1845,2024,11,Occurrence,Race-Ethnicity,Hispanic,ALL,All causes (total),ICD-10,5690.0,,,02/17/2026,02/17/2026,2024-11-01,2026-02-17,2026-02-17,False,,5690.0,False,True,2024-11
1846,2024,11,Occurrence,Race-Ethnicity,Multi-Race,ALL,All causes (total),ICD-10,277.0,,,02/17/2026,02/17/2026,2024-11-01,2026-02-17,2026-02-17,False,,277.0,False,True,2024-11
1847,2024,11,Occurrence,Race-Ethnicity,White,ALL,All causes (total),ICD-10,13102.0,,,02/17/2026,02/17/2026,2024-11-01,2026-02-17,2026-02-17,False,,13102.0,False,True,2024-11
1848,2024,11,Occurrence,Race-Ethnicity,Other/Unknown,ALL,All causes (total),ICD-10,231.0,,,02/17/2026,02/17/2026,2024-11-01,2026-02-17,2026-02-17,False,,231.0,False,True,2024-11
1849,2024,11,Occurrence,Total Population,Total Population,ALZ,Alzheimer's disease,ICD-10,1406.0,,,02/17/2026,02/17/2026,2024-11-01,2026-02-17,2026-02-17,False,,1406.0,True,False,2024-11
1850,2024,11,Occurrence,Gender,Female,ALZ,Alzheimer's disease,ICD-10,931.0,,,02/17/2026,02/17/2026,2024-11-01,2026-02-17,2026-02-17,False,,931.0,False,False,2024-11
1851,2024,11,Occurrence,Gender,Male,ALZ,Alzheimer's disease,ICD-10,475.0,,,02/17/2026,02/17/2026,2024-11-01,2026-02-17,2026-02-17,False,,475.0,False,False,2024-11
1852,2024,11,Occurrence,Race-Ethnicity,American Indian/Alaska Native,ALZ,Alzheimer's disease,ICD-10,,1,Cell suppressed for small numbers,02/17/2026,02/17/2026,2024-11-01,2026-02-17,2026-02-17,True,Cell suppressed for small numbers,,False,False,2024-11
1853,2024,11,Occurrence,Race-Ethnicity,Asian,ALZ,Alzheimer's disease,ICD-10,133.0,,,02/17/2026,02/17/2026,2024-11-01,2026-02-17,2026-02-17,False,,133.0,False,False,2024-11
1854,2024,11,Occurrence,Race-Ethnicity,Black,ALZ,Alzheimer's disease,ICD-10,90.0,,,02/17/2026,02/17/2026,2024-11-01,2026-02-17,2026-02-17,False,,90.0,False,False,2024-11
1855,2024,11,Occurrence,Race-Ethnicity,Hawaiian/Pacific Islander,ALZ,Alzheimer's disease,ICD-10,,1,Cell suppressed for small numbers,02/17/2026,02/17/2026,2024-11-01,2026-02-17,2026-02-17,True,Cell suppressed for small numbers,,False,False,2024-11
1856,2024,11,Occurrence,Race-Ethnicity,Hispanic,ALZ,Alzheimer's disease,ICD-10,287.0,,,02/17/2026,02/17/2026,2024-11-01,2026-02-17,2026-02-17,False,,287.0,False,False,2024-11
1857,2024,11,Occurrence,Race-Ethnicity,Multi-Race,ALZ,Alzheimer's disease,ICD-10,,1,Cell suppressed for small numbers,02/17/2026,02/17/2026,2024-11-01,2026-02-17,2026-02-17,True,Cell suppressed for small numbers,,False,False,2024-11
1858,2024,11,Occurrence,Race-Ethnicity,White,ALZ,Alzheimer's disease,ICD-10,882.0,,,02/17/2026,02/17/2026,2024-11-01,2026-02-17,2026-02-17,False,,882.0,False,False,2024-11
1859,2024,11,Occurrence,Race-Ethnicity,Other/Unknown,ALZ,Alzheimer's disease,ICD-10,,1,Cell suppressed for small numbers,02/17/2026,02/17/2026,2024-11-01,2026-02-17,2026-02-17,True,Cell suppressed for small numbers,,False,False,2024-11
1860,2024,11,Occurrence,Total Population,Total Population,CAN,Malignant neoplasms,ICD-10,5174.0,,,02/17/2026,02/17/2026,2024-11-01,2026-02-17,2026-02-17,False,,5174.0,True,False,2024-11
1861,2024,11,Occurrence,Gender,Female,CAN,Malignant neoplasms,ICD-10,2500.0,,,02/17/2026,02/17/2026,2024-11-01,2026-02-17,2026-02-17,False,,2500.0,False,False,2024-11
1862,2024,11,Occurrence,Gender,Male,CAN,Malignant neoplasms,ICD-10,2672.0,,,02/17/2026,02/17/2026,2024-11-01,2026-02-17,2026-02-17,False,,2672.0,False,False,2024-11
1863,2024,11,Occurrence,Race-Ethnicity,American Indian/Alaska Native,CAN,Malignant neoplasms,ICD-10,27.0,,,02/17/2026,02/17/2026,2024-11-01,2026-02-17,2026-02-17,False,,27.0,False,False,2024-11
1864,2024,11,Occurrence,Race-Ethnicity,Asian,CAN,Malignant neoplasms,ICD-10,636.0,,,02/17/2026,02/17/2026,2024-11-01,2026-02-17,2026-02-17,False,,636.0,False,False,2024-11
1865,2024,11,Occurrence,Race-Ethnicity,Black,CAN,Malignant neoplasms,ICD-10,385.0,,,02/17/2026,02/17/2026,2024-11-01,2026-02-17,2026-02-17,False,,385.0,False,False,2024-11
1866,2024,11,Occurrence,Race-Ethnicity,Hawaiian/Pacific Islander,CAN,Malignant neoplasms,ICD-10,27.0,,,02/17/2026,02/17/2026,2024-11-01,2026-02-17,2026-02-17,False,,27.0,False,False,2024-11
1867,2024,11,Occurrence,Race-Ethnicity,Hispanic,CAN,Malignant neoplasms,ICD-10,1179.0,,,02/17/2026,02/17/2026,2024-11-01,2026-02-17,2026-02-17,False,,1179.0,False,False,2024-11
1868,2024,11,Occurrence,Race-Ethnicity,Multi-Race,CAN,Malignant neoplasms,ICD-10,60.0,,,02/17/2026,02/17/2026,2024-11-01,2026-02-17,2026-02-17,False,,60.0,False,False,2024-11
1869,2024,11,Occurrence,Race-Ethnicity,White,CAN,Malignant neoplasms,ICD-10,2817.0,,,02/17/2026,02/17/2026,2024-11-01,2026-02-17,2026-02-17,False,,2817.0,False,False,2024-11
1870,2024,11,Occurrence,Race-Ethnicity,Other/Unknown,CAN,Malignant neoplasms,ICD-10,43.0,,,02/17/2026,02/17/2026,2024-11-01,2026-02-17,2026-02-17,False,,43.0,False,False,2024-11
1871,2024,11,Occurrence,Total Population,Total Population,CLD,Chronic lower respiratory diseases,ICD-10,890.0,,,02/17/2026,02/17/2026,2024-11-01,2026-02-17,2026-02-17,False,,890.0,True,False,2024-11
1872,2024,11,Occurrence,Gender,Female,CLD,Chronic lower respiratory diseases,ICD-10,448.0,,,02/17/2026,02/17/2026,2024-11-01,2026-02-17,2026-02-17,False,,448.0,False,False,2024-11
1873,2024,11,Occurrence,Gender,Male,CLD,Chronic lower respiratory diseases,ICD-10,442.0,,,02/17/2026,02/17/2026,2024-11-01,2026-02-17,2026-02-17,False,,442.0,False,False,2024-11
1874,2024,11,Occurrence,Race-Ethnicity,American Indian/Alaska Native,CLD,Chronic lower respiratory diseases,ICD-10,,1,Cell suppressed for small numbers,02/17/2026,02/17/2026,2024-11-01,2026-02-17,2026-02-17,True,Cell suppressed for small numbers,,False,False,2024-11
1875,2024,11,Occurrence,Race-Ethnicity,Asian,CLD,Chronic lower respiratory diseases,ICD-10,59.0,,,02/17/2026,02/17/2026,2024-11-01,2026-02-17,2026-02-17,False,,59.0,False,False,2024-11
1876,2024,11,Occurrence,Race-Ethnicity,Black,CLD,Chronic lower respiratory diseases,ICD-10,64.0,,,02/17/2026,02/17/2026,2024-11-01,2026-02-17,2026-02-17,False,,64.0,False,False,2024-11
1877,2024,11,Occurrence,Race-Ethnicity,Hawaiian/Pacific Islander,CLD,Chronic lower respiratory diseases,ICD-10,,1,Cell suppressed for small numbers,02/17/2026,02/17/2026,2024-11-01,2026-02-17,2026-02-17,True,Cell suppressed for small numbers,,False,False,2024-11
1878,2024,11,Occurrence,Race-Ethnicity,Hispanic,CLD,Chronic lower respiratory diseases,ICD-10,108.0,,,02/17/2026,02/17/2026,2024-11-01,2026-02-17,2026-02-17,False,,108.0,False,False,2024-11
1879,2024,11,Occurrence,Race-Ethnicity,Multi-Race,CLD,Chronic lower respiratory diseases,ICD-10,,1,Cell suppressed for small numbers,02/17/2026,02/17/2026,2024-11-01,2026-02-17,2026-02-17,True,Cell suppressed for small numbers,,False,False,2024-11
1880,2024,11,Occurrence,Race-Ethnicity,White,CLD,Chronic lower respiratory diseases,ICD-10,630.0,,,02/17/2026,02/17/2026,2024-11-01,2026-02-17,2026-02-17,False,,630.0,False,False,2024-11
1881,2024,11,Occurrence,Race-Ethnicity,Other/Unknown,CLD,Chronic lower respiratory diseases,ICD-10,,1,Cell suppressed for small numbers,02/17/2026,02/17/2026,2024-11-01,2026-02-17,2026-02-17,True,Cell suppressed for small numbers,,False,False,2024-11
1882,2024,11,Occurrence,Total Population,Total Population,DIA,Diabetes mellitus,ICD-10,946.0,,,02/17/2026,02/17/2026,2024-11-01,2026-02-17,2026-02-17,False,,946.0,True,False,2024-11
1883,2024,11,Occurrence,Gender,Female,DIA,Diabetes mellitus,ICD-10,402.0,,,02/17/2026,02/17/2026,2024-11-01,2026-02-17,2026-02-17,False,,402.0,False,False,2024-11
1884,2024,11,Occurrence,Gender,Male,DIA,Diabetes mellitus,ICD-10,544.0,,,02/17/2026,02/17/2026,2024-11-01,2026-02-17,2026-02-17,False,,544.0,False,False,2024-11
1885,2024,11,Occurrence,Race-Ethnicity,American Indian/Alaska Native,DIA,Diabetes mellitus,ICD-10,,2,Cell suppressed for complementary cell,02/17/2026,02/17/2026,2024-11-01,2026-02-17,2026-02-17,True,Cell suppressed for complementary cell,,False,False,2024-11
1886,2024,11,Occurrence,Race-Ethnicity,Asian,DIA,Diabetes mellitus,ICD-10,154.0,,,02/17/2026,02/17/2026,2024-11-01,2026-02-17,2026-02-17,False,,154.0,False,False,2024-11
1887,2024,11,Occurrence,Race-Ethnicity,Black,DIA,Diabetes mellitus,ICD-10,85.0,,,02/17/2026,02/17/2026,2024-11-01,2026-02-17,2026-02-17,False,,85.0,False,False,2024-11
1888,2024,11,Occurrence,Race-Ethnicity,Hawaiian/Pacific Islander,DIA,Diabetes mellitus,ICD-10,,1,Cell suppressed for small numbers,02/17/2026,02/17/2026,2024-11-01,2026-02-17,2026-02-17,True,Cell suppressed for small numbers,,False,False,2024-11
1889,2024,11,Occurrence,Race-Ethnicity,Hispanic,DIA,Diabetes mellitus,ICD-10,343.0,,,02/17/2026,02/17/2026,2024-11-01,2026-02-17,2026-02-17,False,,343.0,False,False,2024-11
1890,2024,11,Occurrence,Race-Ethnicity,Multi-Race,DIA,Diabetes mellitus,ICD-10,13.0,,,02/17/2026,02/17/2026,2024-11-01,2026-02-17,2026-02-17,False,,13.0,False,False,2024-11
1891,2024,11,Occurrence,Race-Ethnicity,White,DIA,Diabetes mellitus,ICD-10,322.0,,,02/17/2026,02/17/2026,2024-11-01,2026-02-17,2026-02-17,False,,322.0,False,False,2024-11
1892,2024,11,Occurrence,Race-Ethnicity,Other/Unknown,DIA,Diabetes mellitus,ICD-10,13.0,,,02/17/2026,02/17/2026,2024-11-01,2026-02-17,2026-02-17,False,,13.0,False,False,2024-11
1893,2024,11,Occurrence,Total Population,Total Population,HOM,Assault (homicide),ICD-10,149.0,,,02/17/2026,02/17/2026,2024-11-01,2026-02-17,2026-02-17,False,,149.0,True,False,2024-11
1894,2024,11,Occurrence,Gender,Female,HOM,Assault (homicide),ICD-10,26.0,,,02/17/2026,02/17/2026,2024-11-01,2026-02-17,2026-02-17,False,,26.0,False,False,2024-11
1895,2024,11,Occurrence,Gender,Male,HOM,Assault (homicide),ICD-10,123.0,,,02/17/2026,02/17/2026,2024-11-01,2026-02-17,2026-02-17,False,,123.0,False,False,2024-11
1896,2024,11,Occurrence,Race-Ethnicity,American Indian/Alaska Native,HOM,Assault (homicide),ICD-10,,1,Cell suppressed for small numbers,02/17/2026,02/17/2026,2024-11-01,2026-02-17,2026-02-17,True,Cell suppressed for small numbers,,False,False,2024-11
1897,2024,11,Occurrence,Race-Ethnicity,Asian,HOM,Assault (homicide),ICD-10,,1,Cell suppressed for small numbers,02/17/2026,02/17/2026,2024-11-01,2026-02-17,2026-02-17,True,Cell suppressed for small numbers,,False,False,2024-11
1898,2024,11,Occurrence,Race-Ethnicity,Black,HOM,Assault (homicide),ICD-10,40.0,,,02/17/2026,02/17/2026,2024-11-01,2026-02-17,2026-02-17,False,,40.0,False,False,2024-11
1899,2024,11,Occurrence,Race-Ethnicity,Hawaiian/Pacific Islander,HOM,Assault (homicide),ICD-10,0.0,,,02/17/2026,02/17/2026,2024-11-01,2026-02-17,2026-02-17,False,,0.0,False,False,2024-11
1900,2024,11,Occurrence,Race-Ethnicity,Hispanic,HOM,Assault (homicide),ICD-10,70.0,,,02/17/2026,02/17/2026,2024-11-01,2026-02-17,2026-02-17,False,,70.0,False,False,2024-11
1901,2024,11,Occurrence,Race-Ethnicity,Multi-Race,HOM,Assault (homicide),ICD-10,,1,Cell suppressed for small numbers,02/17/2026,02/17/2026,2024-11-01,2026-02-17,2026-02-17,True,Cell suppressed for small numbers,,False,False,2024-11
1902,2024,11,Occurrence,Race-Ethnicity,White,HOM,Assault (homicide),ICD-10,26.0,,,02/17/2026,02/17/2026,2024-11-01,2026-02-17,2026-02-17,False,,26.0,False,False,2024-11
1903,2024,11,Occurrence,Race-Ethnicity,Other/Unknown,HOM,Assault (homicide),ICD-10,,1,Cell suppressed for small numbers,02/17/2026,02/17/2026,2024-11-01,2026-02-17,2026-02-17,True,Cell suppressed for small numbers,,False,False,2024-11
1904,2024,11,Occurrence,Total Population,Total Population,HTD,Diseases of heart,ICD-10,5256.0,,,02/17/2026,02/17/2026,2024-11-01,2026-02-17,2026-02-17,False,,5256.0,True,False,2024-11
1905,2024,11,Occurrence,Gender,Female,HTD,Diseases of heart,ICD-10,2234.0,,,02/17/2026,02/17/2026,2024-11-01,2026-02-17,2026-02-17,False,,2234.0,False,False,2024-11
1906,2024,11,Occurrence,Gender,Male,HTD,Diseases of heart,ICD-10,3022.0,,,02/17/2026,02/17/2026,2024-11-01,2026-02-17,2026-02-17,False,,3022.0,False,False,2024-11
1907,2024,11,Occurrence,Race-Ethnicity,American Indian/Alaska Native,HTD,Diseases of heart,ICD-10,25.0,,,02/17/2026,02/17/2026,2024-11-01,2026-02-17,2026-02-17,False,,25.0,False,False,2024-11
1908,2024,11,Occurrence,Race-Ethnicity,Asian,HTD,Diseases of heart,ICD-10,530.0,,,02/17/2026,02/17/2026,2024-11-01,2026-02-17,2026-02-17,False,,530.0,False,False,2024-11
1909,2024,11,Occurrence,Race-Ethnicity,Black,HTD,Diseases of heart,ICD-10,438.0,,,02/17/2026,02/17/2026,2024-11-01,2026-02-17,2026-02-17,False,,438.0,False,False,2024-11
1910,2024,11,Occurrence,Race-Ethnicity,Hawaiian/Pacific Islander,HTD,Diseases of heart,ICD-10,23.0,,,02/17/2026,02/17/2026,2024-11-01,2026-02-17,2026-02-17,False,,23.0,False,False,2024-11
1911,2024,11,Occurrence,Race-Ethnicity,Hispanic,HTD,Diseases of heart,ICD-10,1070.0,,,02/17/2026,02/17/2026,2024-11-01,2026-02-17,2026-02-17,False,,1070.0,False,False,2024-11
1912,2024,11,Occurrence,Race-Ethnicity,Multi-Race,HTD,Diseases of heart,ICD-10,67.0,,,02/17/2026,02/17/2026,2024-11-01,2026-02-17,2026-02-17,False,,67.0,False,False,2024-11
1913,2024,11,Occurrence,Race-Ethnicity,White,HTD,Diseases of heart,ICD-10,3043.0,,,02/17/2026,02/17/2026,2024-11-01,2026-02-17,2026-02-17,False,,3043.0,False,False,2024-11
1914,2024,11,Occurrence,Race-Ethnicity,Other/Unknown,HTD,Diseases of heart,ICD-10,60.0,,,02/17/2026,02/17/2026,2024-11-01,2026-02-17,2026-02-17,False,,60.0,False,False,2024-11
1915,2024,11,Occurrence,Total Population,Total Population,HYP,Essential hypertension and hypertensive renal disease,ICD-10,582.0,,,02/17/2026,02/17/2026,2024-11-01,2026-02-17,2026-02-17,False,,582.0,True,False,2024-11
1916,2024,11,Occurrence,Gender,Female,HYP,Essential hypertension and hypertensive renal disease,ICD-10,295.0,,,02/17/2026,02/17/2026,2024-11-01,2026-02-17,2026-02-17,False,,295.0,False,False,2024-11
1917,2024,11,Occurrence,Gender,Male,HYP,Essential hypertension and hypertensive renal disease,ICD-10,287.0,,,02/17/2026,02/17/2026,2024-11-01,2026-02-17,2026-02-17,False,,287.0,False,False,2024-11
1918,2024,11,Occurrence,Race-Ethnicity,American Indian/Alaska Native,HYP,Essential hypertension and hypertensive renal disease,ICD-10,,1,Cell suppressed for small numbers,02/17/2026,02/17/2026,2024-11-01,2026-02-17,2026-02-17,True,Cell suppressed for small numbers,,False,False,2024-11
1919,2024,11,Occurrence,Race-Ethnicity,Asian,HYP,Essential hypertension and hypertensive renal disease,ICD-10,89.0,,,02/17/2026,02/17/2026,2024-11-01,2026-02-17,2026-02-17,False,,89.0,False,False,2024-11
1920,2024,11,Occurrence,Race-Ethnicity,Black,HYP,Essential hypertension and hypertensive renal disease,ICD-10,57.0,,,02/17/2026,02/17/2026,2024-11-01,2026-02-17,2026-02-17,False,,57.0,False,False,2024-11
1921,2024,11,Occurrence,Race-Ethnicity,Hawaiian/Pacific Islander,HYP,Essential hypertension and hypertensive renal disease,ICD-10,,1,Cell suppressed for small numbers,02/17/2026,02/17/2026,2024-11-01,2026-02-17,2026-02-17,True,Cell suppressed for small numbers,,False,False,2024-11
1922,2024,11,Occurrence,Race-Ethnicity,Hispanic,HYP,Essential hypertension and hypertensive renal disease,ICD-10,128.0,,,02/17/2026,02/17/2026,2024-11-01,2026-02-17,2026-02-17,False,,128.0,False,False,2024-11
1923,2024,11,Occurrence,Race-Ethnicity,Multi-Race,HYP,Essential hypertension and hypertensive renal disease,ICD-10,,1,Cell suppressed for small numbers,02/17/2026,02/17/2026,2024-11-01,2026-02-17,2026-02-17,True,Cell suppressed for small numbers,,False,False,2024-11
1924,2024,11,Occurrence,Race-Ethnicity,White,HYP,Essential hypertension and hypertensive renal disease,ICD-10,288.0,,,02/17/2026,02/17/2026,2024-11-01,2026-02-17,2026-02-17,False,,288.0,False,False,2024-11
1925,2024,11,Occurrence,Race-Ethnicity,Other/Unknown,HYP,Essential hypertension and hypertensive renal disease,ICD-10,,1,Cell suppressed for small numbers,02/17/2026,02/17/2026,2024-11-01,2026-02-17,2026-02-17,True,Cell suppressed for small numbers,,False,False,2024-11
1926,2024,11,Occurrence,Total Population,Total Population,INJ,Accidents (unintentional injuries),ICD-10,1499.0,,,02/17/2026,02/17/2026,2024-11-01,2026-02-17,2026-02-17,False,,1499.0,True,False,2024-11
1927,2024,11,Occurrence,Gender,Female,INJ,Accidents (unintentional injuries),ICD-10,429.0,,,02/17/2026,02/17/2026,2024-11-01,2026-02-17,2026-02-17,False,,429.0,False,False,2024-11
1928,2024,11,Occurrence,Gender,Male,INJ,Accidents (unintentional injuries),ICD-10,1070.0,,,02/17/2026,02/17/2026,2024-11-01,2026-02-17,2026-02-17,False,,1070.0,False,False,2024-11
1929,2024,11,Occurrence,Race-Ethnicity,American Indian/Alaska Native,INJ,Accidents (unintentional injuries),ICD-10,17.0,,,02/17/2026,02/17/2026,2024-11-01,2026-02-17,2026-02-17,False,,17.0,False,False,2024-11
1930,2024,11,Occurrence,Race-Ethnicity,Asian,INJ,Accidents (unintentional injuries),ICD-10,102.0,,,02/17/2026,02/17/2026,2024-11-01,2026-02-17,2026-02-17,False,,102.0,False,False,2024-11
1931,2024,11,Occurrence,Race-Ethnicity,Black,INJ,Accidents (unintentional injuries),ICD-10,148.0,,,02/17/2026,02/17/2026,2024-11-01,2026-02-17,2026-02-17,False,,148.0,False,False,2024-11
1932,2024,11,Occurrence,Race-Ethnicity,Hawaiian/Pacific Islander,INJ,Accidents (unintentional injuries),ICD-10,,1,Cell suppressed for small numbers,02/17/2026,02/17/2026,2024-11-01,2026-02-17,2026-02-17,True,Cell suppressed for small numbers,,False,False,2024-11
1933,2024,11,Occurrence,Race-Ethnicity,Hispanic,INJ,Accidents (unintentional injuries),ICD-10,541.0,,,02/17/2026,02/17/2026,2024-11-01,2026-02-17,2026-02-17,False,,541.0,False,False,2024-11
1934,2024,11,Occurrence,Race-Ethnicity,Multi-Race,INJ,Accidents (unintentional injuries),ICD-10,23.0,,,02/17/2026,02/17/2026,2024-11-01,2026-02-17,2026-02-17,False,,23.0,False,False,2024-11
1935,2024,11,Occurrence,Race-Ethnicity,White,INJ,Accidents (unintentional injuries),ICD-10,645.0,,,02/17/2026,02/17/2026,2024-11-01,2026-02-17,2026-02-17,False,,645.0,False,False,2024-11
1936,2024,11,Occurrence,Race-Ethnicity,Other/Unknown,INJ,Accidents (unintentional injuries),ICD-10,,2,Cell suppressed for complementary cell,02/17/2026,02/17/2026,2024-11-01,2026-02-17,2026-02-17,True,Cell suppressed for complementary cell,,False,False,2024-11
1937,2024,11,Occurrence,Total Population,Total Population,LIV,Chronic liver disease and cirrhosis,ICD-10,526.0,,,02/17/2026,02/17/2026,2024-11-01,2026-02-17,2026-02-17,False,,526.0,True,False,2024-11
1938,2024,11,Occurrence,Gender,Female,LIV,Chronic liver disease and cirrhosis,ICD-10,204.0,,,02/17/2026,02/17/2026,2024-11-01,2026-02-17,2026-02-17,False,,204.0,False,False,2024-11
1939,2024,11,Occurrence,Gender,Male,LIV,Chronic liver disease and cirrhosis,ICD-10,322.0,,,02/17/2026,02/17/2026,2024-11-01,2026-02-17,2026-02-17,False,,322.0,False,False,2024-11
1940,2024,11,Occurrence,Race-Ethnicity,American Indian/Alaska Native,LIV,Chronic liver disease and cirrhosis,ICD-10,,1,Cell suppressed for small numbers,02/17/2026,02/17/2026,2024-11-01,2026-02-17,2026-02-17,True,Cell suppressed for small numbers,,False,False,2024-11
1941,2024,11,Occurrence,Race-Ethnicity,Asian,LIV,Chronic liver disease and cirrhosis,ICD-10,31.0,,,02/17/2026,02/17/2026,2024-11-01,2026-02-17,2026-02-17,False,,31.0,False,False,2024-11
1942,2024,11,Occurrence,Race-Ethnicity,Black,LIV,Chronic liver disease and cirrhosis,ICD-10,17.0,,,02/17/2026,02/17/2026,2024-11-01,2026-02-17,2026-02-17,False,,17.0,False,False,2024-11
1943,2024,11,Occurrence,Race-Ethnicity,Hawaiian/Pacific Islander,LIV,Chronic liver disease and cirrhosis,ICD-10,,1,Cell suppressed for small numbers,02/17/2026,02/17/2026,2024-11-01,2026-02-17,2026-02-17,True,Cell suppressed for small numbers,,False,False,2024-11
1944,2024,11,Occurrence,Race-Ethnicity,Hispanic,LIV,Chronic liver disease and cirrhosis,ICD-10,240.0,,,02/17/2026,02/17/2026,2024-11-01,2026-02-17,2026-02-17,False,,240.0,False,False,2024-11
1945,2024,11,Occurrence,Race-Ethnicity,Multi-Race,LIV,Chronic liver disease and cirrhosis,ICD-10,,1,Cell suppressed for small numbers,02/17/2026,02/17/2026,2024-11-01,2026-02-17,2026-02-17,True,Cell suppressed for small numbers,,False,False,2024-11
1946,2024,11,Occurrence,Race-Ethnicity,White,LIV,Chronic liver disease and cirrhosis,ICD-10,220.0,,,02/17/2026,02/17/2026,2024-11-01,2026-02-17,2026-02-17,False,,220.0,False,False,2024-11
1947,2024,11,Occurrence,Race-Ethnicity,Other/Unknown,LIV,Chronic liver disease and cirrhosis,ICD-10,,1,Cell suppressed for small numbers,02/17/2026,02/17/2026,2024-11-01,2026-02-17,2026-02-17,True,Cell suppressed for small numbers,,False,False,2024-11
1948,2024,11,Occurrence,Total Population,Total Population,NEP,"Nephritis, nephrotic syndrome and nephrosis",ICD-10,432.0,,,02/17/2026,02/17/2026,2024-11-01,2026-02-17,2026-02-17,False,,432.0,True,False,2024-11
1949,2024,11,Occurrence,Gender,Female,NEP,"Nephritis, nephrotic syndrome and nephrosis",ICD-10,201.0,,,02/17/2026,02/17/2026,2024-11-01,2026-02-17,2026-02-17,False,,201.0,False,False,2024-11
1950,2024,11,Occurrence,Gender,Male,NEP,"Nephritis, nephrotic syndrome and nephrosis",ICD-10,231.0,,,02/17/2026,02/17/2026,2024-11-01,2026-02-17,2026-02-17,False,,231.0,False,False,2024-11
1951,2024,11,Occurrence,Race-Ethnicity,American Indian/Alaska Native,NEP,"Nephritis, nephrotic syndrome and nephrosis",ICD-10,,1,Cell suppressed for small numbers,02/17/2026,02/17/2026,2024-11-01,2026-02-17,2026-02-17,True,Cell suppressed for small numbers,,False,False,2024-11
1952,2024,11,Occurrence,Race-Ethnicity,Asian,NEP,"Nephritis, nephrotic syndrome and nephrosis",ICD-10,54.0,,,02/17/2026,02/17/2026,2024-11-01,2026-02-17,2026-02-17,False,,54.0,False,False,2024-11
1953,2024,11,Occurrence,Race-Ethnicity,Black,NEP,"Nephritis, nephrotic syndrome and nephrosis",ICD-10,52.0,,,02/17/2026,02/17/2026,2024-11-01,2026-02-17,2026-02-17,False,,52.0,False,False,2024-11
1954,2024,11,Occurrence,Race-Ethnicity,Hawaiian/Pacific Islander,NEP,"Nephritis, nephrotic syndrome and nephrosis",ICD-10,,1,Cell suppressed for small numbers,02/17/2026,02/17/2026,2024-11-01,2026-02-17,2026-02-17,True,Cell suppressed for small numbers,,False,False,2024-11
1955,2024,11,Occurrence,Race-Ethnicity,Hispanic,NEP,"Nephritis, nephrotic syndrome and nephrosis",ICD-10,126.0,,,02/17/2026,02/17/2026,2024-11-01,2026-02-17,2026-02-17,False,,126.0,False,False,2024-11
1956,2024,11,Occurrence,Race-Ethnicity,Multi-Race,NEP,"Nephritis, nephrotic syndrome and nephrosis",ICD-10,,1,Cell suppressed for small numbers,02/17/2026,02/17/2026,2024-11-01,2026-02-17,2026-02-17,True,Cell suppressed for small numbers,,False,False,2024-11
1957,2024,11,Occurrence,Race-Ethnicity,White,NEP,"Nephritis, nephrotic syndrome and nephrosis",ICD-10,192.0,,,02/17/2026,02/17/2026,2024-11-01,2026-02-17,2026-02-17,False,,192.0,False,False,2024-11
1958,2024,11,Occurrence,Race-Ethnicity,Other/Unknown,NEP,"Nephritis, nephrotic syndrome and nephrosis",ICD-10,,1,Cell suppressed for small numbers,02/17/2026,02/17/2026,2024-11-01,2026-02-17,2026-02-17,True,Cell suppressed for small numbers,,False,False,2024-11
1959,2024,11,Occurrence,Total Population,Total Population,PAR,Parkinson's disease,ICD-10,384.0,,,02/17/2026,02/17/2026,2024-11-01,2026-02-17,2026-02-17,False,,384.0,True,False,2024-11
1960,2024,11,Occurrence,Gender,Female,PAR,Parkinson's disease,ICD-10,147.0,,,02/17/2026,02/17/2026,2024-11-01,2026-02-17,2026-02-17,False,,147.0,False,False,2024-11
1961,2024,11,Occurrence,Gender,Male,PAR,Parkinson's disease,ICD-10,237.0,,,02/17/2026,02/17/2026,2024-11-01,2026-02-17,2026-02-17,False,,237.0,False,False,2024-11
1962,2024,11,Occurrence,Race-Ethnicity,American Indian/Alaska Native,PAR,Parkinson's disease,ICD-10,,1,Cell suppressed for small numbers,02/17/2026,02/17/2026,2024-11-01,2026-02-17,2026-02-17,True,Cell suppressed for small numbers,,False,False,2024-11
1963,2024,11,Occurrence,Race-Ethnicity,Asian,PAR,Parkinson's disease,ICD-10,39.0,,,02/17/2026,02/17/2026,2024-11-01,2026-02-17,2026-02-17,False,,39.0,False,False,2024-11
1964,2024,11,Occurrence,Race-Ethnicity,Black,PAR,Parkinson's disease,ICD-10,,1,Cell suppressed for small numbers,02/17/2026,02/17/2026,2024-11-01,2026-02-17,2026-02-17,True,Cell suppressed for small numbers,,False,False,2024-11
1965,2024,11,Occurrence,Race-Ethnicity,Hawaiian/Pacific Islander,PAR,Parkinson's disease,ICD-10,,1,Cell suppressed for small numbers,02/17/2026,02/17/2026,2024-11-01,2026-02-17,2026-02-17,True,Cell suppressed for small numbers,,False,False,2024-11
1966,2024,11,Occurrence,Race-Ethnicity,Hispanic,PAR,Parkinson's disease,ICD-10,56.0,,,02/17/2026,02/17/2026,2024-11-01,2026-02-17,2026-02-17,False,,56.0,False,False,2024-11
1967,2024,11,Occurrence,Race-Ethnicity,Multi-Race,PAR,Parkinson's disease,ICD-10,0.0,,,02/17/2026,02/17/2026,2024-11-01,2026-02-17,2026-02-17,False,,0.0,False,False,2024-11
1968,2024,11,Occurrence,Race-Ethnicity,White,PAR,Parkinson's disease,ICD-10,271.0,,,02/17/2026,02/17/2026,2024-11-01,2026-02-17,2026-02-17,False,,271.0,False,False,2024-11
1969,2024,11,Occurrence,Race-Ethnicity,Other/Unknown,PAR,Parkinson's disease,ICD-10,,1,Cell suppressed for small numbers,02/17/2026,02/17/2026,2024-11-01,2026-02-17,2026-02-17,True,Cell suppressed for small numbers,,False,False,2024-11
1970,2024,11,Occurrence,Total Population,Total Population,PNF,Influenza and pneumonia,ICD-10,429.0,,,02/17/2026,02/17/2026,2024-11-01,2026-02-17,2026-02-17,False,,429.0,True,False,2024-11
1971,2024,11,Occurrence,Gender,Female,PNF,Influenza and pneumonia,ICD-10,199.0,,,02/17/2026,02/17/2026,2024-11-01,2026-02-17,2026-02-17,False,,199.0,False,False,2024-11
1972,2024,11,Occurrence,Gender,Male,PNF,Influenza and pneumonia,ICD-10,230.0,,,02/17/2026,02/17/2026,2024-11-01,2026-02-17,2026-02-17,False,,230.0,False,False,2024-11
1973,2024,11,Occurrence,Race-Ethnicity,American Indian/Alaska Native,PNF,Influenza and pneumonia,ICD-10,,1,Cell suppressed for small numbers,02/17/2026,02/17/2026,2024-11-01,2026-02-17,2026-02-17,True,Cell suppressed for small numbers,,False,False,2024-11
1974,2024,11,Occurrence,Race-Ethnicity,Asian,PNF,Influenza and pneumonia,ICD-10,53.0,,,02/17/2026,02/17/2026,2024-11-01,2026-02-17,2026-02-17,False,,53.0,False,False,2024-11
1975,2024,11,Occurrence,Race-Ethnicity,Black,PNF,Influenza and pneumonia,ICD-10,37.0,,,02/17/2026,02/17/2026,2024-11-01,2026-02-17,2026-02-17,False,,37.0,False,False,2024-11
1976,2024,11,Occurrence,Race-Ethnicity,Hawaiian/Pacific Islander,PNF,Influenza and pneumonia,ICD-10,,1,Cell suppressed for small numbers,02/17/2026,02/17/2026,2024-11-01,2026-02-17,2026-02-17,True,Cell suppressed for small numbers,,False,False,2024-11
1977,2024,11,Occurrence,Race-Ethnicity,Hispanic,PNF,Influenza and pneumonia,ICD-10,109.0,,,02/17/2026,02/17/2026,2024-11-01,2026-02-17,2026-02-17,False,,109.0,False,False,2024-11
1978,2024,11,Occurrence,Race-Ethnicity,Multi-Race,PNF,Influenza and pneumonia,ICD-10,,1,Cell suppressed for small numbers,02/17/2026,02/17/2026,2024-11-01,2026-02-17,2026-02-17,True,Cell suppressed for small numbers,,False,False,2024-11
1979,2024,11,Occurrence,Race-Ethnicity,White,PNF,Influenza and pneumonia,ICD-10,214.0,,,02/17/2026,02/17/2026,2024-11-01,2026-02-17,2026-02-17,False,,214.0,False,False,2024-11
1980,2024,11,Occurrence,Race-Ethnicity,Other/Unknown,PNF,Influenza and pneumonia,ICD-10,,1,Cell suppressed for small numbers,02/17/2026,02/17/2026,2024-11-01,2026-02-17,2026-02-17,True,Cell suppressed for small numbers,,False,False,2024-11
1981,2024,11,Occurrence,Total Population,Total Population,STK,Cerebrovascular diseases,ICD-10,1489.0,,,02/17/2026,02/17/2026,2024-11-01,2026-02-17,2026-02-17,False,,1489.0,True,False,2024-11
1982,2024,11,Occurrence,Gender,Female,STK,Cerebrovascular diseases,ICD-10,826.0,,,02/17/2026,02/17/2026,2024-11-01,2026-02-17,2026-02-17,False,,826.0,False,False,2024-11
1983,2024,11,Occurrence,Gender,Male,STK,Cerebrovascular diseases,ICD-10,663.0,,,02/17/2026,02/17/2026,2024-11-01,2026-02-17,2026-02-17,False,,663.0,False,False,2024-11
1984,2024,11,Occurrence,Race-Ethnicity,American Indian/Alaska Native,STK,Cerebrovascular diseases,ICD-10,,1,Cell suppressed for small numbers,02/17/2026,02/17/2026,2024-11-01,2026-02-17,2026-02-17,True,Cell suppressed for small numbers,,False,False,2024-11
1985,2024,11,Occurrence,Race-Ethnicity,Asian,STK,Cerebrovascular diseases,ICD-10,219.0,,,02/17/2026,02/17/2026,2024-11-01,2026-02-17,2026-02-17,False,,219.0,False,False,2024-11
1986,2024,11,Occurrence,Race-Ethnicity,Black,STK,Cerebrovascular diseases,ICD-10,130.0,,,02/17/2026,02/17/2026,2024-11-01,2026-02-17,2026-02-17,False,,130.0,False,False,2024-11
1987,2024,11,Occurrence,Race-Ethnicity,Hawaiian/Pacific Islander,STK,Cerebrovascular diseases,ICD-10,,1,Cell suppressed for small numbers,02/17/2026,02/17/2026,2024-11-01,2026-02-17,2026-02-17,True,Cell suppressed for small numbers,,False,False,2024-11
1988,2024,11,Occurrence,Race-Ethnicity,Hispanic,STK,Cerebrovascular diseases,ICD-10,346.0,,,02/17/2026,02/17/2026,2024-11-01,2026-02-17,2026-02-17,False,,346.0,False,False,2024-11
1989,2024,11,Occurrence,Race-Ethnicity,Multi-Race,STK,Cerebrovascular diseases,ICD-10,11.0,,,02/17/2026,02/17/2026,2024-11-01,2026-02-17,2026-02-17,False,,11.0,False,False,2024-11
1990,2024,11,Occurrence,Race-Ethnicity,White,STK,Cerebrovascular diseases,ICD-10,759.0,,,02/17/2026,02/17/2026,2024-11-01,2026-02-17,2026-02-17,False,,759.0,False,False,2024-11
1991,2024,11,Occurrence,Race-Ethnicity,Other/Unknown,STK,Cerebrovascular diseases,ICD-10,11.0,,,02/17/2026,02/17/2026,2024-11-01,2026-02-17,2026-02-17,False,,11.0,False,False,2024-11
1992,2024,11,Occurrence,Total Population,Total Population,SUI,Intentional self-harm (suicide),ICD-10,277.0,,,02/17/2026,02/17/2026,2024-11-01,2026-02-17,2026-02-17,False,,277.0,True,False,2024-11
1993,2024,11,Occurrence,Gender,Female,SUI,Intentional self-harm (suicide),ICD-10,64.0,,,02/17/2026,02/17/2026,2024-11-01,2026-02-17,2026-02-17,False,,64.0,False,False,2024-11
1994,2024,11,Occurrence,Gender,Male,SUI,Intentional self-harm (suicide),ICD-10,212.0,,,02/17/2026,02/17/2026,2024-11-01,2026-02-17,2026-02-17,False,,212.0,False,False,2024-11
1995,2024,11,Occurrence,Race-Ethnicity,American Indian/Alaska Native,SUI,Intentional self-harm (suicide),ICD-10,,1,Cell suppressed for small numbers,02/17/2026,02/17/2026,2024-11-01,2026-02-17,2026-02-17,True,Cell suppressed for small numbers,,False,False,2024-11
1996,2024,11,Occurrence,Race-Ethnicity,Asian,SUI,Intentional self-harm (suicide),ICD-10,32.0,,,02/17/2026,02/17/2026,2024-11-01,2026-02-17,2026-02-17,False,,32.0,False,False,2024-11
1997,2024,11,Occurrence,Race-Ethnicity,Black,SUI,Intentional self-harm (suicide),ICD-10,,2,Cell suppressed for complementary cell,02/17/2026,02/17/2026,2024-11-01,2026-02-17,2026-02-17,True,Cell suppressed for complementary cell,,False,False,2024-11
1998,2024,11,Occurrence,Race-Ethnicity,Hawaiian/Pacific Islander,SUI,Intentional self-harm (suicide),ICD-10,,1,Cell suppressed for small numbers,02/17/2026,02/17/2026,2024-11-01,2026-02-17,2026-02-17,True,Cell suppressed for small numbers,,False,False,2024-11
1999,2024,11,Occurrence,Race-Ethnicity,Hispanic,SUI,Intentional self-harm (suicide),ICD-10,65.0,,,02/17/2026,02/17/2026,2024-11-01,2026-02-17,2026-02-17,False,,65.0,False,False,2024-11
2000,2024,11,Occurrence,Race-Ethnicity,Multi-Race,SUI,Intentional self-harm (suicide),ICD-10,,1,Cell suppressed for small numbers,02/17/2026,02/17/2026,2024-11-01,2026-02-17,2026-02-17,True,Cell suppressed for small numbers,,False,False,2024-11
2001,2024,11,Occurrence,Race-Ethnicity,White,SUI,Intentional self-harm (suicide),ICD-10,154.0,,,02/17/2026,02/17/2026,2024-11-01,2026-02-17,2026-02-17,False,,154.0,False,False,2024-11
2002,2024,11,Occurrence,Race-Ethnicity,Other/Unknown,SUI,Intentional self-harm (suicide),ICD-10,,1,Cell suppressed for small numbers,02/17/2026,02/17/2026,2024-11-01,2026-02-17,2026-02-17,True,Cell suppressed for small numbers,,False,False,2024-11
2003,2024,12,Occurrence,Total Population,Total Population,ALL,All causes (total),ICD-10,26301.0,,,02/17/2026,02/17/2026,2024-12-01,2026-02-17,2026-02-17,False,,26301.0,True,True,2024-12
2004,2024,12,Occurrence,Age,Under 1 year,ALL,All causes (total),ICD-10,129.0,,,02/17/2026,02/17/2026,2024-12-01,2026-02-17,2026-02-17,False,,129.0,False,True,2024-12
2005,2024,12,Occurrence,Age,1-4 years,ALL,All causes (total),ICD-10,38.0,,,02/17/2026,02/17/2026,2024-12-01,2026-02-17,2026-02-17,False,,38.0,False,True,2024-12
2006,2024,12,Occurrence,Age,5-14 years,ALL,All causes (total),ICD-10,59.0,,,02/17/2026,02/17/2026,2024-12-01,2026-02-17,2026-02-17,False,,59.0,False,True,2024-12
2007,2024,12,Occurrence,Age,15-24 years,ALL,All causes (total),ICD-10,222.0,,,02/17/2026,02/17/2026,2024-12-01,2026-02-17,2026-02-17,False,,222.0,False,True,2024-12
2008,2024,12,Occurrence,Age,25-34 years,ALL,All causes (total),ICD-10,522.0,,,02/17/2026,02/17/2026,2024-12-01,2026-02-17,2026-02-17,False,,522.0,False,True,2024-12
2009,2024,12,Occurrence,Age,35-44 years,ALL,All causes (total),ICD-10,835.0,,,02/17/2026,02/17/2026,2024-12-01,2026-02-17,2026-02-17,False,,835.0,False,True,2024-12
2010,2024,12,Occurrence,Age,45-54 years,ALL,All causes (total),ICD-10,1392.0,,,02/17/2026,02/17/2026,2024-12-01,2026-02-17,2026-02-17,False,,1392.0,False,True,2024-12
2011,2024,12,Occurrence,Age,55-64 years,ALL,All causes (total),ICD-10,2821.0,,,02/17/2026,02/17/2026,2024-12-01,2026-02-17,2026-02-17,False,,2821.0,False,True,2024-12
2012,2024,12,Occurrence,Age,65-74 years,ALL,All causes (total),ICD-10,5031.0,,,02/17/2026,02/17/2026,2024-12-01,2026-02-17,2026-02-17,False,,5031.0,False,True,2024-12
2013,2024,12,Occurrence,Age,75-84 years,ALL,All causes (total),ICD-10,6807.0,,,02/17/2026,02/17/2026,2024-12-01,2026-02-17,2026-02-17,False,,6807.0,False,True,2024-12
2014,2024,12,Occurrence,Age,85 years and over,ALL,All causes (total),ICD-10,8435.0,,,02/17/2026,02/17/2026,2024-12-01,2026-02-17,2026-02-17,False,,8435.0,False,True,2024-12
2015,2024,12,Occurrence,Gender,Female,ALL,All causes (total),ICD-10,12331.0,,,02/17/2026,02/17/2026,2024-12-01,2026-02-17,2026-02-17,False,,12331.0,False,True,2024-12
2016,2024,12,Occurrence,Gender,Male,ALL,All causes (total),ICD-10,13967.0,,,02/17/2026,02/17/2026,2024-12-01,2026-02-17,2026-02-17,False,,13967.0,False,True,2024-12
2017,2024,12,Occurrence,Place Type,Inpatient,ALL,All causes (total),ICD-10,8567.0,,,02/17/2026,02/17/2026,2024-12-01,2026-02-17,2026-02-17,False,,8567.0,False,True,2024-12
2018,2024,12,Occurrence,Place Type,Emergency Room/Outpatient,ALL,All causes (total),ICD-10,1590.0,,,02/17/2026,02/17/2026,2024-12-01,2026-02-17,2026-02-17,False,,1590.0,False,True,2024-12
2019,2024,12,Occurrence,Place Type,Decedent's Home,ALL,All causes (total),ICD-10,9959.0,,,02/17/2026,02/17/2026,2024-12-01,2026-02-17,2026-02-17,False,,9959.0,False,True,2024-12
2020,2024,12,Occurrence,Place Type,Hospice Facility,ALL,All causes (total),ICD-10,297.0,,,02/17/2026,02/17/2026,2024-12-01,2026-02-17,2026-02-17,False,,297.0,False,True,2024-12
2021,2024,12,Occurrence,Place Type,Nursing Home/Long Term Care Facility,ALL,All causes (total),ICD-10,4335.0,,,02/17/2026,02/17/2026,2024-12-01,2026-02-17,2026-02-17,False,,4335.0,False,True,2024-12
2022,2024,12,Occurrence,Place Type,Other/Unknown,ALL,All causes (total),ICD-10,1553.0,,,02/17/2026,02/17/2026,2024-12-01,2026-02-17,2026-02-17,False,,1553.0,False,True,2024-12
2023,2024,12,Occurrence,Race-Ethnicity,American Indian/Alaska Native,ALL,All causes (total),ICD-10,147.0,,,02/17/2026,02/17/2026,2024-12-01,2026-02-17,2026-02-17,False,,147.0,False,True,2024-12
2024,2024,12,Occurrence,Race-Ethnicity,Asian,ALL,All causes (total),ICD-10,3033.0,,,02/17/2026,02/17/2026,2024-12-01,2026-02-17,2026-02-17,False,,3033.0,False,True,2024-12
2025,2024,12,Occurrence,Race-Ethnicity,Black,ALL,All causes (total),ICD-10,2037.0,,,02/17/2026,02/17/2026,2024-12-01,2026-02-17,2026-02-17,False,,2037.0,False,True,2024-12
2026,2024,12,Occurrence,Race-Ethnicity,Hawaiian/Pacific Islander,ALL,All causes (total),ICD-10,130.0,,,02/17/2026,02/17/2026,2024-12-01,2026-02-17,2026-02-17,False,,130.0,False,True,2024-12
2027,2024,12,Occurrence,Race-Ethnicity,Hispanic,ALL,All causes (total),ICD-10,6050.0,,,02/17/2026,02/17/2026,2024-12-01,2026-02-17,2026-02-17,False,,6050.0,False,True,2024-12
2028,2024,12,Occurrence,Race-Ethnicity,Multi-Race,ALL,All causes (total),ICD-10,264.0,,,02/17/2026,02/17/2026,2024-12-01,2026-02-17,2026-02-17,False,,264.0,False,True,2024-12
2029,2024,12,Occurrence,Race-Ethnicity,White,ALL,All causes (total),ICD-10,14398.0,,,02/17/2026,02/17/2026,2024-12-01,2026-02-17,2026-02-17,False,,14398.0,False,True,2024-12
2030,2024,12,Occurrence,Race-Ethnicity,Other/Unknown,ALL,All causes (total),ICD-10,242.0,,,02/17/2026,02/17/2026,2024-12-01,2026-02-17,2026-02-17,False,,242.0,False,True,2024-12
2031,2024,12,Occurrence,Total Population,Total Population,ALZ,Alzheimer's disease,ICD-10,1457.0,,,02/17/2026,02/17/2026,2024-12-01,2026-02-17,2026-02-17,False,,1457.0,True,False,2024-12
2032,2024,12,Occurrence,Gender,Female,ALZ,Alzheimer's disease,ICD-10,995.0,,,02/17/2026,02/17/2026,2024-12-01,2026-02-17,2026-02-17,False,,995.0,False,False,2024-12
2033,2024,12,Occurrence,Gender,Male,ALZ,Alzheimer's disease,ICD-10,462.0,,,02/17/2026,02/17/2026,2024-12-01,2026-02-17,2026-02-17,False,,462.0,False,False,2024-12
2034,2024,12,Occurrence,Race-Ethnicity,American Indian/Alaska Native,ALZ,Alzheimer's disease,ICD-10,,1,Cell suppressed for small numbers,02/17/2026,02/17/2026,2024-12-01,2026-02-17,2026-02-17,True,Cell suppressed for small numbers,,False,False,2024-12
2035,2024,12,Occurrence,Race-Ethnicity,Asian,ALZ,Alzheimer's disease,ICD-10,161.0,,,02/17/2026,02/17/2026,2024-12-01,2026-02-17,2026-02-17,False,,161.0,False,False,2024-12
2036,2024,12,Occurrence,Race-Ethnicity,Black,ALZ,Alzheimer's disease,ICD-10,101.0,,,02/17/2026,02/17/2026,2024-12-01,2026-02-17,2026-02-17,False,,101.0,False,False,2024-12
2037,2024,12,Occurrence,Race-Ethnicity,Hawaiian/Pacific Islander,ALZ,Alzheimer's disease,ICD-10,,1,Cell suppressed for small numbers,02/17/2026,02/17/2026,2024-12-01,2026-02-17,2026-02-17,True,Cell suppressed for small numbers,,False,False,2024-12
2038,2024,12,Occurrence,Race-Ethnicity,Hispanic,ALZ,Alzheimer's disease,ICD-10,265.0,,,02/17/2026,02/17/2026,2024-12-01,2026-02-17,2026-02-17,False,,265.0,False,False,2024-12
2039,2024,12,Occurrence,Race-Ethnicity,Multi-Race,ALZ,Alzheimer's disease,ICD-10,17.0,,,02/17/2026,02/17/2026,2024-12-01,2026-02-17,2026-02-17,False,,17.0,False,False,2024-12
2040,2024,12,Occurrence,Race-Ethnicity,White,ALZ,Alzheimer's disease,ICD-10,902.0,,,02/17/2026,02/17/2026,2024-12-01,2026-02-17,2026-02-17,False,,902.0,False,False,2024-12
2041,2024,12,Occurrence,Race-Ethnicity,Other/Unknown,ALZ,Alzheimer's disease,ICD-10,,1,Cell suppressed for small numbers,02/17/2026,02/17/2026,2024-12-01,2026-02-17,2026-02-17,True,Cell suppressed for small numbers,,False,False,2024-12
2042,2024,12,Occurrence,Total Population,Total Population,CAN,Malignant neoplasms,ICD-10,5289.0,,,02/17/2026,02/17/2026,2024-12-01,2026-02-17,2026-02-17,False,,5289.0,True,False,2024-12
2043,2024,12,Occurrence,Gender,Female,CAN,Malignant neoplasms,ICD-10,2531.0,,,02/17/2026,02/17/2026,2024-12-01,2026-02-17,2026-02-17,False,,2531.0,False,False,2024-12
2044,2024,12,Occurrence,Gender,Male,CAN,Malignant neoplasms,ICD-10,2757.0,,,02/17/2026,02/17/2026,2024-12-01,2026-02-17,2026-02-17,False,,2757.0,False,False,2024-12
2045,2024,12,Occurrence,Race-Ethnicity,American Indian/Alaska Native,CAN,Malignant neoplasms,ICD-10,28.0,,,02/17/2026,02/17/2026,2024-12-01,2026-02-17,2026-02-17,False,,28.0,False,False,2024-12
2046,2024,12,Occurrence,Race-Ethnicity,Asian,CAN,Malignant neoplasms,ICD-10,696.0,,,02/17/2026,02/17/2026,2024-12-01,2026-02-17,2026-02-17,False,,696.0,False,False,2024-12
2047,2024,12,Occurrence,Race-Ethnicity,Black,CAN,Malignant neoplasms,ICD-10,407.0,,,02/17/2026,02/17/2026,2024-12-01,2026-02-17,2026-02-17,False,,407.0,False,False,2024-12
2048,2024,12,Occurrence,Race-Ethnicity,Hawaiian/Pacific Islander,CAN,Malignant neoplasms,ICD-10,19.0,,,02/17/2026,02/17/2026,2024-12-01,2026-02-17,2026-02-17,False,,19.0,False,False,2024-12
2049,2024,12,Occurrence,Race-Ethnicity,Hispanic,CAN,Malignant neoplasms,ICD-10,1143.0,,,02/17/2026,02/17/2026,2024-12-01,2026-02-17,2026-02-17,False,,1143.0,False,False,2024-12
2050,2024,12,Occurrence,Race-Ethnicity,Multi-Race,CAN,Malignant neoplasms,ICD-10,45.0,,,02/17/2026,02/17/2026,2024-12-01,2026-02-17,2026-02-17,False,,45.0,False,False,2024-12
2051,2024,12,Occurrence,Race-Ethnicity,White,CAN,Malignant neoplasms,ICD-10,2912.0,,,02/17/2026,02/17/2026,2024-12-01,2026-02-17,2026-02-17,False,,2912.0,False,False,2024-12
2052,2024,12,Occurrence,Race-Ethnicity,Other/Unknown,CAN,Malignant neoplasms,ICD-10,39.0,,,02/17/2026,02/17/2026,2024-12-01,2026-02-17,2026-02-17,False,,39.0,False,False,2024-12
2053,2024,12,Occurrence,Total Population,Total Population,CLD,Chronic lower respiratory diseases,ICD-10,1059.0,,,02/17/2026,02/17/2026,2024-12-01,2026-02-17,2026-02-17,False,,1059.0,True,False,2024-12
2054,2024,12,Occurrence,Gender,Female,CLD,Chronic lower respiratory diseases,ICD-10,578.0,,,02/17/2026,02/17/2026,2024-12-01,2026-02-17,2026-02-17,False,,578.0,False,False,2024-12
2055,2024,12,Occurrence,Gender,Male,CLD,Chronic lower respiratory diseases,ICD-10,481.0,,,02/17/2026,02/17/2026,2024-12-01,2026-02-17,2026-02-17,False,,481.0,False,False,2024-12
2056,2024,12,Occurrence,Race-Ethnicity,American Indian/Alaska Native,CLD,Chronic lower respiratory diseases,ICD-10,,1,Cell suppressed for small numbers,02/17/2026,02/17/2026,2024-12-01,2026-02-17,2026-02-17,True,Cell suppressed for small numbers,,False,False,2024-12
2057,2024,12,Occurrence,Race-Ethnicity,Asian,CLD,Chronic lower respiratory diseases,ICD-10,73.0,,,02/17/2026,02/17/2026,2024-12-01,2026-02-17,2026-02-17,False,,73.0,False,False,2024-12
2058,2024,12,Occurrence,Race-Ethnicity,Black,CLD,Chronic lower respiratory diseases,ICD-10,84.0,,,02/17/2026,02/17/2026,2024-12-01,2026-02-17,2026-02-17,False,,84.0,False,False,2024-12
2059,2024,12,Occurrence,Race-Ethnicity,Hawaiian/Pacific Islander,CLD,Chronic lower respiratory diseases,ICD-10,,1,Cell suppressed for small numbers,02/17/2026,02/17/2026,2024-12-01,2026-02-17,2026-02-17,True,Cell suppressed for small numbers,,False,False,2024-12
2060,2024,12,Occurrence,Race-Ethnicity,Hispanic,CLD,Chronic lower respiratory diseases,ICD-10,121.0,,,02/17/2026,02/17/2026,2024-12-01,2026-02-17,2026-02-17,False,,121.0,False,False,2024-12
2061,2024,12,Occurrence,Race-Ethnicity,Multi-Race,CLD,Chronic lower respiratory diseases,ICD-10,12.0,,,02/17/2026,02/17/2026,2024-12-01,2026-02-17,2026-02-17,False,,12.0,False,False,2024-12
2062,2024,12,Occurrence,Race-Ethnicity,White,CLD,Chronic lower respiratory diseases,ICD-10,741.0,,,02/17/2026,02/17/2026,2024-12-01,2026-02-17,2026-02-17,False,,741.0,False,False,2024-12
2063,2024,12,Occurrence,Race-Ethnicity,Other/Unknown,CLD,Chronic lower respiratory diseases,ICD-10,18.0,,,02/17/2026,02/17/2026,2024-12-01,2026-02-17,2026-02-17,False,,18.0,False,False,2024-12
2064,2024,12,Occurrence,Total Population,Total Population,DIA,Diabetes mellitus,ICD-10,1081.0,,,02/17/2026,02/17/2026,2024-12-01,2026-02-17,2026-02-17,False,,1081.0,True,False,2024-12
2065,2024,12,Occurrence,Gender,Female,DIA,Diabetes mellitus,ICD-10,452.0,,,02/17/2026,02/17/2026,2024-12-01,2026-02-17,2026-02-17,False,,452.0,False,False,2024-12
2066,2024,12,Occurrence,Gender,Male,DIA,Diabetes mellitus,ICD-10,629.0,,,02/17/2026,02/17/2026,2024-12-01,2026-02-17,2026-02-17,False,,629.0,False,False,2024-12
2067,2024,12,Occurrence,Race-Ethnicity,American Indian/Alaska Native,DIA,Diabetes mellitus,ICD-10,,1,Cell suppressed for small numbers,02/17/2026,02/17/2026,2024-12-01,2026-02-17,2026-02-17,True,Cell suppressed for small numbers,,False,False,2024-12
2068,2024,12,Occurrence,Race-Ethnicity,Asian,DIA,Diabetes mellitus,ICD-10,164.0,,,02/17/2026,02/17/2026,2024-12-01,2026-02-17,2026-02-17,False,,164.0,False,False,2024-12
2069,2024,12,Occurrence,Race-Ethnicity,Black,DIA,Diabetes mellitus,ICD-10,106.0,,,02/17/2026,02/17/2026,2024-12-01,2026-02-17,2026-02-17,False,,106.0,False,False,2024-12
2070,2024,12,Occurrence,Race-Ethnicity,Hawaiian/Pacific Islander,DIA,Diabetes mellitus,ICD-10,14.0,,,02/17/2026,02/17/2026,2024-12-01,2026-02-17,2026-02-17,False,,14.0,False,False,2024-12
2071,2024,12,Occurrence,Race-Ethnicity,Hispanic,DIA,Diabetes mellitus,ICD-10,372.0,,,02/17/2026,02/17/2026,2024-12-01,2026-02-17,2026-02-17,False,,372.0,False,False,2024-12
2072,2024,12,Occurrence,Race-Ethnicity,Multi-Race,DIA,Diabetes mellitus,ICD-10,12.0,,,02/17/2026,02/17/2026,2024-12-01,2026-02-17,2026-02-17,False,,12.0,False,False,2024-12
2073,2024,12,Occurrence,Race-Ethnicity,White,DIA,Diabetes mellitus,ICD-10,402.0,,,02/17/2026,02/17/2026,2024-12-01,2026-02-17,2026-02-17,False,,402.0,False,False,2024-12
2074,2024,12,Occurrence,Race-Ethnicity,Other/Unknown,DIA,Diabetes mellitus,ICD-10,,1,Cell suppressed for small numbers,02/17/2026,02/17/2026,2024-12-01,2026-02-17,2026-02-17,True,Cell suppressed for small numbers,,False,False,2024-12
2075,2024,12,Occurrence,Total Population,Total Population,HOM,Assault (homicide),ICD-10,139.0,,,02/17/2026,02/17/2026,2024-12-01,2026-02-17,2026-02-17,False,,139.0,True,False,2024-12
2076,2024,12,Occurrence,Gender,Female,HOM,Assault (homicide),ICD-10,27.0,,,02/17/2026,02/17/2026,2024-12-01,2026-02-17,2026-02-17,False,,27.0,False,False,2024-12
2077,2024,12,Occurrence,Gender,Male,HOM,Assault (homicide),ICD-10,112.0,,,02/17/2026,02/17/2026,2024-12-01,2026-02-17,2026-02-17,False,,112.0,False,False,2024-12
2078,2024,12,Occurrence,Race-Ethnicity,American Indian/Alaska Native,HOM,Assault (homicide),ICD-10,,1,Cell suppressed for small numbers,02/17/2026,02/17/2026,2024-12-01,2026-02-17,2026-02-17,True,Cell suppressed for small numbers,,False,False,2024-12
2079,2024,12,Occurrence,Race-Ethnicity,Asian,HOM,Assault (homicide),ICD-10,11.0,,,02/17/2026,02/17/2026,2024-12-01,2026-02-17,2026-02-17,False,,11.0,False,False,2024-12
2080,2024,12,Occurrence,Race-Ethnicity,Black,HOM,Assault (homicide),ICD-10,35.0,,,02/17/2026,02/17/2026,2024-12-01,2026-02-17,2026-02-17,False,,35.0,False,False,2024-12
2081,2024,12,Occurrence,Race-Ethnicity,Hawaiian/Pacific Islander,HOM,Assault (homicide),ICD-10,,1,Cell suppressed for small numbers,02/17/2026,02/17/2026,2024-12-01,2026-02-17,2026-02-17,True,Cell suppressed for small numbers,,False,False,2024-12
2082,2024,12,Occurrence,Race-Ethnicity,Hispanic,HOM,Assault (homicide),ICD-10,56.0,,,02/17/2026,02/17/2026,2024-12-01,2026-02-17,2026-02-17,False,,56.0,False,False,2024-12
2083,2024,12,Occurrence,Race-Ethnicity,Multi-Race,HOM,Assault (homicide),ICD-10,,1,Cell suppressed for small numbers,02/17/2026,02/17/2026,2024-12-01,2026-02-17,2026-02-17,True,Cell suppressed for small numbers,,False,False,2024-12
2084,2024,12,Occurrence,Race-Ethnicity,White,HOM,Assault (homicide),ICD-10,29.0,,,02/17/2026,02/17/2026,2024-12-01,2026-02-17,2026-02-17,False,,29.0,False,False,2024-12
2085,2024,12,Occurrence,Race-Ethnicity,Other/Unknown,HOM,Assault (homicide),ICD-10,,1,Cell suppressed for small numbers,02/17/2026,02/17/2026,2024-12-01,2026-02-17,2026-02-17,True,Cell suppressed for small numbers,,False,False,2024-12
2086,2024,12,Occurrence,Total Population,Total Population,HTD,Diseases of heart,ICD-10,5887.0,,,02/17/2026,02/17/2026,2024-12-01,2026-02-17,2026-02-17,False,,5887.0,True,False,2024-12
2087,2024,12,Occurrence,Gender,Female,HTD,Diseases of heart,ICD-10,2513.0,,,02/17/2026,02/17/2026,2024-12-01,2026-02-17,2026-02-17,False,,2513.0,False,False,2024-12
2088,2024,12,Occurrence,Gender,Male,HTD,Diseases of heart,ICD-10,3374.0,,,02/17/2026,02/17/2026,2024-12-01,2026-02-17,2026-02-17,False,,3374.0,False,False,2024-12
2089,2024,12,Occurrence,Race-Ethnicity,American Indian/Alaska Native,HTD,Diseases of heart,ICD-10,24.0,,,02/17/2026,02/17/2026,2024-12-01,2026-02-17,2026-02-17,False,,24.0,False,False,2024-12
2090,2024,12,Occurrence,Race-Ethnicity,Asian,HTD,Diseases of heart,ICD-10,628.0,,,02/17/2026,02/17/2026,2024-12-01,2026-02-17,2026-02-17,False,,628.0,False,False,2024-12
2091,2024,12,Occurrence,Race-Ethnicity,Black,HTD,Diseases of heart,ICD-10,498.0,,,02/17/2026,02/17/2026,2024-12-01,2026-02-17,2026-02-17,False,,498.0,False,False,2024-12
2092,2024,12,Occurrence,Race-Ethnicity,Hawaiian/Pacific Islander,HTD,Diseases of heart,ICD-10,42.0,,,02/17/2026,02/17/2026,2024-12-01,2026-02-17,2026-02-17,False,,42.0,False,False,2024-12
2093,2024,12,Occurrence,Race-Ethnicity,Hispanic,HTD,Diseases of heart,ICD-10,1191.0,,,02/17/2026,02/17/2026,2024-12-01,2026-02-17,2026-02-17,False,,1191.0,False,False,2024-12
2094,2024,12,Occurrence,Race-Ethnicity,Multi-Race,HTD,Diseases of heart,ICD-10,45.0,,,02/17/2026,02/17/2026,2024-12-01,2026-02-17,2026-02-17,False,,45.0,False,False,2024-12
2095,2024,12,Occurrence,Race-Ethnicity,White,HTD,Diseases of heart,ICD-10,3401.0,,,02/17/2026,02/17/2026,2024-12-01,2026-02-17,2026-02-17,False,,3401.0,False,False,2024-12
2096,2024,12,Occurrence,Race-Ethnicity,Other/Unknown,HTD,Diseases of heart,ICD-10,58.0,,,02/17/2026,02/17/2026,2024-12-01,2026-02-17,2026-02-17,False,,58.0,False,False,2024-12
2097,2024,12,Occurrence,Total Population,Total Population,HYP,Essential hypertension and hypertensive renal disease,ICD-10,609.0,,,02/17/2026,02/17/2026,2024-12-01,2026-02-17,2026-02-17,False,,609.0,True,False,2024-12
2098,2024,12,Occurrence,Gender,Female,HYP,Essential hypertension and hypertensive renal disease,ICD-10,307.0,,,02/17/2026,02/17/2026,2024-12-01,2026-02-17,2026-02-17,False,,307.0,False,False,2024-12
2099,2024,12,Occurrence,Gender,Male,HYP,Essential hypertension and hypertensive renal disease,ICD-10,302.0,,,02/17/2026,02/17/2026,2024-12-01,2026-02-17,2026-02-17,False,,302.0,False,False,2024-12
2100,2024,12,Occurrence,Race-Ethnicity,American Indian/Alaska Native,HYP,Essential hypertension and hypertensive renal disease,ICD-10,,1,Cell suppressed for small numbers,02/17/2026,02/17/2026,2024-12-01,2026-02-17,2026-02-17,True,Cell suppressed for small numbers,,False,False,2024-12
2101,2024,12,Occurrence,Race-Ethnicity,Asian,HYP,Essential hypertension and hypertensive renal disease,ICD-10,92.0,,,02/17/2026,02/17/2026,2024-12-01,2026-02-17,2026-02-17,False,,92.0,False,False,2024-12
2102,2024,12,Occurrence,Race-Ethnicity,Black,HYP,Essential hypertension and hypertensive renal disease,ICD-10,60.0,,,02/17/2026,02/17/2026,2024-12-01,2026-02-17,2026-02-17,False,,60.0,False,False,2024-12
2103,2024,12,Occurrence,Race-Ethnicity,Hawaiian/Pacific Islander,HYP,Essential hypertension and hypertensive renal disease,ICD-10,,1,Cell suppressed for small numbers,02/17/2026,02/17/2026,2024-12-01,2026-02-17,2026-02-17,True,Cell suppressed for small numbers,,False,False,2024-12
2104,2024,12,Occurrence,Race-Ethnicity,Hispanic,HYP,Essential hypertension and hypertensive renal disease,ICD-10,147.0,,,02/17/2026,02/17/2026,2024-12-01,2026-02-17,2026-02-17,False,,147.0,False,False,2024-12
2105,2024,12,Occurrence,Race-Ethnicity,Multi-Race,HYP,Essential hypertension and hypertensive renal disease,ICD-10,,1,Cell suppressed for small numbers,02/17/2026,02/17/2026,2024-12-01,2026-02-17,2026-02-17,True,Cell suppressed for small numbers,,False,False,2024-12
2106,2024,12,Occurrence,Race-Ethnicity,White,HYP,Essential hypertension and hypertensive renal disease,ICD-10,296.0,,,02/17/2026,02/17/2026,2024-12-01,2026-02-17,2026-02-17,False,,296.0,False,False,2024-12
2107,2024,12,Occurrence,Race-Ethnicity,Other/Unknown,HYP,Essential hypertension and hypertensive renal disease,ICD-10,,1,Cell suppressed for small numbers,02/17/2026,02/17/2026,2024-12-01,2026-02-17,2026-02-17,True,Cell suppressed for small numbers,,False,False,2024-12
2108,2024,12,Occurrence,Total Population,Total Population,INJ,Accidents (unintentional injuries),ICD-10,1575.0,,,02/17/2026,02/17/2026,2024-12-01,2026-02-17,2026-02-17,False,,1575.0,True,False,2024-12
2109,2024,12,Occurrence,Gender,Female,INJ,Accidents (unintentional injuries),ICD-10,455.0,,,02/17/2026,02/17/2026,2024-12-01,2026-02-17,2026-02-17,False,,455.0,False,False,2024-12
2110,2024,12,Occurrence,Gender,Male,INJ,Accidents (unintentional injuries),ICD-10,1118.0,,,02/17/2026,02/17/2026,2024-12-01,2026-02-17,2026-02-17,False,,1118.0,False,False,2024-12
2111,2024,12,Occurrence,Race-Ethnicity,American Indian/Alaska Native,INJ,Accidents (unintentional injuries),ICD-10,,2,Cell suppressed for complementary cell,02/17/2026,02/17/2026,2024-12-01,2026-02-17,2026-02-17,True,Cell suppressed for complementary cell,,False,False,2024-12
2112,2024,12,Occurrence,Race-Ethnicity,Asian,INJ,Accidents (unintentional injuries),ICD-10,124.0,,,02/17/2026,02/17/2026,2024-12-01,2026-02-17,2026-02-17,False,,124.0,False,False,2024-12
2113,2024,12,Occurrence,Race-Ethnicity,Black,INJ,Accidents (unintentional injuries),ICD-10,155.0,,,02/17/2026,02/17/2026,2024-12-01,2026-02-17,2026-02-17,False,,155.0,False,False,2024-12
2114,2024,12,Occurrence,Race-Ethnicity,Hawaiian/Pacific Islander,INJ,Accidents (unintentional injuries),ICD-10,,1,Cell suppressed for small numbers,02/17/2026,02/17/2026,2024-12-01,2026-02-17,2026-02-17,True,Cell suppressed for small numbers,,False,False,2024-12
2115,2024,12,Occurrence,Race-Ethnicity,Hispanic,INJ,Accidents (unintentional injuries),ICD-10,488.0,,,02/17/2026,02/17/2026,2024-12-01,2026-02-17,2026-02-17,False,,488.0,False,False,2024-12
2116,2024,12,Occurrence,Race-Ethnicity,Multi-Race,INJ,Accidents (unintentional injuries),ICD-10,29.0,,,02/17/2026,02/17/2026,2024-12-01,2026-02-17,2026-02-17,False,,29.0,False,False,2024-12
2117,2024,12,Occurrence,Race-Ethnicity,White,INJ,Accidents (unintentional injuries),ICD-10,735.0,,,02/17/2026,02/17/2026,2024-12-01,2026-02-17,2026-02-17,False,,735.0,False,False,2024-12
2118,2024,12,Occurrence,Race-Ethnicity,Other/Unknown,INJ,Accidents (unintentional injuries),ICD-10,24.0,,,02/17/2026,02/17/2026,2024-12-01,2026-02-17,2026-02-17,False,,24.0,False,False,2024-12
2119,2024,12,Occurrence,Total Population,Total Population,LIV,Chronic liver disease and cirrhosis,ICD-10,636.0,,,02/17/2026,02/17/2026,2024-12-01,2026-02-17,2026-02-17,False,,636.0,True,False,2024-12
2120,2024,12,Occurrence,Gender,Female,LIV,Chronic liver disease and cirrhosis,ICD-10,245.0,,,02/17/2026,02/17/2026,2024-12-01,2026-02-17,2026-02-17,False,,245.0,False,False,2024-12
2121,2024,12,Occurrence,Gender,Male,LIV,Chronic liver disease and cirrhosis,ICD-10,391.0,,,02/17/2026,02/17/2026,2024-12-01,2026-02-17,2026-02-17,False,,391.0,False,False,2024-12
2122,2024,12,Occurrence,Race-Ethnicity,American Indian/Alaska Native,LIV,Chronic liver disease and cirrhosis,ICD-10,15.0,,,02/17/2026,02/17/2026,2024-12-01,2026-02-17,2026-02-17,False,,15.0,False,False,2024-12
2123,2024,12,Occurrence,Race-Ethnicity,Asian,LIV,Chronic liver disease and cirrhosis,ICD-10,25.0,,,02/17/2026,02/17/2026,2024-12-01,2026-02-17,2026-02-17,False,,25.0,False,False,2024-12
2124,2024,12,Occurrence,Race-Ethnicity,Black,LIV,Chronic liver disease and cirrhosis,ICD-10,28.0,,,02/17/2026,02/17/2026,2024-12-01,2026-02-17,2026-02-17,False,,28.0,False,False,2024-12
2125,2024,12,Occurrence,Race-Ethnicity,Hawaiian/Pacific Islander,LIV,Chronic liver disease and cirrhosis,ICD-10,,1,Cell suppressed for small numbers,02/17/2026,02/17/2026,2024-12-01,2026-02-17,2026-02-17,True,Cell suppressed for small numbers,,False,False,2024-12
2126,2024,12,Occurrence,Race-Ethnicity,Hispanic,LIV,Chronic liver disease and cirrhosis,ICD-10,304.0,,,02/17/2026,02/17/2026,2024-12-01,2026-02-17,2026-02-17,False,,304.0,False,False,2024-12
2127,2024,12,Occurrence,Race-Ethnicity,Multi-Race,LIV,Chronic liver disease and cirrhosis,ICD-10,,1,Cell suppressed for small numbers,02/17/2026,02/17/2026,2024-12-01,2026-02-17,2026-02-17,True,Cell suppressed for small numbers,,False,False,2024-12
2128,2024,12,Occurrence,Race-Ethnicity,White,LIV,Chronic liver disease and cirrhosis,ICD-10,241.0,,,02/17/2026,02/17/2026,2024-12-01,2026-02-17,2026-02-17,False,,241.0,False,False,2024-12
2129,2024,12,Occurrence,Race-Ethnicity,Other/Unknown,LIV,Chronic liver disease and cirrhosis,ICD-10,12.0,,,02/17/2026,02/17/2026,2024-12-01,2026-02-17,2026-02-17,False,,12.0,False,False,2024-12
2130,2024,12,Occurrence,Total Population,Total Population,NEP,"Nephritis, nephrotic syndrome and nephrosis",ICD-10,454.0,,,02/17/2026,02/17/2026,2024-12-01,2026-02-17,2026-02-17,False,,454.0,True,False,2024-12
2131,2024,12,Occurrence,Gender,Female,NEP,"Nephritis, nephrotic syndrome and nephrosis",ICD-10,234.0,,,02/17/2026,02/17/2026,2024-12-01,2026-02-17,2026-02-17,False,,234.0,False,False,2024-12
2132,2024,12,Occurrence,Gender,Male,NEP,"Nephritis, nephrotic syndrome and nephrosis",ICD-10,220.0,,,02/17/2026,02/17/2026,2024-12-01,2026-02-17,2026-02-17,False,,220.0,False,False,2024-12
2133,2024,12,Occurrence,Race-Ethnicity,American Indian/Alaska Native,NEP,"Nephritis, nephrotic syndrome and nephrosis",ICD-10,,1,Cell suppressed for small numbers,02/17/2026,02/17/2026,2024-12-01,2026-02-17,2026-02-17,True,Cell suppressed for small numbers,,False,False,2024-12
2134,2024,12,Occurrence,Race-Ethnicity,Asian,NEP,"Nephritis, nephrotic syndrome and nephrosis",ICD-10,79.0,,,02/17/2026,02/17/2026,2024-12-01,2026-02-17,2026-02-17,False,,79.0,False,False,2024-12
2135,2024,12,Occurrence,Race-Ethnicity,Black,NEP,"Nephritis, nephrotic syndrome and nephrosis",ICD-10,43.0,,,02/17/2026,02/17/2026,2024-12-01,2026-02-17,2026-02-17,False,,43.0,False,False,2024-12
2136,2024,12,Occurrence,Race-Ethnicity,Hawaiian/Pacific Islander,NEP,"Nephritis, nephrotic syndrome and nephrosis",ICD-10,,1,Cell suppressed for small numbers,02/17/2026,02/17/2026,2024-12-01,2026-02-17,2026-02-17,True,Cell suppressed for small numbers,,False,False,2024-12
2137,2024,12,Occurrence,Race-Ethnicity,Hispanic,NEP,"Nephritis, nephrotic syndrome and nephrosis",ICD-10,131.0,,,02/17/2026,02/17/2026,2024-12-01,2026-02-17,2026-02-17,False,,131.0,False,False,2024-12
2138,2024,12,Occurrence,Race-Ethnicity,Multi-Race,NEP,"Nephritis, nephrotic syndrome and nephrosis",ICD-10,,1,Cell suppressed for small numbers,02/17/2026,02/17/2026,2024-12-01,2026-02-17,2026-02-17,True,Cell suppressed for small numbers,,False,False,2024-12
2139,2024,12,Occurrence,Race-Ethnicity,White,NEP,"Nephritis, nephrotic syndrome and nephrosis",ICD-10,189.0,,,02/17/2026,02/17/2026,2024-12-01,2026-02-17,2026-02-17,False,,189.0,False,False,2024-12
2140,2024,12,Occurrence,Race-Ethnicity,Other/Unknown,NEP,"Nephritis, nephrotic syndrome and nephrosis",ICD-10,,1,Cell suppressed for small numbers,02/17/2026,02/17/2026,2024-12-01,2026-02-17,2026-02-17,True,Cell suppressed for small numbers,,False,False,2024-12
2141,2024,12,Occurrence,Total Population,Total Population,PAR,Parkinson's disease,ICD-10,375.0,,,02/17/2026,02/17/2026,2024-12-01,2026-02-17,2026-02-17,False,,375.0,True,False,2024-12
2142,2024,12,Occurrence,Gender,Female,PAR,Parkinson's disease,ICD-10,161.0,,,02/17/2026,02/17/2026,2024-12-01,2026-02-17,2026-02-17,False,,161.0,False,False,2024-12
2143,2024,12,Occurrence,Gender,Male,PAR,Parkinson's disease,ICD-10,214.0,,,02/17/2026,02/17/2026,2024-12-01,2026-02-17,2026-02-17,False,,214.0,False,False,2024-12
2144,2024,12,Occurrence,Race-Ethnicity,American Indian/Alaska Native,PAR,Parkinson's disease,ICD-10,0.0,,,02/17/2026,02/17/2026,2024-12-01,2026-02-17,2026-02-17,False,,0.0,False,False,2024-12
2145,2024,12,Occurrence,Race-Ethnicity,Asian,PAR,Parkinson's disease,ICD-10,47.0,,,02/17/2026,02/17/2026,2024-12-01,2026-02-17,2026-02-17,False,,47.0,False,False,2024-12
2146,2024,12,Occurrence,Race-Ethnicity,Black,PAR,Parkinson's disease,ICD-10,,1,Cell suppressed for small numbers,02/17/2026,02/17/2026,2024-12-01,2026-02-17,2026-02-17,True,Cell suppressed for small numbers,,False,False,2024-12
2147,2024,12,Occurrence,Race-Ethnicity,Hawaiian/Pacific Islander,PAR,Parkinson's disease,ICD-10,0.0,,,02/17/2026,02/17/2026,2024-12-01,2026-02-17,2026-02-17,False,,0.0,False,False,2024-12
2148,2024,12,Occurrence,Race-Ethnicity,Hispanic,PAR,Parkinson's disease,ICD-10,56.0,,,02/17/2026,02/17/2026,2024-12-01,2026-02-17,2026-02-17,False,,56.0,False,False,2024-12
2149,2024,12,Occurrence,Race-Ethnicity,Multi-Race,PAR,Parkinson's disease,ICD-10,,1,Cell suppressed for small numbers,02/17/2026,02/17/2026,2024-12-01,2026-02-17,2026-02-17,True,Cell suppressed for small numbers,,False,False,2024-12
2150,2024,12,Occurrence,Race-Ethnicity,White,PAR,Parkinson's disease,ICD-10,260.0,,,02/17/2026,02/17/2026,2024-12-01,2026-02-17,2026-02-17,False,,260.0,False,False,2024-12
2151,2024,12,Occurrence,Race-Ethnicity,Other/Unknown,PAR,Parkinson's disease,ICD-10,,1,Cell suppressed for small numbers,02/17/2026,02/17/2026,2024-12-01,2026-02-17,2026-02-17,True,Cell suppressed for small numbers,,False,False,2024-12
2152,2024,12,Occurrence,Total Population,Total Population,PNF,Influenza and pneumonia,ICD-10,674.0,,,02/17/2026,02/17/2026,2024-12-01,2026-02-17,2026-02-17,False,,674.0,True,False,2024-12
2153,2024,12,Occurrence,Gender,Female,PNF,Influenza and pneumonia,ICD-10,325.0,,,02/17/2026,02/17/2026,2024-12-01,2026-02-17,2026-02-17,False,,325.0,False,False,2024-12
2154,2024,12,Occurrence,Gender,Male,PNF,Influenza and pneumonia,ICD-10,349.0,,,02/17/2026,02/17/2026,2024-12-01,2026-02-17,2026-02-17,False,,349.0,False,False,2024-12
2155,2024,12,Occurrence,Race-Ethnicity,American Indian/Alaska Native,PNF,Influenza and pneumonia,ICD-10,,1,Cell suppressed for small numbers,02/17/2026,02/17/2026,2024-12-01,2026-02-17,2026-02-17,True,Cell suppressed for small numbers,,False,False,2024-12
2156,2024,12,Occurrence,Race-Ethnicity,Asian,PNF,Influenza and pneumonia,ICD-10,99.0,,,02/17/2026,02/17/2026,2024-12-01,2026-02-17,2026-02-17,False,,99.0,False,False,2024-12
2157,2024,12,Occurrence,Race-Ethnicity,Black,PNF,Influenza and pneumonia,ICD-10,44.0,,,02/17/2026,02/17/2026,2024-12-01,2026-02-17,2026-02-17,False,,44.0,False,False,2024-12
2158,2024,12,Occurrence,Race-Ethnicity,Hawaiian/Pacific Islander,PNF,Influenza and pneumonia,ICD-10,,1,Cell suppressed for small numbers,02/17/2026,02/17/2026,2024-12-01,2026-02-17,2026-02-17,True,Cell suppressed for small numbers,,False,False,2024-12
2159,2024,12,Occurrence,Race-Ethnicity,Hispanic,PNF,Influenza and pneumonia,ICD-10,188.0,,,02/17/2026,02/17/2026,2024-12-01,2026-02-17,2026-02-17,False,,188.0,False,False,2024-12
2160,2024,12,Occurrence,Race-Ethnicity,Multi-Race,PNF,Influenza and pneumonia,ICD-10,,1,Cell suppressed for small numbers,02/17/2026,02/17/2026,2024-12-01,2026-02-17,2026-02-17,True,Cell suppressed for small numbers,,False,False,2024-12
2161,2024,12,Occurrence,Race-Ethnicity,White,PNF,Influenza and pneumonia,ICD-10,328.0,,,02/17/2026,02/17/2026,2024-12-01,2026-02-17,2026-02-17,False,,328.0,False,False,2024-12
2162,2024,12,Occurrence,Race-Ethnicity,Other/Unknown,PNF,Influenza and pneumonia,ICD-10,,1,Cell suppressed for small numbers,02/17/2026,02/17/2026,2024-12-01,2026-02-17,2026-02-17,True,Cell suppressed for small numbers,,False,False,2024-12
2163,2024,12,Occurrence,Total Population,Total Population,STK,Cerebrovascular diseases,ICD-10,1645.0,,,02/17/2026,02/17/2026,2024-12-01,2026-02-17,2026-02-17,False,,1645.0,True,False,2024-12
2164,2024,12,Occurrence,Gender,Female,STK,Cerebrovascular diseases,ICD-10,873.0,,,02/17/2026,02/17/2026,2024-12-01,2026-02-17,2026-02-17,False,,873.0,False,False,2024-12
2165,2024,12,Occurrence,Gender,Male,STK,Cerebrovascular diseases,ICD-10,772.0,,,02/17/2026,02/17/2026,2024-12-01,2026-02-17,2026-02-17,False,,772.0,False,False,2024-12
2166,2024,12,Occurrence,Race-Ethnicity,American Indian/Alaska Native,STK,Cerebrovascular diseases,ICD-10,,1,Cell suppressed for small numbers,02/17/2026,02/17/2026,2024-12-01,2026-02-17,2026-02-17,True,Cell suppressed for small numbers,,False,False,2024-12
2167,2024,12,Occurrence,Race-Ethnicity,Asian,STK,Cerebrovascular diseases,ICD-10,244.0,,,02/17/2026,02/17/2026,2024-12-01,2026-02-17,2026-02-17,False,,244.0,False,False,2024-12
2168,2024,12,Occurrence,Race-Ethnicity,Black,STK,Cerebrovascular diseases,ICD-10,122.0,,,02/17/2026,02/17/2026,2024-12-01,2026-02-17,2026-02-17,False,,122.0,False,False,2024-12
2169,2024,12,Occurrence,Race-Ethnicity,Hawaiian/Pacific Islander,STK,Cerebrovascular diseases,ICD-10,,1,Cell suppressed for small numbers,02/17/2026,02/17/2026,2024-12-01,2026-02-17,2026-02-17,True,Cell suppressed for small numbers,,False,False,2024-12
2170,2024,12,Occurrence,Race-Ethnicity,Hispanic,STK,Cerebrovascular diseases,ICD-10,353.0,,,02/17/2026,02/17/2026,2024-12-01,2026-02-17,2026-02-17,False,,353.0,False,False,2024-12
2171,2024,12,Occurrence,Race-Ethnicity,Multi-Race,STK,Cerebrovascular diseases,ICD-10,12.0,,,02/17/2026,02/17/2026,2024-12-01,2026-02-17,2026-02-17,False,,12.0,False,False,2024-12
2172,2024,12,Occurrence,Race-Ethnicity,White,STK,Cerebrovascular diseases,ICD-10,890.0,,,02/17/2026,02/17/2026,2024-12-01,2026-02-17,2026-02-17,False,,890.0,False,False,2024-12
2173,2024,12,Occurrence,Race-Ethnicity,Other/Unknown,STK,Cerebrovascular diseases,ICD-10,14.0,,,02/17/2026,02/17/2026,2024-12-01,2026-02-17,2026-02-17,False,,14.0,False,False,2024-12
2174,2024,12,Occurrence,Total Population,Total Population,SUI,Intentional self-harm (suicide),ICD-10,328.0,,,02/17/2026,02/17/2026,2024-12-01,2026-02-17,2026-02-17,False,,328.0,True,False,2024-12
2175,2024,12,Occurrence,Gender,Female,SUI,Intentional self-harm (suicide),ICD-10,62.0,,,02/17/2026,02/17/2026,2024-12-01,2026-02-17,2026-02-17,False,,62.0,False,False,2024-12
2176,2024,12,Occurrence,Gender,Male,SUI,Intentional self-harm (suicide),ICD-10,266.0,,,02/17/2026,02/17/2026,2024-12-01,2026-02-17,2026-02-17,False,,266.0,False,False,2024-12
2177,2024,12,Occurrence,Race-Ethnicity,American Indian/Alaska Native,SUI,Intentional self-harm (suicide),ICD-10,,1,Cell suppressed for small numbers,02/17/2026,02/17/2026,2024-12-01,2026-02-17,2026-02-17,True,Cell suppressed for small numbers,,False,False,2024-12
2178,2024,12,Occurrence,Race-Ethnicity,Asian,SUI,Intentional self-harm (suicide),ICD-10,46.0,,,02/17/2026,02/17/2026,2024-12-01,2026-02-17,2026-02-17,False,,46.0,False,False,2024-12
2179,2024,12,Occurrence,Race-Ethnicity,Black,SUI,Intentional self-harm (suicide),ICD-10,,1,Cell suppressed for small numbers,02/17/2026,02/17/2026,2024-12-01,2026-02-17,2026-02-17,True,Cell suppressed for small numbers,,False,False,2024-12
2180,2024,12,Occurrence,Race-Ethnicity,Hawaiian/Pacific Islander,SUI,Intentional self-harm (suicide),ICD-10,,1,Cell suppressed for small numbers,02/17/2026,02/17/2026,2024-12-01,2026-02-17,2026-02-17,True,Cell suppressed for small numbers,,False,False,2024-12
2181,2024,12,Occurrence,Race-Ethnicity,Hispanic,SUI,Intentional self-harm (suicide),ICD-10,73.0,,,02/17/2026,02/17/2026,2024-12-01,2026-02-17,2026-02-17,False,,73.0,False,False,2024-12
2182,2024,12,Occurrence,Race-Ethnicity,Multi-Race,SUI,Intentional self-harm (suicide),ICD-10,11.0,,,02/17/2026,02/17/2026,2024-12-01,2026-02-17,2026-02-17,False,,11.0,False,False,2024-12
2183,2024,12,Occurrence,Race-Ethnicity,White,SUI,Intentional self-harm (suicide),ICD-10,182.0,,,02/17/2026,02/17/2026,2024-12-01,2026-02-17,2026-02-17,False,,182.0,False,False,2024-12
2184,2024,12,Occurrence,Race-Ethnicity,Other/Unknown,SUI,Intentional self-harm (suicide),ICD-10,0.0,,,02/17/2026,02/17/2026,2024-12-01,2026-02-17,2026-02-17,False,,0.0,False,False,2024-12
2185,2025,1,Occurrence,Total Population,Total Population,ALL,All causes (total),ICD-10,28955.0,,,02/17/2026,02/17/2026,2025-01-01,2026-02-17,2026-02-17,False,,28955.0,True,True,2025-01
2186,2025,1,Occurrence,Age,Under 1 year,ALL,All causes (total),ICD-10,134.0,,,02/17/2026,02/17/2026,2025-01-01,2026-02-17,2026-02-17,False,,134.0,False,True,2025-01
2187,2025,1,Occurrence,Age,1-4 years,ALL,All causes (total),ICD-10,27.0,,,02/17/2026,02/17/2026,2025-01-01,2026-02-17,2026-02-17,False,,27.0,False,True,2025-01
2188,2025,1,Occurrence,Age,5-14 years,ALL,All causes (total),ICD-10,49.0,,,02/17/2026,02/17/2026,2025-01-01,2026-02-17,2026-02-17,False,,49.0,False,True,2025-01
2189,2025,1,Occurrence,Age,15-24 years,ALL,All causes (total),ICD-10,250.0,,,02/17/2026,02/17/2026,2025-01-01,2026-02-17,2026-02-17,False,,250.0,False,True,2025-01
2190,2025,1,Occurrence,Age,25-34 years,ALL,All causes (total),ICD-10,530.0,,,02/17/2026,02/17/2026,2025-01-01,2026-02-17,2026-02-17,False,,530.0,False,True,2025-01
2191,2025,1,Occurrence,Age,35-44 years,ALL,All causes (total),ICD-10,948.0,,,02/17/2026,02/17/2026,2025-01-01,2026-02-17,2026-02-17,False,,948.0,False,True,2025-01
2192,2025,1,Occurrence,Age,45-54 years,ALL,All causes (total),ICD-10,1458.0,,,02/17/2026,02/17/2026,2025-01-01,2026-02-17,2026-02-17,False,,1458.0,False,True,2025-01
2193,2025,1,Occurrence,Age,55-64 years,ALL,All causes (total),ICD-10,3244.0,,,02/17/2026,02/17/2026,2025-01-01,2026-02-17,2026-02-17,False,,3244.0,False,True,2025-01
2194,2025,1,Occurrence,Age,65-74 years,ALL,All causes (total),ICD-10,5429.0,,,02/17/2026,02/17/2026,2025-01-01,2026-02-17,2026-02-17,False,,5429.0,False,True,2025-01
2195,2025,1,Occurrence,Age,75-84 years,ALL,All causes (total),ICD-10,7383.0,,,02/17/2026,02/17/2026,2025-01-01,2026-02-17,2026-02-17,False,,7383.0,False,True,2025-01
2196,2025,1,Occurrence,Age,85 years and over,ALL,All causes (total),ICD-10,9500.0,,,02/17/2026,02/17/2026,2025-01-01,2026-02-17,2026-02-17,False,,9500.0,False,True,2025-01
2197,2025,1,Occurrence,Gender,Female,ALL,All causes (total),ICD-10,13600.0,,,02/17/2026,02/17/2026,2025-01-01,2026-02-17,2026-02-17,False,,13600.0,False,True,2025-01
2198,2025,1,Occurrence,Gender,Male,ALL,All causes (total),ICD-10,15352.0,,,02/17/2026,02/17/2026,2025-01-01,2026-02-17,2026-02-17,False,,15352.0,False,True,2025-01
2199,2025,1,Occurrence,Place Type,Inpatient,ALL,All causes (total),ICD-10,9751.0,,,02/17/2026,02/17/2026,2025-01-01,2026-02-17,2026-02-17,False,,9751.0,False,True,2025-01
2200,2025,1,Occurrence,Place Type,Emergency Room/Outpatient,ALL,All causes (total),ICD-10,1680.0,,,02/17/2026,02/17/2026,2025-01-01,2026-02-17,2026-02-17,False,,1680.0,False,True,2025-01
2201,2025,1,Occurrence,Place Type,Decedent's Home,ALL,All causes (total),ICD-10,10612.0,,,02/17/2026,02/17/2026,2025-01-01,2026-02-17,2026-02-17,False,,10612.0,False,True,2025-01
2202,2025,1,Occurrence,Place Type,Hospice Facility,ALL,All causes (total),ICD-10,375.0,,,02/17/2026,02/17/2026,2025-01-01,2026-02-17,2026-02-17,False,,375.0,False,True,2025-01
2203,2025,1,Occurrence,Place Type,Nursing Home/Long Term Care Facility,ALL,All causes (total),ICD-10,4928.0,,,02/17/2026,02/17/2026,2025-01-01,2026-02-17,2026-02-17,False,,4928.0,False,True,2025-01
2204,2025,1,Occurrence,Place Type,Other/Unknown,ALL,All causes (total),ICD-10,1609.0,,,02/17/2026,02/17/2026,2025-01-01,2026-02-17,2026-02-17,False,,1609.0,False,True,2025-01
2205,2025,1,Occurrence,Race-Ethnicity,American Indian/Alaska Native,ALL,All causes (total),ICD-10,116.0,,,02/17/2026,02/17/2026,2025-01-01,2026-02-17,2026-02-17,False,,116.0,False,True,2025-01
2206,2025,1,Occurrence,Race-Ethnicity,Asian,ALL,All causes (total),ICD-10,3416.0,,,02/17/2026,02/17/2026,2025-01-01,2026-02-17,2026-02-17,False,,3416.0,False,True,2025-01
2207,2025,1,Occurrence,Race-Ethnicity,Black,ALL,All causes (total),ICD-10,2269.0,,,02/17/2026,02/17/2026,2025-01-01,2026-02-17,2026-02-17,False,,2269.0,False,True,2025-01
2208,2025,1,Occurrence,Race-Ethnicity,Hawaiian/Pacific Islander,ALL,All causes (total),ICD-10,120.0,,,02/17/2026,02/17/2026,2025-01-01,2026-02-17,2026-02-17,False,,120.0,False,True,2025-01
2209,2025,1,Occurrence,Race-Ethnicity,Hispanic,ALL,All causes (total),ICD-10,6657.0,,,02/17/2026,02/17/2026,2025-01-01,2026-02-17,2026-02-17,False,,6657.0,False,True,2025-01
2210,2025,1,Occurrence,Race-Ethnicity,Multi-Race,ALL,All causes (total),ICD-10,311.0,,,02/17/2026,02/17/2026,2025-01-01,2026-02-17,2026-02-17,False,,311.0,False,True,2025-01
2211,2025,1,Occurrence,Race-Ethnicity,White,ALL,All causes (total),ICD-10,15749.0,,,02/17/2026,02/17/2026,2025-01-01,2026-02-17,2026-02-17,False,,15749.0,False,True,2025-01
2212,2025,1,Occurrence,Race-Ethnicity,Other/Unknown,ALL,All causes (total),ICD-10,317.0,,,02/17/2026,02/17/2026,2025-01-01,2026-02-17,2026-02-17,False,,317.0,False,True,2025-01
2213,2025,1,Occurrence,Total Population,Total Population,ALZ,Alzheimer's disease,ICD-10,1663.0,,,02/17/2026,02/17/2026,2025-01-01,2026-02-17,2026-02-17,False,,1663.0,True,False,2025-01
2214,2025,1,Occurrence,Gender,Female,ALZ,Alzheimer's disease,ICD-10,1109.0,,,02/17/2026,02/17/2026,2025-01-01,2026-02-17,2026-02-17,False,,1109.0,False,False,2025-01
2215,2025,1,Occurrence,Gender,Male,ALZ,Alzheimer's disease,ICD-10,554.0,,,02/17/2026,02/17/2026,2025-01-01,2026-02-17,2026-02-17,False,,554.0,False,False,2025-01
2216,2025,1,Occurrence,Race-Ethnicity,American Indian/Alaska Native,ALZ,Alzheimer's disease,ICD-10,,1,Cell suppressed for small numbers,02/17/2026,02/17/2026,2025-01-01,2026-02-17,2026-02-17,True,Cell suppressed for small numbers,,False,False,2025-01
2217,2025,1,Occurrence,Race-Ethnicity,Asian,ALZ,Alzheimer's disease,ICD-10,158.0,,,02/17/2026,02/17/2026,2025-01-01,2026-02-17,2026-02-17,False,,158.0,False,False,2025-01
2218,2025,1,Occurrence,Race-Ethnicity,Black,ALZ,Alzheimer's disease,ICD-10,106.0,,,02/17/2026,02/17/2026,2025-01-01,2026-02-17,2026-02-17,False,,106.0,False,False,2025-01
2219,2025,1,Occurrence,Race-Ethnicity,Hawaiian/Pacific Islander,ALZ,Alzheimer's disease,ICD-10,,1,Cell suppressed for small numbers,02/17/2026,02/17/2026,2025-01-01,2026-02-17,2026-02-17,True,Cell suppressed for small numbers,,False,False,2025-01
2220,2025,1,Occurrence,Race-Ethnicity,Hispanic,ALZ,Alzheimer's disease,ICD-10,315.0,,,02/17/2026,02/17/2026,2025-01-01,2026-02-17,2026-02-17,False,,315.0,False,False,2025-01
2221,2025,1,Occurrence,Race-Ethnicity,Multi-Race,ALZ,Alzheimer's disease,ICD-10,14.0,,,02/17/2026,02/17/2026,2025-01-01,2026-02-17,2026-02-17,False,,14.0,False,False,2025-01
2222,2025,1,Occurrence,Race-Ethnicity,White,ALZ,Alzheimer's disease,ICD-10,1047.0,,,02/17/2026,02/17/2026,2025-01-01,2026-02-17,2026-02-17,False,,1047.0,False,False,2025-01
2223,2025,1,Occurrence,Race-Ethnicity,Other/Unknown,ALZ,Alzheimer's disease,ICD-10,14.0,,,02/17/2026,02/17/2026,2025-01-01,2026-02-17,2026-02-17,False,,14.0,False,False,2025-01
2224,2025,1,Occurrence,Total Population,Total Population,CAN,Malignant neoplasms,ICD-10,5475.0,,,02/17/2026,02/17/2026,2025-01-01,2026-02-17,2026-02-17,False,,5475.0,True,False,2025-01
2225,2025,1,Occurrence,Gender,Female,CAN,Malignant neoplasms,ICD-10,2589.0,,,02/17/2026,02/17/2026,2025-01-01,2026-02-17,2026-02-17,False,,2589.0,False,False,2025-01
2226,2025,1,Occurrence,Gender,Male,CAN,Malignant neoplasms,ICD-10,2886.0,,,02/17/2026,02/17/2026,2025-01-01,2026-02-17,2026-02-17,False,,2886.0,False,False,2025-01
2227,2025,1,Occurrence,Race-Ethnicity,American Indian/Alaska Native,CAN,Malignant neoplasms,ICD-10,21.0,,,02/17/2026,02/17/2026,2025-01-01,2026-02-17,2026-02-17,False,,21.0,False,False,2025-01
2228,2025,1,Occurrence,Race-Ethnicity,Asian,CAN,Malignant neoplasms,ICD-10,738.0,,,02/17/2026,02/17/2026,2025-01-01,2026-02-17,2026-02-17,False,,738.0,False,False,2025-01
2229,2025,1,Occurrence,Race-Ethnicity,Black,CAN,Malignant neoplasms,ICD-10,361.0,,,02/17/2026,02/17/2026,2025-01-01,2026-02-17,2026-02-17,False,,361.0,False,False,2025-01
2230,2025,1,Occurrence,Race-Ethnicity,Hawaiian/Pacific Islander,CAN,Malignant neoplasms,ICD-10,20.0,,,02/17/2026,02/17/2026,2025-01-01,2026-02-17,2026-02-17,False,,20.0,False,False,2025-01
2231,2025,1,Occurrence,Race-Ethnicity,Hispanic,CAN,Malignant neoplasms,ICD-10,1245.0,,,02/17/2026,02/17/2026,2025-01-01,2026-02-17,2026-02-17,False,,1245.0,False,False,2025-01
2232,2025,1,Occurrence,Race-Ethnicity,Multi-Race,CAN,Malignant neoplasms,ICD-10,59.0,,,02/17/2026,02/17/2026,2025-01-01,2026-02-17,2026-02-17,False,,59.0,False,False,2025-01
2233,2025,1,Occurrence,Race-Ethnicity,White,CAN,Malignant neoplasms,ICD-10,2987.0,,,02/17/2026,02/17/2026,2025-01-01,2026-02-17,2026-02-17,False,,2987.0,False,False,2025-01
2234,2025,1,Occurrence,Race-Ethnicity,Other/Unknown,CAN,Malignant neoplasms,ICD-10,44.0,,,02/17/2026,02/17/2026,2025-01-01,2026-02-17,2026-02-17,False,,44.0,False,False,2025-01
2235,2025,1,Occurrence,Total Population,Total Population,CLD,Chronic lower respiratory diseases,ICD-10,1207.0,,,02/17/2026,02/17/2026,2025-01-01,2026-02-17,2026-02-17,False,,1207.0,True,False,2025-01
2236,2025,1,Occurrence,Gender,Female,CLD,Chronic lower respiratory diseases,ICD-10,634.0,,,02/17/2026,02/17/2026,2025-01-01,2026-02-17,2026-02-17,False,,634.0,False,False,2025-01
2237,2025,1,Occurrence,Gender,Male,CLD,Chronic lower respiratory diseases,ICD-10,572.0,,,02/17/2026,02/17/2026,2025-01-01,2026-02-17,2026-02-17,False,,572.0,False,False,2025-01
2238,2025,1,Occurrence,Race-Ethnicity,American Indian/Alaska Native,CLD,Chronic lower respiratory diseases,ICD-10,,1,Cell suppressed for small numbers,02/17/2026,02/17/2026,2025-01-01,2026-02-17,2026-02-17,True,Cell suppressed for small numbers,,False,False,2025-01
2239,2025,1,Occurrence,Race-Ethnicity,Asian,CLD,Chronic lower respiratory diseases,ICD-10,85.0,,,02/17/2026,02/17/2026,2025-01-01,2026-02-17,2026-02-17,False,,85.0,False,False,2025-01
2240,2025,1,Occurrence,Race-Ethnicity,Black,CLD,Chronic lower respiratory diseases,ICD-10,87.0,,,02/17/2026,02/17/2026,2025-01-01,2026-02-17,2026-02-17,False,,87.0,False,False,2025-01
2241,2025,1,Occurrence,Race-Ethnicity,Hawaiian/Pacific Islander,CLD,Chronic lower respiratory diseases,ICD-10,,1,Cell suppressed for small numbers,02/17/2026,02/17/2026,2025-01-01,2026-02-17,2026-02-17,True,Cell suppressed for small numbers,,False,False,2025-01
2242,2025,1,Occurrence,Race-Ethnicity,Hispanic,CLD,Chronic lower respiratory diseases,ICD-10,123.0,,,02/17/2026,02/17/2026,2025-01-01,2026-02-17,2026-02-17,False,,123.0,False,False,2025-01
2243,2025,1,Occurrence,Race-Ethnicity,Multi-Race,CLD,Chronic lower respiratory diseases,ICD-10,12.0,,,02/17/2026,02/17/2026,2025-01-01,2026-02-17,2026-02-17,False,,12.0,False,False,2025-01
2244,2025,1,Occurrence,Race-Ethnicity,White,CLD,Chronic lower respiratory diseases,ICD-10,882.0,,,02/17/2026,02/17/2026,2025-01-01,2026-02-17,2026-02-17,False,,882.0,False,False,2025-01
2245,2025,1,Occurrence,Race-Ethnicity,Other/Unknown,CLD,Chronic lower respiratory diseases,ICD-10,12.0,,,02/17/2026,02/17/2026,2025-01-01,2026-02-17,2026-02-17,False,,12.0,False,False,2025-01
2246,2025,1,Occurrence,Total Population,Total Population,DIA,Diabetes mellitus,ICD-10,1167.0,,,02/17/2026,02/17/2026,2025-01-01,2026-02-17,2026-02-17,False,,1167.0,True,False,2025-01
2247,2025,1,Occurrence,Gender,Female,DIA,Diabetes mellitus,ICD-10,456.0,,,02/17/2026,02/17/2026,2025-01-01,2026-02-17,2026-02-17,False,,456.0,False,False,2025-01
2248,2025,1,Occurrence,Gender,Male,DIA,Diabetes mellitus,ICD-10,711.0,,,02/17/2026,02/17/2026,2025-01-01,2026-02-17,2026-02-17,False,,711.0,False,False,2025-01
2249,2025,1,Occurrence,Race-Ethnicity,American Indian/Alaska Native,DIA,Diabetes mellitus,ICD-10,,1,Cell suppressed for small numbers,02/17/2026,02/17/2026,2025-01-01,2026-02-17,2026-02-17,True,Cell suppressed for small numbers,,False,False,2025-01
2250,2025,1,Occurrence,Race-Ethnicity,Asian,DIA,Diabetes mellitus,ICD-10,191.0,,,02/17/2026,02/17/2026,2025-01-01,2026-02-17,2026-02-17,False,,191.0,False,False,2025-01
2251,2025,1,Occurrence,Race-Ethnicity,Black,DIA,Diabetes mellitus,ICD-10,128.0,,,02/17/2026,02/17/2026,2025-01-01,2026-02-17,2026-02-17,False,,128.0,False,False,2025-01
2252,2025,1,Occurrence,Race-Ethnicity,Hawaiian/Pacific Islander,DIA,Diabetes mellitus,ICD-10,,1,Cell suppressed for small numbers,02/17/2026,02/17/2026,2025-01-01,2026-02-17,2026-02-17,True,Cell suppressed for small numbers,,False,False,2025-01
2253,2025,1,Occurrence,Race-Ethnicity,Hispanic,DIA,Diabetes mellitus,ICD-10,420.0,,,02/17/2026,02/17/2026,2025-01-01,2026-02-17,2026-02-17,False,,420.0,False,False,2025-01
2254,2025,1,Occurrence,Race-Ethnicity,Multi-Race,DIA,Diabetes mellitus,ICD-10,21.0,,,02/17/2026,02/17/2026,2025-01-01,2026-02-17,2026-02-17,False,,21.0,False,False,2025-01
2255,2025,1,Occurrence,Race-Ethnicity,White,DIA,Diabetes mellitus,ICD-10,377.0,,,02/17/2026,02/17/2026,2025-01-01,2026-02-17,2026-02-17,False,,377.0,False,False,2025-01
2256,2025,1,Occurrence,Race-Ethnicity,Other/Unknown,DIA,Diabetes mellitus,ICD-10,14.0,,,02/17/2026,02/17/2026,2025-01-01,2026-02-17,2026-02-17,False,,14.0,False,False,2025-01
2257,2025,1,Occurrence,Total Population,Total Population,HOM,Assault (homicide),ICD-10,129.0,,,02/17/2026,02/17/2026,2025-01-01,2026-02-17,2026-02-17,False,,129.0,True,False,2025-01
2258,2025,1,Occurrence,Gender,Female,HOM,Assault (homicide),ICD-10,22.0,,,02/17/2026,02/17/2026,2025-01-01,2026-02-17,2026-02-17,False,,22.0,False,False,2025-01
2259,2025,1,Occurrence,Gender,Male,HOM,Assault (homicide),ICD-10,107.0,,,02/17/2026,02/17/2026,2025-01-01,2026-02-17,2026-02-17,False,,107.0,False,False,2025-01
2260,2025,1,Occurrence,Race-Ethnicity,American Indian/Alaska Native,HOM,Assault (homicide),ICD-10,,1,Cell suppressed for small numbers,02/17/2026,02/17/2026,2025-01-01,2026-02-17,2026-02-17,True,Cell suppressed for small numbers,,False,False,2025-01
2261,2025,1,Occurrence,Race-Ethnicity,Asian,HOM,Assault (homicide),ICD-10,,1,Cell suppressed for small numbers,02/17/2026,02/17/2026,2025-01-01,2026-02-17,2026-02-17,True,Cell suppressed for small numbers,,False,False,2025-01
2262,2025,1,Occurrence,Race-Ethnicity,Black,HOM,Assault (homicide),ICD-10,33.0,,,02/17/2026,02/17/2026,2025-01-01,2026-02-17,2026-02-17,False,,33.0,False,False,2025-01
2263,2025,1,Occurrence,Race-Ethnicity,Hawaiian/Pacific Islander,HOM,Assault (homicide),ICD-10,0.0,,,02/17/2026,02/17/2026,2025-01-01,2026-02-17,2026-02-17,False,,0.0,False,False,2025-01
2264,2025,1,Occurrence,Race-Ethnicity,Hispanic,HOM,Assault (homicide),ICD-10,62.0,,,02/17/2026,02/17/2026,2025-01-01,2026-02-17,2026-02-17,False,,62.0,False,False,2025-01
2265,2025,1,Occurrence,Race-Ethnicity,Multi-Race,HOM,Assault (homicide),ICD-10,,1,Cell suppressed for small numbers,02/17/2026,02/17/2026,2025-01-01,2026-02-17,2026-02-17,True,Cell suppressed for small numbers,,False,False,2025-01
2266,2025,1,Occurrence,Race-Ethnicity,White,HOM,Assault (homicide),ICD-10,24.0,,,02/17/2026,02/17/2026,2025-01-01,2026-02-17,2026-02-17,False,,24.0,False,False,2025-01
2267,2025,1,Occurrence,Race-Ethnicity,Other/Unknown,HOM,Assault (homicide),ICD-10,0.0,,,02/17/2026,02/17/2026,2025-01-01,2026-02-17,2026-02-17,False,,0.0,False,False,2025-01
2268,2025,1,Occurrence,Total Population,Total Population,HTD,Diseases of heart,ICD-10,6549.0,,,02/17/2026,02/17/2026,2025-01-01,2026-02-17,2026-02-17,False,,6549.0,True,False,2025-01
2269,2025,1,Occurrence,Gender,Female,HTD,Diseases of heart,ICD-10,2842.0,,,02/17/2026,02/17/2026,2025-01-01,2026-02-17,2026-02-17,False,,2842.0,False,False,2025-01
2270,2025,1,Occurrence,Gender,Male,HTD,Diseases of heart,ICD-10,3707.0,,,02/17/2026,02/17/2026,2025-01-01,2026-02-17,2026-02-17,False,,3707.0,False,False,2025-01
2271,2025,1,Occurrence,Race-Ethnicity,American Indian/Alaska Native,HTD,Diseases of heart,ICD-10,24.0,,,02/17/2026,02/17/2026,2025-01-01,2026-02-17,2026-02-17,False,,24.0,False,False,2025-01
2272,2025,1,Occurrence,Race-Ethnicity,Asian,HTD,Diseases of heart,ICD-10,723.0,,,02/17/2026,02/17/2026,2025-01-01,2026-02-17,2026-02-17,False,,723.0,False,False,2025-01
2273,2025,1,Occurrence,Race-Ethnicity,Black,HTD,Diseases of heart,ICD-10,567.0,,,02/17/2026,02/17/2026,2025-01-01,2026-02-17,2026-02-17,False,,567.0,False,False,2025-01
2274,2025,1,Occurrence,Race-Ethnicity,Hawaiian/Pacific Islander,HTD,Diseases of heart,ICD-10,38.0,,,02/17/2026,02/17/2026,2025-01-01,2026-02-17,2026-02-17,False,,38.0,False,False,2025-01
2275,2025,1,Occurrence,Race-Ethnicity,Hispanic,HTD,Diseases of heart,ICD-10,1335.0,,,02/17/2026,02/17/2026,2025-01-01,2026-02-17,2026-02-17,False,,1335.0,False,False,2025-01
2276,2025,1,Occurrence,Race-Ethnicity,Multi-Race,HTD,Diseases of heart,ICD-10,52.0,,,02/17/2026,02/17/2026,2025-01-01,2026-02-17,2026-02-17,False,,52.0,False,False,2025-01
2277,2025,1,Occurrence,Race-Ethnicity,White,HTD,Diseases of heart,ICD-10,3740.0,,,02/17/2026,02/17/2026,2025-01-01,2026-02-17,2026-02-17,False,,3740.0,False,False,2025-01
2278,2025,1,Occurrence,Race-Ethnicity,Other/Unknown,HTD,Diseases of heart,ICD-10,70.0,,,02/17/2026,02/17/2026,2025-01-01,2026-02-17,2026-02-17,False,,70.0,False,False,2025-01
2279,2025,1,Occurrence,Total Population,Total Population,HYP,Essential hypertension and hypertensive renal disease,ICD-10,665.0,,,02/17/2026,02/17/2026,2025-01-01,2026-02-17,2026-02-17,False,,665.0,True,False,2025-01
2280,2025,1,Occurrence,Gender,Female,HYP,Essential hypertension and hypertensive renal disease,ICD-10,336.0,,,02/17/2026,02/17/2026,2025-01-01,2026-02-17,2026-02-17,False,,336.0,False,False,2025-01
2281,2025,1,Occurrence,Gender,Male,HYP,Essential hypertension and hypertensive renal disease,ICD-10,329.0,,,02/17/2026,02/17/2026,2025-01-01,2026-02-17,2026-02-17,False,,329.0,False,False,2025-01
2282,2025,1,Occurrence,Race-Ethnicity,American Indian/Alaska Native,HYP,Essential hypertension and hypertensive renal disease,ICD-10,,1,Cell suppressed for small numbers,02/17/2026,02/17/2026,2025-01-01,2026-02-17,2026-02-17,True,Cell suppressed for small numbers,,False,False,2025-01
2283,2025,1,Occurrence,Race-Ethnicity,Asian,HYP,Essential hypertension and hypertensive renal disease,ICD-10,116.0,,,02/17/2026,02/17/2026,2025-01-01,2026-02-17,2026-02-17,False,,116.0,False,False,2025-01
2284,2025,1,Occurrence,Race-Ethnicity,Black,HYP,Essential hypertension and hypertensive renal disease,ICD-10,77.0,,,02/17/2026,02/17/2026,2025-01-01,2026-02-17,2026-02-17,False,,77.0,False,False,2025-01
2285,2025,1,Occurrence,Race-Ethnicity,Hawaiian/Pacific Islander,HYP,Essential hypertension and hypertensive renal disease,ICD-10,,1,Cell suppressed for small numbers,02/17/2026,02/17/2026,2025-01-01,2026-02-17,2026-02-17,True,Cell suppressed for small numbers,,False,False,2025-01
2286,2025,1,Occurrence,Race-Ethnicity,Hispanic,HYP,Essential hypertension and hypertensive renal disease,ICD-10,144.0,,,02/17/2026,02/17/2026,2025-01-01,2026-02-17,2026-02-17,False,,144.0,False,False,2025-01
2287,2025,1,Occurrence,Race-Ethnicity,Multi-Race,HYP,Essential hypertension and hypertensive renal disease,ICD-10,,1,Cell suppressed for small numbers,02/17/2026,02/17/2026,2025-01-01,2026-02-17,2026-02-17,True,Cell suppressed for small numbers,,False,False,2025-01
2288,2025,1,Occurrence,Race-Ethnicity,White,HYP,Essential hypertension and hypertensive renal disease,ICD-10,304.0,,,02/17/2026,02/17/2026,2025-01-01,2026-02-17,2026-02-17,False,,304.0,False,False,2025-01
2289,2025,1,Occurrence,Race-Ethnicity,Other/Unknown,HYP,Essential hypertension and hypertensive renal disease,ICD-10,13.0,,,02/17/2026,02/17/2026,2025-01-01,2026-02-17,2026-02-17,False,,13.0,False,False,2025-01
2290,2025,1,Occurrence,Total Population,Total Population,INJ,Accidents (unintentional injuries),ICD-10,1697.0,,,02/17/2026,02/17/2026,2025-01-01,2026-02-17,2026-02-17,False,,1697.0,True,False,2025-01
2291,2025,1,Occurrence,Gender,Female,INJ,Accidents (unintentional injuries),ICD-10,516.0,,,02/17/2026,02/17/2026,2025-01-01,2026-02-17,2026-02-17,False,,516.0,False,False,2025-01
2292,2025,1,Occurrence,Gender,Male,INJ,Accidents (unintentional injuries),ICD-10,1181.0,,,02/17/2026,02/17/2026,2025-01-01,2026-02-17,2026-02-17,False,,1181.0,False,False,2025-01
2293,2025,1,Occurrence,Race-Ethnicity,American Indian/Alaska Native,INJ,Accidents (unintentional injuries),ICD-10,,2,Cell suppressed for complementary cell,02/17/2026,02/17/2026,2025-01-01,2026-02-17,2026-02-17,True,Cell suppressed for complementary cell,,False,False,2025-01
2294,2025,1,Occurrence,Race-Ethnicity,Asian,INJ,Accidents (unintentional injuries),ICD-10,111.0,,,02/17/2026,02/17/2026,2025-01-01,2026-02-17,2026-02-17,False,,111.0,False,False,2025-01
2295,2025,1,Occurrence,Race-Ethnicity,Black,INJ,Accidents (unintentional injuries),ICD-10,189.0,,,02/17/2026,02/17/2026,2025-01-01,2026-02-17,2026-02-17,False,,189.0,False,False,2025-01
2296,2025,1,Occurrence,Race-Ethnicity,Hawaiian/Pacific Islander,INJ,Accidents (unintentional injuries),ICD-10,,1,Cell suppressed for small numbers,02/17/2026,02/17/2026,2025-01-01,2026-02-17,2026-02-17,True,Cell suppressed for small numbers,,False,False,2025-01
2297,2025,1,Occurrence,Race-Ethnicity,Hispanic,INJ,Accidents (unintentional injuries),ICD-10,509.0,,,02/17/2026,02/17/2026,2025-01-01,2026-02-17,2026-02-17,False,,509.0,False,False,2025-01
2298,2025,1,Occurrence,Race-Ethnicity,Multi-Race,INJ,Accidents (unintentional injuries),ICD-10,29.0,,,02/17/2026,02/17/2026,2025-01-01,2026-02-17,2026-02-17,False,,29.0,False,False,2025-01
2299,2025,1,Occurrence,Race-Ethnicity,White,INJ,Accidents (unintentional injuries),ICD-10,799.0,,,02/17/2026,02/17/2026,2025-01-01,2026-02-17,2026-02-17,False,,799.0,False,False,2025-01
2300,2025,1,Occurrence,Race-Ethnicity,Other/Unknown,INJ,Accidents (unintentional injuries),ICD-10,42.0,,,02/17/2026,02/17/2026,2025-01-01,2026-02-17,2026-02-17,False,,42.0,False,False,2025-01
2301,2025,1,Occurrence,Total Population,Total Population,LIV,Chronic liver disease and cirrhosis,ICD-10,635.0,,,02/17/2026,02/17/2026,2025-01-01,2026-02-17,2026-02-17,False,,635.0,True,False,2025-01
2302,2025,1,Occurrence,Gender,Female,LIV,Chronic liver disease and cirrhosis,ICD-10,218.0,,,02/17/2026,02/17/2026,2025-01-01,2026-02-17,2026-02-17,False,,218.0,False,False,2025-01
2303,2025,1,Occurrence,Gender,Male,LIV,Chronic liver disease and cirrhosis,ICD-10,417.0,,,02/17/2026,02/17/2026,2025-01-01,2026-02-17,2026-02-17,False,,417.0,False,False,2025-01
2304,2025,1,Occurrence,Race-Ethnicity,American Indian/Alaska Native,LIV,Chronic liver disease and cirrhosis,ICD-10,,1,Cell suppressed for small numbers,02/17/2026,02/17/2026,2025-01-01,2026-02-17,2026-02-17,True,Cell suppressed for small numbers,,False,False,2025-01
2305,2025,1,Occurrence,Race-Ethnicity,Asian,LIV,Chronic liver disease and cirrhosis,ICD-10,29.0,,,02/17/2026,02/17/2026,2025-01-01,2026-02-17,2026-02-17,False,,29.0,False,False,2025-01
2306,2025,1,Occurrence,Race-Ethnicity,Black,LIV,Chronic liver disease and cirrhosis,ICD-10,31.0,,,02/17/2026,02/17/2026,2025-01-01,2026-02-17,2026-02-17,False,,31.0,False,False,2025-01
2307,2025,1,Occurrence,Race-Ethnicity,Hawaiian/Pacific Islander,LIV,Chronic liver disease and cirrhosis,ICD-10,,1,Cell suppressed for small numbers,02/17/2026,02/17/2026,2025-01-01,2026-02-17,2026-02-17,True,Cell suppressed for small numbers,,False,False,2025-01
2308,2025,1,Occurrence,Race-Ethnicity,Hispanic,LIV,Chronic liver disease and cirrhosis,ICD-10,302.0,,,02/17/2026,02/17/2026,2025-01-01,2026-02-17,2026-02-17,False,,302.0,False,False,2025-01
2309,2025,1,Occurrence,Race-Ethnicity,Multi-Race,LIV,Chronic liver disease and cirrhosis,ICD-10,,1,Cell suppressed for small numbers,02/17/2026,02/17/2026,2025-01-01,2026-02-17,2026-02-17,True,Cell suppressed for small numbers,,False,False,2025-01
2310,2025,1,Occurrence,Race-Ethnicity,White,LIV,Chronic liver disease and cirrhosis,ICD-10,251.0,,,02/17/2026,02/17/2026,2025-01-01,2026-02-17,2026-02-17,False,,251.0,False,False,2025-01
2311,2025,1,Occurrence,Race-Ethnicity,Other/Unknown,LIV,Chronic liver disease and cirrhosis,ICD-10,,1,Cell suppressed for small numbers,02/17/2026,02/17/2026,2025-01-01,2026-02-17,2026-02-17,True,Cell suppressed for small numbers,,False,False,2025-01
2312,2025,1,Occurrence,Total Population,Total Population,NEP,"Nephritis, nephrotic syndrome and nephrosis",ICD-10,486.0,,,02/17/2026,02/17/2026,2025-01-01,2026-02-17,2026-02-17,False,,486.0,True,False,2025-01
2313,2025,1,Occurrence,Gender,Female,NEP,"Nephritis, nephrotic syndrome and nephrosis",ICD-10,228.0,,,02/17/2026,02/17/2026,2025-01-01,2026-02-17,2026-02-17,False,,228.0,False,False,2025-01
2314,2025,1,Occurrence,Gender,Male,NEP,"Nephritis, nephrotic syndrome and nephrosis",ICD-10,258.0,,,02/17/2026,02/17/2026,2025-01-01,2026-02-17,2026-02-17,False,,258.0,False,False,2025-01
2315,2025,1,Occurrence,Race-Ethnicity,American Indian/Alaska Native,NEP,"Nephritis, nephrotic syndrome and nephrosis",ICD-10,,1,Cell suppressed for small numbers,02/17/2026,02/17/2026,2025-01-01,2026-02-17,2026-02-17,True,Cell suppressed for small numbers,,False,False,2025-01
2316,2025,1,Occurrence,Race-Ethnicity,Asian,NEP,"Nephritis, nephrotic syndrome and nephrosis",ICD-10,75.0,,,02/17/2026,02/17/2026,2025-01-01,2026-02-17,2026-02-17,False,,75.0,False,False,2025-01
2317,2025,1,Occurrence,Race-Ethnicity,Black,NEP,"Nephritis, nephrotic syndrome and nephrosis",ICD-10,55.0,,,02/17/2026,02/17/2026,2025-01-01,2026-02-17,2026-02-17,False,,55.0,False,False,2025-01
2318,2025,1,Occurrence,Race-Ethnicity,Hawaiian/Pacific Islander,NEP,"Nephritis, nephrotic syndrome and nephrosis",ICD-10,,1,Cell suppressed for small numbers,02/17/2026,02/17/2026,2025-01-01,2026-02-17,2026-02-17,True,Cell suppressed for small numbers,,False,False,2025-01
2319,2025,1,Occurrence,Race-Ethnicity,Hispanic,NEP,"Nephritis, nephrotic syndrome and nephrosis",ICD-10,149.0,,,02/17/2026,02/17/2026,2025-01-01,2026-02-17,2026-02-17,False,,149.0,False,False,2025-01
2320,2025,1,Occurrence,Race-Ethnicity,Multi-Race,NEP,"Nephritis, nephrotic syndrome and nephrosis",ICD-10,,1,Cell suppressed for small numbers,02/17/2026,02/17/2026,2025-01-01,2026-02-17,2026-02-17,True,Cell suppressed for small numbers,,False,False,2025-01
2321,2025,1,Occurrence,Race-Ethnicity,White,NEP,"Nephritis, nephrotic syndrome and nephrosis",ICD-10,195.0,,,02/17/2026,02/17/2026,2025-01-01,2026-02-17,2026-02-17,False,,195.0,False,False,2025-01
2322,2025,1,Occurrence,Race-Ethnicity,Other/Unknown,NEP,"Nephritis, nephrotic syndrome and nephrosis",ICD-10,,1,Cell suppressed for small numbers,02/17/2026,02/17/2026,2025-01-01,2026-02-17,2026-02-17,True,Cell suppressed for small numbers,,False,False,2025-01
2323,2025,1,Occurrence,Total Population,Total Population,PAR,Parkinson's disease,ICD-10,429.0,,,02/17/2026,02/17/2026,2025-01-01,2026-02-17,2026-02-17,False,,429.0,True,False,2025-01
2324,2025,1,Occurrence,Gender,Female,PAR,Parkinson's disease,ICD-10,151.0,,,02/17/2026,02/17/2026,2025-01-01,2026-02-17,2026-02-17,False,,151.0,False,False,2025-01
2325,2025,1,Occurrence,Gender,Male,PAR,Parkinson's disease,ICD-10,278.0,,,02/17/2026,02/17/2026,2025-01-01,2026-02-17,2026-02-17,False,,278.0,False,False,2025-01
2326,2025,1,Occurrence,Race-Ethnicity,American Indian/Alaska Native,PAR,Parkinson's disease,ICD-10,,1,Cell suppressed for small numbers,02/17/2026,02/17/2026,2025-01-01,2026-02-17,2026-02-17,True,Cell suppressed for small numbers,,False,False,2025-01
2327,2025,1,Occurrence,Race-Ethnicity,Asian,PAR,Parkinson's disease,ICD-10,57.0,,,02/17/2026,02/17/2026,2025-01-01,2026-02-17,2026-02-17,False,,57.0,False,False,2025-01
2328,2025,1,Occurrence,Race-Ethnicity,Black,PAR,Parkinson's disease,ICD-10,16.0,,,02/17/2026,02/17/2026,2025-01-01,2026-02-17,2026-02-17,False,,16.0,False,False,2025-01
2329,2025,1,Occurrence,Race-Ethnicity,Hawaiian/Pacific Islander,PAR,Parkinson's disease,ICD-10,0.0,,,02/17/2026,02/17/2026,2025-01-01,2026-02-17,2026-02-17,False,,0.0,False,False,2025-01
2330,2025,1,Occurrence,Race-Ethnicity,Hispanic,PAR,Parkinson's disease,ICD-10,63.0,,,02/17/2026,02/17/2026,2025-01-01,2026-02-17,2026-02-17,False,,63.0,False,False,2025-01
2331,2025,1,Occurrence,Race-Ethnicity,Multi-Race,PAR,Parkinson's disease,ICD-10,,1,Cell suppressed for small numbers,02/17/2026,02/17/2026,2025-01-01,2026-02-17,2026-02-17,True,Cell suppressed for small numbers,,False,False,2025-01
2332,2025,1,Occurrence,Race-Ethnicity,White,PAR,Parkinson's disease,ICD-10,285.0,,,02/17/2026,02/17/2026,2025-01-01,2026-02-17,2026-02-17,False,,285.0,False,False,2025-01
2333,2025,1,Occurrence,Race-Ethnicity,Other/Unknown,PAR,Parkinson's disease,ICD-10,,1,Cell suppressed for small numbers,02/17/2026,02/17/2026,2025-01-01,2026-02-17,2026-02-17,True,Cell suppressed for small numbers,,False,False,2025-01
2334,2025,1,Occurrence,Total Population,Total Population,PNF,Influenza and pneumonia,ICD-10,1184.0,,,02/17/2026,02/17/2026,2025-01-01,2026-02-17,2026-02-17,False,,1184.0,True,False,2025-01
2335,2025,1,Occurrence,Gender,Female,PNF,Influenza and pneumonia,ICD-10,605.0,,,02/17/2026,02/17/2026,2025-01-01,2026-02-17,2026-02-17,False,,605.0,False,False,2025-01
2336,2025,1,Occurrence,Gender,Male,PNF,Influenza and pneumonia,ICD-10,579.0,,,02/17/2026,02/17/2026,2025-01-01,2026-02-17,2026-02-17,False,,579.0,False,False,2025-01
2337,2025,1,Occurrence,Race-Ethnicity,American Indian/Alaska Native,PNF,Influenza and pneumonia,ICD-10,,1,Cell suppressed for small numbers,02/17/2026,02/17/2026,2025-01-01,2026-02-17,2026-02-17,True,Cell suppressed for small numbers,,False,False,2025-01
2338,2025,1,Occurrence,Race-Ethnicity,Asian,PNF,Influenza and pneumonia,ICD-10,176.0,,,02/17/2026,02/17/2026,2025-01-01,2026-02-17,2026-02-17,False,,176.0,False,False,2025-01
2339,2025,1,Occurrence,Race-Ethnicity,Black,PNF,Influenza and pneumonia,ICD-10,68.0,,,02/17/2026,02/17/2026,2025-01-01,2026-02-17,2026-02-17,False,,68.0,False,False,2025-01
2340,2025,1,Occurrence,Race-Ethnicity,Hawaiian/Pacific Islander,PNF,Influenza and pneumonia,ICD-10,,1,Cell suppressed for small numbers,02/17/2026,02/17/2026,2025-01-01,2026-02-17,2026-02-17,True,Cell suppressed for small numbers,,False,False,2025-01
2341,2025,1,Occurrence,Race-Ethnicity,Hispanic,PNF,Influenza and pneumonia,ICD-10,306.0,,,02/17/2026,02/17/2026,2025-01-01,2026-02-17,2026-02-17,False,,306.0,False,False,2025-01
2342,2025,1,Occurrence,Race-Ethnicity,Multi-Race,PNF,Influenza and pneumonia,ICD-10,,1,Cell suppressed for small numbers,02/17/2026,02/17/2026,2025-01-01,2026-02-17,2026-02-17,True,Cell suppressed for small numbers,,False,False,2025-01
2343,2025,1,Occurrence,Race-Ethnicity,White,PNF,Influenza and pneumonia,ICD-10,593.0,,,02/17/2026,02/17/2026,2025-01-01,2026-02-17,2026-02-17,False,,593.0,False,False,2025-01
2344,2025,1,Occurrence,Race-Ethnicity,Other/Unknown,PNF,Influenza and pneumonia,ICD-10,23.0,,,02/17/2026,02/17/2026,2025-01-01,2026-02-17,2026-02-17,False,,23.0,False,False,2025-01
2345,2025,1,Occurrence,Total Population,Total Population,STK,Cerebrovascular diseases,ICD-10,1696.0,,,02/17/2026,02/17/2026,2025-01-01,2026-02-17,2026-02-17,False,,1696.0,True,False,2025-01
2346,2025,1,Occurrence,Gender,Female,STK,Cerebrovascular diseases,ICD-10,939.0,,,02/17/2026,02/17/2026,2025-01-01,2026-02-17,2026-02-17,False,,939.0,False,False,2025-01
2347,2025,1,Occurrence,Gender,Male,STK,Cerebrovascular diseases,ICD-10,757.0,,,02/17/2026,02/17/2026,2025-01-01,2026-02-17,2026-02-17,False,,757.0,False,False,2025-01
2348,2025,1,Occurrence,Race-Ethnicity,American Indian/Alaska Native,STK,Cerebrovascular diseases,ICD-10,,1,Cell suppressed for small numbers,02/17/2026,02/17/2026,2025-01-01,2026-02-17,2026-02-17,True,Cell suppressed for small numbers,,False,False,2025-01
2349,2025,1,Occurrence,Race-Ethnicity,Asian,STK,Cerebrovascular diseases,ICD-10,266.0,,,02/17/2026,02/17/2026,2025-01-01,2026-02-17,2026-02-17,False,,266.0,False,False,2025-01
2350,2025,1,Occurrence,Race-Ethnicity,Black,STK,Cerebrovascular diseases,ICD-10,124.0,,,02/17/2026,02/17/2026,2025-01-01,2026-02-17,2026-02-17,False,,124.0,False,False,2025-01
2351,2025,1,Occurrence,Race-Ethnicity,Hawaiian/Pacific Islander,STK,Cerebrovascular diseases,ICD-10,,1,Cell suppressed for small numbers,02/17/2026,02/17/2026,2025-01-01,2026-02-17,2026-02-17,True,Cell suppressed for small numbers,,False,False,2025-01
2352,2025,1,Occurrence,Race-Ethnicity,Hispanic,STK,Cerebrovascular diseases,ICD-10,374.0,,,02/17/2026,02/17/2026,2025-01-01,2026-02-17,2026-02-17,False,,374.0,False,False,2025-01
2353,2025,1,Occurrence,Race-Ethnicity,Multi-Race,STK,Cerebrovascular diseases,ICD-10,15.0,,,02/17/2026,02/17/2026,2025-01-01,2026-02-17,2026-02-17,False,,15.0,False,False,2025-01
2354,2025,1,Occurrence,Race-Ethnicity,White,STK,Cerebrovascular diseases,ICD-10,890.0,,,02/17/2026,02/17/2026,2025-01-01,2026-02-17,2026-02-17,False,,890.0,False,False,2025-01
2355,2025,1,Occurrence,Race-Ethnicity,Other/Unknown,STK,Cerebrovascular diseases,ICD-10,15.0,,,02/17/2026,02/17/2026,2025-01-01,2026-02-17,2026-02-17,False,,15.0,False,False,2025-01
2356,2025,1,Occurrence,Total Population,Total Population,SUI,Intentional self-harm (suicide),ICD-10,342.0,,,02/17/2026,02/17/2026,2025-01-01,2026-02-17,2026-02-17,False,,342.0,True,False,2025-01
2357,2025,1,Occurrence,Gender,Female,SUI,Intentional self-harm (suicide),ICD-10,64.0,,,02/17/2026,02/17/2026,2025-01-01,2026-02-17,2026-02-17,False,,64.0,False,False,2025-01
2358,2025,1,Occurrence,Gender,Male,SUI,Intentional self-harm (suicide),ICD-10,277.0,,,02/17/2026,02/17/2026,2025-01-01,2026-02-17,2026-02-17,False,,277.0,False,False,2025-01
2359,2025,1,Occurrence,Race-Ethnicity,American Indian/Alaska Native,SUI,Intentional self-harm (suicide),ICD-10,,1,Cell suppressed for small numbers,02/17/2026,02/17/2026,2025-01-01,2026-02-17,2026-02-17,True,Cell suppressed for small numbers,,False,False,2025-01
2360,2025,1,Occurrence,Race-Ethnicity,Asian,SUI,Intentional self-harm (suicide),ICD-10,36.0,,,02/17/2026,02/17/2026,2025-01-01,2026-02-17,2026-02-17,False,,36.0,False,False,2025-01
2361,2025,1,Occurrence,Race-Ethnicity,Black,SUI,Intentional self-harm (suicide),ICD-10,18.0,,,02/17/2026,02/17/2026,2025-01-01,2026-02-17,2026-02-17,False,,18.0,False,False,2025-01
2362,2025,1,Occurrence,Race-Ethnicity,Hawaiian/Pacific Islander,SUI,Intentional self-harm (suicide),ICD-10,0.0,,,02/17/2026,02/17/2026,2025-01-01,2026-02-17,2026-02-17,False,,0.0,False,False,2025-01
2363,2025,1,Occurrence,Race-Ethnicity,Hispanic,SUI,Intentional self-harm (suicide),ICD-10,93.0,,,02/17/2026,02/17/2026,2025-01-01,2026-02-17,2026-02-17,False,,93.0,False,False,2025-01
2364,2025,1,Occurrence,Race-Ethnicity,Multi-Race,SUI,Intentional self-harm (suicide),ICD-10,14.0,,,02/17/2026,02/17/2026,2025-01-01,2026-02-17,2026-02-17,False,,14.0,False,False,2025-01
2365,2025,1,Occurrence,Race-Ethnicity,White,SUI,Intentional self-harm (suicide),ICD-10,175.0,,,02/17/2026,02/17/2026,2025-01-01,2026-02-17,2026-02-17,False,,175.0,False,False,2025-01
2366,2025,1,Occurrence,Race-Ethnicity,Other/Unknown,SUI,Intentional self-harm (suicide),ICD-10,,1,Cell suppressed for small numbers,02/17/2026,02/17/2026,2025-01-01,2026-02-17,2026-02-17,True,Cell suppressed for small numbers,,False,False,2025-01
2367,2025,2,Occurrence,Total Population,Total Population,ALL,All causes (total),ICD-10,25027.0,,,02/17/2026,02/17/2026,2025-02-01,2026-02-17,2026-02-17,False,,25027.0,True,True,2025-02
2368,2025,2,Occurrence,Age,Under 1 year,ALL,All causes (total),ICD-10,130.0,,,02/17/2026,02/17/2026,2025-02-01,2026-02-17,2026-02-17,False,,130.0,False,True,2025-02
2369,2025,2,Occurrence,Age,1-4 years,ALL,All causes (total),ICD-10,27.0,,,02/17/2026,02/17/2026,2025-02-01,2026-02-17,2026-02-17,False,,27.0,False,True,2025-02
2370,2025,2,Occurrence,Age,5-14 years,ALL,All causes (total),ICD-10,40.0,,,02/17/2026,02/17/2026,2025-02-01,2026-02-17,2026-02-17,False,,40.0,False,True,2025-02
2371,2025,2,Occurrence,Age,15-24 years,ALL,All causes (total),ICD-10,194.0,,,02/17/2026,02/17/2026,2025-02-01,2026-02-17,2026-02-17,False,,194.0,False,True,2025-02
2372,2025,2,Occurrence,Age,25-34 years,ALL,All causes (total),ICD-10,464.0,,,02/17/2026,02/17/2026,2025-02-01,2026-02-17,2026-02-17,False,,464.0,False,True,2025-02
2373,2025,2,Occurrence,Age,35-44 years,ALL,All causes (total),ICD-10,784.0,,,02/17/2026,02/17/2026,2025-02-01,2026-02-17,2026-02-17,False,,784.0,False,True,2025-02
2374,2025,2,Occurrence,Age,45-54 years,ALL,All causes (total),ICD-10,1201.0,,,02/17/2026,02/17/2026,2025-02-01,2026-02-17,2026-02-17,False,,1201.0,False,True,2025-02
2375,2025,2,Occurrence,Age,55-64 years,ALL,All causes (total),ICD-10,2736.0,,,02/17/2026,02/17/2026,2025-02-01,2026-02-17,2026-02-17,False,,2736.0,False,True,2025-02
2376,2025,2,Occurrence,Age,65-74 years,ALL,All causes (total),ICD-10,4726.0,,,02/17/2026,02/17/2026,2025-02-01,2026-02-17,2026-02-17,False,,4726.0,False,True,2025-02
2377,2025,2,Occurrence,Age,75-84 years,ALL,All causes (total),ICD-10,6528.0,,,02/17/2026,02/17/2026,2025-02-01,2026-02-17,2026-02-17,False,,6528.0,False,True,2025-02
2378,2025,2,Occurrence,Age,85 years and over,ALL,All causes (total),ICD-10,8194.0,,,02/17/2026,02/17/2026,2025-02-01,2026-02-17,2026-02-17,False,,8194.0,False,True,2025-02
2379,2025,2,Occurrence,Gender,Female,ALL,All causes (total),ICD-10,11668.0,,,02/17/2026,02/17/2026,2025-02-01,2026-02-17,2026-02-17,False,,11668.0,False,True,2025-02
2380,2025,2,Occurrence,Gender,Male,ALL,All causes (total),ICD-10,13359.0,,,02/17/2026,02/17/2026,2025-02-01,2026-02-17,2026-02-17,False,,13359.0,False,True,2025-02
2381,2025,2,Occurrence,Place Type,Inpatient,ALL,All causes (total),ICD-10,8321.0,,,02/17/2026,02/17/2026,2025-02-01,2026-02-17,2026-02-17,False,,8321.0,False,True,2025-02
2382,2025,2,Occurrence,Place Type,Emergency Room/Outpatient,ALL,All causes (total),ICD-10,1330.0,,,02/17/2026,02/17/2026,2025-02-01,2026-02-17,2026-02-17,False,,1330.0,False,True,2025-02
2383,2025,2,Occurrence,Place Type,Decedent's Home,ALL,All causes (total),ICD-10,9289.0,,,02/17/2026,02/17/2026,2025-02-01,2026-02-17,2026-02-17,False,,9289.0,False,True,2025-02
2384,2025,2,Occurrence,Place Type,Hospice Facility,ALL,All causes (total),ICD-10,312.0,,,02/17/2026,02/17/2026,2025-02-01,2026-02-17,2026-02-17,False,,312.0,False,True,2025-02
2385,2025,2,Occurrence,Place Type,Nursing Home/Long Term Care Facility,ALL,All causes (total),ICD-10,4383.0,,,02/17/2026,02/17/2026,2025-02-01,2026-02-17,2026-02-17,False,,4383.0,False,True,2025-02
2386,2025,2,Occurrence,Place Type,Other/Unknown,ALL,All causes (total),ICD-10,1392.0,,,02/17/2026,02/17/2026,2025-02-01,2026-02-17,2026-02-17,False,,1392.0,False,True,2025-02
2387,2025,2,Occurrence,Race-Ethnicity,American Indian/Alaska Native,ALL,All causes (total),ICD-10,105.0,,,02/17/2026,02/17/2026,2025-02-01,2026-02-17,2026-02-17,False,,105.0,False,True,2025-02
2388,2025,2,Occurrence,Race-Ethnicity,Asian,ALL,All causes (total),ICD-10,3032.0,,,02/17/2026,02/17/2026,2025-02-01,2026-02-17,2026-02-17,False,,3032.0,False,True,2025-02
2389,2025,2,Occurrence,Race-Ethnicity,Black,ALL,All causes (total),ICD-10,1814.0,,,02/17/2026,02/17/2026,2025-02-01,2026-02-17,2026-02-17,False,,1814.0,False,True,2025-02
2390,2025,2,Occurrence,Race-Ethnicity,Hawaiian/Pacific Islander,ALL,All causes (total),ICD-10,110.0,,,02/17/2026,02/17/2026,2025-02-01,2026-02-17,2026-02-17,False,,110.0,False,True,2025-02
2391,2025,2,Occurrence,Race-Ethnicity,Hispanic,ALL,All causes (total),ICD-10,5680.0,,,02/17/2026,02/17/2026,2025-02-01,2026-02-17,2026-02-17,False,,5680.0,False,True,2025-02
2392,2025,2,Occurrence,Race-Ethnicity,Multi-Race,ALL,All causes (total),ICD-10,244.0,,,02/17/2026,02/17/2026,2025-02-01,2026-02-17,2026-02-17,False,,244.0,False,True,2025-02
2393,2025,2,Occurrence,Race-Ethnicity,White,ALL,All causes (total),ICD-10,13803.0,,,02/17/2026,02/17/2026,2025-02-01,2026-02-17,2026-02-17,False,,13803.0,False,True,2025-02
2394,2025,2,Occurrence,Race-Ethnicity,Other/Unknown,ALL,All causes (total),ICD-10,239.0,,,02/17/2026,02/17/2026,2025-02-01,2026-02-17,2026-02-17,False,,239.0,False,True,2025-02
2395,2025,2,Occurrence,Total Population,Total Population,ALZ,Alzheimer's disease,ICD-10,1445.0,,,02/17/2026,02/17/2026,2025-02-01,2026-02-17,2026-02-17,False,,1445.0,True,False,2025-02
2396,2025,2,Occurrence,Gender,Female,ALZ,Alzheimer's disease,ICD-10,955.0,,,02/17/2026,02/17/2026,2025-02-01,2026-02-17,2026-02-17,False,,955.0,False,False,2025-02
2397,2025,2,Occurrence,Gender,Male,ALZ,Alzheimer's disease,ICD-10,490.0,,,02/17/2026,02/17/2026,2025-02-01,2026-02-17,2026-02-17,False,,490.0,False,False,2025-02
2398,2025,2,Occurrence,Race-Ethnicity,American Indian/Alaska Native,ALZ,Alzheimer's disease,ICD-10,,1,Cell suppressed for small numbers,02/17/2026,02/17/2026,2025-02-01,2026-02-17,2026-02-17,True,Cell suppressed for small numbers,,False,False,2025-02
2399,2025,2,Occurrence,Race-Ethnicity,Asian,ALZ,Alzheimer's disease,ICD-10,167.0,,,02/17/2026,02/17/2026,2025-02-01,2026-02-17,2026-02-17,False,,167.0,False,False,2025-02
2400,2025,2,Occurrence,Race-Ethnicity,Black,ALZ,Alzheimer's disease,ICD-10,72.0,,,02/17/2026,02/17/2026,2025-02-01,2026-02-17,2026-02-17,False,,72.0,False,False,2025-02
2401,2025,2,Occurrence,Race-Ethnicity,Hawaiian/Pacific Islander,ALZ,Alzheimer's disease,ICD-10,,1,Cell suppressed for small numbers,02/17/2026,02/17/2026,2025-02-01,2026-02-17,2026-02-17,True,Cell suppressed for small numbers,,False,False,2025-02
2402,2025,2,Occurrence,Race-Ethnicity,Hispanic,ALZ,Alzheimer's disease,ICD-10,246.0,,,02/17/2026,02/17/2026,2025-02-01,2026-02-17,2026-02-17,False,,246.0,False,False,2025-02
2403,2025,2,Occurrence,Race-Ethnicity,Multi-Race,ALZ,Alzheimer's disease,ICD-10,16.0,,,02/17/2026,02/17/2026,2025-02-01,2026-02-17,2026-02-17,False,,16.0,False,False,2025-02
2404,2025,2,Occurrence,Race-Ethnicity,White,ALZ,Alzheimer's disease,ICD-10,927.0,,,02/17/2026,02/17/2026,2025-02-01,2026-02-17,2026-02-17,False,,927.0,False,False,2025-02
2405,2025,2,Occurrence,Race-Ethnicity,Other/Unknown,ALZ,Alzheimer's disease,ICD-10,,1,Cell suppressed for small numbers,02/17/2026,02/17/2026,2025-02-01,2026-02-17,2026-02-17,True,Cell suppressed for small numbers,,False,False,2025-02
2406,2025,2,Occurrence,Total Population,Total Population,CAN,Malignant neoplasms,ICD-10,4814.0,,,02/17/2026,02/17/2026,2025-02-01,2026-02-17,2026-02-17,False,,4814.0,True,False,2025-02
2407,2025,2,Occurrence,Gender,Female,CAN,Malignant neoplasms,ICD-10,2258.0,,,02/17/2026,02/17/2026,2025-02-01,2026-02-17,2026-02-17,False,,2258.0,False,False,2025-02
2408,2025,2,Occurrence,Gender,Male,CAN,Malignant neoplasms,ICD-10,2556.0,,,02/17/2026,02/17/2026,2025-02-01,2026-02-17,2026-02-17,False,,2556.0,False,False,2025-02
2409,2025,2,Occurrence,Race-Ethnicity,American Indian/Alaska Native,CAN,Malignant neoplasms,ICD-10,21.0,,,02/17/2026,02/17/2026,2025-02-01,2026-02-17,2026-02-17,False,,21.0,False,False,2025-02
2410,2025,2,Occurrence,Race-Ethnicity,Asian,CAN,Malignant neoplasms,ICD-10,626.0,,,02/17/2026,02/17/2026,2025-02-01,2026-02-17,2026-02-17,False,,626.0,False,False,2025-02
2411,2025,2,Occurrence,Race-Ethnicity,Black,CAN,Malignant neoplasms,ICD-10,326.0,,,02/17/2026,02/17/2026,2025-02-01,2026-02-17,2026-02-17,False,,326.0,False,False,2025-02
2412,2025,2,Occurrence,Race-Ethnicity,Hawaiian/Pacific Islander,CAN,Malignant neoplasms,ICD-10,13.0,,,02/17/2026,02/17/2026,2025-02-01,2026-02-17,2026-02-17,False,,13.0,False,False,2025-02
2413,2025,2,Occurrence,Race-Ethnicity,Hispanic,CAN,Malignant neoplasms,ICD-10,1058.0,,,02/17/2026,02/17/2026,2025-02-01,2026-02-17,2026-02-17,False,,1058.0,False,False,2025-02
2414,2025,2,Occurrence,Race-Ethnicity,Multi-Race,CAN,Malignant neoplasms,ICD-10,51.0,,,02/17/2026,02/17/2026,2025-02-01,2026-02-17,2026-02-17,False,,51.0,False,False,2025-02
2415,2025,2,Occurrence,Race-Ethnicity,White,CAN,Malignant neoplasms,ICD-10,2682.0,,,02/17/2026,02/17/2026,2025-02-01,2026-02-17,2026-02-17,False,,2682.0,False,False,2025-02
2416,2025,2,Occurrence,Race-Ethnicity,Other/Unknown,CAN,Malignant neoplasms,ICD-10,37.0,,,02/17/2026,02/17/2026,2025-02-01,2026-02-17,2026-02-17,False,,37.0,False,False,2025-02
2417,2025,2,Occurrence,Total Population,Total Population,CLD,Chronic lower respiratory diseases,ICD-10,1109.0,,,02/17/2026,02/17/2026,2025-02-01,2026-02-17,2026-02-17,False,,1109.0,True,False,2025-02
2418,2025,2,Occurrence,Gender,Female,CLD,Chronic lower respiratory diseases,ICD-10,554.0,,,02/17/2026,02/17/2026,2025-02-01,2026-02-17,2026-02-17,False,,554.0,False,False,2025-02
2419,2025,2,Occurrence,Gender,Male,CLD,Chronic lower respiratory diseases,ICD-10,555.0,,,02/17/2026,02/17/2026,2025-02-01,2026-02-17,2026-02-17,False,,555.0,False,False,2025-02
2420,2025,2,Occurrence,Race-Ethnicity,American Indian/Alaska Native,CLD,Chronic lower respiratory diseases,ICD-10,,1,Cell suppressed for small numbers,02/17/2026,02/17/2026,2025-02-01,2026-02-17,2026-02-17,True,Cell suppressed for small numbers,,False,False,2025-02
2421,2025,2,Occurrence,Race-Ethnicity,Asian,CLD,Chronic lower respiratory diseases,ICD-10,85.0,,,02/17/2026,02/17/2026,2025-02-01,2026-02-17,2026-02-17,False,,85.0,False,False,2025-02
2422,2025,2,Occurrence,Race-Ethnicity,Black,CLD,Chronic lower respiratory diseases,ICD-10,66.0,,,02/17/2026,02/17/2026,2025-02-01,2026-02-17,2026-02-17,False,,66.0,False,False,2025-02
2423,2025,2,Occurrence,Race-Ethnicity,Hawaiian/Pacific Islander,CLD,Chronic lower respiratory diseases,ICD-10,,1,Cell suppressed for small numbers,02/17/2026,02/17/2026,2025-02-01,2026-02-17,2026-02-17,True,Cell suppressed for small numbers,,False,False,2025-02
2424,2025,2,Occurrence,Race-Ethnicity,Hispanic,CLD,Chronic lower respiratory diseases,ICD-10,147.0,,,02/17/2026,02/17/2026,2025-02-01,2026-02-17,2026-02-17,False,,147.0,False,False,2025-02
2425,2025,2,Occurrence,Race-Ethnicity,Multi-Race,CLD,Chronic lower respiratory diseases,ICD-10,14.0,,,02/17/2026,02/17/2026,2025-02-01,2026-02-17,2026-02-17,False,,14.0,False,False,2025-02
2426,2025,2,Occurrence,Race-Ethnicity,White,CLD,Chronic lower respiratory diseases,ICD-10,768.0,,,02/17/2026,02/17/2026,2025-02-01,2026-02-17,2026-02-17,False,,768.0,False,False,2025-02
2427,2025,2,Occurrence,Race-Ethnicity,Other/Unknown,CLD,Chronic lower respiratory diseases,ICD-10,21.0,,,02/17/2026,02/17/2026,2025-02-01,2026-02-17,2026-02-17,False,,21.0,False,False,2025-02
2428,2025,2,Occurrence,Total Population,Total Population,DIA,Diabetes mellitus,ICD-10,1008.0,,,02/17/2026,02/17/2026,2025-02-01,2026-02-17,2026-02-17,False,,1008.0,True,False,2025-02
2429,2025,2,Occurrence,Gender,Female,DIA,Diabetes mellitus,ICD-10,423.0,,,02/17/2026,02/17/2026,2025-02-01,2026-02-17,2026-02-17,False,,423.0,False,False,2025-02
2430,2025,2,Occurrence,Gender,Male,DIA,Diabetes mellitus,ICD-10,585.0,,,02/17/2026,02/17/2026,2025-02-01,2026-02-17,2026-02-17,False,,585.0,False,False,2025-02
2431,2025,2,Occurrence,Race-Ethnicity,American Indian/Alaska Native,DIA,Diabetes mellitus,ICD-10,,1,Cell suppressed for small numbers,02/17/2026,02/17/2026,2025-02-01,2026-02-17,2026-02-17,True,Cell suppressed for small numbers,,False,False,2025-02
2432,2025,2,Occurrence,Race-Ethnicity,Asian,DIA,Diabetes mellitus,ICD-10,157.0,,,02/17/2026,02/17/2026,2025-02-01,2026-02-17,2026-02-17,False,,157.0,False,False,2025-02
2433,2025,2,Occurrence,Race-Ethnicity,Black,DIA,Diabetes mellitus,ICD-10,85.0,,,02/17/2026,02/17/2026,2025-02-01,2026-02-17,2026-02-17,False,,85.0,False,False,2025-02
2434,2025,2,Occurrence,Race-Ethnicity,Hawaiian/Pacific Islander,DIA,Diabetes mellitus,ICD-10,,1,Cell suppressed for small numbers,02/17/2026,02/17/2026,2025-02-01,2026-02-17,2026-02-17,True,Cell suppressed for small numbers,,False,False,2025-02
2435,2025,2,Occurrence,Race-Ethnicity,Hispanic,DIA,Diabetes mellitus,ICD-10,361.0,,,02/17/2026,02/17/2026,2025-02-01,2026-02-17,2026-02-17,False,,361.0,False,False,2025-02
2436,2025,2,Occurrence,Race-Ethnicity,Multi-Race,DIA,Diabetes mellitus,ICD-10,,1,Cell suppressed for small numbers,02/17/2026,02/17/2026,2025-02-01,2026-02-17,2026-02-17,True,Cell suppressed for small numbers,,False,False,2025-02
2437,2025,2,Occurrence,Race-Ethnicity,White,DIA,Diabetes mellitus,ICD-10,379.0,,,02/17/2026,02/17/2026,2025-02-01,2026-02-17,2026-02-17,False,,379.0,False,False,2025-02
2438,2025,2,Occurrence,Race-Ethnicity,Other/Unknown,DIA,Diabetes mellitus,ICD-10,11.0,,,02/17/2026,02/17/2026,2025-02-01,2026-02-17,2026-02-17,False,,11.0,False,False,2025-02
2439,2025,2,Occurrence,Total Population,Total Population,HOM,Assault (homicide),ICD-10,110.0,,,02/17/2026,02/17/2026,2025-02-01,2026-02-17,2026-02-17,False,,110.0,True,False,2025-02
2440,2025,2,Occurrence,Gender,Female,HOM,Assault (homicide),ICD-10,21.0,,,02/17/2026,02/17/2026,2025-02-01,2026-02-17,2026-02-17,False,,21.0,False,False,2025-02
2441,2025,2,Occurrence,Gender,Male,HOM,Assault (homicide),ICD-10,89.0,,,02/17/2026,02/17/2026,2025-02-01,2026-02-17,2026-02-17,False,,89.0,False,False,2025-02
2442,2025,2,Occurrence,Race-Ethnicity,American Indian/Alaska Native,HOM,Assault (homicide),ICD-10,,1,Cell suppressed for small numbers,02/17/2026,02/17/2026,2025-02-01,2026-02-17,2026-02-17,True,Cell suppressed for small numbers,,False,False,2025-02
2443,2025,2,Occurrence,Race-Ethnicity,Asian,HOM,Assault (homicide),ICD-10,,1,Cell suppressed for small numbers,02/17/2026,02/17/2026,2025-02-01,2026-02-17,2026-02-17,True,Cell suppressed for small numbers,,False,False,2025-02
2444,2025,2,Occurrence,Race-Ethnicity,Black,HOM,Assault (homicide),ICD-10,25.0,,,02/17/2026,02/17/2026,2025-02-01,2026-02-17,2026-02-17,False,,25.0,False,False,2025-02
2445,2025,2,Occurrence,Race-Ethnicity,Hawaiian/Pacific Islander,HOM,Assault (homicide),ICD-10,0.0,,,02/17/2026,02/17/2026,2025-02-01,2026-02-17,2026-02-17,False,,0.0,False,False,2025-02
2446,2025,2,Occurrence,Race-Ethnicity,Hispanic,HOM,Assault (homicide),ICD-10,59.0,,,02/17/2026,02/17/2026,2025-02-01,2026-02-17,2026-02-17,False,,59.0,False,False,2025-02
2447,2025,2,Occurrence,Race-Ethnicity,Multi-Race,HOM,Assault (homicide),ICD-10,,1,Cell suppressed for small numbers,02/17/2026,02/17/2026,2025-02-01,2026-02-17,2026-02-17,True,Cell suppressed for small numbers,,False,False,2025-02
2448,2025,2,Occurrence,Race-Ethnicity,White,HOM,Assault (homicide),ICD-10,20.0,,,02/17/2026,02/17/2026,2025-02-01,2026-02-17,2026-02-17,False,,20.0,False,False,2025-02
2449,2025,2,Occurrence,Race-Ethnicity,Other/Unknown,HOM,Assault (homicide),ICD-10,0.0,,,02/17/2026,02/17/2026,2025-02-01,2026-02-17,2026-02-17,False,,0.0,False,False,2025-02
2450,2025,2,Occurrence,Total Population,Total Population,HTD,Diseases of heart,ICD-10,5601.0,,,02/17/2026,02/17/2026,2025-02-01,2026-02-17,2026-02-17,False,,5601.0,True,False,2025-02
2451,2025,2,Occurrence,Gender,Female,HTD,Diseases of heart,ICD-10,2432.0,,,02/17/2026,02/17/2026,2025-02-01,2026-02-17,2026-02-17,False,,2432.0,False,False,2025-02
2452,2025,2,Occurrence,Gender,Male,HTD,Diseases of heart,ICD-10,3169.0,,,02/17/2026,02/17/2026,2025-02-01,2026-02-17,2026-02-17,False,,3169.0,False,False,2025-02
2453,2025,2,Occurrence,Race-Ethnicity,American Indian/Alaska Native,HTD,Diseases of heart,ICD-10,19.0,,,02/17/2026,02/17/2026,2025-02-01,2026-02-17,2026-02-17,False,,19.0,False,False,2025-02
2454,2025,2,Occurrence,Race-Ethnicity,Asian,HTD,Diseases of heart,ICD-10,676.0,,,02/17/2026,02/17/2026,2025-02-01,2026-02-17,2026-02-17,False,,676.0,False,False,2025-02
2455,2025,2,Occurrence,Race-Ethnicity,Black,HTD,Diseases of heart,ICD-10,447.0,,,02/17/2026,02/17/2026,2025-02-01,2026-02-17,2026-02-17,False,,447.0,False,False,2025-02
2456,2025,2,Occurrence,Race-Ethnicity,Hawaiian/Pacific Islander,HTD,Diseases of heart,ICD-10,29.0,,,02/17/2026,02/17/2026,2025-02-01,2026-02-17,2026-02-17,False,,29.0,False,False,2025-02
2457,2025,2,Occurrence,Race-Ethnicity,Hispanic,HTD,Diseases of heart,ICD-10,1074.0,,,02/17/2026,02/17/2026,2025-02-01,2026-02-17,2026-02-17,False,,1074.0,False,False,2025-02
2458,2025,2,Occurrence,Race-Ethnicity,Multi-Race,HTD,Diseases of heart,ICD-10,46.0,,,02/17/2026,02/17/2026,2025-02-01,2026-02-17,2026-02-17,False,,46.0,False,False,2025-02
2459,2025,2,Occurrence,Race-Ethnicity,White,HTD,Diseases of heart,ICD-10,3248.0,,,02/17/2026,02/17/2026,2025-02-01,2026-02-17,2026-02-17,False,,3248.0,False,False,2025-02
2460,2025,2,Occurrence,Race-Ethnicity,Other/Unknown,HTD,Diseases of heart,ICD-10,62.0,,,02/17/2026,02/17/2026,2025-02-01,2026-02-17,2026-02-17,False,,62.0,False,False,2025-02
2461,2025,2,Occurrence,Total Population,Total Population,HYP,Essential hypertension and hypertensive renal disease,ICD-10,572.0,,,02/17/2026,02/17/2026,2025-02-01,2026-02-17,2026-02-17,False,,572.0,True,False,2025-02
2462,2025,2,Occurrence,Gender,Female,HYP,Essential hypertension and hypertensive renal disease,ICD-10,281.0,,,02/17/2026,02/17/2026,2025-02-01,2026-02-17,2026-02-17,False,,281.0,False,False,2025-02
2463,2025,2,Occurrence,Gender,Male,HYP,Essential hypertension and hypertensive renal disease,ICD-10,291.0,,,02/17/2026,02/17/2026,2025-02-01,2026-02-17,2026-02-17,False,,291.0,False,False,2025-02
2464,2025,2,Occurrence,Race-Ethnicity,American Indian/Alaska Native,HYP,Essential hypertension and hypertensive renal disease,ICD-10,,1,Cell suppressed for small numbers,02/17/2026,02/17/2026,2025-02-01,2026-02-17,2026-02-17,True,Cell suppressed for small numbers,,False,False,2025-02
2465,2025,2,Occurrence,Race-Ethnicity,Asian,HYP,Essential hypertension and hypertensive renal disease,ICD-10,89.0,,,02/17/2026,02/17/2026,2025-02-01,2026-02-17,2026-02-17,False,,89.0,False,False,2025-02
2466,2025,2,Occurrence,Race-Ethnicity,Black,HYP,Essential hypertension and hypertensive renal disease,ICD-10,63.0,,,02/17/2026,02/17/2026,2025-02-01,2026-02-17,2026-02-17,False,,63.0,False,False,2025-02
2467,2025,2,Occurrence,Race-Ethnicity,Hawaiian/Pacific Islander,HYP,Essential hypertension and hypertensive renal disease,ICD-10,,1,Cell suppressed for small numbers,02/17/2026,02/17/2026,2025-02-01,2026-02-17,2026-02-17,True,Cell suppressed for small numbers,,False,False,2025-02
2468,2025,2,Occurrence,Race-Ethnicity,Hispanic,HYP,Essential hypertension and hypertensive renal disease,ICD-10,108.0,,,02/17/2026,02/17/2026,2025-02-01,2026-02-17,2026-02-17,False,,108.0,False,False,2025-02
2469,2025,2,Occurrence,Race-Ethnicity,Multi-Race,HYP,Essential hypertension and hypertensive renal disease,ICD-10,,1,Cell suppressed for small numbers,02/17/2026,02/17/2026,2025-02-01,2026-02-17,2026-02-17,True,Cell suppressed for small numbers,,False,False,2025-02
2470,2025,2,Occurrence,Race-Ethnicity,White,HYP,Essential hypertension and hypertensive renal disease,ICD-10,294.0,,,02/17/2026,02/17/2026,2025-02-01,2026-02-17,2026-02-17,False,,294.0,False,False,2025-02
2471,2025,2,Occurrence,Race-Ethnicity,Other/Unknown,HYP,Essential hypertension and hypertensive renal disease,ICD-10,,1,Cell suppressed for small numbers,02/17/2026,02/17/2026,2025-02-01,2026-02-17,2026-02-17,True,Cell suppressed for small numbers,,False,False,2025-02
2472,2025,2,Occurrence,Total Population,Total Population,INJ,Accidents (unintentional injuries),ICD-10,1459.0,,,02/17/2026,02/17/2026,2025-02-01,2026-02-17,2026-02-17,False,,1459.0,True,False,2025-02
2473,2025,2,Occurrence,Gender,Female,INJ,Accidents (unintentional injuries),ICD-10,412.0,,,02/17/2026,02/17/2026,2025-02-01,2026-02-17,2026-02-17,False,,412.0,False,False,2025-02
2474,2025,2,Occurrence,Gender,Male,INJ,Accidents (unintentional injuries),ICD-10,1047.0,,,02/17/2026,02/17/2026,2025-02-01,2026-02-17,2026-02-17,False,,1047.0,False,False,2025-02
2475,2025,2,Occurrence,Race-Ethnicity,American Indian/Alaska Native,INJ,Accidents (unintentional injuries),ICD-10,,1,Cell suppressed for small numbers,02/17/2026,02/17/2026,2025-02-01,2026-02-17,2026-02-17,True,Cell suppressed for small numbers,,False,False,2025-02
2476,2025,2,Occurrence,Race-Ethnicity,Asian,INJ,Accidents (unintentional injuries),ICD-10,98.0,,,02/17/2026,02/17/2026,2025-02-01,2026-02-17,2026-02-17,False,,98.0,False,False,2025-02
2477,2025,2,Occurrence,Race-Ethnicity,Black,INJ,Accidents (unintentional injuries),ICD-10,151.0,,,02/17/2026,02/17/2026,2025-02-01,2026-02-17,2026-02-17,False,,151.0,False,False,2025-02
2478,2025,2,Occurrence,Race-Ethnicity,Hawaiian/Pacific Islander,INJ,Accidents (unintentional injuries),ICD-10,,1,Cell suppressed for small numbers,02/17/2026,02/17/2026,2025-02-01,2026-02-17,2026-02-17,True,Cell suppressed for small numbers,,False,False,2025-02
2479,2025,2,Occurrence,Race-Ethnicity,Hispanic,INJ,Accidents (unintentional injuries),ICD-10,496.0,,,02/17/2026,02/17/2026,2025-02-01,2026-02-17,2026-02-17,False,,496.0,False,False,2025-02
2480,2025,2,Occurrence,Race-Ethnicity,Multi-Race,INJ,Accidents (unintentional injuries),ICD-10,28.0,,,02/17/2026,02/17/2026,2025-02-01,2026-02-17,2026-02-17,False,,28.0,False,False,2025-02
2481,2025,2,Occurrence,Race-Ethnicity,White,INJ,Accidents (unintentional injuries),ICD-10,647.0,,,02/17/2026,02/17/2026,2025-02-01,2026-02-17,2026-02-17,False,,647.0,False,False,2025-02
2482,2025,2,Occurrence,Race-Ethnicity,Other/Unknown,INJ,Accidents (unintentional injuries),ICD-10,23.0,,,02/17/2026,02/17/2026,2025-02-01,2026-02-17,2026-02-17,False,,23.0,False,False,2025-02
2483,2025,2,Occurrence,Total Population,Total Population,LIV,Chronic liver disease and cirrhosis,ICD-10,507.0,,,02/17/2026,02/17/2026,2025-02-01,2026-02-17,2026-02-17,False,,507.0,True,False,2025-02
2484,2025,2,Occurrence,Gender,Female,LIV,Chronic liver disease and cirrhosis,ICD-10,182.0,,,02/17/2026,02/17/2026,2025-02-01,2026-02-17,2026-02-17,False,,182.0,False,False,2025-02
2485,2025,2,Occurrence,Gender,Male,LIV,Chronic liver disease and cirrhosis,ICD-10,325.0,,,02/17/2026,02/17/2026,2025-02-01,2026-02-17,2026-02-17,False,,325.0,False,False,2025-02
2486,2025,2,Occurrence,Race-Ethnicity,American Indian/Alaska Native,LIV,Chronic liver disease and cirrhosis,ICD-10,,1,Cell suppressed for small numbers,02/17/2026,02/17/2026,2025-02-01,2026-02-17,2026-02-17,True,Cell suppressed for small numbers,,False,False,2025-02
2487,2025,2,Occurrence,Race-Ethnicity,Asian,LIV,Chronic liver disease and cirrhosis,ICD-10,25.0,,,02/17/2026,02/17/2026,2025-02-01,2026-02-17,2026-02-17,False,,25.0,False,False,2025-02
2488,2025,2,Occurrence,Race-Ethnicity,Black,LIV,Chronic liver disease and cirrhosis,ICD-10,17.0,,,02/17/2026,02/17/2026,2025-02-01,2026-02-17,2026-02-17,False,,17.0,False,False,2025-02
2489,2025,2,Occurrence,Race-Ethnicity,Hawaiian/Pacific Islander,LIV,Chronic liver disease and cirrhosis,ICD-10,,1,Cell suppressed for small numbers,02/17/2026,02/17/2026,2025-02-01,2026-02-17,2026-02-17,True,Cell suppressed for small numbers,,False,False,2025-02
2490,2025,2,Occurrence,Race-Ethnicity,Hispanic,LIV,Chronic liver disease and cirrhosis,ICD-10,227.0,,,02/17/2026,02/17/2026,2025-02-01,2026-02-17,2026-02-17,False,,227.0,False,False,2025-02
2491,2025,2,Occurrence,Race-Ethnicity,Multi-Race,LIV,Chronic liver disease and cirrhosis,ICD-10,,1,Cell suppressed for small numbers,02/17/2026,02/17/2026,2025-02-01,2026-02-17,2026-02-17,True,Cell suppressed for small numbers,,False,False,2025-02
2492,2025,2,Occurrence,Race-Ethnicity,White,LIV,Chronic liver disease and cirrhosis,ICD-10,217.0,,,02/17/2026,02/17/2026,2025-02-01,2026-02-17,2026-02-17,False,,217.0,False,False,2025-02
2493,2025,2,Occurrence,Race-Ethnicity,Other/Unknown,LIV,Chronic liver disease and cirrhosis,ICD-10,,1,Cell suppressed for small numbers,02/17/2026,02/17/2026,2025-02-01,2026-02-17,2026-02-17,True,Cell suppressed for small numbers,,False,False,2025-02
2494,2025,2,Occurrence,Total Population,Total Population,NEP,"Nephritis, nephrotic syndrome and nephrosis",ICD-10,506.0,,,02/17/2026,02/17/2026,2025-02-01,2026-02-17,2026-02-17,False,,506.0,True,False,2025-02
2495,2025,2,Occurrence,Gender,Female,NEP,"Nephritis, nephrotic syndrome and nephrosis",ICD-10,234.0,,,02/17/2026,02/17/2026,2025-02-01,2026-02-17,2026-02-17,False,,234.0,False,False,2025-02
2496,2025,2,Occurrence,Gender,Male,NEP,"Nephritis, nephrotic syndrome and nephrosis",ICD-10,272.0,,,02/17/2026,02/17/2026,2025-02-01,2026-02-17,2026-02-17,False,,272.0,False,False,2025-02
2497,2025,2,Occurrence,Race-Ethnicity,American Indian/Alaska Native,NEP,"Nephritis, nephrotic syndrome and nephrosis",ICD-10,,1,Cell suppressed for small numbers,02/17/2026,02/17/2026,2025-02-01,2026-02-17,2026-02-17,True,Cell suppressed for small numbers,,False,False,2025-02
2498,2025,2,Occurrence,Race-Ethnicity,Asian,NEP,"Nephritis, nephrotic syndrome and nephrosis",ICD-10,85.0,,,02/17/2026,02/17/2026,2025-02-01,2026-02-17,2026-02-17,False,,85.0,False,False,2025-02
2499,2025,2,Occurrence,Race-Ethnicity,Black,NEP,"Nephritis, nephrotic syndrome and nephrosis",ICD-10,44.0,,,02/17/2026,02/17/2026,2025-02-01,2026-02-17,2026-02-17,False,,44.0,False,False,2025-02
2500,2025,2,Occurrence,Race-Ethnicity,Hawaiian/Pacific Islander,NEP,"Nephritis, nephrotic syndrome and nephrosis",ICD-10,,1,Cell suppressed for small numbers,02/17/2026,02/17/2026,2025-02-01,2026-02-17,2026-02-17,True,Cell suppressed for small numbers,,False,False,2025-02
2501,2025,2,Occurrence,Race-Ethnicity,Hispanic,NEP,"Nephritis, nephrotic syndrome and nephrosis",ICD-10,151.0,,,02/17/2026,02/17/2026,2025-02-01,2026-02-17,2026-02-17,False,,151.0,False,False,2025-02
2502,2025,2,Occurrence,Race-Ethnicity,Multi-Race,NEP,"Nephritis, nephrotic syndrome and nephrosis",ICD-10,,1,Cell suppressed for small numbers,02/17/2026,02/17/2026,2025-02-01,2026-02-17,2026-02-17,True,Cell suppressed for small numbers,,False,False,2025-02
2503,2025,2,Occurrence,Race-Ethnicity,White,NEP,"Nephritis, nephrotic syndrome and nephrosis",ICD-10,211.0,,,02/17/2026,02/17/2026,2025-02-01,2026-02-17,2026-02-17,False,,211.0,False,False,2025-02
2504,2025,2,Occurrence,Race-Ethnicity,Other/Unknown,NEP,"Nephritis, nephrotic syndrome and nephrosis",ICD-10,,1,Cell suppressed for small numbers,02/17/2026,02/17/2026,2025-02-01,2026-02-17,2026-02-17,True,Cell suppressed for small numbers,,False,False,2025-02
2505,2025,2,Occurrence,Total Population,Total Population,PAR,Parkinson's disease,ICD-10,319.0,,,02/17/2026,02/17/2026,2025-02-01,2026-02-17,2026-02-17,False,,319.0,True,False,2025-02
2506,2025,2,Occurrence,Gender,Female,PAR,Parkinson's disease,ICD-10,126.0,,,02/17/2026,02/17/2026,2025-02-01,2026-02-17,2026-02-17,False,,126.0,False,False,2025-02
2507,2025,2,Occurrence,Gender,Male,PAR,Parkinson's disease,ICD-10,193.0,,,02/17/2026,02/17/2026,2025-02-01,2026-02-17,2026-02-17,False,,193.0,False,False,2025-02
2508,2025,2,Occurrence,Race-Ethnicity,American Indian/Alaska Native,PAR,Parkinson's disease,ICD-10,,1,Cell suppressed for small numbers,02/17/2026,02/17/2026,2025-02-01,2026-02-17,2026-02-17,True,Cell suppressed for small numbers,,False,False,2025-02
2509,2025,2,Occurrence,Race-Ethnicity,Asian,PAR,Parkinson's disease,ICD-10,50.0,,,02/17/2026,02/17/2026,2025-02-01,2026-02-17,2026-02-17,False,,50.0,False,False,2025-02
2510,2025,2,Occurrence,Race-Ethnicity,Black,PAR,Parkinson's disease,ICD-10,,1,Cell suppressed for small numbers,02/17/2026,02/17/2026,2025-02-01,2026-02-17,2026-02-17,True,Cell suppressed for small numbers,,False,False,2025-02
2511,2025,2,Occurrence,Race-Ethnicity,Hawaiian/Pacific Islander,PAR,Parkinson's disease,ICD-10,,1,Cell suppressed for small numbers,02/17/2026,02/17/2026,2025-02-01,2026-02-17,2026-02-17,True,Cell suppressed for small numbers,,False,False,2025-02
2512,2025,2,Occurrence,Race-Ethnicity,Hispanic,PAR,Parkinson's disease,ICD-10,43.0,,,02/17/2026,02/17/2026,2025-02-01,2026-02-17,2026-02-17,False,,43.0,False,False,2025-02
2513,2025,2,Occurrence,Race-Ethnicity,Multi-Race,PAR,Parkinson's disease,ICD-10,,1,Cell suppressed for small numbers,02/17/2026,02/17/2026,2025-02-01,2026-02-17,2026-02-17,True,Cell suppressed for small numbers,,False,False,2025-02
2514,2025,2,Occurrence,Race-Ethnicity,White,PAR,Parkinson's disease,ICD-10,207.0,,,02/17/2026,02/17/2026,2025-02-01,2026-02-17,2026-02-17,False,,207.0,False,False,2025-02
2515,2025,2,Occurrence,Race-Ethnicity,Other/Unknown,PAR,Parkinson's disease,ICD-10,,1,Cell suppressed for small numbers,02/17/2026,02/17/2026,2025-02-01,2026-02-17,2026-02-17,True,Cell suppressed for small numbers,,False,False,2025-02
2516,2025,2,Occurrence,Total Population,Total Population,PNF,Influenza and pneumonia,ICD-10,974.0,,,02/17/2026,02/17/2026,2025-02-01,2026-02-17,2026-02-17,False,,974.0,True,False,2025-02
2517,2025,2,Occurrence,Gender,Female,PNF,Influenza and pneumonia,ICD-10,502.0,,,02/17/2026,02/17/2026,2025-02-01,2026-02-17,2026-02-17,False,,502.0,False,False,2025-02
2518,2025,2,Occurrence,Gender,Male,PNF,Influenza and pneumonia,ICD-10,472.0,,,02/17/2026,02/17/2026,2025-02-01,2026-02-17,2026-02-17,False,,472.0,False,False,2025-02
2519,2025,2,Occurrence,Race-Ethnicity,American Indian/Alaska Native,PNF,Influenza and pneumonia,ICD-10,,1,Cell suppressed for small numbers,02/17/2026,02/17/2026,2025-02-01,2026-02-17,2026-02-17,True,Cell suppressed for small numbers,,False,False,2025-02
2520,2025,2,Occurrence,Race-Ethnicity,Asian,PNF,Influenza and pneumonia,ICD-10,149.0,,,02/17/2026,02/17/2026,2025-02-01,2026-02-17,2026-02-17,False,,149.0,False,False,2025-02
2521,2025,2,Occurrence,Race-Ethnicity,Black,PNF,Influenza and pneumonia,ICD-10,65.0,,,02/17/2026,02/17/2026,2025-02-01,2026-02-17,2026-02-17,False,,65.0,False,False,2025-02
2522,2025,2,Occurrence,Race-Ethnicity,Hawaiian/Pacific Islander,PNF,Influenza and pneumonia,ICD-10,,1,Cell suppressed for small numbers,02/17/2026,02/17/2026,2025-02-01,2026-02-17,2026-02-17,True,Cell suppressed for small numbers,,False,False,2025-02
2523,2025,2,Occurrence,Race-Ethnicity,Hispanic,PNF,Influenza and pneumonia,ICD-10,230.0,,,02/17/2026,02/17/2026,2025-02-01,2026-02-17,2026-02-17,False,,230.0,False,False,2025-02
2524,2025,2,Occurrence,Race-Ethnicity,Multi-Race,PNF,Influenza and pneumonia,ICD-10,,1,Cell suppressed for small numbers,02/17/2026,02/17/2026,2025-02-01,2026-02-17,2026-02-17,True,Cell suppressed for small numbers,,False,False,2025-02
2525,2025,2,Occurrence,Race-Ethnicity,White,PNF,Influenza and pneumonia,ICD-10,506.0,,,02/17/2026,02/17/2026,2025-02-01,2026-02-17,2026-02-17,False,,506.0,False,False,2025-02
2526,2025,2,Occurrence,Race-Ethnicity,Other/Unknown,PNF,Influenza and pneumonia,ICD-10,,1,Cell suppressed for small numbers,02/17/2026,02/17/2026,2025-02-01,2026-02-17,2026-02-17,True,Cell suppressed for small numbers,,False,False,2025-02
2527,2025,2,Occurrence,Total Population,Total Population,STK,Cerebrovascular diseases,ICD-10,1510.0,,,02/17/2026,02/17/2026,2025-02-01,2026-02-17,2026-02-17,False,,1510.0,True,False,2025-02
2528,2025,2,Occurrence,Gender,Female,STK,Cerebrovascular diseases,ICD-10,817.0,,,02/17/2026,02/17/2026,2025-02-01,2026-02-17,2026-02-17,False,,817.0,False,False,2025-02
2529,2025,2,Occurrence,Gender,Male,STK,Cerebrovascular diseases,ICD-10,693.0,,,02/17/2026,02/17/2026,2025-02-01,2026-02-17,2026-02-17,False,,693.0,False,False,2025-02
2530,2025,2,Occurrence,Race-Ethnicity,American Indian/Alaska Native,STK,Cerebrovascular diseases,ICD-10,,1,Cell suppressed for small numbers,02/17/2026,02/17/2026,2025-02-01,2026-02-17,2026-02-17,True,Cell suppressed for small numbers,,False,False,2025-02
2531,2025,2,Occurrence,Race-Ethnicity,Asian,STK,Cerebrovascular diseases,ICD-10,251.0,,,02/17/2026,02/17/2026,2025-02-01,2026-02-17,2026-02-17,False,,251.0,False,False,2025-02
2532,2025,2,Occurrence,Race-Ethnicity,Black,STK,Cerebrovascular diseases,ICD-10,118.0,,,02/17/2026,02/17/2026,2025-02-01,2026-02-17,2026-02-17,False,,118.0,False,False,2025-02
2533,2025,2,Occurrence,Race-Ethnicity,Hawaiian/Pacific Islander,STK,Cerebrovascular diseases,ICD-10,,1,Cell suppressed for small numbers,02/17/2026,02/17/2026,2025-02-01,2026-02-17,2026-02-17,True,Cell suppressed for small numbers,,False,False,2025-02
2534,2025,2,Occurrence,Race-Ethnicity,Hispanic,STK,Cerebrovascular diseases,ICD-10,307.0,,,02/17/2026,02/17/2026,2025-02-01,2026-02-17,2026-02-17,False,,307.0,False,False,2025-02
2535,2025,2,Occurrence,Race-Ethnicity,Multi-Race,STK,Cerebrovascular diseases,ICD-10,,1,Cell suppressed for small numbers,02/17/2026,02/17/2026,2025-02-01,2026-02-17,2026-02-17,True,Cell suppressed for small numbers,,False,False,2025-02
2536,2025,2,Occurrence,Race-Ethnicity,White,STK,Cerebrovascular diseases,ICD-10,815.0,,,02/17/2026,02/17/2026,2025-02-01,2026-02-17,2026-02-17,False,,815.0,False,False,2025-02
2537,2025,2,Occurrence,Race-Ethnicity,Other/Unknown,STK,Cerebrovascular diseases,ICD-10,,1,Cell suppressed for small numbers,02/17/2026,02/17/2026,2025-02-01,2026-02-17,2026-02-17,True,Cell suppressed for small numbers,,False,False,2025-02
2538,2025,2,Occurrence,Total Population,Total Population,SUI,Intentional self-harm (suicide),ICD-10,293.0,,,02/17/2026,02/17/2026,2025-02-01,2026-02-17,2026-02-17,False,,293.0,True,False,2025-02
2539,2025,2,Occurrence,Gender,Female,SUI,Intentional self-harm (suicide),ICD-10,54.0,,,02/17/2026,02/17/2026,2025-02-01,2026-02-17,2026-02-17,False,,54.0,False,False,2025-02
2540,2025,2,Occurrence,Gender,Male,SUI,Intentional self-harm (suicide),ICD-10,239.0,,,02/17/2026,02/17/2026,2025-02-01,2026-02-17,2026-02-17,False,,239.0,False,False,2025-02
2541,2025,2,Occurrence,Race-Ethnicity,American Indian/Alaska Native,SUI,Intentional self-harm (suicide),ICD-10,0.0,,,02/17/2026,02/17/2026,2025-02-01,2026-02-17,2026-02-17,False,,0.0,False,False,2025-02
2542,2025,2,Occurrence,Race-Ethnicity,Asian,SUI,Intentional self-harm (suicide),ICD-10,28.0,,,02/17/2026,02/17/2026,2025-02-01,2026-02-17,2026-02-17,False,,28.0,False,False,2025-02
2543,2025,2,Occurrence,Race-Ethnicity,Black,SUI,Intentional self-harm (suicide),ICD-10,17.0,,,02/17/2026,02/17/2026,2025-02-01,2026-02-17,2026-02-17,False,,17.0,False,False,2025-02
2544,2025,2,Occurrence,Race-Ethnicity,Hawaiian/Pacific Islander,SUI,Intentional self-harm (suicide),ICD-10,0.0,,,02/17/2026,02/17/2026,2025-02-01,2026-02-17,2026-02-17,False,,0.0,False,False,2025-02
2545,2025,2,Occurrence,Race-Ethnicity,Hispanic,SUI,Intentional self-harm (suicide),ICD-10,78.0,,,02/17/2026,02/17/2026,2025-02-01,2026-02-17,2026-02-17,False,,78.0,False,False,2025-02
2546,2025,2,Occurrence,Race-Ethnicity,Multi-Race,SUI,Intentional self-harm (suicide),ICD-10,,1,Cell suppressed for small numbers,02/17/2026,02/17/2026,2025-02-01,2026-02-17,2026-02-17,True,Cell suppressed for small numbers,,False,False,2025-02
2547,2025,2,Occurrence,Race-Ethnicity,White,SUI,Intentional self-harm (suicide),ICD-10,163.0,,,02/17/2026,02/17/2026,2025-02-01,2026-02-17,2026-02-17,False,,163.0,False,False,2025-02
2548,2025,2,Occurrence,Race-Ethnicity,Other/Unknown,SUI,Intentional self-harm (suicide),ICD-10,,1,Cell suppressed for small numbers,02/17/2026,02/17/2026,2025-02-01,2026-02-17,2026-02-17,True,Cell suppressed for small numbers,,False,False,2025-02
2549,2025,3,Occurrence,Total Population,Total Population,ALL,All causes (total),ICD-10,25156.0,,,02/17/2026,02/17/2026,2025-03-01,2026-02-17,2026-02-17,False,,25156.0,True,True,2025-03
2550,2025,3,Occurrence,Age,Under 1 year,ALL,All causes (total),ICD-10,128.0,,,02/17/2026,02/17/2026,2025-03-01,2026-02-17,2026-02-17,False,,128.0,False,True,2025-03
2551,2025,3,Occurrence,Age,1-4 years,ALL,All causes (total),ICD-10,27.0,,,02/17/2026,02/17/2026,2025-03-01,2026-02-17,2026-02-17,False,,27.0,False,True,2025-03
2552,2025,3,Occurrence,Age,5-14 years,ALL,All causes (total),ICD-10,43.0,,,02/17/2026,02/17/2026,2025-03-01,2026-02-17,2026-02-17,False,,43.0,False,True,2025-03
2553,2025,3,Occurrence,Age,15-24 years,ALL,All causes (total),ICD-10,227.0,,,02/17/2026,02/17/2026,2025-03-01,2026-02-17,2026-02-17,False,,227.0,False,True,2025-03
2554,2025,3,Occurrence,Age,25-34 years,ALL,All causes (total),ICD-10,503.0,,,02/17/2026,02/17/2026,2025-03-01,2026-02-17,2026-02-17,False,,503.0,False,True,2025-03
2555,2025,3,Occurrence,Age,35-44 years,ALL,All causes (total),ICD-10,821.0,,,02/17/2026,02/17/2026,2025-03-01,2026-02-17,2026-02-17,False,,821.0,False,True,2025-03
2556,2025,3,Occurrence,Age,45-54 years,ALL,All causes (total),ICD-10,1278.0,,,02/17/2026,02/17/2026,2025-03-01,2026-02-17,2026-02-17,False,,1278.0,False,True,2025-03
2557,2025,3,Occurrence,Age,55-64 years,ALL,All causes (total),ICD-10,2698.0,,,02/17/2026,02/17/2026,2025-03-01,2026-02-17,2026-02-17,False,,2698.0,False,True,2025-03
2558,2025,3,Occurrence,Age,65-74 years,ALL,All causes (total),ICD-10,4827.0,,,02/17/2026,02/17/2026,2025-03-01,2026-02-17,2026-02-17,False,,4827.0,False,True,2025-03
2559,2025,3,Occurrence,Age,75-84 years,ALL,All causes (total),ICD-10,6594.0,,,02/17/2026,02/17/2026,2025-03-01,2026-02-17,2026-02-17,False,,6594.0,False,True,2025-03
2560,2025,3,Occurrence,Age,85 years and over,ALL,All causes (total),ICD-10,8007.0,,,02/17/2026,02/17/2026,2025-03-01,2026-02-17,2026-02-17,False,,8007.0,False,True,2025-03
2561,2025,3,Occurrence,Gender,Female,ALL,All causes (total),ICD-10,11852.0,,,02/17/2026,02/17/2026,2025-03-01,2026-02-17,2026-02-17,False,,11852.0,False,True,2025-03
2562,2025,3,Occurrence,Gender,Male,ALL,All causes (total),ICD-10,13301.0,,,02/17/2026,02/17/2026,2025-03-01,2026-02-17,2026-02-17,False,,13301.0,False,True,2025-03
2563,2025,3,Occurrence,Place Type,Inpatient,ALL,All causes (total),ICD-10,8073.0,,,02/17/2026,02/17/2026,2025-03-01,2026-02-17,2026-02-17,False,,8073.0,False,True,2025-03
2564,2025,3,Occurrence,Place Type,Emergency Room/Outpatient,ALL,All causes (total),ICD-10,1401.0,,,02/17/2026,02/17/2026,2025-03-01,2026-02-17,2026-02-17,False,,1401.0,False,True,2025-03
2565,2025,3,Occurrence,Place Type,Decedent's Home,ALL,All causes (total),ICD-10,9708.0,,,02/17/2026,02/17/2026,2025-03-01,2026-02-17,2026-02-17,False,,9708.0,False,True,2025-03
2566,2025,3,Occurrence,Place Type,Hospice Facility,ALL,All causes (total),ICD-10,355.0,,,02/17/2026,02/17/2026,2025-03-01,2026-02-17,2026-02-17,False,,355.0,False,True,2025-03
2567,2025,3,Occurrence,Place Type,Nursing Home/Long Term Care Facility,ALL,All causes (total),ICD-10,4231.0,,,02/17/2026,02/17/2026,2025-03-01,2026-02-17,2026-02-17,False,,4231.0,False,True,2025-03
2568,2025,3,Occurrence,Place Type,Other/Unknown,ALL,All causes (total),ICD-10,1388.0,,,02/17/2026,02/17/2026,2025-03-01,2026-02-17,2026-02-17,False,,1388.0,False,True,2025-03
2569,2025,3,Occurrence,Race-Ethnicity,American Indian/Alaska Native,ALL,All causes (total),ICD-10,137.0,,,02/17/2026,02/17/2026,2025-03-01,2026-02-17,2026-02-17,False,,137.0,False,True,2025-03
2570,2025,3,Occurrence,Race-Ethnicity,Asian,ALL,All causes (total),ICD-10,2900.0,,,02/17/2026,02/17/2026,2025-03-01,2026-02-17,2026-02-17,False,,2900.0,False,True,2025-03
2571,2025,3,Occurrence,Race-Ethnicity,Black,ALL,All causes (total),ICD-10,1967.0,,,02/17/2026,02/17/2026,2025-03-01,2026-02-17,2026-02-17,False,,1967.0,False,True,2025-03
2572,2025,3,Occurrence,Race-Ethnicity,Hawaiian/Pacific Islander,ALL,All causes (total),ICD-10,109.0,,,02/17/2026,02/17/2026,2025-03-01,2026-02-17,2026-02-17,False,,109.0,False,True,2025-03
2573,2025,3,Occurrence,Race-Ethnicity,Hispanic,ALL,All causes (total),ICD-10,5804.0,,,02/17/2026,02/17/2026,2025-03-01,2026-02-17,2026-02-17,False,,5804.0,False,True,2025-03
2574,2025,3,Occurrence,Race-Ethnicity,Multi-Race,ALL,All causes (total),ICD-10,290.0,,,02/17/2026,02/17/2026,2025-03-01,2026-02-17,2026-02-17,False,,290.0,False,True,2025-03
2575,2025,3,Occurrence,Race-Ethnicity,White,ALL,All causes (total),ICD-10,13723.0,,,02/17/2026,02/17/2026,2025-03-01,2026-02-17,2026-02-17,False,,13723.0,False,True,2025-03
2576,2025,3,Occurrence,Race-Ethnicity,Other/Unknown,ALL,All causes (total),ICD-10,226.0,,,02/17/2026,02/17/2026,2025-03-01,2026-02-17,2026-02-17,False,,226.0,False,True,2025-03
2577,2025,3,Occurrence,Total Population,Total Population,ALZ,Alzheimer's disease,ICD-10,1345.0,,,02/17/2026,02/17/2026,2025-03-01,2026-02-17,2026-02-17,False,,1345.0,True,False,2025-03
2578,2025,3,Occurrence,Gender,Female,ALZ,Alzheimer's disease,ICD-10,932.0,,,02/17/2026,02/17/2026,2025-03-01,2026-02-17,2026-02-17,False,,932.0,False,False,2025-03
2579,2025,3,Occurrence,Gender,Male,ALZ,Alzheimer's disease,ICD-10,413.0,,,02/17/2026,02/17/2026,2025-03-01,2026-02-17,2026-02-17,False,,413.0,False,False,2025-03
2580,2025,3,Occurrence,Race-Ethnicity,American Indian/Alaska Native,ALZ,Alzheimer's disease,ICD-10,,1,Cell suppressed for small numbers,02/17/2026,02/17/2026,2025-03-01,2026-02-17,2026-02-17,True,Cell suppressed for small numbers,,False,False,2025-03
2581,2025,3,Occurrence,Race-Ethnicity,Asian,ALZ,Alzheimer's disease,ICD-10,162.0,,,02/17/2026,02/17/2026,2025-03-01,2026-02-17,2026-02-17,False,,162.0,False,False,2025-03
2582,2025,3,Occurrence,Race-Ethnicity,Black,ALZ,Alzheimer's disease,ICD-10,80.0,,,02/17/2026,02/17/2026,2025-03-01,2026-02-17,2026-02-17,False,,80.0,False,False,2025-03
2583,2025,3,Occurrence,Race-Ethnicity,Hawaiian/Pacific Islander,ALZ,Alzheimer's disease,ICD-10,,1,Cell suppressed for small numbers,02/17/2026,02/17/2026,2025-03-01,2026-02-17,2026-02-17,True,Cell suppressed for small numbers,,False,False,2025-03
2584,2025,3,Occurrence,Race-Ethnicity,Hispanic,ALZ,Alzheimer's disease,ICD-10,270.0,,,02/17/2026,02/17/2026,2025-03-01,2026-02-17,2026-02-17,False,,270.0,False,False,2025-03
2585,2025,3,Occurrence,Race-Ethnicity,Multi-Race,ALZ,Alzheimer's disease,ICD-10,,1,Cell suppressed for small numbers,02/17/2026,02/17/2026,2025-03-01,2026-02-17,2026-02-17,True,Cell suppressed for small numbers,,False,False,2025-03
2586,2025,3,Occurrence,Race-Ethnicity,White,ALZ,Alzheimer's disease,ICD-10,812.0,,,02/17/2026,02/17/2026,2025-03-01,2026-02-17,2026-02-17,False,,812.0,False,False,2025-03
2587,2025,3,Occurrence,Race-Ethnicity,Other/Unknown,ALZ,Alzheimer's disease,ICD-10,,1,Cell suppressed for small numbers,02/17/2026,02/17/2026,2025-03-01,2026-02-17,2026-02-17,True,Cell suppressed for small numbers,,False,False,2025-03
2588,2025,3,Occurrence,Total Population,Total Population,CAN,Malignant neoplasms,ICD-10,5136.0,,,02/17/2026,02/17/2026,2025-03-01,2026-02-17,2026-02-17,False,,5136.0,True,False,2025-03
2589,2025,3,Occurrence,Gender,Female,CAN,Malignant neoplasms,ICD-10,2453.0,,,02/17/2026,02/17/2026,2025-03-01,2026-02-17,2026-02-17,False,,2453.0,False,False,2025-03
2590,2025,3,Occurrence,Gender,Male,CAN,Malignant neoplasms,ICD-10,2683.0,,,02/17/2026,02/17/2026,2025-03-01,2026-02-17,2026-02-17,False,,2683.0,False,False,2025-03
2591,2025,3,Occurrence,Race-Ethnicity,American Indian/Alaska Native,CAN,Malignant neoplasms,ICD-10,24.0,,,02/17/2026,02/17/2026,2025-03-01,2026-02-17,2026-02-17,False,,24.0,False,False,2025-03
2592,2025,3,Occurrence,Race-Ethnicity,Asian,CAN,Malignant neoplasms,ICD-10,668.0,,,02/17/2026,02/17/2026,2025-03-01,2026-02-17,2026-02-17,False,,668.0,False,False,2025-03
2593,2025,3,Occurrence,Race-Ethnicity,Black,CAN,Malignant neoplasms,ICD-10,351.0,,,02/17/2026,02/17/2026,2025-03-01,2026-02-17,2026-02-17,False,,351.0,False,False,2025-03
2594,2025,3,Occurrence,Race-Ethnicity,Hawaiian/Pacific Islander,CAN,Malignant neoplasms,ICD-10,21.0,,,02/17/2026,02/17/2026,2025-03-01,2026-02-17,2026-02-17,False,,21.0,False,False,2025-03
2595,2025,3,Occurrence,Race-Ethnicity,Hispanic,CAN,Malignant neoplasms,ICD-10,1126.0,,,02/17/2026,02/17/2026,2025-03-01,2026-02-17,2026-02-17,False,,1126.0,False,False,2025-03
2596,2025,3,Occurrence,Race-Ethnicity,Multi-Race,CAN,Malignant neoplasms,ICD-10,71.0,,,02/17/2026,02/17/2026,2025-03-01,2026-02-17,2026-02-17,False,,71.0,False,False,2025-03
2597,2025,3,Occurrence,Race-Ethnicity,White,CAN,Malignant neoplasms,ICD-10,2838.0,,,02/17/2026,02/17/2026,2025-03-01,2026-02-17,2026-02-17,False,,2838.0,False,False,2025-03
2598,2025,3,Occurrence,Race-Ethnicity,Other/Unknown,CAN,Malignant neoplasms,ICD-10,37.0,,,02/17/2026,02/17/2026,2025-03-01,2026-02-17,2026-02-17,False,,37.0,False,False,2025-03
2599,2025,3,Occurrence,Total Population,Total Population,CLD,Chronic lower respiratory diseases,ICD-10,1158.0,,,02/17/2026,02/17/2026,2025-03-01,2026-02-17,2026-02-17,False,,1158.0,True,False,2025-03
2600,2025,3,Occurrence,Gender,Female,CLD,Chronic lower respiratory diseases,ICD-10,621.0,,,02/17/2026,02/17/2026,2025-03-01,2026-02-17,2026-02-17,False,,621.0,False,False,2025-03
2601,2025,3,Occurrence,Gender,Male,CLD,Chronic lower respiratory diseases,ICD-10,537.0,,,02/17/2026,02/17/2026,2025-03-01,2026-02-17,2026-02-17,False,,537.0,False,False,2025-03
2602,2025,3,Occurrence,Race-Ethnicity,American Indian/Alaska Native,CLD,Chronic lower respiratory diseases,ICD-10,13.0,,,02/17/2026,02/17/2026,2025-03-01,2026-02-17,2026-02-17,False,,13.0,False,False,2025-03
2603,2025,3,Occurrence,Race-Ethnicity,Asian,CLD,Chronic lower respiratory diseases,ICD-10,93.0,,,02/17/2026,02/17/2026,2025-03-01,2026-02-17,2026-02-17,False,,93.0,False,False,2025-03
2604,2025,3,Occurrence,Race-Ethnicity,Black,CLD,Chronic lower respiratory diseases,ICD-10,80.0,,,02/17/2026,02/17/2026,2025-03-01,2026-02-17,2026-02-17,False,,80.0,False,False,2025-03
2605,2025,3,Occurrence,Race-Ethnicity,Hawaiian/Pacific Islander,CLD,Chronic lower respiratory diseases,ICD-10,,1,Cell suppressed for small numbers,02/17/2026,02/17/2026,2025-03-01,2026-02-17,2026-02-17,True,Cell suppressed for small numbers,,False,False,2025-03
2606,2025,3,Occurrence,Race-Ethnicity,Hispanic,CLD,Chronic lower respiratory diseases,ICD-10,119.0,,,02/17/2026,02/17/2026,2025-03-01,2026-02-17,2026-02-17,False,,119.0,False,False,2025-03
2607,2025,3,Occurrence,Race-Ethnicity,Multi-Race,CLD,Chronic lower respiratory diseases,ICD-10,21.0,,,02/17/2026,02/17/2026,2025-03-01,2026-02-17,2026-02-17,False,,21.0,False,False,2025-03
2608,2025,3,Occurrence,Race-Ethnicity,White,CLD,Chronic lower respiratory diseases,ICD-10,819.0,,,02/17/2026,02/17/2026,2025-03-01,2026-02-17,2026-02-17,False,,819.0,False,False,2025-03
2609,2025,3,Occurrence,Race-Ethnicity,Other/Unknown,CLD,Chronic lower respiratory diseases,ICD-10,,2,Cell suppressed for complementary cell,02/17/2026,02/17/2026,2025-03-01,2026-02-17,2026-02-17,True,Cell suppressed for complementary cell,,False,False,2025-03
2610,2025,3,Occurrence,Total Population,Total Population,DIA,Diabetes mellitus,ICD-10,924.0,,,02/17/2026,02/17/2026,2025-03-01,2026-02-17,2026-02-17,False,,924.0,True,False,2025-03
2611,2025,3,Occurrence,Gender,Female,DIA,Diabetes mellitus,ICD-10,400.0,,,02/17/2026,02/17/2026,2025-03-01,2026-02-17,2026-02-17,False,,400.0,False,False,2025-03
2612,2025,3,Occurrence,Gender,Male,DIA,Diabetes mellitus,ICD-10,524.0,,,02/17/2026,02/17/2026,2025-03-01,2026-02-17,2026-02-17,False,,524.0,False,False,2025-03
2613,2025,3,Occurrence,Race-Ethnicity,American Indian/Alaska Native,DIA,Diabetes mellitus,ICD-10,,1,Cell suppressed for small numbers,02/17/2026,02/17/2026,2025-03-01,2026-02-17,2026-02-17,True,Cell suppressed for small numbers,,False,False,2025-03
2614,2025,3,Occurrence,Race-Ethnicity,Asian,DIA,Diabetes mellitus,ICD-10,146.0,,,02/17/2026,02/17/2026,2025-03-01,2026-02-17,2026-02-17,False,,146.0,False,False,2025-03
2615,2025,3,Occurrence,Race-Ethnicity,Black,DIA,Diabetes mellitus,ICD-10,102.0,,,02/17/2026,02/17/2026,2025-03-01,2026-02-17,2026-02-17,False,,102.0,False,False,2025-03
2616,2025,3,Occurrence,Race-Ethnicity,Hawaiian/Pacific Islander,DIA,Diabetes mellitus,ICD-10,,1,Cell suppressed for small numbers,02/17/2026,02/17/2026,2025-03-01,2026-02-17,2026-02-17,True,Cell suppressed for small numbers,,False,False,2025-03
2617,2025,3,Occurrence,Race-Ethnicity,Hispanic,DIA,Diabetes mellitus,ICD-10,319.0,,,02/17/2026,02/17/2026,2025-03-01,2026-02-17,2026-02-17,False,,319.0,False,False,2025-03
2618,2025,3,Occurrence,Race-Ethnicity,Multi-Race,DIA,Diabetes mellitus,ICD-10,,1,Cell suppressed for small numbers,02/17/2026,02/17/2026,2025-03-01,2026-02-17,2026-02-17,True,Cell suppressed for small numbers,,False,False,2025-03
2619,2025,3,Occurrence,Race-Ethnicity,White,DIA,Diabetes mellitus,ICD-10,330.0,,,02/17/2026,02/17/2026,2025-03-01,2026-02-17,2026-02-17,False,,330.0,False,False,2025-03
2620,2025,3,Occurrence,Race-Ethnicity,Other/Unknown,DIA,Diabetes mellitus,ICD-10,,1,Cell suppressed for small numbers,02/17/2026,02/17/2026,2025-03-01,2026-02-17,2026-02-17,True,Cell suppressed for small numbers,,False,False,2025-03
2621,2025,3,Occurrence,Total Population,Total Population,HOM,Assault (homicide),ICD-10,119.0,,,02/17/2026,02/17/2026,2025-03-01,2026-02-17,2026-02-17,False,,119.0,True,False,2025-03
2622,2025,3,Occurrence,Gender,Female,HOM,Assault (homicide),ICD-10,19.0,,,02/17/2026,02/17/2026,2025-03-01,2026-02-17,2026-02-17,False,,19.0,False,False,2025-03
2623,2025,3,Occurrence,Gender,Male,HOM,Assault (homicide),ICD-10,100.0,,,02/17/2026,02/17/2026,2025-03-01,2026-02-17,2026-02-17,False,,100.0,False,False,2025-03
2624,2025,3,Occurrence,Race-Ethnicity,American Indian/Alaska Native,HOM,Assault (homicide),ICD-10,0.0,,,02/17/2026,02/17/2026,2025-03-01,2026-02-17,2026-02-17,False,,0.0,False,False,2025-03
2625,2025,3,Occurrence,Race-Ethnicity,Asian,HOM,Assault (homicide),ICD-10,,1,Cell suppressed for small numbers,02/17/2026,02/17/2026,2025-03-01,2026-02-17,2026-02-17,True,Cell suppressed for small numbers,,False,False,2025-03
2626,2025,3,Occurrence,Race-Ethnicity,Black,HOM,Assault (homicide),ICD-10,27.0,,,02/17/2026,02/17/2026,2025-03-01,2026-02-17,2026-02-17,False,,27.0,False,False,2025-03
2627,2025,3,Occurrence,Race-Ethnicity,Hawaiian/Pacific Islander,HOM,Assault (homicide),ICD-10,0.0,,,02/17/2026,02/17/2026,2025-03-01,2026-02-17,2026-02-17,False,,0.0,False,False,2025-03
2628,2025,3,Occurrence,Race-Ethnicity,Hispanic,HOM,Assault (homicide),ICD-10,61.0,,,02/17/2026,02/17/2026,2025-03-01,2026-02-17,2026-02-17,False,,61.0,False,False,2025-03
2629,2025,3,Occurrence,Race-Ethnicity,Multi-Race,HOM,Assault (homicide),ICD-10,,1,Cell suppressed for small numbers,02/17/2026,02/17/2026,2025-03-01,2026-02-17,2026-02-17,True,Cell suppressed for small numbers,,False,False,2025-03
2630,2025,3,Occurrence,Race-Ethnicity,White,HOM,Assault (homicide),ICD-10,26.0,,,02/17/2026,02/17/2026,2025-03-01,2026-02-17,2026-02-17,False,,26.0,False,False,2025-03
2631,2025,3,Occurrence,Race-Ethnicity,Other/Unknown,HOM,Assault (homicide),ICD-10,0.0,,,02/17/2026,02/17/2026,2025-03-01,2026-02-17,2026-02-17,False,,0.0,False,False,2025-03
2632,2025,3,Occurrence,Total Population,Total Population,HTD,Diseases of heart,ICD-10,5537.0,,,02/17/2026,02/17/2026,2025-03-01,2026-02-17,2026-02-17,False,,5537.0,True,False,2025-03
2633,2025,3,Occurrence,Gender,Female,HTD,Diseases of heart,ICD-10,2445.0,,,02/17/2026,02/17/2026,2025-03-01,2026-02-17,2026-02-17,False,,2445.0,False,False,2025-03
2634,2025,3,Occurrence,Gender,Male,HTD,Diseases of heart,ICD-10,3090.0,,,02/17/2026,02/17/2026,2025-03-01,2026-02-17,2026-02-17,False,,3090.0,False,False,2025-03
2635,2025,3,Occurrence,Race-Ethnicity,American Indian/Alaska Native,HTD,Diseases of heart,ICD-10,20.0,,,02/17/2026,02/17/2026,2025-03-01,2026-02-17,2026-02-17,False,,20.0,False,False,2025-03
2636,2025,3,Occurrence,Race-Ethnicity,Asian,HTD,Diseases of heart,ICD-10,593.0,,,02/17/2026,02/17/2026,2025-03-01,2026-02-17,2026-02-17,False,,593.0,False,False,2025-03
2637,2025,3,Occurrence,Race-Ethnicity,Black,HTD,Diseases of heart,ICD-10,486.0,,,02/17/2026,02/17/2026,2025-03-01,2026-02-17,2026-02-17,False,,486.0,False,False,2025-03
2638,2025,3,Occurrence,Race-Ethnicity,Hawaiian/Pacific Islander,HTD,Diseases of heart,ICD-10,33.0,,,02/17/2026,02/17/2026,2025-03-01,2026-02-17,2026-02-17,False,,33.0,False,False,2025-03
2639,2025,3,Occurrence,Race-Ethnicity,Hispanic,HTD,Diseases of heart,ICD-10,1146.0,,,02/17/2026,02/17/2026,2025-03-01,2026-02-17,2026-02-17,False,,1146.0,False,False,2025-03
2640,2025,3,Occurrence,Race-Ethnicity,Multi-Race,HTD,Diseases of heart,ICD-10,49.0,,,02/17/2026,02/17/2026,2025-03-01,2026-02-17,2026-02-17,False,,49.0,False,False,2025-03
2641,2025,3,Occurrence,Race-Ethnicity,White,HTD,Diseases of heart,ICD-10,3153.0,,,02/17/2026,02/17/2026,2025-03-01,2026-02-17,2026-02-17,False,,3153.0,False,False,2025-03
2642,2025,3,Occurrence,Race-Ethnicity,Other/Unknown,HTD,Diseases of heart,ICD-10,57.0,,,02/17/2026,02/17/2026,2025-03-01,2026-02-17,2026-02-17,False,,57.0,False,False,2025-03
2643,2025,3,Occurrence,Total Population,Total Population,HYP,Essential hypertension and hypertensive renal disease,ICD-10,565.0,,,02/17/2026,02/17/2026,2025-03-01,2026-02-17,2026-02-17,False,,565.0,True,False,2025-03
2644,2025,3,Occurrence,Gender,Female,HYP,Essential hypertension and hypertensive renal disease,ICD-10,306.0,,,02/17/2026,02/17/2026,2025-03-01,2026-02-17,2026-02-17,False,,306.0,False,False,2025-03
2645,2025,3,Occurrence,Gender,Male,HYP,Essential hypertension and hypertensive renal disease,ICD-10,259.0,,,02/17/2026,02/17/2026,2025-03-01,2026-02-17,2026-02-17,False,,259.0,False,False,2025-03
2646,2025,3,Occurrence,Race-Ethnicity,American Indian/Alaska Native,HYP,Essential hypertension and hypertensive renal disease,ICD-10,,1,Cell suppressed for small numbers,02/17/2026,02/17/2026,2025-03-01,2026-02-17,2026-02-17,True,Cell suppressed for small numbers,,False,False,2025-03
2647,2025,3,Occurrence,Race-Ethnicity,Asian,HYP,Essential hypertension and hypertensive renal disease,ICD-10,80.0,,,02/17/2026,02/17/2026,2025-03-01,2026-02-17,2026-02-17,False,,80.0,False,False,2025-03
2648,2025,3,Occurrence,Race-Ethnicity,Black,HYP,Essential hypertension and hypertensive renal disease,ICD-10,51.0,,,02/17/2026,02/17/2026,2025-03-01,2026-02-17,2026-02-17,False,,51.0,False,False,2025-03
2649,2025,3,Occurrence,Race-Ethnicity,Hawaiian/Pacific Islander,HYP,Essential hypertension and hypertensive renal disease,ICD-10,,1,Cell suppressed for small numbers,02/17/2026,02/17/2026,2025-03-01,2026-02-17,2026-02-17,True,Cell suppressed for small numbers,,False,False,2025-03
2650,2025,3,Occurrence,Race-Ethnicity,Hispanic,HYP,Essential hypertension and hypertensive renal disease,ICD-10,128.0,,,02/17/2026,02/17/2026,2025-03-01,2026-02-17,2026-02-17,False,,128.0,False,False,2025-03
2651,2025,3,Occurrence,Race-Ethnicity,Multi-Race,HYP,Essential hypertension and hypertensive renal disease,ICD-10,,1,Cell suppressed for small numbers,02/17/2026,02/17/2026,2025-03-01,2026-02-17,2026-02-17,True,Cell suppressed for small numbers,,False,False,2025-03
2652,2025,3,Occurrence,Race-Ethnicity,White,HYP,Essential hypertension and hypertensive renal disease,ICD-10,287.0,,,02/17/2026,02/17/2026,2025-03-01,2026-02-17,2026-02-17,False,,287.0,False,False,2025-03
2653,2025,3,Occurrence,Race-Ethnicity,Other/Unknown,HYP,Essential hypertension and hypertensive renal disease,ICD-10,,1,Cell suppressed for small numbers,02/17/2026,02/17/2026,2025-03-01,2026-02-17,2026-02-17,True,Cell suppressed for small numbers,,False,False,2025-03
2654,2025,3,Occurrence,Total Population,Total Population,INJ,Accidents (unintentional injuries),ICD-10,1550.0,,,02/17/2026,02/17/2026,2025-03-01,2026-02-17,2026-02-17,False,,1550.0,True,False,2025-03
2655,2025,3,Occurrence,Gender,Female,INJ,Accidents (unintentional injuries),ICD-10,427.0,,,02/17/2026,02/17/2026,2025-03-01,2026-02-17,2026-02-17,False,,427.0,False,False,2025-03
2656,2025,3,Occurrence,Gender,Male,INJ,Accidents (unintentional injuries),ICD-10,1123.0,,,02/17/2026,02/17/2026,2025-03-01,2026-02-17,2026-02-17,False,,1123.0,False,False,2025-03
2657,2025,3,Occurrence,Race-Ethnicity,American Indian/Alaska Native,INJ,Accidents (unintentional injuries),ICD-10,,2,Cell suppressed for complementary cell,02/17/2026,02/17/2026,2025-03-01,2026-02-17,2026-02-17,True,Cell suppressed for complementary cell,,False,False,2025-03
2658,2025,3,Occurrence,Race-Ethnicity,Asian,INJ,Accidents (unintentional injuries),ICD-10,122.0,,,02/17/2026,02/17/2026,2025-03-01,2026-02-17,2026-02-17,False,,122.0,False,False,2025-03
2659,2025,3,Occurrence,Race-Ethnicity,Black,INJ,Accidents (unintentional injuries),ICD-10,170.0,,,02/17/2026,02/17/2026,2025-03-01,2026-02-17,2026-02-17,False,,170.0,False,False,2025-03
2660,2025,3,Occurrence,Race-Ethnicity,Hawaiian/Pacific Islander,INJ,Accidents (unintentional injuries),ICD-10,,1,Cell suppressed for small numbers,02/17/2026,02/17/2026,2025-03-01,2026-02-17,2026-02-17,True,Cell suppressed for small numbers,,False,False,2025-03
2661,2025,3,Occurrence,Race-Ethnicity,Hispanic,INJ,Accidents (unintentional injuries),ICD-10,508.0,,,02/17/2026,02/17/2026,2025-03-01,2026-02-17,2026-02-17,False,,508.0,False,False,2025-03
2662,2025,3,Occurrence,Race-Ethnicity,Multi-Race,INJ,Accidents (unintentional injuries),ICD-10,31.0,,,02/17/2026,02/17/2026,2025-03-01,2026-02-17,2026-02-17,False,,31.0,False,False,2025-03
2663,2025,3,Occurrence,Race-Ethnicity,White,INJ,Accidents (unintentional injuries),ICD-10,665.0,,,02/17/2026,02/17/2026,2025-03-01,2026-02-17,2026-02-17,False,,665.0,False,False,2025-03
2664,2025,3,Occurrence,Race-Ethnicity,Other/Unknown,INJ,Accidents (unintentional injuries),ICD-10,27.0,,,02/17/2026,02/17/2026,2025-03-01,2026-02-17,2026-02-17,False,,27.0,False,False,2025-03
2665,2025,3,Occurrence,Total Population,Total Population,LIV,Chronic liver disease and cirrhosis,ICD-10,566.0,,,02/17/2026,02/17/2026,2025-03-01,2026-02-17,2026-02-17,False,,566.0,True,False,2025-03
2666,2025,3,Occurrence,Gender,Female,LIV,Chronic liver disease and cirrhosis,ICD-10,223.0,,,02/17/2026,02/17/2026,2025-03-01,2026-02-17,2026-02-17,False,,223.0,False,False,2025-03
2667,2025,3,Occurrence,Gender,Male,LIV,Chronic liver disease and cirrhosis,ICD-10,343.0,,,02/17/2026,02/17/2026,2025-03-01,2026-02-17,2026-02-17,False,,343.0,False,False,2025-03
2668,2025,3,Occurrence,Race-Ethnicity,American Indian/Alaska Native,LIV,Chronic liver disease and cirrhosis,ICD-10,,1,Cell suppressed for small numbers,02/17/2026,02/17/2026,2025-03-01,2026-02-17,2026-02-17,True,Cell suppressed for small numbers,,False,False,2025-03
2669,2025,3,Occurrence,Race-Ethnicity,Asian,LIV,Chronic liver disease and cirrhosis,ICD-10,39.0,,,02/17/2026,02/17/2026,2025-03-01,2026-02-17,2026-02-17,False,,39.0,False,False,2025-03
2670,2025,3,Occurrence,Race-Ethnicity,Black,LIV,Chronic liver disease and cirrhosis,ICD-10,27.0,,,02/17/2026,02/17/2026,2025-03-01,2026-02-17,2026-02-17,False,,27.0,False,False,2025-03
2671,2025,3,Occurrence,Race-Ethnicity,Hawaiian/Pacific Islander,LIV,Chronic liver disease and cirrhosis,ICD-10,0.0,,,02/17/2026,02/17/2026,2025-03-01,2026-02-17,2026-02-17,False,,0.0,False,False,2025-03
2672,2025,3,Occurrence,Race-Ethnicity,Hispanic,LIV,Chronic liver disease and cirrhosis,ICD-10,240.0,,,02/17/2026,02/17/2026,2025-03-01,2026-02-17,2026-02-17,False,,240.0,False,False,2025-03
2673,2025,3,Occurrence,Race-Ethnicity,Multi-Race,LIV,Chronic liver disease and cirrhosis,ICD-10,,1,Cell suppressed for small numbers,02/17/2026,02/17/2026,2025-03-01,2026-02-17,2026-02-17,True,Cell suppressed for small numbers,,False,False,2025-03
2674,2025,3,Occurrence,Race-Ethnicity,White,LIV,Chronic liver disease and cirrhosis,ICD-10,246.0,,,02/17/2026,02/17/2026,2025-03-01,2026-02-17,2026-02-17,False,,246.0,False,False,2025-03
2675,2025,3,Occurrence,Race-Ethnicity,Other/Unknown,LIV,Chronic liver disease and cirrhosis,ICD-10,,1,Cell suppressed for small numbers,02/17/2026,02/17/2026,2025-03-01,2026-02-17,2026-02-17,True,Cell suppressed for small numbers,,False,False,2025-03
2676,2025,3,Occurrence,Total Population,Total Population,NEP,"Nephritis, nephrotic syndrome and nephrosis",ICD-10,462.0,,,02/17/2026,02/17/2026,2025-03-01,2026-02-17,2026-02-17,False,,462.0,True,False,2025-03
2677,2025,3,Occurrence,Gender,Female,NEP,"Nephritis, nephrotic syndrome and nephrosis",ICD-10,225.0,,,02/17/2026,02/17/2026,2025-03-01,2026-02-17,2026-02-17,False,,225.0,False,False,2025-03
2678,2025,3,Occurrence,Gender,Male,NEP,"Nephritis, nephrotic syndrome and nephrosis",ICD-10,237.0,,,02/17/2026,02/17/2026,2025-03-01,2026-02-17,2026-02-17,False,,237.0,False,False,2025-03
2679,2025,3,Occurrence,Race-Ethnicity,American Indian/Alaska Native,NEP,"Nephritis, nephrotic syndrome and nephrosis",ICD-10,,1,Cell suppressed for small numbers,02/17/2026,02/17/2026,2025-03-01,2026-02-17,2026-02-17,True,Cell suppressed for small numbers,,False,False,2025-03
2680,2025,3,Occurrence,Race-Ethnicity,Asian,NEP,"Nephritis, nephrotic syndrome and nephrosis",ICD-10,61.0,,,02/17/2026,02/17/2026,2025-03-01,2026-02-17,2026-02-17,False,,61.0,False,False,2025-03
2681,2025,3,Occurrence,Race-Ethnicity,Black,NEP,"Nephritis, nephrotic syndrome and nephrosis",ICD-10,54.0,,,02/17/2026,02/17/2026,2025-03-01,2026-02-17,2026-02-17,False,,54.0,False,False,2025-03
2682,2025,3,Occurrence,Race-Ethnicity,Hawaiian/Pacific Islander,NEP,"Nephritis, nephrotic syndrome and nephrosis",ICD-10,,1,Cell suppressed for small numbers,02/17/2026,02/17/2026,2025-03-01,2026-02-17,2026-02-17,True,Cell suppressed for small numbers,,False,False,2025-03
2683,2025,3,Occurrence,Race-Ethnicity,Hispanic,NEP,"Nephritis, nephrotic syndrome and nephrosis",ICD-10,131.0,,,02/17/2026,02/17/2026,2025-03-01,2026-02-17,2026-02-17,False,,131.0,False,False,2025-03
2684,2025,3,Occurrence,Race-Ethnicity,Multi-Race,NEP,"Nephritis, nephrotic syndrome and nephrosis",ICD-10,,1,Cell suppressed for small numbers,02/17/2026,02/17/2026,2025-03-01,2026-02-17,2026-02-17,True,Cell suppressed for small numbers,,False,False,2025-03
2685,2025,3,Occurrence,Race-Ethnicity,White,NEP,"Nephritis, nephrotic syndrome and nephrosis",ICD-10,198.0,,,02/17/2026,02/17/2026,2025-03-01,2026-02-17,2026-02-17,False,,198.0,False,False,2025-03
2686,2025,3,Occurrence,Race-Ethnicity,Other/Unknown,NEP,"Nephritis, nephrotic syndrome and nephrosis",ICD-10,,1,Cell suppressed for small numbers,02/17/2026,02/17/2026,2025-03-01,2026-02-17,2026-02-17,True,Cell suppressed for small numbers,,False,False,2025-03
2687,2025,3,Occurrence,Total Population,Total Population,PAR,Parkinson's disease,ICD-10,390.0,,,02/17/2026,02/17/2026,2025-03-01,2026-02-17,2026-02-17,False,,390.0,True,False,2025-03
2688,2025,3,Occurrence,Gender,Female,PAR,Parkinson's disease,ICD-10,145.0,,,02/17/2026,02/17/2026,2025-03-01,2026-02-17,2026-02-17,False,,145.0,False,False,2025-03
2689,2025,3,Occurrence,Gender,Male,PAR,Parkinson's disease,ICD-10,245.0,,,02/17/2026,02/17/2026,2025-03-01,2026-02-17,2026-02-17,False,,245.0,False,False,2025-03
2690,2025,3,Occurrence,Race-Ethnicity,American Indian/Alaska Native,PAR,Parkinson's disease,ICD-10,0.0,,,02/17/2026,02/17/2026,2025-03-01,2026-02-17,2026-02-17,False,,0.0,False,False,2025-03
2691,2025,3,Occurrence,Race-Ethnicity,Asian,PAR,Parkinson's disease,ICD-10,42.0,,,02/17/2026,02/17/2026,2025-03-01,2026-02-17,2026-02-17,False,,42.0,False,False,2025-03
2692,2025,3,Occurrence,Race-Ethnicity,Black,PAR,Parkinson's disease,ICD-10,,1,Cell suppressed for small numbers,02/17/2026,02/17/2026,2025-03-01,2026-02-17,2026-02-17,True,Cell suppressed for small numbers,,False,False,2025-03
2693,2025,3,Occurrence,Race-Ethnicity,Hawaiian/Pacific Islander,PAR,Parkinson's disease,ICD-10,0.0,,,02/17/2026,02/17/2026,2025-03-01,2026-02-17,2026-02-17,False,,0.0,False,False,2025-03
2694,2025,3,Occurrence,Race-Ethnicity,Hispanic,PAR,Parkinson's disease,ICD-10,65.0,,,02/17/2026,02/17/2026,2025-03-01,2026-02-17,2026-02-17,False,,65.0,False,False,2025-03
2695,2025,3,Occurrence,Race-Ethnicity,Multi-Race,PAR,Parkinson's disease,ICD-10,,1,Cell suppressed for small numbers,02/17/2026,02/17/2026,2025-03-01,2026-02-17,2026-02-17,True,Cell suppressed for small numbers,,False,False,2025-03
2696,2025,3,Occurrence,Race-Ethnicity,White,PAR,Parkinson's disease,ICD-10,267.0,,,02/17/2026,02/17/2026,2025-03-01,2026-02-17,2026-02-17,False,,267.0,False,False,2025-03
2697,2025,3,Occurrence,Race-Ethnicity,Other/Unknown,PAR,Parkinson's disease,ICD-10,,1,Cell suppressed for small numbers,02/17/2026,02/17/2026,2025-03-01,2026-02-17,2026-02-17,True,Cell suppressed for small numbers,,False,False,2025-03
2698,2025,3,Occurrence,Total Population,Total Population,PNF,Influenza and pneumonia,ICD-10,622.0,,,02/17/2026,02/17/2026,2025-03-01,2026-02-17,2026-02-17,False,,622.0,True,False,2025-03
2699,2025,3,Occurrence,Gender,Female,PNF,Influenza and pneumonia,ICD-10,286.0,,,02/17/2026,02/17/2026,2025-03-01,2026-02-17,2026-02-17,False,,286.0,False,False,2025-03
2700,2025,3,Occurrence,Gender,Male,PNF,Influenza and pneumonia,ICD-10,336.0,,,02/17/2026,02/17/2026,2025-03-01,2026-02-17,2026-02-17,False,,336.0,False,False,2025-03
2701,2025,3,Occurrence,Race-Ethnicity,American Indian/Alaska Native,PNF,Influenza and pneumonia,ICD-10,,1,Cell suppressed for small numbers,02/17/2026,02/17/2026,2025-03-01,2026-02-17,2026-02-17,True,Cell suppressed for small numbers,,False,False,2025-03
2702,2025,3,Occurrence,Race-Ethnicity,Asian,PNF,Influenza and pneumonia,ICD-10,93.0,,,02/17/2026,02/17/2026,2025-03-01,2026-02-17,2026-02-17,False,,93.0,False,False,2025-03
2703,2025,3,Occurrence,Race-Ethnicity,Black,PNF,Influenza and pneumonia,ICD-10,43.0,,,02/17/2026,02/17/2026,2025-03-01,2026-02-17,2026-02-17,False,,43.0,False,False,2025-03
2704,2025,3,Occurrence,Race-Ethnicity,Hawaiian/Pacific Islander,PNF,Influenza and pneumonia,ICD-10,,1,Cell suppressed for small numbers,02/17/2026,02/17/2026,2025-03-01,2026-02-17,2026-02-17,True,Cell suppressed for small numbers,,False,False,2025-03
2705,2025,3,Occurrence,Race-Ethnicity,Hispanic,PNF,Influenza and pneumonia,ICD-10,141.0,,,02/17/2026,02/17/2026,2025-03-01,2026-02-17,2026-02-17,False,,141.0,False,False,2025-03
2706,2025,3,Occurrence,Race-Ethnicity,Multi-Race,PNF,Influenza and pneumonia,ICD-10,,1,Cell suppressed for small numbers,02/17/2026,02/17/2026,2025-03-01,2026-02-17,2026-02-17,True,Cell suppressed for small numbers,,False,False,2025-03
2707,2025,3,Occurrence,Race-Ethnicity,White,PNF,Influenza and pneumonia,ICD-10,329.0,,,02/17/2026,02/17/2026,2025-03-01,2026-02-17,2026-02-17,False,,329.0,False,False,2025-03
2708,2025,3,Occurrence,Race-Ethnicity,Other/Unknown,PNF,Influenza and pneumonia,ICD-10,,1,Cell suppressed for small numbers,02/17/2026,02/17/2026,2025-03-01,2026-02-17,2026-02-17,True,Cell suppressed for small numbers,,False,False,2025-03
2709,2025,3,Occurrence,Total Population,Total Population,STK,Cerebrovascular diseases,ICD-10,1522.0,,,02/17/2026,02/17/2026,2025-03-01,2026-02-17,2026-02-17,False,,1522.0,True,False,2025-03
2710,2025,3,Occurrence,Gender,Female,STK,Cerebrovascular diseases,ICD-10,836.0,,,02/17/2026,02/17/2026,2025-03-01,2026-02-17,2026-02-17,False,,836.0,False,False,2025-03
2711,2025,3,Occurrence,Gender,Male,STK,Cerebrovascular diseases,ICD-10,686.0,,,02/17/2026,02/17/2026,2025-03-01,2026-02-17,2026-02-17,False,,686.0,False,False,2025-03
2712,2025,3,Occurrence,Race-Ethnicity,American Indian/Alaska Native,STK,Cerebrovascular diseases,ICD-10,,1,Cell suppressed for small numbers,02/17/2026,02/17/2026,2025-03-01,2026-02-17,2026-02-17,True,Cell suppressed for small numbers,,False,False,2025-03
2713,2025,3,Occurrence,Race-Ethnicity,Asian,STK,Cerebrovascular diseases,ICD-10,219.0,,,02/17/2026,02/17/2026,2025-03-01,2026-02-17,2026-02-17,False,,219.0,False,False,2025-03
2714,2025,3,Occurrence,Race-Ethnicity,Black,STK,Cerebrovascular diseases,ICD-10,120.0,,,02/17/2026,02/17/2026,2025-03-01,2026-02-17,2026-02-17,False,,120.0,False,False,2025-03
2715,2025,3,Occurrence,Race-Ethnicity,Hawaiian/Pacific Islander,STK,Cerebrovascular diseases,ICD-10,,1,Cell suppressed for small numbers,02/17/2026,02/17/2026,2025-03-01,2026-02-17,2026-02-17,True,Cell suppressed for small numbers,,False,False,2025-03
2716,2025,3,Occurrence,Race-Ethnicity,Hispanic,STK,Cerebrovascular diseases,ICD-10,337.0,,,02/17/2026,02/17/2026,2025-03-01,2026-02-17,2026-02-17,False,,337.0,False,False,2025-03
2717,2025,3,Occurrence,Race-Ethnicity,Multi-Race,STK,Cerebrovascular diseases,ICD-10,13.0,,,02/17/2026,02/17/2026,2025-03-01,2026-02-17,2026-02-17,False,,13.0,False,False,2025-03
2718,2025,3,Occurrence,Race-Ethnicity,White,STK,Cerebrovascular diseases,ICD-10,807.0,,,02/17/2026,02/17/2026,2025-03-01,2026-02-17,2026-02-17,False,,807.0,False,False,2025-03
2719,2025,3,Occurrence,Race-Ethnicity,Other/Unknown,STK,Cerebrovascular diseases,ICD-10,16.0,,,02/17/2026,02/17/2026,2025-03-01,2026-02-17,2026-02-17,False,,16.0,False,False,2025-03
2720,2025,3,Occurrence,Total Population,Total Population,SUI,Intentional self-harm (suicide),ICD-10,340.0,,,02/17/2026,02/17/2026,2025-03-01,2026-02-17,2026-02-17,False,,340.0,True,False,2025-03
2721,2025,3,Occurrence,Gender,Female,SUI,Intentional self-harm (suicide),ICD-10,69.0,,,02/17/2026,02/17/2026,2025-03-01,2026-02-17,2026-02-17,False,,69.0,False,False,2025-03
2722,2025,3,Occurrence,Gender,Male,SUI,Intentional self-harm (suicide),ICD-10,270.0,,,02/17/2026,02/17/2026,2025-03-01,2026-02-17,2026-02-17,False,,270.0,False,False,2025-03
2723,2025,3,Occurrence,Race-Ethnicity,American Indian/Alaska Native,SUI,Intentional self-harm (suicide),ICD-10,,1,Cell suppressed for small numbers,02/17/2026,02/17/2026,2025-03-01,2026-02-17,2026-02-17,True,Cell suppressed for small numbers,,False,False,2025-03
2724,2025,3,Occurrence,Race-Ethnicity,Asian,SUI,Intentional self-harm (suicide),ICD-10,47.0,,,02/17/2026,02/17/2026,2025-03-01,2026-02-17,2026-02-17,False,,47.0,False,False,2025-03
2725,2025,3,Occurrence,Race-Ethnicity,Black,SUI,Intentional self-harm (suicide),ICD-10,12.0,,,02/17/2026,02/17/2026,2025-03-01,2026-02-17,2026-02-17,False,,12.0,False,False,2025-03
2726,2025,3,Occurrence,Race-Ethnicity,Hawaiian/Pacific Islander,SUI,Intentional self-harm (suicide),ICD-10,0.0,,,02/17/2026,02/17/2026,2025-03-01,2026-02-17,2026-02-17,False,,0.0,False,False,2025-03
2727,2025,3,Occurrence,Race-Ethnicity,Hispanic,SUI,Intentional self-harm (suicide),ICD-10,82.0,,,02/17/2026,02/17/2026,2025-03-01,2026-02-17,2026-02-17,False,,82.0,False,False,2025-03
2728,2025,3,Occurrence,Race-Ethnicity,Multi-Race,SUI,Intentional self-harm (suicide),ICD-10,,1,Cell suppressed for small numbers,02/17/2026,02/17/2026,2025-03-01,2026-02-17,2026-02-17,True,Cell suppressed for small numbers,,False,False,2025-03
2729,2025,3,Occurrence,Race-Ethnicity,White,SUI,Intentional self-harm (suicide),ICD-10,183.0,,,02/17/2026,02/17/2026,2025-03-01,2026-02-17,2026-02-17,False,,183.0,False,False,2025-03
2730,2025,3,Occurrence,Race-Ethnicity,Other/Unknown,SUI,Intentional self-harm (suicide),ICD-10,,1,Cell suppressed for small numbers,02/17/2026,02/17/2026,2025-03-01,2026-02-17,2026-02-17,True,Cell suppressed for small numbers,,False,False,2025-03
2731,2025,4,Occurrence,Total Population,Total Population,ALL,All causes (total),ICD-10,23410.0,,,02/17/2026,02/17/2026,2025-04-01,2026-02-17,2026-02-17,False,,23410.0,True,True,2025-04
2732,2025,4,Occurrence,Age,Under 1 year,ALL,All causes (total),ICD-10,131.0,,,02/17/2026,02/17/2026,2025-04-01,2026-02-17,2026-02-17,False,,131.0,False,True,2025-04
2733,2025,4,Occurrence,Age,1-4 years,ALL,All causes (total),ICD-10,31.0,,,02/17/2026,02/17/2026,2025-04-01,2026-02-17,2026-02-17,False,,31.0,False,True,2025-04
2734,2025,4,Occurrence,Age,5-14 years,ALL,All causes (total),ICD-10,39.0,,,02/17/2026,02/17/2026,2025-04-01,2026-02-17,2026-02-17,False,,39.0,False,True,2025-04
2735,2025,4,Occurrence,Age,15-24 years,ALL,All causes (total),ICD-10,222.0,,,02/17/2026,02/17/2026,2025-04-01,2026-02-17,2026-02-17,False,,222.0,False,True,2025-04
2736,2025,4,Occurrence,Age,25-34 years,ALL,All causes (total),ICD-10,463.0,,,02/17/2026,02/17/2026,2025-04-01,2026-02-17,2026-02-17,False,,463.0,False,True,2025-04
2737,2025,4,Occurrence,Age,35-44 years,ALL,All causes (total),ICD-10,795.0,,,02/17/2026,02/17/2026,2025-04-01,2026-02-17,2026-02-17,False,,795.0,False,True,2025-04
2738,2025,4,Occurrence,Age,45-54 years,ALL,All causes (total),ICD-10,1204.0,,,02/17/2026,02/17/2026,2025-04-01,2026-02-17,2026-02-17,False,,1204.0,False,True,2025-04
2739,2025,4,Occurrence,Age,55-64 years,ALL,All causes (total),ICD-10,2561.0,,,02/17/2026,02/17/2026,2025-04-01,2026-02-17,2026-02-17,False,,2561.0,False,True,2025-04
2740,2025,4,Occurrence,Age,65-74 years,ALL,All causes (total),ICD-10,4446.0,,,02/17/2026,02/17/2026,2025-04-01,2026-02-17,2026-02-17,False,,4446.0,False,True,2025-04
2741,2025,4,Occurrence,Age,75-84 years,ALL,All causes (total),ICD-10,6080.0,,,02/17/2026,02/17/2026,2025-04-01,2026-02-17,2026-02-17,False,,6080.0,False,True,2025-04
2742,2025,4,Occurrence,Age,85 years and over,ALL,All causes (total),ICD-10,7435.0,,,02/17/2026,02/17/2026,2025-04-01,2026-02-17,2026-02-17,False,,7435.0,False,True,2025-04
2743,2025,4,Occurrence,Gender,Female,ALL,All causes (total),ICD-10,10853.0,,,02/17/2026,02/17/2026,2025-04-01,2026-02-17,2026-02-17,False,,10853.0,False,True,2025-04
2744,2025,4,Occurrence,Gender,Male,ALL,All causes (total),ICD-10,12555.0,,,02/17/2026,02/17/2026,2025-04-01,2026-02-17,2026-02-17,False,,12555.0,False,True,2025-04
2745,2025,4,Occurrence,Place Type,Inpatient,ALL,All causes (total),ICD-10,7443.0,,,02/17/2026,02/17/2026,2025-04-01,2026-02-17,2026-02-17,False,,7443.0,False,True,2025-04
2746,2025,4,Occurrence,Place Type,Emergency Room/Outpatient,ALL,All causes (total),ICD-10,1242.0,,,02/17/2026,02/17/2026,2025-04-01,2026-02-17,2026-02-17,False,,1242.0,False,True,2025-04
2747,2025,4,Occurrence,Place Type,Decedent's Home,ALL,All causes (total),ICD-10,9100.0,,,02/17/2026,02/17/2026,2025-04-01,2026-02-17,2026-02-17,False,,9100.0,False,True,2025-04
2748,2025,4,Occurrence,Place Type,Hospice Facility,ALL,All causes (total),ICD-10,347.0,,,02/17/2026,02/17/2026,2025-04-01,2026-02-17,2026-02-17,False,,347.0,False,True,2025-04
2749,2025,4,Occurrence,Place Type,Nursing Home/Long Term Care Facility,ALL,All causes (total),ICD-10,3972.0,,,02/17/2026,02/17/2026,2025-04-01,2026-02-17,2026-02-17,False,,3972.0,False,True,2025-04
2750,2025,4,Occurrence,Place Type,Other/Unknown,ALL,All causes (total),ICD-10,1306.0,,,02/17/2026,02/17/2026,2025-04-01,2026-02-17,2026-02-17,False,,1306.0,False,True,2025-04
2751,2025,4,Occurrence,Race-Ethnicity,American Indian/Alaska Native,ALL,All causes (total),ICD-10,119.0,,,02/17/2026,02/17/2026,2025-04-01,2026-02-17,2026-02-17,False,,119.0,False,True,2025-04
2752,2025,4,Occurrence,Race-Ethnicity,Asian,ALL,All causes (total),ICD-10,2690.0,,,02/17/2026,02/17/2026,2025-04-01,2026-02-17,2026-02-17,False,,2690.0,False,True,2025-04
2753,2025,4,Occurrence,Race-Ethnicity,Black,ALL,All causes (total),ICD-10,1798.0,,,02/17/2026,02/17/2026,2025-04-01,2026-02-17,2026-02-17,False,,1798.0,False,True,2025-04
2754,2025,4,Occurrence,Race-Ethnicity,Hawaiian/Pacific Islander,ALL,All causes (total),ICD-10,103.0,,,02/17/2026,02/17/2026,2025-04-01,2026-02-17,2026-02-17,False,,103.0,False,True,2025-04
2755,2025,4,Occurrence,Race-Ethnicity,Hispanic,ALL,All causes (total),ICD-10,5395.0,,,02/17/2026,02/17/2026,2025-04-01,2026-02-17,2026-02-17,False,,5395.0,False,True,2025-04
2756,2025,4,Occurrence,Race-Ethnicity,Multi-Race,ALL,All causes (total),ICD-10,237.0,,,02/17/2026,02/17/2026,2025-04-01,2026-02-17,2026-02-17,False,,237.0,False,True,2025-04
2757,2025,4,Occurrence,Race-Ethnicity,White,ALL,All causes (total),ICD-10,12840.0,,,02/17/2026,02/17/2026,2025-04-01,2026-02-17,2026-02-17,False,,12840.0,False,True,2025-04
2758,2025,4,Occurrence,Race-Ethnicity,Other/Unknown,ALL,All causes (total),ICD-10,228.0,,,02/17/2026,02/17/2026,2025-04-01,2026-02-17,2026-02-17,False,,228.0,False,True,2025-04
2759,2025,4,Occurrence,Total Population,Total Population,ALZ,Alzheimer's disease,ICD-10,1286.0,,,02/17/2026,02/17/2026,2025-04-01,2026-02-17,2026-02-17,False,,1286.0,True,False,2025-04
2760,2025,4,Occurrence,Gender,Female,ALZ,Alzheimer's disease,ICD-10,882.0,,,02/17/2026,02/17/2026,2025-04-01,2026-02-17,2026-02-17,False,,882.0,False,False,2025-04
2761,2025,4,Occurrence,Gender,Male,ALZ,Alzheimer's disease,ICD-10,404.0,,,02/17/2026,02/17/2026,2025-04-01,2026-02-17,2026-02-17,False,,404.0,False,False,2025-04
2762,2025,4,Occurrence,Race-Ethnicity,American Indian/Alaska Native,ALZ,Alzheimer's disease,ICD-10,0.0,,,02/17/2026,02/17/2026,2025-04-01,2026-02-17,2026-02-17,False,,0.0,False,False,2025-04
2763,2025,4,Occurrence,Race-Ethnicity,Asian,ALZ,Alzheimer's disease,ICD-10,144.0,,,02/17/2026,02/17/2026,2025-04-01,2026-02-17,2026-02-17,False,,144.0,False,False,2025-04
2764,2025,4,Occurrence,Race-Ethnicity,Black,ALZ,Alzheimer's disease,ICD-10,62.0,,,02/17/2026,02/17/2026,2025-04-01,2026-02-17,2026-02-17,False,,62.0,False,False,2025-04
2765,2025,4,Occurrence,Race-Ethnicity,Hawaiian/Pacific Islander,ALZ,Alzheimer's disease,ICD-10,,1,Cell suppressed for small numbers,02/17/2026,02/17/2026,2025-04-01,2026-02-17,2026-02-17,True,Cell suppressed for small numbers,,False,False,2025-04
2766,2025,4,Occurrence,Race-Ethnicity,Hispanic,ALZ,Alzheimer's disease,ICD-10,244.0,,,02/17/2026,02/17/2026,2025-04-01,2026-02-17,2026-02-17,False,,244.0,False,False,2025-04
2767,2025,4,Occurrence,Race-Ethnicity,Multi-Race,ALZ,Alzheimer's disease,ICD-10,,1,Cell suppressed for small numbers,02/17/2026,02/17/2026,2025-04-01,2026-02-17,2026-02-17,True,Cell suppressed for small numbers,,False,False,2025-04
2768,2025,4,Occurrence,Race-Ethnicity,White,ALZ,Alzheimer's disease,ICD-10,822.0,,,02/17/2026,02/17/2026,2025-04-01,2026-02-17,2026-02-17,False,,822.0,False,False,2025-04
2769,2025,4,Occurrence,Race-Ethnicity,Other/Unknown,ALZ,Alzheimer's disease,ICD-10,,1,Cell suppressed for small numbers,02/17/2026,02/17/2026,2025-04-01,2026-02-17,2026-02-17,True,Cell suppressed for small numbers,,False,False,2025-04
2770,2025,4,Occurrence,Total Population,Total Population,CAN,Malignant neoplasms,ICD-10,4964.0,,,02/17/2026,02/17/2026,2025-04-01,2026-02-17,2026-02-17,False,,4964.0,True,False,2025-04
2771,2025,4,Occurrence,Gender,Female,CAN,Malignant neoplasms,ICD-10,2377.0,,,02/17/2026,02/17/2026,2025-04-01,2026-02-17,2026-02-17,False,,2377.0,False,False,2025-04
2772,2025,4,Occurrence,Gender,Male,CAN,Malignant neoplasms,ICD-10,2587.0,,,02/17/2026,02/17/2026,2025-04-01,2026-02-17,2026-02-17,False,,2587.0,False,False,2025-04
2773,2025,4,Occurrence,Race-Ethnicity,American Indian/Alaska Native,CAN,Malignant neoplasms,ICD-10,17.0,,,02/17/2026,02/17/2026,2025-04-01,2026-02-17,2026-02-17,False,,17.0,False,False,2025-04
2774,2025,4,Occurrence,Race-Ethnicity,Asian,CAN,Malignant neoplasms,ICD-10,653.0,,,02/17/2026,02/17/2026,2025-04-01,2026-02-17,2026-02-17,False,,653.0,False,False,2025-04
2775,2025,4,Occurrence,Race-Ethnicity,Black,CAN,Malignant neoplasms,ICD-10,342.0,,,02/17/2026,02/17/2026,2025-04-01,2026-02-17,2026-02-17,False,,342.0,False,False,2025-04
2776,2025,4,Occurrence,Race-Ethnicity,Hawaiian/Pacific Islander,CAN,Malignant neoplasms,ICD-10,26.0,,,02/17/2026,02/17/2026,2025-04-01,2026-02-17,2026-02-17,False,,26.0,False,False,2025-04
2777,2025,4,Occurrence,Race-Ethnicity,Hispanic,CAN,Malignant neoplasms,ICD-10,1137.0,,,02/17/2026,02/17/2026,2025-04-01,2026-02-17,2026-02-17,False,,1137.0,False,False,2025-04
2778,2025,4,Occurrence,Race-Ethnicity,Multi-Race,CAN,Malignant neoplasms,ICD-10,45.0,,,02/17/2026,02/17/2026,2025-04-01,2026-02-17,2026-02-17,False,,45.0,False,False,2025-04
2779,2025,4,Occurrence,Race-Ethnicity,White,CAN,Malignant neoplasms,ICD-10,2708.0,,,02/17/2026,02/17/2026,2025-04-01,2026-02-17,2026-02-17,False,,2708.0,False,False,2025-04
2780,2025,4,Occurrence,Race-Ethnicity,Other/Unknown,CAN,Malignant neoplasms,ICD-10,36.0,,,02/17/2026,02/17/2026,2025-04-01,2026-02-17,2026-02-17,False,,36.0,False,False,2025-04
2781,2025,4,Occurrence,Total Population,Total Population,CLD,Chronic lower respiratory diseases,ICD-10,940.0,,,02/17/2026,02/17/2026,2025-04-01,2026-02-17,2026-02-17,False,,940.0,True,False,2025-04
2782,2025,4,Occurrence,Gender,Female,CLD,Chronic lower respiratory diseases,ICD-10,468.0,,,02/17/2026,02/17/2026,2025-04-01,2026-02-17,2026-02-17,False,,468.0,False,False,2025-04
2783,2025,4,Occurrence,Gender,Male,CLD,Chronic lower respiratory diseases,ICD-10,472.0,,,02/17/2026,02/17/2026,2025-04-01,2026-02-17,2026-02-17,False,,472.0,False,False,2025-04
2784,2025,4,Occurrence,Race-Ethnicity,American Indian/Alaska Native,CLD,Chronic lower respiratory diseases,ICD-10,,1,Cell suppressed for small numbers,02/17/2026,02/17/2026,2025-04-01,2026-02-17,2026-02-17,True,Cell suppressed for small numbers,,False,False,2025-04
2785,2025,4,Occurrence,Race-Ethnicity,Asian,CLD,Chronic lower respiratory diseases,ICD-10,68.0,,,02/17/2026,02/17/2026,2025-04-01,2026-02-17,2026-02-17,False,,68.0,False,False,2025-04
2786,2025,4,Occurrence,Race-Ethnicity,Black,CLD,Chronic lower respiratory diseases,ICD-10,68.0,,,02/17/2026,02/17/2026,2025-04-01,2026-02-17,2026-02-17,False,,68.0,False,False,2025-04
2787,2025,4,Occurrence,Race-Ethnicity,Hawaiian/Pacific Islander,CLD,Chronic lower respiratory diseases,ICD-10,,1,Cell suppressed for small numbers,02/17/2026,02/17/2026,2025-04-01,2026-02-17,2026-02-17,True,Cell suppressed for small numbers,,False,False,2025-04
2788,2025,4,Occurrence,Race-Ethnicity,Hispanic,CLD,Chronic lower respiratory diseases,ICD-10,99.0,,,02/17/2026,02/17/2026,2025-04-01,2026-02-17,2026-02-17,False,,99.0,False,False,2025-04
2789,2025,4,Occurrence,Race-Ethnicity,Multi-Race,CLD,Chronic lower respiratory diseases,ICD-10,16.0,,,02/17/2026,02/17/2026,2025-04-01,2026-02-17,2026-02-17,False,,16.0,False,False,2025-04
2790,2025,4,Occurrence,Race-Ethnicity,White,CLD,Chronic lower respiratory diseases,ICD-10,665.0,,,02/17/2026,02/17/2026,2025-04-01,2026-02-17,2026-02-17,False,,665.0,False,False,2025-04
2791,2025,4,Occurrence,Race-Ethnicity,Other/Unknown,CLD,Chronic lower respiratory diseases,ICD-10,14.0,,,02/17/2026,02/17/2026,2025-04-01,2026-02-17,2026-02-17,False,,14.0,False,False,2025-04
2792,2025,4,Occurrence,Total Population,Total Population,DIA,Diabetes mellitus,ICD-10,859.0,,,02/17/2026,02/17/2026,2025-04-01,2026-02-17,2026-02-17,False,,859.0,True,False,2025-04
2793,2025,4,Occurrence,Gender,Female,DIA,Diabetes mellitus,ICD-10,347.0,,,02/17/2026,02/17/2026,2025-04-01,2026-02-17,2026-02-17,False,,347.0,False,False,2025-04
2794,2025,4,Occurrence,Gender,Male,DIA,Diabetes mellitus,ICD-10,512.0,,,02/17/2026,02/17/2026,2025-04-01,2026-02-17,2026-02-17,False,,512.0,False,False,2025-04
2795,2025,4,Occurrence,Race-Ethnicity,American Indian/Alaska Native,DIA,Diabetes mellitus,ICD-10,,1,Cell suppressed for small numbers,02/17/2026,02/17/2026,2025-04-01,2026-02-17,2026-02-17,True,Cell suppressed for small numbers,,False,False,2025-04
2796,2025,4,Occurrence,Race-Ethnicity,Asian,DIA,Diabetes mellitus,ICD-10,121.0,,,02/17/2026,02/17/2026,2025-04-01,2026-02-17,2026-02-17,False,,121.0,False,False,2025-04
2797,2025,4,Occurrence,Race-Ethnicity,Black,DIA,Diabetes mellitus,ICD-10,82.0,,,02/17/2026,02/17/2026,2025-04-01,2026-02-17,2026-02-17,False,,82.0,False,False,2025-04
2798,2025,4,Occurrence,Race-Ethnicity,Hawaiian/Pacific Islander,DIA,Diabetes mellitus,ICD-10,,1,Cell suppressed for small numbers,02/17/2026,02/17/2026,2025-04-01,2026-02-17,2026-02-17,True,Cell suppressed for small numbers,,False,False,2025-04
2799,2025,4,Occurrence,Race-Ethnicity,Hispanic,DIA,Diabetes mellitus,ICD-10,316.0,,,02/17/2026,02/17/2026,2025-04-01,2026-02-17,2026-02-17,False,,316.0,False,False,2025-04
2800,2025,4,Occurrence,Race-Ethnicity,Multi-Race,DIA,Diabetes mellitus,ICD-10,,1,Cell suppressed for small numbers,02/17/2026,02/17/2026,2025-04-01,2026-02-17,2026-02-17,True,Cell suppressed for small numbers,,False,False,2025-04
2801,2025,4,Occurrence,Race-Ethnicity,White,DIA,Diabetes mellitus,ICD-10,305.0,,,02/17/2026,02/17/2026,2025-04-01,2026-02-17,2026-02-17,False,,305.0,False,False,2025-04
2802,2025,4,Occurrence,Race-Ethnicity,Other/Unknown,DIA,Diabetes mellitus,ICD-10,11.0,,,02/17/2026,02/17/2026,2025-04-01,2026-02-17,2026-02-17,False,,11.0,False,False,2025-04
2803,2025,4,Occurrence,Total Population,Total Population,HOM,Assault (homicide),ICD-10,132.0,,,02/17/2026,02/17/2026,2025-04-01,2026-02-17,2026-02-17,False,,132.0,True,False,2025-04
2804,2025,4,Occurrence,Gender,Female,HOM,Assault (homicide),ICD-10,23.0,,,02/17/2026,02/17/2026,2025-04-01,2026-02-17,2026-02-17,False,,23.0,False,False,2025-04
2805,2025,4,Occurrence,Gender,Male,HOM,Assault (homicide),ICD-10,109.0,,,02/17/2026,02/17/2026,2025-04-01,2026-02-17,2026-02-17,False,,109.0,False,False,2025-04
2806,2025,4,Occurrence,Race-Ethnicity,American Indian/Alaska Native,HOM,Assault (homicide),ICD-10,,1,Cell suppressed for small numbers,02/17/2026,02/17/2026,2025-04-01,2026-02-17,2026-02-17,True,Cell suppressed for small numbers,,False,False,2025-04
2807,2025,4,Occurrence,Race-Ethnicity,Asian,HOM,Assault (homicide),ICD-10,,1,Cell suppressed for small numbers,02/17/2026,02/17/2026,2025-04-01,2026-02-17,2026-02-17,True,Cell suppressed for small numbers,,False,False,2025-04
2808,2025,4,Occurrence,Race-Ethnicity,Black,HOM,Assault (homicide),ICD-10,40.0,,,02/17/2026,02/17/2026,2025-04-01,2026-02-17,2026-02-17,False,,40.0,False,False,2025-04
2809,2025,4,Occurrence,Race-Ethnicity,Hawaiian/Pacific Islander,HOM,Assault (homicide),ICD-10,0.0,,,02/17/2026,02/17/2026,2025-04-01,2026-02-17,2026-02-17,False,,0.0,False,False,2025-04
2810,2025,4,Occurrence,Race-Ethnicity,Hispanic,HOM,Assault (homicide),ICD-10,60.0,,,02/17/2026,02/17/2026,2025-04-01,2026-02-17,2026-02-17,False,,60.0,False,False,2025-04
2811,2025,4,Occurrence,Race-Ethnicity,Multi-Race,HOM,Assault (homicide),ICD-10,,1,Cell suppressed for small numbers,02/17/2026,02/17/2026,2025-04-01,2026-02-17,2026-02-17,True,Cell suppressed for small numbers,,False,False,2025-04
2812,2025,4,Occurrence,Race-Ethnicity,White,HOM,Assault (homicide),ICD-10,25.0,,,02/17/2026,02/17/2026,2025-04-01,2026-02-17,2026-02-17,False,,25.0,False,False,2025-04
2813,2025,4,Occurrence,Race-Ethnicity,Other/Unknown,HOM,Assault (homicide),ICD-10,,1,Cell suppressed for small numbers,02/17/2026,02/17/2026,2025-04-01,2026-02-17,2026-02-17,True,Cell suppressed for small numbers,,False,False,2025-04
2814,2025,4,Occurrence,Total Population,Total Population,HTD,Diseases of heart,ICD-10,5252.0,,,02/17/2026,02/17/2026,2025-04-01,2026-02-17,2026-02-17,False,,5252.0,True,False,2025-04
2815,2025,4,Occurrence,Gender,Female,HTD,Diseases of heart,ICD-10,2214.0,,,02/17/2026,02/17/2026,2025-04-01,2026-02-17,2026-02-17,False,,2214.0,False,False,2025-04
2816,2025,4,Occurrence,Gender,Male,HTD,Diseases of heart,ICD-10,3038.0,,,02/17/2026,02/17/2026,2025-04-01,2026-02-17,2026-02-17,False,,3038.0,False,False,2025-04
2817,2025,4,Occurrence,Race-Ethnicity,American Indian/Alaska Native,HTD,Diseases of heart,ICD-10,32.0,,,02/17/2026,02/17/2026,2025-04-01,2026-02-17,2026-02-17,False,,32.0,False,False,2025-04
2818,2025,4,Occurrence,Race-Ethnicity,Asian,HTD,Diseases of heart,ICD-10,612.0,,,02/17/2026,02/17/2026,2025-04-01,2026-02-17,2026-02-17,False,,612.0,False,False,2025-04
2819,2025,4,Occurrence,Race-Ethnicity,Black,HTD,Diseases of heart,ICD-10,421.0,,,02/17/2026,02/17/2026,2025-04-01,2026-02-17,2026-02-17,False,,421.0,False,False,2025-04
2820,2025,4,Occurrence,Race-Ethnicity,Hawaiian/Pacific Islander,HTD,Diseases of heart,ICD-10,21.0,,,02/17/2026,02/17/2026,2025-04-01,2026-02-17,2026-02-17,False,,21.0,False,False,2025-04
2821,2025,4,Occurrence,Race-Ethnicity,Hispanic,HTD,Diseases of heart,ICD-10,976.0,,,02/17/2026,02/17/2026,2025-04-01,2026-02-17,2026-02-17,False,,976.0,False,False,2025-04
2822,2025,4,Occurrence,Race-Ethnicity,Multi-Race,HTD,Diseases of heart,ICD-10,50.0,,,02/17/2026,02/17/2026,2025-04-01,2026-02-17,2026-02-17,False,,50.0,False,False,2025-04
2823,2025,4,Occurrence,Race-Ethnicity,White,HTD,Diseases of heart,ICD-10,3088.0,,,02/17/2026,02/17/2026,2025-04-01,2026-02-17,2026-02-17,False,,3088.0,False,False,2025-04
2824,2025,4,Occurrence,Race-Ethnicity,Other/Unknown,HTD,Diseases of heart,ICD-10,52.0,,,02/17/2026,02/17/2026,2025-04-01,2026-02-17,2026-02-17,False,,52.0,False,False,2025-04
2825,2025,4,Occurrence,Total Population,Total Population,HYP,Essential hypertension and hypertensive renal disease,ICD-10,469.0,,,02/17/2026,02/17/2026,2025-04-01,2026-02-17,2026-02-17,False,,469.0,True,False,2025-04
2826,2025,4,Occurrence,Gender,Female,HYP,Essential hypertension and hypertensive renal disease,ICD-10,249.0,,,02/17/2026,02/17/2026,2025-04-01,2026-02-17,2026-02-17,False,,249.0,False,False,2025-04
2827,2025,4,Occurrence,Gender,Male,HYP,Essential hypertension and hypertensive renal disease,ICD-10,220.0,,,02/17/2026,02/17/2026,2025-04-01,2026-02-17,2026-02-17,False,,220.0,False,False,2025-04
2828,2025,4,Occurrence,Race-Ethnicity,American Indian/Alaska Native,HYP,Essential hypertension and hypertensive renal disease,ICD-10,0.0,,,02/17/2026,02/17/2026,2025-04-01,2026-02-17,2026-02-17,False,,0.0,False,False,2025-04
2829,2025,4,Occurrence,Race-Ethnicity,Asian,HYP,Essential hypertension and hypertensive renal disease,ICD-10,80.0,,,02/17/2026,02/17/2026,2025-04-01,2026-02-17,2026-02-17,False,,80.0,False,False,2025-04
2830,2025,4,Occurrence,Race-Ethnicity,Black,HYP,Essential hypertension and hypertensive renal disease,ICD-10,46.0,,,02/17/2026,02/17/2026,2025-04-01,2026-02-17,2026-02-17,False,,46.0,False,False,2025-04
2831,2025,4,Occurrence,Race-Ethnicity,Hawaiian/Pacific Islander,HYP,Essential hypertension and hypertensive renal disease,ICD-10,,1,Cell suppressed for small numbers,02/17/2026,02/17/2026,2025-04-01,2026-02-17,2026-02-17,True,Cell suppressed for small numbers,,False,False,2025-04
2832,2025,4,Occurrence,Race-Ethnicity,Hispanic,HYP,Essential hypertension and hypertensive renal disease,ICD-10,94.0,,,02/17/2026,02/17/2026,2025-04-01,2026-02-17,2026-02-17,False,,94.0,False,False,2025-04
2833,2025,4,Occurrence,Race-Ethnicity,Multi-Race,HYP,Essential hypertension and hypertensive renal disease,ICD-10,,1,Cell suppressed for small numbers,02/17/2026,02/17/2026,2025-04-01,2026-02-17,2026-02-17,True,Cell suppressed for small numbers,,False,False,2025-04
2834,2025,4,Occurrence,Race-Ethnicity,White,HYP,Essential hypertension and hypertensive renal disease,ICD-10,241.0,,,02/17/2026,02/17/2026,2025-04-01,2026-02-17,2026-02-17,False,,241.0,False,False,2025-04
2835,2025,4,Occurrence,Race-Ethnicity,Other/Unknown,HYP,Essential hypertension and hypertensive renal disease,ICD-10,,1,Cell suppressed for small numbers,02/17/2026,02/17/2026,2025-04-01,2026-02-17,2026-02-17,True,Cell suppressed for small numbers,,False,False,2025-04
2836,2025,4,Occurrence,Total Population,Total Population,INJ,Accidents (unintentional injuries),ICD-10,1458.0,,,02/17/2026,02/17/2026,2025-04-01,2026-02-17,2026-02-17,False,,1458.0,True,False,2025-04
2837,2025,4,Occurrence,Gender,Female,INJ,Accidents (unintentional injuries),ICD-10,410.0,,,02/17/2026,02/17/2026,2025-04-01,2026-02-17,2026-02-17,False,,410.0,False,False,2025-04
2838,2025,4,Occurrence,Gender,Male,INJ,Accidents (unintentional injuries),ICD-10,1048.0,,,02/17/2026,02/17/2026,2025-04-01,2026-02-17,2026-02-17,False,,1048.0,False,False,2025-04
2839,2025,4,Occurrence,Race-Ethnicity,American Indian/Alaska Native,INJ,Accidents (unintentional injuries),ICD-10,,2,Cell suppressed for complementary cell,02/17/2026,02/17/2026,2025-04-01,2026-02-17,2026-02-17,True,Cell suppressed for complementary cell,,False,False,2025-04
2840,2025,4,Occurrence,Race-Ethnicity,Asian,INJ,Accidents (unintentional injuries),ICD-10,91.0,,,02/17/2026,02/17/2026,2025-04-01,2026-02-17,2026-02-17,False,,91.0,False,False,2025-04
2841,2025,4,Occurrence,Race-Ethnicity,Black,INJ,Accidents (unintentional injuries),ICD-10,166.0,,,02/17/2026,02/17/2026,2025-04-01,2026-02-17,2026-02-17,False,,166.0,False,False,2025-04
2842,2025,4,Occurrence,Race-Ethnicity,Hawaiian/Pacific Islander,INJ,Accidents (unintentional injuries),ICD-10,,1,Cell suppressed for small numbers,02/17/2026,02/17/2026,2025-04-01,2026-02-17,2026-02-17,True,Cell suppressed for small numbers,,False,False,2025-04
2843,2025,4,Occurrence,Race-Ethnicity,Hispanic,INJ,Accidents (unintentional injuries),ICD-10,483.0,,,02/17/2026,02/17/2026,2025-04-01,2026-02-17,2026-02-17,False,,483.0,False,False,2025-04
2844,2025,4,Occurrence,Race-Ethnicity,Multi-Race,INJ,Accidents (unintentional injuries),ICD-10,26.0,,,02/17/2026,02/17/2026,2025-04-01,2026-02-17,2026-02-17,False,,26.0,False,False,2025-04
2845,2025,4,Occurrence,Race-Ethnicity,White,INJ,Accidents (unintentional injuries),ICD-10,651.0,,,02/17/2026,02/17/2026,2025-04-01,2026-02-17,2026-02-17,False,,651.0,False,False,2025-04
2846,2025,4,Occurrence,Race-Ethnicity,Other/Unknown,INJ,Accidents (unintentional injuries),ICD-10,22.0,,,02/17/2026,02/17/2026,2025-04-01,2026-02-17,2026-02-17,False,,22.0,False,False,2025-04
2847,2025,4,Occurrence,Total Population,Total Population,LIV,Chronic liver disease and cirrhosis,ICD-10,517.0,,,02/17/2026,02/17/2026,2025-04-01,2026-02-17,2026-02-17,False,,517.0,True,False,2025-04
2848,2025,4,Occurrence,Gender,Female,LIV,Chronic liver disease and cirrhosis,ICD-10,184.0,,,02/17/2026,02/17/2026,2025-04-01,2026-02-17,2026-02-17,False,,184.0,False,False,2025-04
2849,2025,4,Occurrence,Gender,Male,LIV,Chronic liver disease and cirrhosis,ICD-10,333.0,,,02/17/2026,02/17/2026,2025-04-01,2026-02-17,2026-02-17,False,,333.0,False,False,2025-04
2850,2025,4,Occurrence,Race-Ethnicity,American Indian/Alaska Native,LIV,Chronic liver disease and cirrhosis,ICD-10,,1,Cell suppressed for small numbers,02/17/2026,02/17/2026,2025-04-01,2026-02-17,2026-02-17,True,Cell suppressed for small numbers,,False,False,2025-04
2851,2025,4,Occurrence,Race-Ethnicity,Asian,LIV,Chronic liver disease and cirrhosis,ICD-10,21.0,,,02/17/2026,02/17/2026,2025-04-01,2026-02-17,2026-02-17,False,,21.0,False,False,2025-04
2852,2025,4,Occurrence,Race-Ethnicity,Black,LIV,Chronic liver disease and cirrhosis,ICD-10,23.0,,,02/17/2026,02/17/2026,2025-04-01,2026-02-17,2026-02-17,False,,23.0,False,False,2025-04
2853,2025,4,Occurrence,Race-Ethnicity,Hawaiian/Pacific Islander,LIV,Chronic liver disease and cirrhosis,ICD-10,0.0,,,02/17/2026,02/17/2026,2025-04-01,2026-02-17,2026-02-17,False,,0.0,False,False,2025-04
2854,2025,4,Occurrence,Race-Ethnicity,Hispanic,LIV,Chronic liver disease and cirrhosis,ICD-10,242.0,,,02/17/2026,02/17/2026,2025-04-01,2026-02-17,2026-02-17,False,,242.0,False,False,2025-04
2855,2025,4,Occurrence,Race-Ethnicity,Multi-Race,LIV,Chronic liver disease and cirrhosis,ICD-10,,1,Cell suppressed for small numbers,02/17/2026,02/17/2026,2025-04-01,2026-02-17,2026-02-17,True,Cell suppressed for small numbers,,False,False,2025-04
2856,2025,4,Occurrence,Race-Ethnicity,White,LIV,Chronic liver disease and cirrhosis,ICD-10,214.0,,,02/17/2026,02/17/2026,2025-04-01,2026-02-17,2026-02-17,False,,214.0,False,False,2025-04
2857,2025,4,Occurrence,Race-Ethnicity,Other/Unknown,LIV,Chronic liver disease and cirrhosis,ICD-10,,1,Cell suppressed for small numbers,02/17/2026,02/17/2026,2025-04-01,2026-02-17,2026-02-17,True,Cell suppressed for small numbers,,False,False,2025-04
2858,2025,4,Occurrence,Total Population,Total Population,NEP,"Nephritis, nephrotic syndrome and nephrosis",ICD-10,413.0,,,02/17/2026,02/17/2026,2025-04-01,2026-02-17,2026-02-17,False,,413.0,True,False,2025-04
2859,2025,4,Occurrence,Gender,Female,NEP,"Nephritis, nephrotic syndrome and nephrosis",ICD-10,199.0,,,02/17/2026,02/17/2026,2025-04-01,2026-02-17,2026-02-17,False,,199.0,False,False,2025-04
2860,2025,4,Occurrence,Gender,Male,NEP,"Nephritis, nephrotic syndrome and nephrosis",ICD-10,214.0,,,02/17/2026,02/17/2026,2025-04-01,2026-02-17,2026-02-17,False,,214.0,False,False,2025-04
2861,2025,4,Occurrence,Race-Ethnicity,American Indian/Alaska Native,NEP,"Nephritis, nephrotic syndrome and nephrosis",ICD-10,,1,Cell suppressed for small numbers,02/17/2026,02/17/2026,2025-04-01,2026-02-17,2026-02-17,True,Cell suppressed for small numbers,,False,False,2025-04
2862,2025,4,Occurrence,Race-Ethnicity,Asian,NEP,"Nephritis, nephrotic syndrome and nephrosis",ICD-10,46.0,,,02/17/2026,02/17/2026,2025-04-01,2026-02-17,2026-02-17,False,,46.0,False,False,2025-04
2863,2025,4,Occurrence,Race-Ethnicity,Black,NEP,"Nephritis, nephrotic syndrome and nephrosis",ICD-10,46.0,,,02/17/2026,02/17/2026,2025-04-01,2026-02-17,2026-02-17,False,,46.0,False,False,2025-04
2864,2025,4,Occurrence,Race-Ethnicity,Hawaiian/Pacific Islander,NEP,"Nephritis, nephrotic syndrome and nephrosis",ICD-10,,1,Cell suppressed for small numbers,02/17/2026,02/17/2026,2025-04-01,2026-02-17,2026-02-17,True,Cell suppressed for small numbers,,False,False,2025-04
2865,2025,4,Occurrence,Race-Ethnicity,Hispanic,NEP,"Nephritis, nephrotic syndrome and nephrosis",ICD-10,121.0,,,02/17/2026,02/17/2026,2025-04-01,2026-02-17,2026-02-17,False,,121.0,False,False,2025-04
2866,2025,4,Occurrence,Race-Ethnicity,Multi-Race,NEP,"Nephritis, nephrotic syndrome and nephrosis",ICD-10,,1,Cell suppressed for small numbers,02/17/2026,02/17/2026,2025-04-01,2026-02-17,2026-02-17,True,Cell suppressed for small numbers,,False,False,2025-04
2867,2025,4,Occurrence,Race-Ethnicity,White,NEP,"Nephritis, nephrotic syndrome and nephrosis",ICD-10,190.0,,,02/17/2026,02/17/2026,2025-04-01,2026-02-17,2026-02-17,False,,190.0,False,False,2025-04
2868,2025,4,Occurrence,Race-Ethnicity,Other/Unknown,NEP,"Nephritis, nephrotic syndrome and nephrosis",ICD-10,,1,Cell suppressed for small numbers,02/17/2026,02/17/2026,2025-04-01,2026-02-17,2026-02-17,True,Cell suppressed for small numbers,,False,False,2025-04
2869,2025,4,Occurrence,Total Population,Total Population,PAR,Parkinson's disease,ICD-10,326.0,,,02/17/2026,02/17/2026,2025-04-01,2026-02-17,2026-02-17,False,,326.0,True,False,2025-04
2870,2025,4,Occurrence,Gender,Female,PAR,Parkinson's disease,ICD-10,132.0,,,02/17/2026,02/17/2026,2025-04-01,2026-02-17,2026-02-17,False,,132.0,False,False,2025-04
2871,2025,4,Occurrence,Gender,Male,PAR,Parkinson's disease,ICD-10,194.0,,,02/17/2026,02/17/2026,2025-04-01,2026-02-17,2026-02-17,False,,194.0,False,False,2025-04
2872,2025,4,Occurrence,Race-Ethnicity,American Indian/Alaska Native,PAR,Parkinson's disease,ICD-10,0.0,,,02/17/2026,02/17/2026,2025-04-01,2026-02-17,2026-02-17,False,,0.0,False,False,2025-04
2873,2025,4,Occurrence,Race-Ethnicity,Asian,PAR,Parkinson's disease,ICD-10,29.0,,,02/17/2026,02/17/2026,2025-04-01,2026-02-17,2026-02-17,False,,29.0,False,False,2025-04
2874,2025,4,Occurrence,Race-Ethnicity,Black,PAR,Parkinson's disease,ICD-10,,1,Cell suppressed for small numbers,02/17/2026,02/17/2026,2025-04-01,2026-02-17,2026-02-17,True,Cell suppressed for small numbers,,False,False,2025-04
2875,2025,4,Occurrence,Race-Ethnicity,Hawaiian/Pacific Islander,PAR,Parkinson's disease,ICD-10,,1,Cell suppressed for small numbers,02/17/2026,02/17/2026,2025-04-01,2026-02-17,2026-02-17,True,Cell suppressed for small numbers,,False,False,2025-04
2876,2025,4,Occurrence,Race-Ethnicity,Hispanic,PAR,Parkinson's disease,ICD-10,58.0,,,02/17/2026,02/17/2026,2025-04-01,2026-02-17,2026-02-17,False,,58.0,False,False,2025-04
2877,2025,4,Occurrence,Race-Ethnicity,Multi-Race,PAR,Parkinson's disease,ICD-10,0.0,,,02/17/2026,02/17/2026,2025-04-01,2026-02-17,2026-02-17,False,,0.0,False,False,2025-04
2878,2025,4,Occurrence,Race-Ethnicity,White,PAR,Parkinson's disease,ICD-10,227.0,,,02/17/2026,02/17/2026,2025-04-01,2026-02-17,2026-02-17,False,,227.0,False,False,2025-04
2879,2025,4,Occurrence,Race-Ethnicity,Other/Unknown,PAR,Parkinson's disease,ICD-10,,1,Cell suppressed for small numbers,02/17/2026,02/17/2026,2025-04-01,2026-02-17,2026-02-17,True,Cell suppressed for small numbers,,False,False,2025-04
2880,2025,4,Occurrence,Total Population,Total Population,PNF,Influenza and pneumonia,ICD-10,474.0,,,02/17/2026,02/17/2026,2025-04-01,2026-02-17,2026-02-17,False,,474.0,True,False,2025-04
2881,2025,4,Occurrence,Gender,Female,PNF,Influenza and pneumonia,ICD-10,228.0,,,02/17/2026,02/17/2026,2025-04-01,2026-02-17,2026-02-17,False,,228.0,False,False,2025-04
2882,2025,4,Occurrence,Gender,Male,PNF,Influenza and pneumonia,ICD-10,246.0,,,02/17/2026,02/17/2026,2025-04-01,2026-02-17,2026-02-17,False,,246.0,False,False,2025-04
2883,2025,4,Occurrence,Race-Ethnicity,American Indian/Alaska Native,PNF,Influenza and pneumonia,ICD-10,,1,Cell suppressed for small numbers,02/17/2026,02/17/2026,2025-04-01,2026-02-17,2026-02-17,True,Cell suppressed for small numbers,,False,False,2025-04
2884,2025,4,Occurrence,Race-Ethnicity,Asian,PNF,Influenza and pneumonia,ICD-10,78.0,,,02/17/2026,02/17/2026,2025-04-01,2026-02-17,2026-02-17,False,,78.0,False,False,2025-04
2885,2025,4,Occurrence,Race-Ethnicity,Black,PNF,Influenza and pneumonia,ICD-10,33.0,,,02/17/2026,02/17/2026,2025-04-01,2026-02-17,2026-02-17,False,,33.0,False,False,2025-04
2886,2025,4,Occurrence,Race-Ethnicity,Hawaiian/Pacific Islander,PNF,Influenza and pneumonia,ICD-10,,1,Cell suppressed for small numbers,02/17/2026,02/17/2026,2025-04-01,2026-02-17,2026-02-17,True,Cell suppressed for small numbers,,False,False,2025-04
2887,2025,4,Occurrence,Race-Ethnicity,Hispanic,PNF,Influenza and pneumonia,ICD-10,122.0,,,02/17/2026,02/17/2026,2025-04-01,2026-02-17,2026-02-17,False,,122.0,False,False,2025-04
2888,2025,4,Occurrence,Race-Ethnicity,Multi-Race,PNF,Influenza and pneumonia,ICD-10,,1,Cell suppressed for small numbers,02/17/2026,02/17/2026,2025-04-01,2026-02-17,2026-02-17,True,Cell suppressed for small numbers,,False,False,2025-04
2889,2025,4,Occurrence,Race-Ethnicity,White,PNF,Influenza and pneumonia,ICD-10,229.0,,,02/17/2026,02/17/2026,2025-04-01,2026-02-17,2026-02-17,False,,229.0,False,False,2025-04
2890,2025,4,Occurrence,Race-Ethnicity,Other/Unknown,PNF,Influenza and pneumonia,ICD-10,,1,Cell suppressed for small numbers,02/17/2026,02/17/2026,2025-04-01,2026-02-17,2026-02-17,True,Cell suppressed for small numbers,,False,False,2025-04
2891,2025,4,Occurrence,Total Population,Total Population,STK,Cerebrovascular diseases,ICD-10,1477.0,,,02/17/2026,02/17/2026,2025-04-01,2026-02-17,2026-02-17,False,,1477.0,True,False,2025-04
2892,2025,4,Occurrence,Gender,Female,STK,Cerebrovascular diseases,ICD-10,793.0,,,02/17/2026,02/17/2026,2025-04-01,2026-02-17,2026-02-17,False,,793.0,False,False,2025-04
2893,2025,4,Occurrence,Gender,Male,STK,Cerebrovascular diseases,ICD-10,684.0,,,02/17/2026,02/17/2026,2025-04-01,2026-02-17,2026-02-17,False,,684.0,False,False,2025-04
2894,2025,4,Occurrence,Race-Ethnicity,American Indian/Alaska Native,STK,Cerebrovascular diseases,ICD-10,,1,Cell suppressed for small numbers,02/17/2026,02/17/2026,2025-04-01,2026-02-17,2026-02-17,True,Cell suppressed for small numbers,,False,False,2025-04
2895,2025,4,Occurrence,Race-Ethnicity,Asian,STK,Cerebrovascular diseases,ICD-10,224.0,,,02/17/2026,02/17/2026,2025-04-01,2026-02-17,2026-02-17,False,,224.0,False,False,2025-04
2896,2025,4,Occurrence,Race-Ethnicity,Black,STK,Cerebrovascular diseases,ICD-10,110.0,,,02/17/2026,02/17/2026,2025-04-01,2026-02-17,2026-02-17,False,,110.0,False,False,2025-04
2897,2025,4,Occurrence,Race-Ethnicity,Hawaiian/Pacific Islander,STK,Cerebrovascular diseases,ICD-10,,2,Cell suppressed for complementary cell,02/17/2026,02/17/2026,2025-04-01,2026-02-17,2026-02-17,True,Cell suppressed for complementary cell,,False,False,2025-04
2898,2025,4,Occurrence,Race-Ethnicity,Hispanic,STK,Cerebrovascular diseases,ICD-10,331.0,,,02/17/2026,02/17/2026,2025-04-01,2026-02-17,2026-02-17,False,,331.0,False,False,2025-04
2899,2025,4,Occurrence,Race-Ethnicity,Multi-Race,STK,Cerebrovascular diseases,ICD-10,20.0,,,02/17/2026,02/17/2026,2025-04-01,2026-02-17,2026-02-17,False,,20.0,False,False,2025-04
2900,2025,4,Occurrence,Race-Ethnicity,White,STK,Cerebrovascular diseases,ICD-10,755.0,,,02/17/2026,02/17/2026,2025-04-01,2026-02-17,2026-02-17,False,,755.0,False,False,2025-04
2901,2025,4,Occurrence,Race-Ethnicity,Other/Unknown,STK,Cerebrovascular diseases,ICD-10,21.0,,,02/17/2026,02/17/2026,2025-04-01,2026-02-17,2026-02-17,False,,21.0,False,False,2025-04
2902,2025,4,Occurrence,Total Population,Total Population,SUI,Intentional self-harm (suicide),ICD-10,354.0,,,02/17/2026,02/17/2026,2025-04-01,2026-02-17,2026-02-17,False,,354.0,True,False,2025-04
2903,2025,4,Occurrence,Gender,Female,SUI,Intentional self-harm (suicide),ICD-10,84.0,,,02/17/2026,02/17/2026,2025-04-01,2026-02-17,2026-02-17,False,,84.0,False,False,2025-04
2904,2025,4,Occurrence,Gender,Male,SUI,Intentional self-harm (suicide),ICD-10,269.0,,,02/17/2026,02/17/2026,2025-04-01,2026-02-17,2026-02-17,False,,269.0,False,False,2025-04
2905,2025,4,Occurrence,Race-Ethnicity,American Indian/Alaska Native,SUI,Intentional self-harm (suicide),ICD-10,0.0,,,02/17/2026,02/17/2026,2025-04-01,2026-02-17,2026-02-17,False,,0.0,False,False,2025-04
2906,2025,4,Occurrence,Race-Ethnicity,Asian,SUI,Intentional self-harm (suicide),ICD-10,39.0,,,02/17/2026,02/17/2026,2025-04-01,2026-02-17,2026-02-17,False,,39.0,False,False,2025-04
2907,2025,4,Occurrence,Race-Ethnicity,Black,SUI,Intentional self-harm (suicide),ICD-10,23.0,,,02/17/2026,02/17/2026,2025-04-01,2026-02-17,2026-02-17,False,,23.0,False,False,2025-04
2908,2025,4,Occurrence,Race-Ethnicity,Hawaiian/Pacific Islander,SUI,Intentional self-harm (suicide),ICD-10,,1,Cell suppressed for small numbers,02/17/2026,02/17/2026,2025-04-01,2026-02-17,2026-02-17,True,Cell suppressed for small numbers,,False,False,2025-04
2909,2025,4,Occurrence,Race-Ethnicity,Hispanic,SUI,Intentional self-harm (suicide),ICD-10,86.0,,,02/17/2026,02/17/2026,2025-04-01,2026-02-17,2026-02-17,False,,86.0,False,False,2025-04
2910,2025,4,Occurrence,Race-Ethnicity,Multi-Race,SUI,Intentional self-harm (suicide),ICD-10,,1,Cell suppressed for small numbers,02/17/2026,02/17/2026,2025-04-01,2026-02-17,2026-02-17,True,Cell suppressed for small numbers,,False,False,2025-04
2911,2025,4,Occurrence,Race-Ethnicity,White,SUI,Intentional self-harm (suicide),ICD-10,193.0,,,02/17/2026,02/17/2026,2025-04-01,2026-02-17,2026-02-17,False,,193.0,False,False,2025-04
2912,2025,4,Occurrence,Race-Ethnicity,Other/Unknown,SUI,Intentional self-harm (suicide),ICD-10,,1,Cell suppressed for small numbers,02/17/2026,02/17/2026,2025-04-01,2026-02-17,2026-02-17,True,Cell suppressed for small numbers,,False,False,2025-04
2913,2025,5,Occurrence,Total Population,Total Population,ALL,All causes (total),ICD-10,24035.0,,,02/17/2026,02/17/2026,2025-05-01,2026-02-17,2026-02-17,False,,24035.0,True,True,2025-05
2914,2025,5,Occurrence,Age,Under 1 year,ALL,All causes (total),ICD-10,132.0,,,02/17/2026,02/17/2026,2025-05-01,2026-02-17,2026-02-17,False,,132.0,False,True,2025-05
2915,2025,5,Occurrence,Age,1-4 years,ALL,All causes (total),ICD-10,29.0,,,02/17/2026,02/17/2026,2025-05-01,2026-02-17,2026-02-17,False,,29.0,False,True,2025-05
2916,2025,5,Occurrence,Age,5-14 years,ALL,All causes (total),ICD-10,39.0,,,02/17/2026,02/17/2026,2025-05-01,2026-02-17,2026-02-17,False,,39.0,False,True,2025-05
2917,2025,5,Occurrence,Age,15-24 years,ALL,All causes (total),ICD-10,253.0,,,02/17/2026,02/17/2026,2025-05-01,2026-02-17,2026-02-17,False,,253.0,False,True,2025-05
2918,2025,5,Occurrence,Age,25-34 years,ALL,All causes (total),ICD-10,473.0,,,02/17/2026,02/17/2026,2025-05-01,2026-02-17,2026-02-17,False,,473.0,False,True,2025-05
2919,2025,5,Occurrence,Age,35-44 years,ALL,All causes (total),ICD-10,812.0,,,02/17/2026,02/17/2026,2025-05-01,2026-02-17,2026-02-17,False,,812.0,False,True,2025-05
2920,2025,5,Occurrence,Age,45-54 years,ALL,All causes (total),ICD-10,1259.0,,,02/17/2026,02/17/2026,2025-05-01,2026-02-17,2026-02-17,False,,1259.0,False,True,2025-05
2921,2025,5,Occurrence,Age,55-64 years,ALL,All causes (total),ICD-10,2575.0,,,02/17/2026,02/17/2026,2025-05-01,2026-02-17,2026-02-17,False,,2575.0,False,True,2025-05
2922,2025,5,Occurrence,Age,65-74 years,ALL,All causes (total),ICD-10,4634.0,,,02/17/2026,02/17/2026,2025-05-01,2026-02-17,2026-02-17,False,,4634.0,False,True,2025-05
2923,2025,5,Occurrence,Age,75-84 years,ALL,All causes (total),ICD-10,6303.0,,,02/17/2026,02/17/2026,2025-05-01,2026-02-17,2026-02-17,False,,6303.0,False,True,2025-05
2924,2025,5,Occurrence,Age,85 years and over,ALL,All causes (total),ICD-10,7520.0,,,02/17/2026,02/17/2026,2025-05-01,2026-02-17,2026-02-17,False,,7520.0,False,True,2025-05
2925,2025,5,Occurrence,Gender,Female,ALL,All causes (total),ICD-10,11306.0,,,02/17/2026,02/17/2026,2025-05-01,2026-02-17,2026-02-17,False,,11306.0,False,True,2025-05
2926,2025,5,Occurrence,Gender,Male,ALL,All causes (total),ICD-10,12727.0,,,02/17/2026,02/17/2026,2025-05-01,2026-02-17,2026-02-17,False,,12727.0,False,True,2025-05
2927,2025,5,Occurrence,Place Type,Inpatient,ALL,All causes (total),ICD-10,7531.0,,,02/17/2026,02/17/2026,2025-05-01,2026-02-17,2026-02-17,False,,7531.0,False,True,2025-05
2928,2025,5,Occurrence,Place Type,Emergency Room/Outpatient,ALL,All causes (total),ICD-10,1313.0,,,02/17/2026,02/17/2026,2025-05-01,2026-02-17,2026-02-17,False,,1313.0,False,True,2025-05
2929,2025,5,Occurrence,Place Type,Decedent's Home,ALL,All causes (total),ICD-10,9325.0,,,02/17/2026,02/17/2026,2025-05-01,2026-02-17,2026-02-17,False,,9325.0,False,True,2025-05
2930,2025,5,Occurrence,Place Type,Hospice Facility,ALL,All causes (total),ICD-10,324.0,,,02/17/2026,02/17/2026,2025-05-01,2026-02-17,2026-02-17,False,,324.0,False,True,2025-05
2931,2025,5,Occurrence,Place Type,Nursing Home/Long Term Care Facility,ALL,All causes (total),ICD-10,4144.0,,,02/17/2026,02/17/2026,2025-05-01,2026-02-17,2026-02-17,False,,4144.0,False,True,2025-05
2932,2025,5,Occurrence,Place Type,Other/Unknown,ALL,All causes (total),ICD-10,1398.0,,,02/17/2026,02/17/2026,2025-05-01,2026-02-17,2026-02-17,False,,1398.0,False,True,2025-05
2933,2025,5,Occurrence,Race-Ethnicity,American Indian/Alaska Native,ALL,All causes (total),ICD-10,102.0,,,02/17/2026,02/17/2026,2025-05-01,2026-02-17,2026-02-17,False,,102.0,False,True,2025-05
2934,2025,5,Occurrence,Race-Ethnicity,Asian,ALL,All causes (total),ICD-10,2736.0,,,02/17/2026,02/17/2026,2025-05-01,2026-02-17,2026-02-17,False,,2736.0,False,True,2025-05
2935,2025,5,Occurrence,Race-Ethnicity,Black,ALL,All causes (total),ICD-10,1846.0,,,02/17/2026,02/17/2026,2025-05-01,2026-02-17,2026-02-17,False,,1846.0,False,True,2025-05
2936,2025,5,Occurrence,Race-Ethnicity,Hawaiian/Pacific Islander,ALL,All causes (total),ICD-10,101.0,,,02/17/2026,02/17/2026,2025-05-01,2026-02-17,2026-02-17,False,,101.0,False,True,2025-05
2937,2025,5,Occurrence,Race-Ethnicity,Hispanic,ALL,All causes (total),ICD-10,5520.0,,,02/17/2026,02/17/2026,2025-05-01,2026-02-17,2026-02-17,False,,5520.0,False,True,2025-05
2938,2025,5,Occurrence,Race-Ethnicity,Multi-Race,ALL,All causes (total),ICD-10,275.0,,,02/17/2026,02/17/2026,2025-05-01,2026-02-17,2026-02-17,False,,275.0,False,True,2025-05
2939,2025,5,Occurrence,Race-Ethnicity,White,ALL,All causes (total),ICD-10,13241.0,,,02/17/2026,02/17/2026,2025-05-01,2026-02-17,2026-02-17,False,,13241.0,False,True,2025-05
2940,2025,5,Occurrence,Race-Ethnicity,Other/Unknown,ALL,All causes (total),ICD-10,214.0,,,02/17/2026,02/17/2026,2025-05-01,2026-02-17,2026-02-17,False,,214.0,False,True,2025-05
2941,2025,5,Occurrence,Total Population,Total Population,ALZ,Alzheimer's disease,ICD-10,1323.0,,,02/17/2026,02/17/2026,2025-05-01,2026-02-17,2026-02-17,False,,1323.0,True,False,2025-05
2942,2025,5,Occurrence,Gender,Female,ALZ,Alzheimer's disease,ICD-10,879.0,,,02/17/2026,02/17/2026,2025-05-01,2026-02-17,2026-02-17,False,,879.0,False,False,2025-05
2943,2025,5,Occurrence,Gender,Male,ALZ,Alzheimer's disease,ICD-10,444.0,,,02/17/2026,02/17/2026,2025-05-01,2026-02-17,2026-02-17,False,,444.0,False,False,2025-05
2944,2025,5,Occurrence,Race-Ethnicity,American Indian/Alaska Native,ALZ,Alzheimer's disease,ICD-10,,1,Cell suppressed for small numbers,02/17/2026,02/17/2026,2025-05-01,2026-02-17,2026-02-17,True,Cell suppressed for small numbers,,False,False,2025-05
2945,2025,5,Occurrence,Race-Ethnicity,Asian,ALZ,Alzheimer's disease,ICD-10,152.0,,,02/17/2026,02/17/2026,2025-05-01,2026-02-17,2026-02-17,False,,152.0,False,False,2025-05
2946,2025,5,Occurrence,Race-Ethnicity,Black,ALZ,Alzheimer's disease,ICD-10,79.0,,,02/17/2026,02/17/2026,2025-05-01,2026-02-17,2026-02-17,False,,79.0,False,False,2025-05
2947,2025,5,Occurrence,Race-Ethnicity,Hawaiian/Pacific Islander,ALZ,Alzheimer's disease,ICD-10,,1,Cell suppressed for small numbers,02/17/2026,02/17/2026,2025-05-01,2026-02-17,2026-02-17,True,Cell suppressed for small numbers,,False,False,2025-05
2948,2025,5,Occurrence,Race-Ethnicity,Hispanic,ALZ,Alzheimer's disease,ICD-10,233.0,,,02/17/2026,02/17/2026,2025-05-01,2026-02-17,2026-02-17,False,,233.0,False,False,2025-05
2949,2025,5,Occurrence,Race-Ethnicity,Multi-Race,ALZ,Alzheimer's disease,ICD-10,11.0,,,02/17/2026,02/17/2026,2025-05-01,2026-02-17,2026-02-17,False,,11.0,False,False,2025-05
2950,2025,5,Occurrence,Race-Ethnicity,White,ALZ,Alzheimer's disease,ICD-10,834.0,,,02/17/2026,02/17/2026,2025-05-01,2026-02-17,2026-02-17,False,,834.0,False,False,2025-05
2951,2025,5,Occurrence,Race-Ethnicity,Other/Unknown,ALZ,Alzheimer's disease,ICD-10,,1,Cell suppressed for small numbers,02/17/2026,02/17/2026,2025-05-01,2026-02-17,2026-02-17,True,Cell suppressed for small numbers,,False,False,2025-05
2952,2025,5,Occurrence,Total Population,Total Population,CAN,Malignant neoplasms,ICD-10,5164.0,,,02/17/2026,02/17/2026,2025-05-01,2026-02-17,2026-02-17,False,,5164.0,True,False,2025-05
2953,2025,5,Occurrence,Gender,Female,CAN,Malignant neoplasms,ICD-10,2530.0,,,02/17/2026,02/17/2026,2025-05-01,2026-02-17,2026-02-17,False,,2530.0,False,False,2025-05
2954,2025,5,Occurrence,Gender,Male,CAN,Malignant neoplasms,ICD-10,2633.0,,,02/17/2026,02/17/2026,2025-05-01,2026-02-17,2026-02-17,False,,2633.0,False,False,2025-05
2955,2025,5,Occurrence,Race-Ethnicity,American Indian/Alaska Native,CAN,Malignant neoplasms,ICD-10,14.0,,,02/17/2026,02/17/2026,2025-05-01,2026-02-17,2026-02-17,False,,14.0,False,False,2025-05
2956,2025,5,Occurrence,Race-Ethnicity,Asian,CAN,Malignant neoplasms,ICD-10,681.0,,,02/17/2026,02/17/2026,2025-05-01,2026-02-17,2026-02-17,False,,681.0,False,False,2025-05
2957,2025,5,Occurrence,Race-Ethnicity,Black,CAN,Malignant neoplasms,ICD-10,351.0,,,02/17/2026,02/17/2026,2025-05-01,2026-02-17,2026-02-17,False,,351.0,False,False,2025-05
2958,2025,5,Occurrence,Race-Ethnicity,Hawaiian/Pacific Islander,CAN,Malignant neoplasms,ICD-10,28.0,,,02/17/2026,02/17/2026,2025-05-01,2026-02-17,2026-02-17,False,,28.0,False,False,2025-05
2959,2025,5,Occurrence,Race-Ethnicity,Hispanic,CAN,Malignant neoplasms,ICD-10,1180.0,,,02/17/2026,02/17/2026,2025-05-01,2026-02-17,2026-02-17,False,,1180.0,False,False,2025-05
2960,2025,5,Occurrence,Race-Ethnicity,Multi-Race,CAN,Malignant neoplasms,ICD-10,50.0,,,02/17/2026,02/17/2026,2025-05-01,2026-02-17,2026-02-17,False,,50.0,False,False,2025-05
2961,2025,5,Occurrence,Race-Ethnicity,White,CAN,Malignant neoplasms,ICD-10,2825.0,,,02/17/2026,02/17/2026,2025-05-01,2026-02-17,2026-02-17,False,,2825.0,False,False,2025-05
2962,2025,5,Occurrence,Race-Ethnicity,Other/Unknown,CAN,Malignant neoplasms,ICD-10,35.0,,,02/17/2026,02/17/2026,2025-05-01,2026-02-17,2026-02-17,False,,35.0,False,False,2025-05
2963,2025,5,Occurrence,Total Population,Total Population,CLD,Chronic lower respiratory diseases,ICD-10,938.0,,,02/17/2026,02/17/2026,2025-05-01,2026-02-17,2026-02-17,False,,938.0,True,False,2025-05
2964,2025,5,Occurrence,Gender,Female,CLD,Chronic lower respiratory diseases,ICD-10,489.0,,,02/17/2026,02/17/2026,2025-05-01,2026-02-17,2026-02-17,False,,489.0,False,False,2025-05
2965,2025,5,Occurrence,Gender,Male,CLD,Chronic lower respiratory diseases,ICD-10,449.0,,,02/17/2026,02/17/2026,2025-05-01,2026-02-17,2026-02-17,False,,449.0,False,False,2025-05
2966,2025,5,Occurrence,Race-Ethnicity,American Indian/Alaska Native,CLD,Chronic lower respiratory diseases,ICD-10,,1,Cell suppressed for small numbers,02/17/2026,02/17/2026,2025-05-01,2026-02-17,2026-02-17,True,Cell suppressed for small numbers,,False,False,2025-05
2967,2025,5,Occurrence,Race-Ethnicity,Asian,CLD,Chronic lower respiratory diseases,ICD-10,61.0,,,02/17/2026,02/17/2026,2025-05-01,2026-02-17,2026-02-17,False,,61.0,False,False,2025-05
2968,2025,5,Occurrence,Race-Ethnicity,Black,CLD,Chronic lower respiratory diseases,ICD-10,73.0,,,02/17/2026,02/17/2026,2025-05-01,2026-02-17,2026-02-17,False,,73.0,False,False,2025-05
2969,2025,5,Occurrence,Race-Ethnicity,Hawaiian/Pacific Islander,CLD,Chronic lower respiratory diseases,ICD-10,,1,Cell suppressed for small numbers,02/17/2026,02/17/2026,2025-05-01,2026-02-17,2026-02-17,True,Cell suppressed for small numbers,,False,False,2025-05
2970,2025,5,Occurrence,Race-Ethnicity,Hispanic,CLD,Chronic lower respiratory diseases,ICD-10,104.0,,,02/17/2026,02/17/2026,2025-05-01,2026-02-17,2026-02-17,False,,104.0,False,False,2025-05
2971,2025,5,Occurrence,Race-Ethnicity,Multi-Race,CLD,Chronic lower respiratory diseases,ICD-10,,1,Cell suppressed for small numbers,02/17/2026,02/17/2026,2025-05-01,2026-02-17,2026-02-17,True,Cell suppressed for small numbers,,False,False,2025-05
2972,2025,5,Occurrence,Race-Ethnicity,White,CLD,Chronic lower respiratory diseases,ICD-10,672.0,,,02/17/2026,02/17/2026,2025-05-01,2026-02-17,2026-02-17,False,,672.0,False,False,2025-05
2973,2025,5,Occurrence,Race-Ethnicity,Other/Unknown,CLD,Chronic lower respiratory diseases,ICD-10,15.0,,,02/17/2026,02/17/2026,2025-05-01,2026-02-17,2026-02-17,False,,15.0,False,False,2025-05
2974,2025,5,Occurrence,Total Population,Total Population,DIA,Diabetes mellitus,ICD-10,907.0,,,02/17/2026,02/17/2026,2025-05-01,2026-02-17,2026-02-17,False,,907.0,True,False,2025-05
2975,2025,5,Occurrence,Gender,Female,DIA,Diabetes mellitus,ICD-10,382.0,,,02/17/2026,02/17/2026,2025-05-01,2026-02-17,2026-02-17,False,,382.0,False,False,2025-05
2976,2025,5,Occurrence,Gender,Male,DIA,Diabetes mellitus,ICD-10,525.0,,,02/17/2026,02/17/2026,2025-05-01,2026-02-17,2026-02-17,False,,525.0,False,False,2025-05
2977,2025,5,Occurrence,Race-Ethnicity,American Indian/Alaska Native,DIA,Diabetes mellitus,ICD-10,,1,Cell suppressed for small numbers,02/17/2026,02/17/2026,2025-05-01,2026-02-17,2026-02-17,True,Cell suppressed for small numbers,,False,False,2025-05
2978,2025,5,Occurrence,Race-Ethnicity,Asian,DIA,Diabetes mellitus,ICD-10,143.0,,,02/17/2026,02/17/2026,2025-05-01,2026-02-17,2026-02-17,False,,143.0,False,False,2025-05
2979,2025,5,Occurrence,Race-Ethnicity,Black,DIA,Diabetes mellitus,ICD-10,99.0,,,02/17/2026,02/17/2026,2025-05-01,2026-02-17,2026-02-17,False,,99.0,False,False,2025-05
2980,2025,5,Occurrence,Race-Ethnicity,Hawaiian/Pacific Islander,DIA,Diabetes mellitus,ICD-10,13.0,,,02/17/2026,02/17/2026,2025-05-01,2026-02-17,2026-02-17,False,,13.0,False,False,2025-05
2981,2025,5,Occurrence,Race-Ethnicity,Hispanic,DIA,Diabetes mellitus,ICD-10,312.0,,,02/17/2026,02/17/2026,2025-05-01,2026-02-17,2026-02-17,False,,312.0,False,False,2025-05
2982,2025,5,Occurrence,Race-Ethnicity,Multi-Race,DIA,Diabetes mellitus,ICD-10,11.0,,,02/17/2026,02/17/2026,2025-05-01,2026-02-17,2026-02-17,False,,11.0,False,False,2025-05
2983,2025,5,Occurrence,Race-Ethnicity,White,DIA,Diabetes mellitus,ICD-10,321.0,,,02/17/2026,02/17/2026,2025-05-01,2026-02-17,2026-02-17,False,,321.0,False,False,2025-05
2984,2025,5,Occurrence,Race-Ethnicity,Other/Unknown,DIA,Diabetes mellitus,ICD-10,,1,Cell suppressed for small numbers,02/17/2026,02/17/2026,2025-05-01,2026-02-17,2026-02-17,True,Cell suppressed for small numbers,,False,False,2025-05
2985,2025,5,Occurrence,Total Population,Total Population,HOM,Assault (homicide),ICD-10,127.0,,,02/17/2026,02/17/2026,2025-05-01,2026-02-17,2026-02-17,False,,127.0,True,False,2025-05
2986,2025,5,Occurrence,Gender,Female,HOM,Assault (homicide),ICD-10,25.0,,,02/17/2026,02/17/2026,2025-05-01,2026-02-17,2026-02-17,False,,25.0,False,False,2025-05
2987,2025,5,Occurrence,Gender,Male,HOM,Assault (homicide),ICD-10,102.0,,,02/17/2026,02/17/2026,2025-05-01,2026-02-17,2026-02-17,False,,102.0,False,False,2025-05
2988,2025,5,Occurrence,Race-Ethnicity,American Indian/Alaska Native,HOM,Assault (homicide),ICD-10,0.0,,,02/17/2026,02/17/2026,2025-05-01,2026-02-17,2026-02-17,False,,0.0,False,False,2025-05
2989,2025,5,Occurrence,Race-Ethnicity,Asian,HOM,Assault (homicide),ICD-10,,1,Cell suppressed for small numbers,02/17/2026,02/17/2026,2025-05-01,2026-02-17,2026-02-17,True,Cell suppressed for small numbers,,False,False,2025-05
2990,2025,5,Occurrence,Race-Ethnicity,Black,HOM,Assault (homicide),ICD-10,32.0,,,02/17/2026,02/17/2026,2025-05-01,2026-02-17,2026-02-17,False,,32.0,False,False,2025-05
2991,2025,5,Occurrence,Race-Ethnicity,Hawaiian/Pacific Islander,HOM,Assault (homicide),ICD-10,,1,Cell suppressed for small numbers,02/17/2026,02/17/2026,2025-05-01,2026-02-17,2026-02-17,True,Cell suppressed for small numbers,,False,False,2025-05
2992,2025,5,Occurrence,Race-Ethnicity,Hispanic,HOM,Assault (homicide),ICD-10,63.0,,,02/17/2026,02/17/2026,2025-05-01,2026-02-17,2026-02-17,False,,63.0,False,False,2025-05
2993,2025,5,Occurrence,Race-Ethnicity,Multi-Race,HOM,Assault (homicide),ICD-10,,1,Cell suppressed for small numbers,02/17/2026,02/17/2026,2025-05-01,2026-02-17,2026-02-17,True,Cell suppressed for small numbers,,False,False,2025-05
2994,2025,5,Occurrence,Race-Ethnicity,White,HOM,Assault (homicide),ICD-10,23.0,,,02/17/2026,02/17/2026,2025-05-01,2026-02-17,2026-02-17,False,,23.0,False,False,2025-05
2995,2025,5,Occurrence,Race-Ethnicity,Other/Unknown,HOM,Assault (homicide),ICD-10,,1,Cell suppressed for small numbers,02/17/2026,02/17/2026,2025-05-01,2026-02-17,2026-02-17,True,Cell suppressed for small numbers,,False,False,2025-05
2996,2025,5,Occurrence,Total Population,Total Population,HTD,Diseases of heart,ICD-10,5261.0,,,02/17/2026,02/17/2026,2025-05-01,2026-02-17,2026-02-17,False,,5261.0,True,False,2025-05
2997,2025,5,Occurrence,Gender,Female,HTD,Diseases of heart,ICD-10,2289.0,,,02/17/2026,02/17/2026,2025-05-01,2026-02-17,2026-02-17,False,,2289.0,False,False,2025-05
2998,2025,5,Occurrence,Gender,Male,HTD,Diseases of heart,ICD-10,2972.0,,,02/17/2026,02/17/2026,2025-05-01,2026-02-17,2026-02-17,False,,2972.0,False,False,2025-05
2999,2025,5,Occurrence,Race-Ethnicity,American Indian/Alaska Native,HTD,Diseases of heart,ICD-10,27.0,,,02/17/2026,02/17/2026,2025-05-01,2026-02-17,2026-02-17,False,,27.0,False,False,2025-05
3000,2025,5,Occurrence,Race-Ethnicity,Asian,HTD,Diseases of heart,ICD-10,575.0,,,02/17/2026,02/17/2026,2025-05-01,2026-02-17,2026-02-17,False,,575.0,False,False,2025-05
3001,2025,5,Occurrence,Race-Ethnicity,Black,HTD,Diseases of heart,ICD-10,410.0,,,02/17/2026,02/17/2026,2025-05-01,2026-02-17,2026-02-17,False,,410.0,False,False,2025-05
3002,2025,5,Occurrence,Race-Ethnicity,Hawaiian/Pacific Islander,HTD,Diseases of heart,ICD-10,20.0,,,02/17/2026,02/17/2026,2025-05-01,2026-02-17,2026-02-17,False,,20.0,False,False,2025-05
3003,2025,5,Occurrence,Race-Ethnicity,Hispanic,HTD,Diseases of heart,ICD-10,1025.0,,,02/17/2026,02/17/2026,2025-05-01,2026-02-17,2026-02-17,False,,1025.0,False,False,2025-05
3004,2025,5,Occurrence,Race-Ethnicity,Multi-Race,HTD,Diseases of heart,ICD-10,55.0,,,02/17/2026,02/17/2026,2025-05-01,2026-02-17,2026-02-17,False,,55.0,False,False,2025-05
3005,2025,5,Occurrence,Race-Ethnicity,White,HTD,Diseases of heart,ICD-10,3100.0,,,02/17/2026,02/17/2026,2025-05-01,2026-02-17,2026-02-17,False,,3100.0,False,False,2025-05
3006,2025,5,Occurrence,Race-Ethnicity,Other/Unknown,HTD,Diseases of heart,ICD-10,49.0,,,02/17/2026,02/17/2026,2025-05-01,2026-02-17,2026-02-17,False,,49.0,False,False,2025-05
3007,2025,5,Occurrence,Total Population,Total Population,HYP,Essential hypertension and hypertensive renal disease,ICD-10,549.0,,,02/17/2026,02/17/2026,2025-05-01,2026-02-17,2026-02-17,False,,549.0,True,False,2025-05
3008,2025,5,Occurrence,Gender,Female,HYP,Essential hypertension and hypertensive renal disease,ICD-10,279.0,,,02/17/2026,02/17/2026,2025-05-01,2026-02-17,2026-02-17,False,,279.0,False,False,2025-05
3009,2025,5,Occurrence,Gender,Male,HYP,Essential hypertension and hypertensive renal disease,ICD-10,270.0,,,02/17/2026,02/17/2026,2025-05-01,2026-02-17,2026-02-17,False,,270.0,False,False,2025-05
3010,2025,5,Occurrence,Race-Ethnicity,American Indian/Alaska Native,HYP,Essential hypertension and hypertensive renal disease,ICD-10,,1,Cell suppressed for small numbers,02/17/2026,02/17/2026,2025-05-01,2026-02-17,2026-02-17,True,Cell suppressed for small numbers,,False,False,2025-05
3011,2025,5,Occurrence,Race-Ethnicity,Asian,HYP,Essential hypertension and hypertensive renal disease,ICD-10,81.0,,,02/17/2026,02/17/2026,2025-05-01,2026-02-17,2026-02-17,False,,81.0,False,False,2025-05
3012,2025,5,Occurrence,Race-Ethnicity,Black,HYP,Essential hypertension and hypertensive renal disease,ICD-10,65.0,,,02/17/2026,02/17/2026,2025-05-01,2026-02-17,2026-02-17,False,,65.0,False,False,2025-05
3013,2025,5,Occurrence,Race-Ethnicity,Hawaiian/Pacific Islander,HYP,Essential hypertension and hypertensive renal disease,ICD-10,,1,Cell suppressed for small numbers,02/17/2026,02/17/2026,2025-05-01,2026-02-17,2026-02-17,True,Cell suppressed for small numbers,,False,False,2025-05
3014,2025,5,Occurrence,Race-Ethnicity,Hispanic,HYP,Essential hypertension and hypertensive renal disease,ICD-10,122.0,,,02/17/2026,02/17/2026,2025-05-01,2026-02-17,2026-02-17,False,,122.0,False,False,2025-05
3015,2025,5,Occurrence,Race-Ethnicity,Multi-Race,HYP,Essential hypertension and hypertensive renal disease,ICD-10,,1,Cell suppressed for small numbers,02/17/2026,02/17/2026,2025-05-01,2026-02-17,2026-02-17,True,Cell suppressed for small numbers,,False,False,2025-05
3016,2025,5,Occurrence,Race-Ethnicity,White,HYP,Essential hypertension and hypertensive renal disease,ICD-10,267.0,,,02/17/2026,02/17/2026,2025-05-01,2026-02-17,2026-02-17,False,,267.0,False,False,2025-05
3017,2025,5,Occurrence,Race-Ethnicity,Other/Unknown,HYP,Essential hypertension and hypertensive renal disease,ICD-10,,1,Cell suppressed for small numbers,02/17/2026,02/17/2026,2025-05-01,2026-02-17,2026-02-17,True,Cell suppressed for small numbers,,False,False,2025-05
3018,2025,5,Occurrence,Total Population,Total Population,INJ,Accidents (unintentional injuries),ICD-10,1534.0,,,02/17/2026,02/17/2026,2025-05-01,2026-02-17,2026-02-17,False,,1534.0,True,False,2025-05
3019,2025,5,Occurrence,Gender,Female,INJ,Accidents (unintentional injuries),ICD-10,394.0,,,02/17/2026,02/17/2026,2025-05-01,2026-02-17,2026-02-17,False,,394.0,False,False,2025-05
3020,2025,5,Occurrence,Gender,Male,INJ,Accidents (unintentional injuries),ICD-10,1140.0,,,02/17/2026,02/17/2026,2025-05-01,2026-02-17,2026-02-17,False,,1140.0,False,False,2025-05
3021,2025,5,Occurrence,Race-Ethnicity,American Indian/Alaska Native,INJ,Accidents (unintentional injuries),ICD-10,,1,Cell suppressed for small numbers,02/17/2026,02/17/2026,2025-05-01,2026-02-17,2026-02-17,True,Cell suppressed for small numbers,,False,False,2025-05
3022,2025,5,Occurrence,Race-Ethnicity,Asian,INJ,Accidents (unintentional injuries),ICD-10,105.0,,,02/17/2026,02/17/2026,2025-05-01,2026-02-17,2026-02-17,False,,105.0,False,False,2025-05
3023,2025,5,Occurrence,Race-Ethnicity,Black,INJ,Accidents (unintentional injuries),ICD-10,166.0,,,02/17/2026,02/17/2026,2025-05-01,2026-02-17,2026-02-17,False,,166.0,False,False,2025-05
3024,2025,5,Occurrence,Race-Ethnicity,Hawaiian/Pacific Islander,INJ,Accidents (unintentional injuries),ICD-10,,1,Cell suppressed for small numbers,02/17/2026,02/17/2026,2025-05-01,2026-02-17,2026-02-17,True,Cell suppressed for small numbers,,False,False,2025-05
3025,2025,5,Occurrence,Race-Ethnicity,Hispanic,INJ,Accidents (unintentional injuries),ICD-10,533.0,,,02/17/2026,02/17/2026,2025-05-01,2026-02-17,2026-02-17,False,,533.0,False,False,2025-05
3026,2025,5,Occurrence,Race-Ethnicity,Multi-Race,INJ,Accidents (unintentional injuries),ICD-10,36.0,,,02/17/2026,02/17/2026,2025-05-01,2026-02-17,2026-02-17,False,,36.0,False,False,2025-05
3027,2025,5,Occurrence,Race-Ethnicity,White,INJ,Accidents (unintentional injuries),ICD-10,650.0,,,02/17/2026,02/17/2026,2025-05-01,2026-02-17,2026-02-17,False,,650.0,False,False,2025-05
3028,2025,5,Occurrence,Race-Ethnicity,Other/Unknown,INJ,Accidents (unintentional injuries),ICD-10,31.0,,,02/17/2026,02/17/2026,2025-05-01,2026-02-17,2026-02-17,False,,31.0,False,False,2025-05
3029,2025,5,Occurrence,Total Population,Total Population,LIV,Chronic liver disease and cirrhosis,ICD-10,534.0,,,02/17/2026,02/17/2026,2025-05-01,2026-02-17,2026-02-17,False,,534.0,True,False,2025-05
3030,2025,5,Occurrence,Gender,Female,LIV,Chronic liver disease and cirrhosis,ICD-10,202.0,,,02/17/2026,02/17/2026,2025-05-01,2026-02-17,2026-02-17,False,,202.0,False,False,2025-05
3031,2025,5,Occurrence,Gender,Male,LIV,Chronic liver disease and cirrhosis,ICD-10,332.0,,,02/17/2026,02/17/2026,2025-05-01,2026-02-17,2026-02-17,False,,332.0,False,False,2025-05
3032,2025,5,Occurrence,Race-Ethnicity,American Indian/Alaska Native,LIV,Chronic liver disease and cirrhosis,ICD-10,,1,Cell suppressed for small numbers,02/17/2026,02/17/2026,2025-05-01,2026-02-17,2026-02-17,True,Cell suppressed for small numbers,,False,False,2025-05
3033,2025,5,Occurrence,Race-Ethnicity,Asian,LIV,Chronic liver disease and cirrhosis,ICD-10,20.0,,,02/17/2026,02/17/2026,2025-05-01,2026-02-17,2026-02-17,False,,20.0,False,False,2025-05
3034,2025,5,Occurrence,Race-Ethnicity,Black,LIV,Chronic liver disease and cirrhosis,ICD-10,21.0,,,02/17/2026,02/17/2026,2025-05-01,2026-02-17,2026-02-17,False,,21.0,False,False,2025-05
3035,2025,5,Occurrence,Race-Ethnicity,Hawaiian/Pacific Islander,LIV,Chronic liver disease and cirrhosis,ICD-10,,1,Cell suppressed for small numbers,02/17/2026,02/17/2026,2025-05-01,2026-02-17,2026-02-17,True,Cell suppressed for small numbers,,False,False,2025-05
3036,2025,5,Occurrence,Race-Ethnicity,Hispanic,LIV,Chronic liver disease and cirrhosis,ICD-10,235.0,,,02/17/2026,02/17/2026,2025-05-01,2026-02-17,2026-02-17,False,,235.0,False,False,2025-05
3037,2025,5,Occurrence,Race-Ethnicity,Multi-Race,LIV,Chronic liver disease and cirrhosis,ICD-10,,1,Cell suppressed for small numbers,02/17/2026,02/17/2026,2025-05-01,2026-02-17,2026-02-17,True,Cell suppressed for small numbers,,False,False,2025-05
3038,2025,5,Occurrence,Race-Ethnicity,White,LIV,Chronic liver disease and cirrhosis,ICD-10,239.0,,,02/17/2026,02/17/2026,2025-05-01,2026-02-17,2026-02-17,False,,239.0,False,False,2025-05
3039,2025,5,Occurrence,Race-Ethnicity,Other/Unknown,LIV,Chronic liver disease and cirrhosis,ICD-10,,1,Cell suppressed for small numbers,02/17/2026,02/17/2026,2025-05-01,2026-02-17,2026-02-17,True,Cell suppressed for small numbers,,False,False,2025-05
3040,2025,5,Occurrence,Total Population,Total Population,NEP,"Nephritis, nephrotic syndrome and nephrosis",ICD-10,441.0,,,02/17/2026,02/17/2026,2025-05-01,2026-02-17,2026-02-17,False,,441.0,True,False,2025-05
3041,2025,5,Occurrence,Gender,Female,NEP,"Nephritis, nephrotic syndrome and nephrosis",ICD-10,207.0,,,02/17/2026,02/17/2026,2025-05-01,2026-02-17,2026-02-17,False,,207.0,False,False,2025-05
3042,2025,5,Occurrence,Gender,Male,NEP,"Nephritis, nephrotic syndrome and nephrosis",ICD-10,234.0,,,02/17/2026,02/17/2026,2025-05-01,2026-02-17,2026-02-17,False,,234.0,False,False,2025-05
3043,2025,5,Occurrence,Race-Ethnicity,American Indian/Alaska Native,NEP,"Nephritis, nephrotic syndrome and nephrosis",ICD-10,,1,Cell suppressed for small numbers,02/17/2026,02/17/2026,2025-05-01,2026-02-17,2026-02-17,True,Cell suppressed for small numbers,,False,False,2025-05
3044,2025,5,Occurrence,Race-Ethnicity,Asian,NEP,"Nephritis, nephrotic syndrome and nephrosis",ICD-10,60.0,,,02/17/2026,02/17/2026,2025-05-01,2026-02-17,2026-02-17,False,,60.0,False,False,2025-05
3045,2025,5,Occurrence,Race-Ethnicity,Black,NEP,"Nephritis, nephrotic syndrome and nephrosis",ICD-10,46.0,,,02/17/2026,02/17/2026,2025-05-01,2026-02-17,2026-02-17,False,,46.0,False,False,2025-05
3046,2025,5,Occurrence,Race-Ethnicity,Hawaiian/Pacific Islander,NEP,"Nephritis, nephrotic syndrome and nephrosis",ICD-10,0.0,,,02/17/2026,02/17/2026,2025-05-01,2026-02-17,2026-02-17,False,,0.0,False,False,2025-05
3047,2025,5,Occurrence,Race-Ethnicity,Hispanic,NEP,"Nephritis, nephrotic syndrome and nephrosis",ICD-10,138.0,,,02/17/2026,02/17/2026,2025-05-01,2026-02-17,2026-02-17,False,,138.0,False,False,2025-05
3048,2025,5,Occurrence,Race-Ethnicity,Multi-Race,NEP,"Nephritis, nephrotic syndrome and nephrosis",ICD-10,,1,Cell suppressed for small numbers,02/17/2026,02/17/2026,2025-05-01,2026-02-17,2026-02-17,True,Cell suppressed for small numbers,,False,False,2025-05
3049,2025,5,Occurrence,Race-Ethnicity,White,NEP,"Nephritis, nephrotic syndrome and nephrosis",ICD-10,189.0,,,02/17/2026,02/17/2026,2025-05-01,2026-02-17,2026-02-17,False,,189.0,False,False,2025-05
3050,2025,5,Occurrence,Race-Ethnicity,Other/Unknown,NEP,"Nephritis, nephrotic syndrome and nephrosis",ICD-10,,1,Cell suppressed for small numbers,02/17/2026,02/17/2026,2025-05-01,2026-02-17,2026-02-17,True,Cell suppressed for small numbers,,False,False,2025-05
3051,2025,5,Occurrence,Total Population,Total Population,PAR,Parkinson's disease,ICD-10,359.0,,,02/17/2026,02/17/2026,2025-05-01,2026-02-17,2026-02-17,False,,359.0,True,False,2025-05
3052,2025,5,Occurrence,Gender,Female,PAR,Parkinson's disease,ICD-10,131.0,,,02/17/2026,02/17/2026,2025-05-01,2026-02-17,2026-02-17,False,,131.0,False,False,2025-05
3053,2025,5,Occurrence,Gender,Male,PAR,Parkinson's disease,ICD-10,228.0,,,02/17/2026,02/17/2026,2025-05-01,2026-02-17,2026-02-17,False,,228.0,False,False,2025-05
3054,2025,5,Occurrence,Race-Ethnicity,American Indian/Alaska Native,PAR,Parkinson's disease,ICD-10,0.0,,,02/17/2026,02/17/2026,2025-05-01,2026-02-17,2026-02-17,False,,0.0,False,False,2025-05
3055,2025,5,Occurrence,Race-Ethnicity,Asian,PAR,Parkinson's disease,ICD-10,39.0,,,02/17/2026,02/17/2026,2025-05-01,2026-02-17,2026-02-17,False,,39.0,False,False,2025-05
3056,2025,5,Occurrence,Race-Ethnicity,Black,PAR,Parkinson's disease,ICD-10,,2,Cell suppressed for complementary cell,02/17/2026,02/17/2026,2025-05-01,2026-02-17,2026-02-17,True,Cell suppressed for complementary cell,,False,False,2025-05
3057,2025,5,Occurrence,Race-Ethnicity,Hawaiian/Pacific Islander,PAR,Parkinson's disease,ICD-10,0.0,,,02/17/2026,02/17/2026,2025-05-01,2026-02-17,2026-02-17,False,,0.0,False,False,2025-05
3058,2025,5,Occurrence,Race-Ethnicity,Hispanic,PAR,Parkinson's disease,ICD-10,42.0,,,02/17/2026,02/17/2026,2025-05-01,2026-02-17,2026-02-17,False,,42.0,False,False,2025-05
3059,2025,5,Occurrence,Race-Ethnicity,Multi-Race,PAR,Parkinson's disease,ICD-10,,1,Cell suppressed for small numbers,02/17/2026,02/17/2026,2025-05-01,2026-02-17,2026-02-17,True,Cell suppressed for small numbers,,False,False,2025-05
3060,2025,5,Occurrence,Race-Ethnicity,White,PAR,Parkinson's disease,ICD-10,259.0,,,02/17/2026,02/17/2026,2025-05-01,2026-02-17,2026-02-17,False,,259.0,False,False,2025-05
3061,2025,5,Occurrence,Race-Ethnicity,Other/Unknown,PAR,Parkinson's disease,ICD-10,,1,Cell suppressed for small numbers,02/17/2026,02/17/2026,2025-05-01,2026-02-17,2026-02-17,True,Cell suppressed for small numbers,,False,False,2025-05
3062,2025,5,Occurrence,Total Population,Total Population,PNF,Influenza and pneumonia,ICD-10,413.0,,,02/17/2026,02/17/2026,2025-05-01,2026-02-17,2026-02-17,False,,413.0,True,False,2025-05
3063,2025,5,Occurrence,Gender,Female,PNF,Influenza and pneumonia,ICD-10,188.0,,,02/17/2026,02/17/2026,2025-05-01,2026-02-17,2026-02-17,False,,188.0,False,False,2025-05
3064,2025,5,Occurrence,Gender,Male,PNF,Influenza and pneumonia,ICD-10,225.0,,,02/17/2026,02/17/2026,2025-05-01,2026-02-17,2026-02-17,False,,225.0,False,False,2025-05
3065,2025,5,Occurrence,Race-Ethnicity,American Indian/Alaska Native,PNF,Influenza and pneumonia,ICD-10,,1,Cell suppressed for small numbers,02/17/2026,02/17/2026,2025-05-01,2026-02-17,2026-02-17,True,Cell suppressed for small numbers,,False,False,2025-05
3066,2025,5,Occurrence,Race-Ethnicity,Asian,PNF,Influenza and pneumonia,ICD-10,57.0,,,02/17/2026,02/17/2026,2025-05-01,2026-02-17,2026-02-17,False,,57.0,False,False,2025-05
3067,2025,5,Occurrence,Race-Ethnicity,Black,PNF,Influenza and pneumonia,ICD-10,26.0,,,02/17/2026,02/17/2026,2025-05-01,2026-02-17,2026-02-17,False,,26.0,False,False,2025-05
3068,2025,5,Occurrence,Race-Ethnicity,Hawaiian/Pacific Islander,PNF,Influenza and pneumonia,ICD-10,,1,Cell suppressed for small numbers,02/17/2026,02/17/2026,2025-05-01,2026-02-17,2026-02-17,True,Cell suppressed for small numbers,,False,False,2025-05
3069,2025,5,Occurrence,Race-Ethnicity,Hispanic,PNF,Influenza and pneumonia,ICD-10,97.0,,,02/17/2026,02/17/2026,2025-05-01,2026-02-17,2026-02-17,False,,97.0,False,False,2025-05
3070,2025,5,Occurrence,Race-Ethnicity,Multi-Race,PNF,Influenza and pneumonia,ICD-10,,1,Cell suppressed for small numbers,02/17/2026,02/17/2026,2025-05-01,2026-02-17,2026-02-17,True,Cell suppressed for small numbers,,False,False,2025-05
3071,2025,5,Occurrence,Race-Ethnicity,White,PNF,Influenza and pneumonia,ICD-10,215.0,,,02/17/2026,02/17/2026,2025-05-01,2026-02-17,2026-02-17,False,,215.0,False,False,2025-05
3072,2025,5,Occurrence,Race-Ethnicity,Other/Unknown,PNF,Influenza and pneumonia,ICD-10,,1,Cell suppressed for small numbers,02/17/2026,02/17/2026,2025-05-01,2026-02-17,2026-02-17,True,Cell suppressed for small numbers,,False,False,2025-05
3073,2025,5,Occurrence,Total Population,Total Population,STK,Cerebrovascular diseases,ICD-10,1491.0,,,02/17/2026,02/17/2026,2025-05-01,2026-02-17,2026-02-17,False,,1491.0,True,False,2025-05
3074,2025,5,Occurrence,Gender,Female,STK,Cerebrovascular diseases,ICD-10,863.0,,,02/17/2026,02/17/2026,2025-05-01,2026-02-17,2026-02-17,False,,863.0,False,False,2025-05
3075,2025,5,Occurrence,Gender,Male,STK,Cerebrovascular diseases,ICD-10,628.0,,,02/17/2026,02/17/2026,2025-05-01,2026-02-17,2026-02-17,False,,628.0,False,False,2025-05
3076,2025,5,Occurrence,Race-Ethnicity,American Indian/Alaska Native,STK,Cerebrovascular diseases,ICD-10,12.0,,,02/17/2026,02/17/2026,2025-05-01,2026-02-17,2026-02-17,False,,12.0,False,False,2025-05
3077,2025,5,Occurrence,Race-Ethnicity,Asian,STK,Cerebrovascular diseases,ICD-10,226.0,,,02/17/2026,02/17/2026,2025-05-01,2026-02-17,2026-02-17,False,,226.0,False,False,2025-05
3078,2025,5,Occurrence,Race-Ethnicity,Black,STK,Cerebrovascular diseases,ICD-10,122.0,,,02/17/2026,02/17/2026,2025-05-01,2026-02-17,2026-02-17,False,,122.0,False,False,2025-05
3079,2025,5,Occurrence,Race-Ethnicity,Hawaiian/Pacific Islander,STK,Cerebrovascular diseases,ICD-10,,1,Cell suppressed for small numbers,02/17/2026,02/17/2026,2025-05-01,2026-02-17,2026-02-17,True,Cell suppressed for small numbers,,False,False,2025-05
3080,2025,5,Occurrence,Race-Ethnicity,Hispanic,STK,Cerebrovascular diseases,ICD-10,337.0,,,02/17/2026,02/17/2026,2025-05-01,2026-02-17,2026-02-17,False,,337.0,False,False,2025-05
3081,2025,5,Occurrence,Race-Ethnicity,Multi-Race,STK,Cerebrovascular diseases,ICD-10,14.0,,,02/17/2026,02/17/2026,2025-05-01,2026-02-17,2026-02-17,False,,14.0,False,False,2025-05
3082,2025,5,Occurrence,Race-Ethnicity,White,STK,Cerebrovascular diseases,ICD-10,767.0,,,02/17/2026,02/17/2026,2025-05-01,2026-02-17,2026-02-17,False,,767.0,False,False,2025-05
3083,2025,5,Occurrence,Race-Ethnicity,Other/Unknown,STK,Cerebrovascular diseases,ICD-10,,1,Cell suppressed for small numbers,02/17/2026,02/17/2026,2025-05-01,2026-02-17,2026-02-17,True,Cell suppressed for small numbers,,False,False,2025-05
3084,2025,5,Occurrence,Total Population,Total Population,SUI,Intentional self-harm (suicide),ICD-10,351.0,,,02/17/2026,02/17/2026,2025-05-01,2026-02-17,2026-02-17,False,,351.0,True,False,2025-05
3085,2025,5,Occurrence,Gender,Female,SUI,Intentional self-harm (suicide),ICD-10,69.0,,,02/17/2026,02/17/2026,2025-05-01,2026-02-17,2026-02-17,False,,69.0,False,False,2025-05
3086,2025,5,Occurrence,Gender,Male,SUI,Intentional self-harm (suicide),ICD-10,282.0,,,02/17/2026,02/17/2026,2025-05-01,2026-02-17,2026-02-17,False,,282.0,False,False,2025-05
3087,2025,5,Occurrence,Race-Ethnicity,American Indian/Alaska Native,SUI,Intentional self-harm (suicide),ICD-10,,1,Cell suppressed for small numbers,02/17/2026,02/17/2026,2025-05-01,2026-02-17,2026-02-17,True,Cell suppressed for small numbers,,False,False,2025-05
3088,2025,5,Occurrence,Race-Ethnicity,Asian,SUI,Intentional self-harm (suicide),ICD-10,39.0,,,02/17/2026,02/17/2026,2025-05-01,2026-02-17,2026-02-17,False,,39.0,False,False,2025-05
3089,2025,5,Occurrence,Race-Ethnicity,Black,SUI,Intentional self-harm (suicide),ICD-10,15.0,,,02/17/2026,02/17/2026,2025-05-01,2026-02-17,2026-02-17,False,,15.0,False,False,2025-05
3090,2025,5,Occurrence,Race-Ethnicity,Hawaiian/Pacific Islander,SUI,Intentional self-harm (suicide),ICD-10,,1,Cell suppressed for small numbers,02/17/2026,02/17/2026,2025-05-01,2026-02-17,2026-02-17,True,Cell suppressed for small numbers,,False,False,2025-05
3091,2025,5,Occurrence,Race-Ethnicity,Hispanic,SUI,Intentional self-harm (suicide),ICD-10,92.0,,,02/17/2026,02/17/2026,2025-05-01,2026-02-17,2026-02-17,False,,92.0,False,False,2025-05
3092,2025,5,Occurrence,Race-Ethnicity,Multi-Race,SUI,Intentional self-harm (suicide),ICD-10,,1,Cell suppressed for small numbers,02/17/2026,02/17/2026,2025-05-01,2026-02-17,2026-02-17,True,Cell suppressed for small numbers,,False,False,2025-05
3093,2025,5,Occurrence,Race-Ethnicity,White,SUI,Intentional self-harm (suicide),ICD-10,185.0,,,02/17/2026,02/17/2026,2025-05-01,2026-02-17,2026-02-17,False,,185.0,False,False,2025-05
3094,2025,5,Occurrence,Race-Ethnicity,Other/Unknown,SUI,Intentional self-harm (suicide),ICD-10,,1,Cell suppressed for small numbers,02/17/2026,02/17/2026,2025-05-01,2026-02-17,2026-02-17,True,Cell suppressed for small numbers,,False,False,2025-05
3095,2025,6,Occurrence,Total Population,Total Population,ALL,All causes (total),ICD-10,22424.0,,,02/17/2026,02/17/2026,2025-06-01,2026-02-17,2026-02-17,False,,22424.0,True,True,2025-06
3096,2025,6,Occurrence,Age,Under 1 year,ALL,All causes (total),ICD-10,110.0,,,02/17/2026,02/17/2026,2025-06-01,2026-02-17,2026-02-17,False,,110.0,False,True,2025-06
3097,2025,6,Occurrence,Age,1-4 years,ALL,All causes (total),ICD-10,24.0,,,02/17/2026,02/17/2026,2025-06-01,2026-02-17,2026-02-17,False,,24.0,False,True,2025-06
3098,2025,6,Occurrence,Age,5-14 years,ALL,All causes (total),ICD-10,33.0,,,02/17/2026,02/17/2026,2025-06-01,2026-02-17,2026-02-17,False,,33.0,False,True,2025-06
3099,2025,6,Occurrence,Age,15-24 years,ALL,All causes (total),ICD-10,235.0,,,02/17/2026,02/17/2026,2025-06-01,2026-02-17,2026-02-17,False,,235.0,False,True,2025-06
3100,2025,6,Occurrence,Age,25-34 years,ALL,All causes (total),ICD-10,489.0,,,02/17/2026,02/17/2026,2025-06-01,2026-02-17,2026-02-17,False,,489.0,False,True,2025-06
3101,2025,6,Occurrence,Age,35-44 years,ALL,All causes (total),ICD-10,730.0,,,02/17/2026,02/17/2026,2025-06-01,2026-02-17,2026-02-17,False,,730.0,False,True,2025-06
3102,2025,6,Occurrence,Age,45-54 years,ALL,All causes (total),ICD-10,1233.0,,,02/17/2026,02/17/2026,2025-06-01,2026-02-17,2026-02-17,False,,1233.0,False,True,2025-06
3103,2025,6,Occurrence,Age,55-64 years,ALL,All causes (total),ICD-10,2486.0,,,02/17/2026,02/17/2026,2025-06-01,2026-02-17,2026-02-17,False,,2486.0,False,True,2025-06
3104,2025,6,Occurrence,Age,65-74 years,ALL,All causes (total),ICD-10,4342.0,,,02/17/2026,02/17/2026,2025-06-01,2026-02-17,2026-02-17,False,,4342.0,False,True,2025-06
3105,2025,6,Occurrence,Age,75-84 years,ALL,All causes (total),ICD-10,5722.0,,,02/17/2026,02/17/2026,2025-06-01,2026-02-17,2026-02-17,False,,5722.0,False,True,2025-06
3106,2025,6,Occurrence,Age,85 years and over,ALL,All causes (total),ICD-10,7015.0,,,02/17/2026,02/17/2026,2025-06-01,2026-02-17,2026-02-17,False,,7015.0,False,True,2025-06
3107,2025,6,Occurrence,Gender,Female,ALL,All causes (total),ICD-10,10396.0,,,02/17/2026,02/17/2026,2025-06-01,2026-02-17,2026-02-17,False,,10396.0,False,True,2025-06
3108,2025,6,Occurrence,Gender,Male,ALL,All causes (total),ICD-10,12025.0,,,02/17/2026,02/17/2026,2025-06-01,2026-02-17,2026-02-17,False,,12025.0,False,True,2025-06
3109,2025,6,Occurrence,Place Type,Inpatient,ALL,All causes (total),ICD-10,6959.0,,,02/17/2026,02/17/2026,2025-06-01,2026-02-17,2026-02-17,False,,6959.0,False,True,2025-06
3110,2025,6,Occurrence,Place Type,Emergency Room/Outpatient,ALL,All causes (total),ICD-10,1143.0,,,02/17/2026,02/17/2026,2025-06-01,2026-02-17,2026-02-17,False,,1143.0,False,True,2025-06
3111,2025,6,Occurrence,Place Type,Decedent's Home,ALL,All causes (total),ICD-10,8783.0,,,02/17/2026,02/17/2026,2025-06-01,2026-02-17,2026-02-17,False,,8783.0,False,True,2025-06
3112,2025,6,Occurrence,Place Type,Hospice Facility,ALL,All causes (total),ICD-10,313.0,,,02/17/2026,02/17/2026,2025-06-01,2026-02-17,2026-02-17,False,,313.0,False,True,2025-06
3113,2025,6,Occurrence,Place Type,Nursing Home/Long Term Care Facility,ALL,All causes (total),ICD-10,3925.0,,,02/17/2026,02/17/2026,2025-06-01,2026-02-17,2026-02-17,False,,3925.0,False,True,2025-06
3114,2025,6,Occurrence,Place Type,Other/Unknown,ALL,All causes (total),ICD-10,1301.0,,,02/17/2026,02/17/2026,2025-06-01,2026-02-17,2026-02-17,False,,1301.0,False,True,2025-06
3115,2025,6,Occurrence,Race-Ethnicity,American Indian/Alaska Native,ALL,All causes (total),ICD-10,117.0,,,02/17/2026,02/17/2026,2025-06-01,2026-02-17,2026-02-17,False,,117.0,False,True,2025-06
3116,2025,6,Occurrence,Race-Ethnicity,Asian,ALL,All causes (total),ICD-10,2652.0,,,02/17/2026,02/17/2026,2025-06-01,2026-02-17,2026-02-17,False,,2652.0,False,True,2025-06
3117,2025,6,Occurrence,Race-Ethnicity,Black,ALL,All causes (total),ICD-10,1752.0,,,02/17/2026,02/17/2026,2025-06-01,2026-02-17,2026-02-17,False,,1752.0,False,True,2025-06
3118,2025,6,Occurrence,Race-Ethnicity,Hawaiian/Pacific Islander,ALL,All causes (total),ICD-10,91.0,,,02/17/2026,02/17/2026,2025-06-01,2026-02-17,2026-02-17,False,,91.0,False,True,2025-06
3119,2025,6,Occurrence,Race-Ethnicity,Hispanic,ALL,All causes (total),ICD-10,5180.0,,,02/17/2026,02/17/2026,2025-06-01,2026-02-17,2026-02-17,False,,5180.0,False,True,2025-06
3120,2025,6,Occurrence,Race-Ethnicity,Multi-Race,ALL,All causes (total),ICD-10,210.0,,,02/17/2026,02/17/2026,2025-06-01,2026-02-17,2026-02-17,False,,210.0,False,True,2025-06
3121,2025,6,Occurrence,Race-Ethnicity,White,ALL,All causes (total),ICD-10,12225.0,,,02/17/2026,02/17/2026,2025-06-01,2026-02-17,2026-02-17,False,,12225.0,False,True,2025-06
3122,2025,6,Occurrence,Race-Ethnicity,Other/Unknown,ALL,All causes (total),ICD-10,197.0,,,02/17/2026,02/17/2026,2025-06-01,2026-02-17,2026-02-17,False,,197.0,False,True,2025-06
3123,2025,6,Occurrence,Total Population,Total Population,ALZ,Alzheimer's disease,ICD-10,1224.0,,,02/17/2026,02/17/2026,2025-06-01,2026-02-17,2026-02-17,False,,1224.0,True,False,2025-06
3124,2025,6,Occurrence,Gender,Female,ALZ,Alzheimer's disease,ICD-10,808.0,,,02/17/2026,02/17/2026,2025-06-01,2026-02-17,2026-02-17,False,,808.0,False,False,2025-06
3125,2025,6,Occurrence,Gender,Male,ALZ,Alzheimer's disease,ICD-10,416.0,,,02/17/2026,02/17/2026,2025-06-01,2026-02-17,2026-02-17,False,,416.0,False,False,2025-06
3126,2025,6,Occurrence,Race-Ethnicity,American Indian/Alaska Native,ALZ,Alzheimer's disease,ICD-10,,1,Cell suppressed for small numbers,02/17/2026,02/17/2026,2025-06-01,2026-02-17,2026-02-17,True,Cell suppressed for small numbers,,False,False,2025-06
3127,2025,6,Occurrence,Race-Ethnicity,Asian,ALZ,Alzheimer's disease,ICD-10,133.0,,,02/17/2026,02/17/2026,2025-06-01,2026-02-17,2026-02-17,False,,133.0,False,False,2025-06
3128,2025,6,Occurrence,Race-Ethnicity,Black,ALZ,Alzheimer's disease,ICD-10,81.0,,,02/17/2026,02/17/2026,2025-06-01,2026-02-17,2026-02-17,False,,81.0,False,False,2025-06
3129,2025,6,Occurrence,Race-Ethnicity,Hawaiian/Pacific Islander,ALZ,Alzheimer's disease,ICD-10,,1,Cell suppressed for small numbers,02/17/2026,02/17/2026,2025-06-01,2026-02-17,2026-02-17,True,Cell suppressed for small numbers,,False,False,2025-06
3130,2025,6,Occurrence,Race-Ethnicity,Hispanic,ALZ,Alzheimer's disease,ICD-10,239.0,,,02/17/2026,02/17/2026,2025-06-01,2026-02-17,2026-02-17,False,,239.0,False,False,2025-06
3131,2025,6,Occurrence,Race-Ethnicity,Multi-Race,ALZ,Alzheimer's disease,ICD-10,,1,Cell suppressed for small numbers,02/17/2026,02/17/2026,2025-06-01,2026-02-17,2026-02-17,True,Cell suppressed for small numbers,,False,False,2025-06
3132,2025,6,Occurrence,Race-Ethnicity,White,ALZ,Alzheimer's disease,ICD-10,755.0,,,02/17/2026,02/17/2026,2025-06-01,2026-02-17,2026-02-17,False,,755.0,False,False,2025-06
3133,2025,6,Occurrence,Race-Ethnicity,Other/Unknown,ALZ,Alzheimer's disease,ICD-10,,1,Cell suppressed for small numbers,02/17/2026,02/17/2026,2025-06-01,2026-02-17,2026-02-17,True,Cell suppressed for small numbers,,False,False,2025-06
3134,2025,6,Occurrence,Total Population,Total Population,CAN,Malignant neoplasms,ICD-10,5026.0,,,02/17/2026,02/17/2026,2025-06-01,2026-02-17,2026-02-17,False,,5026.0,True,False,2025-06
3135,2025,6,Occurrence,Gender,Female,CAN,Malignant neoplasms,ICD-10,2374.0,,,02/17/2026,02/17/2026,2025-06-01,2026-02-17,2026-02-17,False,,2374.0,False,False,2025-06
3136,2025,6,Occurrence,Gender,Male,CAN,Malignant neoplasms,ICD-10,2652.0,,,02/17/2026,02/17/2026,2025-06-01,2026-02-17,2026-02-17,False,,2652.0,False,False,2025-06
3137,2025,6,Occurrence,Race-Ethnicity,American Indian/Alaska Native,CAN,Malignant neoplasms,ICD-10,20.0,,,02/17/2026,02/17/2026,2025-06-01,2026-02-17,2026-02-17,False,,20.0,False,False,2025-06
3138,2025,6,Occurrence,Race-Ethnicity,Asian,CAN,Malignant neoplasms,ICD-10,687.0,,,02/17/2026,02/17/2026,2025-06-01,2026-02-17,2026-02-17,False,,687.0,False,False,2025-06
3139,2025,6,Occurrence,Race-Ethnicity,Black,CAN,Malignant neoplasms,ICD-10,371.0,,,02/17/2026,02/17/2026,2025-06-01,2026-02-17,2026-02-17,False,,371.0,False,False,2025-06
3140,2025,6,Occurrence,Race-Ethnicity,Hawaiian/Pacific Islander,CAN,Malignant neoplasms,ICD-10,21.0,,,02/17/2026,02/17/2026,2025-06-01,2026-02-17,2026-02-17,False,,21.0,False,False,2025-06
3141,2025,6,Occurrence,Race-Ethnicity,Hispanic,CAN,Malignant neoplasms,ICD-10,1138.0,,,02/17/2026,02/17/2026,2025-06-01,2026-02-17,2026-02-17,False,,1138.0,False,False,2025-06
3142,2025,6,Occurrence,Race-Ethnicity,Multi-Race,CAN,Malignant neoplasms,ICD-10,53.0,,,02/17/2026,02/17/2026,2025-06-01,2026-02-17,2026-02-17,False,,53.0,False,False,2025-06
3143,2025,6,Occurrence,Race-Ethnicity,White,CAN,Malignant neoplasms,ICD-10,2703.0,,,02/17/2026,02/17/2026,2025-06-01,2026-02-17,2026-02-17,False,,2703.0,False,False,2025-06
3144,2025,6,Occurrence,Race-Ethnicity,Other/Unknown,CAN,Malignant neoplasms,ICD-10,33.0,,,02/17/2026,02/17/2026,2025-06-01,2026-02-17,2026-02-17,False,,33.0,False,False,2025-06
3145,2025,6,Occurrence,Total Population,Total Population,CLD,Chronic lower respiratory diseases,ICD-10,922.0,,,02/17/2026,02/17/2026,2025-06-01,2026-02-17,2026-02-17,False,,922.0,True,False,2025-06
3146,2025,6,Occurrence,Gender,Female,CLD,Chronic lower respiratory diseases,ICD-10,486.0,,,02/17/2026,02/17/2026,2025-06-01,2026-02-17,2026-02-17,False,,486.0,False,False,2025-06
3147,2025,6,Occurrence,Gender,Male,CLD,Chronic lower respiratory diseases,ICD-10,436.0,,,02/17/2026,02/17/2026,2025-06-01,2026-02-17,2026-02-17,False,,436.0,False,False,2025-06
3148,2025,6,Occurrence,Race-Ethnicity,American Indian/Alaska Native,CLD,Chronic lower respiratory diseases,ICD-10,,1,Cell suppressed for small numbers,02/17/2026,02/17/2026,2025-06-01,2026-02-17,2026-02-17,True,Cell suppressed for small numbers,,False,False,2025-06
3149,2025,6,Occurrence,Race-Ethnicity,Asian,CLD,Chronic lower respiratory diseases,ICD-10,82.0,,,02/17/2026,02/17/2026,2025-06-01,2026-02-17,2026-02-17,False,,82.0,False,False,2025-06
3150,2025,6,Occurrence,Race-Ethnicity,Black,CLD,Chronic lower respiratory diseases,ICD-10,71.0,,,02/17/2026,02/17/2026,2025-06-01,2026-02-17,2026-02-17,False,,71.0,False,False,2025-06
3151,2025,6,Occurrence,Race-Ethnicity,Hawaiian/Pacific Islander,CLD,Chronic lower respiratory diseases,ICD-10,,1,Cell suppressed for small numbers,02/17/2026,02/17/2026,2025-06-01,2026-02-17,2026-02-17,True,Cell suppressed for small numbers,,False,False,2025-06
3152,2025,6,Occurrence,Race-Ethnicity,Hispanic,CLD,Chronic lower respiratory diseases,ICD-10,83.0,,,02/17/2026,02/17/2026,2025-06-01,2026-02-17,2026-02-17,False,,83.0,False,False,2025-06
3153,2025,6,Occurrence,Race-Ethnicity,Multi-Race,CLD,Chronic lower respiratory diseases,ICD-10,11.0,,,02/17/2026,02/17/2026,2025-06-01,2026-02-17,2026-02-17,False,,11.0,False,False,2025-06
3154,2025,6,Occurrence,Race-Ethnicity,White,CLD,Chronic lower respiratory diseases,ICD-10,652.0,,,02/17/2026,02/17/2026,2025-06-01,2026-02-17,2026-02-17,False,,652.0,False,False,2025-06
3155,2025,6,Occurrence,Race-Ethnicity,Other/Unknown,CLD,Chronic lower respiratory diseases,ICD-10,14.0,,,02/17/2026,02/17/2026,2025-06-01,2026-02-17,2026-02-17,False,,14.0,False,False,2025-06
3156,2025,6,Occurrence,Total Population,Total Population,DIA,Diabetes mellitus,ICD-10,856.0,,,02/17/2026,02/17/2026,2025-06-01,2026-02-17,2026-02-17,False,,856.0,True,False,2025-06
3157,2025,6,Occurrence,Gender,Female,DIA,Diabetes mellitus,ICD-10,366.0,,,02/17/2026,02/17/2026,2025-06-01,2026-02-17,2026-02-17,False,,366.0,False,False,2025-06
3158,2025,6,Occurrence,Gender,Male,DIA,Diabetes mellitus,ICD-10,490.0,,,02/17/2026,02/17/2026,2025-06-01,2026-02-17,2026-02-17,False,,490.0,False,False,2025-06
3159,2025,6,Occurrence,Race-Ethnicity,American Indian/Alaska Native,DIA,Diabetes mellitus,ICD-10,,1,Cell suppressed for small numbers,02/17/2026,02/17/2026,2025-06-01,2026-02-17,2026-02-17,True,Cell suppressed for small numbers,,False,False,2025-06
3160,2025,6,Occurrence,Race-Ethnicity,Asian,DIA,Diabetes mellitus,ICD-10,126.0,,,02/17/2026,02/17/2026,2025-06-01,2026-02-17,2026-02-17,False,,126.0,False,False,2025-06
3161,2025,6,Occurrence,Race-Ethnicity,Black,DIA,Diabetes mellitus,ICD-10,86.0,,,02/17/2026,02/17/2026,2025-06-01,2026-02-17,2026-02-17,False,,86.0,False,False,2025-06
3162,2025,6,Occurrence,Race-Ethnicity,Hawaiian/Pacific Islander,DIA,Diabetes mellitus,ICD-10,,1,Cell suppressed for small numbers,02/17/2026,02/17/2026,2025-06-01,2026-02-17,2026-02-17,True,Cell suppressed for small numbers,,False,False,2025-06
3163,2025,6,Occurrence,Race-Ethnicity,Hispanic,DIA,Diabetes mellitus,ICD-10,321.0,,,02/17/2026,02/17/2026,2025-06-01,2026-02-17,2026-02-17,False,,321.0,False,False,2025-06
3164,2025,6,Occurrence,Race-Ethnicity,Multi-Race,DIA,Diabetes mellitus,ICD-10,,1,Cell suppressed for small numbers,02/17/2026,02/17/2026,2025-06-01,2026-02-17,2026-02-17,True,Cell suppressed for small numbers,,False,False,2025-06
3165,2025,6,Occurrence,Race-Ethnicity,White,DIA,Diabetes mellitus,ICD-10,298.0,,,02/17/2026,02/17/2026,2025-06-01,2026-02-17,2026-02-17,False,,298.0,False,False,2025-06
3166,2025,6,Occurrence,Race-Ethnicity,Other/Unknown,DIA,Diabetes mellitus,ICD-10,,1,Cell suppressed for small numbers,02/17/2026,02/17/2026,2025-06-01,2026-02-17,2026-02-17,True,Cell suppressed for small numbers,,False,False,2025-06
3167,2025,6,Occurrence,Total Population,Total Population,HOM,Assault (homicide),ICD-10,124.0,,,02/17/2026,02/17/2026,2025-06-01,2026-02-17,2026-02-17,False,,124.0,True,False,2025-06
3168,2025,6,Occurrence,Gender,Female,HOM,Assault (homicide),ICD-10,18.0,,,02/17/2026,02/17/2026,2025-06-01,2026-02-17,2026-02-17,False,,18.0,False,False,2025-06
3169,2025,6,Occurrence,Gender,Male,HOM,Assault (homicide),ICD-10,106.0,,,02/17/2026,02/17/2026,2025-06-01,2026-02-17,2026-02-17,False,,106.0,False,False,2025-06
3170,2025,6,Occurrence,Race-Ethnicity,American Indian/Alaska Native,HOM,Assault (homicide),ICD-10,,1,Cell suppressed for small numbers,02/17/2026,02/17/2026,2025-06-01,2026-02-17,2026-02-17,True,Cell suppressed for small numbers,,False,False,2025-06
3171,2025,6,Occurrence,Race-Ethnicity,Asian,HOM,Assault (homicide),ICD-10,,1,Cell suppressed for small numbers,02/17/2026,02/17/2026,2025-06-01,2026-02-17,2026-02-17,True,Cell suppressed for small numbers,,False,False,2025-06
3172,2025,6,Occurrence,Race-Ethnicity,Black,HOM,Assault (homicide),ICD-10,26.0,,,02/17/2026,02/17/2026,2025-06-01,2026-02-17,2026-02-17,False,,26.0,False,False,2025-06
3173,2025,6,Occurrence,Race-Ethnicity,Hawaiian/Pacific Islander,HOM,Assault (homicide),ICD-10,,1,Cell suppressed for small numbers,02/17/2026,02/17/2026,2025-06-01,2026-02-17,2026-02-17,True,Cell suppressed for small numbers,,False,False,2025-06
3174,2025,6,Occurrence,Race-Ethnicity,Hispanic,HOM,Assault (homicide),ICD-10,62.0,,,02/17/2026,02/17/2026,2025-06-01,2026-02-17,2026-02-17,False,,62.0,False,False,2025-06
3175,2025,6,Occurrence,Race-Ethnicity,Multi-Race,HOM,Assault (homicide),ICD-10,,1,Cell suppressed for small numbers,02/17/2026,02/17/2026,2025-06-01,2026-02-17,2026-02-17,True,Cell suppressed for small numbers,,False,False,2025-06
3176,2025,6,Occurrence,Race-Ethnicity,White,HOM,Assault (homicide),ICD-10,23.0,,,02/17/2026,02/17/2026,2025-06-01,2026-02-17,2026-02-17,False,,23.0,False,False,2025-06
3177,2025,6,Occurrence,Race-Ethnicity,Other/Unknown,HOM,Assault (homicide),ICD-10,0.0,,,02/17/2026,02/17/2026,2025-06-01,2026-02-17,2026-02-17,False,,0.0,False,False,2025-06
3178,2025,6,Occurrence,Total Population,Total Population,HTD,Diseases of heart,ICD-10,4788.0,,,02/17/2026,02/17/2026,2025-06-01,2026-02-17,2026-02-17,False,,4788.0,True,False,2025-06
3179,2025,6,Occurrence,Gender,Female,HTD,Diseases of heart,ICD-10,2088.0,,,02/17/2026,02/17/2026,2025-06-01,2026-02-17,2026-02-17,False,,2088.0,False,False,2025-06
3180,2025,6,Occurrence,Gender,Male,HTD,Diseases of heart,ICD-10,2700.0,,,02/17/2026,02/17/2026,2025-06-01,2026-02-17,2026-02-17,False,,2700.0,False,False,2025-06
3181,2025,6,Occurrence,Race-Ethnicity,American Indian/Alaska Native,HTD,Diseases of heart,ICD-10,26.0,,,02/17/2026,02/17/2026,2025-06-01,2026-02-17,2026-02-17,False,,26.0,False,False,2025-06
3182,2025,6,Occurrence,Race-Ethnicity,Asian,HTD,Diseases of heart,ICD-10,528.0,,,02/17/2026,02/17/2026,2025-06-01,2026-02-17,2026-02-17,False,,528.0,False,False,2025-06
3183,2025,6,Occurrence,Race-Ethnicity,Black,HTD,Diseases of heart,ICD-10,399.0,,,02/17/2026,02/17/2026,2025-06-01,2026-02-17,2026-02-17,False,,399.0,False,False,2025-06
3184,2025,6,Occurrence,Race-Ethnicity,Hawaiian/Pacific Islander,HTD,Diseases of heart,ICD-10,26.0,,,02/17/2026,02/17/2026,2025-06-01,2026-02-17,2026-02-17,False,,26.0,False,False,2025-06
3185,2025,6,Occurrence,Race-Ethnicity,Hispanic,HTD,Diseases of heart,ICD-10,945.0,,,02/17/2026,02/17/2026,2025-06-01,2026-02-17,2026-02-17,False,,945.0,False,False,2025-06
3186,2025,6,Occurrence,Race-Ethnicity,Multi-Race,HTD,Diseases of heart,ICD-10,41.0,,,02/17/2026,02/17/2026,2025-06-01,2026-02-17,2026-02-17,False,,41.0,False,False,2025-06
3187,2025,6,Occurrence,Race-Ethnicity,White,HTD,Diseases of heart,ICD-10,2777.0,,,02/17/2026,02/17/2026,2025-06-01,2026-02-17,2026-02-17,False,,2777.0,False,False,2025-06
3188,2025,6,Occurrence,Race-Ethnicity,Other/Unknown,HTD,Diseases of heart,ICD-10,46.0,,,02/17/2026,02/17/2026,2025-06-01,2026-02-17,2026-02-17,False,,46.0,False,False,2025-06
3189,2025,6,Occurrence,Total Population,Total Population,HYP,Essential hypertension and hypertensive renal disease,ICD-10,505.0,,,02/17/2026,02/17/2026,2025-06-01,2026-02-17,2026-02-17,False,,505.0,True,False,2025-06
3190,2025,6,Occurrence,Gender,Female,HYP,Essential hypertension and hypertensive renal disease,ICD-10,263.0,,,02/17/2026,02/17/2026,2025-06-01,2026-02-17,2026-02-17,False,,263.0,False,False,2025-06
3191,2025,6,Occurrence,Gender,Male,HYP,Essential hypertension and hypertensive renal disease,ICD-10,242.0,,,02/17/2026,02/17/2026,2025-06-01,2026-02-17,2026-02-17,False,,242.0,False,False,2025-06
3192,2025,6,Occurrence,Race-Ethnicity,American Indian/Alaska Native,HYP,Essential hypertension and hypertensive renal disease,ICD-10,,1,Cell suppressed for small numbers,02/17/2026,02/17/2026,2025-06-01,2026-02-17,2026-02-17,True,Cell suppressed for small numbers,,False,False,2025-06
3193,2025,6,Occurrence,Race-Ethnicity,Asian,HYP,Essential hypertension and hypertensive renal disease,ICD-10,74.0,,,02/17/2026,02/17/2026,2025-06-01,2026-02-17,2026-02-17,False,,74.0,False,False,2025-06
3194,2025,6,Occurrence,Race-Ethnicity,Black,HYP,Essential hypertension and hypertensive renal disease,ICD-10,52.0,,,02/17/2026,02/17/2026,2025-06-01,2026-02-17,2026-02-17,False,,52.0,False,False,2025-06
3195,2025,6,Occurrence,Race-Ethnicity,Hawaiian/Pacific Islander,HYP,Essential hypertension and hypertensive renal disease,ICD-10,,1,Cell suppressed for small numbers,02/17/2026,02/17/2026,2025-06-01,2026-02-17,2026-02-17,True,Cell suppressed for small numbers,,False,False,2025-06
3196,2025,6,Occurrence,Race-Ethnicity,Hispanic,HYP,Essential hypertension and hypertensive renal disease,ICD-10,94.0,,,02/17/2026,02/17/2026,2025-06-01,2026-02-17,2026-02-17,False,,94.0,False,False,2025-06
3197,2025,6,Occurrence,Race-Ethnicity,Multi-Race,HYP,Essential hypertension and hypertensive renal disease,ICD-10,,1,Cell suppressed for small numbers,02/17/2026,02/17/2026,2025-06-01,2026-02-17,2026-02-17,True,Cell suppressed for small numbers,,False,False,2025-06
3198,2025,6,Occurrence,Race-Ethnicity,White,HYP,Essential hypertension and hypertensive renal disease,ICD-10,273.0,,,02/17/2026,02/17/2026,2025-06-01,2026-02-17,2026-02-17,False,,273.0,False,False,2025-06
3199,2025,6,Occurrence,Race-Ethnicity,Other/Unknown,HYP,Essential hypertension and hypertensive renal disease,ICD-10,,1,Cell suppressed for small numbers,02/17/2026,02/17/2026,2025-06-01,2026-02-17,2026-02-17,True,Cell suppressed for small numbers,,False,False,2025-06
3200,2025,6,Occurrence,Total Population,Total Population,INJ,Accidents (unintentional injuries),ICD-10,1459.0,,,02/17/2026,02/17/2026,2025-06-01,2026-02-17,2026-02-17,False,,1459.0,True,False,2025-06
3201,2025,6,Occurrence,Gender,Female,INJ,Accidents (unintentional injuries),ICD-10,370.0,,,02/17/2026,02/17/2026,2025-06-01,2026-02-17,2026-02-17,False,,370.0,False,False,2025-06
3202,2025,6,Occurrence,Gender,Male,INJ,Accidents (unintentional injuries),ICD-10,1087.0,,,02/17/2026,02/17/2026,2025-06-01,2026-02-17,2026-02-17,False,,1087.0,False,False,2025-06
3203,2025,6,Occurrence,Race-Ethnicity,American Indian/Alaska Native,INJ,Accidents (unintentional injuries),ICD-10,18.0,,,02/17/2026,02/17/2026,2025-06-01,2026-02-17,2026-02-17,False,,18.0,False,False,2025-06
3204,2025,6,Occurrence,Race-Ethnicity,Asian,INJ,Accidents (unintentional injuries),ICD-10,110.0,,,02/17/2026,02/17/2026,2025-06-01,2026-02-17,2026-02-17,False,,110.0,False,False,2025-06
3205,2025,6,Occurrence,Race-Ethnicity,Black,INJ,Accidents (unintentional injuries),ICD-10,153.0,,,02/17/2026,02/17/2026,2025-06-01,2026-02-17,2026-02-17,False,,153.0,False,False,2025-06
3206,2025,6,Occurrence,Race-Ethnicity,Hawaiian/Pacific Islander,INJ,Accidents (unintentional injuries),ICD-10,,1,Cell suppressed for small numbers,02/17/2026,02/17/2026,2025-06-01,2026-02-17,2026-02-17,True,Cell suppressed for small numbers,,False,False,2025-06
3207,2025,6,Occurrence,Race-Ethnicity,Hispanic,INJ,Accidents (unintentional injuries),ICD-10,497.0,,,02/17/2026,02/17/2026,2025-06-01,2026-02-17,2026-02-17,False,,497.0,False,False,2025-06
3208,2025,6,Occurrence,Race-Ethnicity,Multi-Race,INJ,Accidents (unintentional injuries),ICD-10,,2,Cell suppressed for complementary cell,02/17/2026,02/17/2026,2025-06-01,2026-02-17,2026-02-17,True,Cell suppressed for complementary cell,,False,False,2025-06
3209,2025,6,Occurrence,Race-Ethnicity,White,INJ,Accidents (unintentional injuries),ICD-10,635.0,,,02/17/2026,02/17/2026,2025-06-01,2026-02-17,2026-02-17,False,,635.0,False,False,2025-06
3210,2025,6,Occurrence,Race-Ethnicity,Other/Unknown,INJ,Accidents (unintentional injuries),ICD-10,26.0,,,02/17/2026,02/17/2026,2025-06-01,2026-02-17,2026-02-17,False,,26.0,False,False,2025-06
3211,2025,6,Occurrence,Total Population,Total Population,LIV,Chronic liver disease and cirrhosis,ICD-10,468.0,,,02/17/2026,02/17/2026,2025-06-01,2026-02-17,2026-02-17,False,,468.0,True,False,2025-06
3212,2025,6,Occurrence,Gender,Female,LIV,Chronic liver disease and cirrhosis,ICD-10,190.0,,,02/17/2026,02/17/2026,2025-06-01,2026-02-17,2026-02-17,False,,190.0,False,False,2025-06
3213,2025,6,Occurrence,Gender,Male,LIV,Chronic liver disease and cirrhosis,ICD-10,278.0,,,02/17/2026,02/17/2026,2025-06-01,2026-02-17,2026-02-17,False,,278.0,False,False,2025-06
3214,2025,6,Occurrence,Race-Ethnicity,American Indian/Alaska Native,LIV,Chronic liver disease and cirrhosis,ICD-10,,1,Cell suppressed for small numbers,02/17/2026,02/17/2026,2025-06-01,2026-02-17,2026-02-17,True,Cell suppressed for small numbers,,False,False,2025-06
3215,2025,6,Occurrence,Race-Ethnicity,Asian,LIV,Chronic liver disease and cirrhosis,ICD-10,29.0,,,02/17/2026,02/17/2026,2025-06-01,2026-02-17,2026-02-17,False,,29.0,False,False,2025-06
3216,2025,6,Occurrence,Race-Ethnicity,Black,LIV,Chronic liver disease and cirrhosis,ICD-10,17.0,,,02/17/2026,02/17/2026,2025-06-01,2026-02-17,2026-02-17,False,,17.0,False,False,2025-06
3217,2025,6,Occurrence,Race-Ethnicity,Hawaiian/Pacific Islander,LIV,Chronic liver disease and cirrhosis,ICD-10,,1,Cell suppressed for small numbers,02/17/2026,02/17/2026,2025-06-01,2026-02-17,2026-02-17,True,Cell suppressed for small numbers,,False,False,2025-06
3218,2025,6,Occurrence,Race-Ethnicity,Hispanic,LIV,Chronic liver disease and cirrhosis,ICD-10,206.0,,,02/17/2026,02/17/2026,2025-06-01,2026-02-17,2026-02-17,False,,206.0,False,False,2025-06
3219,2025,6,Occurrence,Race-Ethnicity,Multi-Race,LIV,Chronic liver disease and cirrhosis,ICD-10,,1,Cell suppressed for small numbers,02/17/2026,02/17/2026,2025-06-01,2026-02-17,2026-02-17,True,Cell suppressed for small numbers,,False,False,2025-06
3220,2025,6,Occurrence,Race-Ethnicity,White,LIV,Chronic liver disease and cirrhosis,ICD-10,198.0,,,02/17/2026,02/17/2026,2025-06-01,2026-02-17,2026-02-17,False,,198.0,False,False,2025-06
3221,2025,6,Occurrence,Race-Ethnicity,Other/Unknown,LIV,Chronic liver disease and cirrhosis,ICD-10,,1,Cell suppressed for small numbers,02/17/2026,02/17/2026,2025-06-01,2026-02-17,2026-02-17,True,Cell suppressed for small numbers,,False,False,2025-06
3222,2025,6,Occurrence,Total Population,Total Population,NEP,"Nephritis, nephrotic syndrome and nephrosis",ICD-10,383.0,,,02/17/2026,02/17/2026,2025-06-01,2026-02-17,2026-02-17,False,,383.0,True,False,2025-06
3223,2025,6,Occurrence,Gender,Female,NEP,"Nephritis, nephrotic syndrome and nephrosis",ICD-10,193.0,,,02/17/2026,02/17/2026,2025-06-01,2026-02-17,2026-02-17,False,,193.0,False,False,2025-06
3224,2025,6,Occurrence,Gender,Male,NEP,"Nephritis, nephrotic syndrome and nephrosis",ICD-10,190.0,,,02/17/2026,02/17/2026,2025-06-01,2026-02-17,2026-02-17,False,,190.0,False,False,2025-06
3225,2025,6,Occurrence,Race-Ethnicity,American Indian/Alaska Native,NEP,"Nephritis, nephrotic syndrome and nephrosis",ICD-10,0.0,,,02/17/2026,02/17/2026,2025-06-01,2026-02-17,2026-02-17,False,,0.0,False,False,2025-06
3226,2025,6,Occurrence,Race-Ethnicity,Asian,NEP,"Nephritis, nephrotic syndrome and nephrosis",ICD-10,62.0,,,02/17/2026,02/17/2026,2025-06-01,2026-02-17,2026-02-17,False,,62.0,False,False,2025-06
3227,2025,6,Occurrence,Race-Ethnicity,Black,NEP,"Nephritis, nephrotic syndrome and nephrosis",ICD-10,44.0,,,02/17/2026,02/17/2026,2025-06-01,2026-02-17,2026-02-17,False,,44.0,False,False,2025-06
3228,2025,6,Occurrence,Race-Ethnicity,Hawaiian/Pacific Islander,NEP,"Nephritis, nephrotic syndrome and nephrosis",ICD-10,,1,Cell suppressed for small numbers,02/17/2026,02/17/2026,2025-06-01,2026-02-17,2026-02-17,True,Cell suppressed for small numbers,,False,False,2025-06
3229,2025,6,Occurrence,Race-Ethnicity,Hispanic,NEP,"Nephritis, nephrotic syndrome and nephrosis",ICD-10,110.0,,,02/17/2026,02/17/2026,2025-06-01,2026-02-17,2026-02-17,False,,110.0,False,False,2025-06
3230,2025,6,Occurrence,Race-Ethnicity,Multi-Race,NEP,"Nephritis, nephrotic syndrome and nephrosis",ICD-10,0.0,,,02/17/2026,02/17/2026,2025-06-01,2026-02-17,2026-02-17,False,,0.0,False,False,2025-06
3231,2025,6,Occurrence,Race-Ethnicity,White,NEP,"Nephritis, nephrotic syndrome and nephrosis",ICD-10,164.0,,,02/17/2026,02/17/2026,2025-06-01,2026-02-17,2026-02-17,False,,164.0,False,False,2025-06
3232,2025,6,Occurrence,Race-Ethnicity,Other/Unknown,NEP,"Nephritis, nephrotic syndrome and nephrosis",ICD-10,,1,Cell suppressed for small numbers,02/17/2026,02/17/2026,2025-06-01,2026-02-17,2026-02-17,True,Cell suppressed for small numbers,,False,False,2025-06
3233,2025,6,Occurrence,Total Population,Total Population,PAR,Parkinson's disease,ICD-10,331.0,,,02/17/2026,02/17/2026,2025-06-01,2026-02-17,2026-02-17,False,,331.0,True,False,2025-06
3234,2025,6,Occurrence,Gender,Female,PAR,Parkinson's disease,ICD-10,117.0,,,02/17/2026,02/17/2026,2025-06-01,2026-02-17,2026-02-17,False,,117.0,False,False,2025-06
3235,2025,6,Occurrence,Gender,Male,PAR,Parkinson's disease,ICD-10,214.0,,,02/17/2026,02/17/2026,2025-06-01,2026-02-17,2026-02-17,False,,214.0,False,False,2025-06
3236,2025,6,Occurrence,Race-Ethnicity,American Indian/Alaska Native,PAR,Parkinson's disease,ICD-10,0.0,,,02/17/2026,02/17/2026,2025-06-01,2026-02-17,2026-02-17,False,,0.0,False,False,2025-06
3237,2025,6,Occurrence,Race-Ethnicity,Asian,PAR,Parkinson's disease,ICD-10,49.0,,,02/17/2026,02/17/2026,2025-06-01,2026-02-17,2026-02-17,False,,49.0,False,False,2025-06
3238,2025,6,Occurrence,Race-Ethnicity,Black,PAR,Parkinson's disease,ICD-10,,2,Cell suppressed for complementary cell,02/17/2026,02/17/2026,2025-06-01,2026-02-17,2026-02-17,True,Cell suppressed for complementary cell,,False,False,2025-06
3239,2025,6,Occurrence,Race-Ethnicity,Hawaiian/Pacific Islander,PAR,Parkinson's disease,ICD-10,0.0,,,02/17/2026,02/17/2026,2025-06-01,2026-02-17,2026-02-17,False,,0.0,False,False,2025-06
3240,2025,6,Occurrence,Race-Ethnicity,Hispanic,PAR,Parkinson's disease,ICD-10,45.0,,,02/17/2026,02/17/2026,2025-06-01,2026-02-17,2026-02-17,False,,45.0,False,False,2025-06
3241,2025,6,Occurrence,Race-Ethnicity,Multi-Race,PAR,Parkinson's disease,ICD-10,0.0,,,02/17/2026,02/17/2026,2025-06-01,2026-02-17,2026-02-17,False,,0.0,False,False,2025-06
3242,2025,6,Occurrence,Race-Ethnicity,White,PAR,Parkinson's disease,ICD-10,222.0,,,02/17/2026,02/17/2026,2025-06-01,2026-02-17,2026-02-17,False,,222.0,False,False,2025-06
3243,2025,6,Occurrence,Race-Ethnicity,Other/Unknown,PAR,Parkinson's disease,ICD-10,,1,Cell suppressed for small numbers,02/17/2026,02/17/2026,2025-06-01,2026-02-17,2026-02-17,True,Cell suppressed for small numbers,,False,False,2025-06
3244,2025,6,Occurrence,Total Population,Total Population,PNF,Influenza and pneumonia,ICD-10,354.0,,,02/17/2026,02/17/2026,2025-06-01,2026-02-17,2026-02-17,False,,354.0,True,False,2025-06
3245,2025,6,Occurrence,Gender,Female,PNF,Influenza and pneumonia,ICD-10,176.0,,,02/17/2026,02/17/2026,2025-06-01,2026-02-17,2026-02-17,False,,176.0,False,False,2025-06
3246,2025,6,Occurrence,Gender,Male,PNF,Influenza and pneumonia,ICD-10,178.0,,,02/17/2026,02/17/2026,2025-06-01,2026-02-17,2026-02-17,False,,178.0,False,False,2025-06
3247,2025,6,Occurrence,Race-Ethnicity,American Indian/Alaska Native,PNF,Influenza and pneumonia,ICD-10,,1,Cell suppressed for small numbers,02/17/2026,02/17/2026,2025-06-01,2026-02-17,2026-02-17,True,Cell suppressed for small numbers,,False,False,2025-06
3248,2025,6,Occurrence,Race-Ethnicity,Asian,PNF,Influenza and pneumonia,ICD-10,55.0,,,02/17/2026,02/17/2026,2025-06-01,2026-02-17,2026-02-17,False,,55.0,False,False,2025-06
3249,2025,6,Occurrence,Race-Ethnicity,Black,PNF,Influenza and pneumonia,ICD-10,26.0,,,02/17/2026,02/17/2026,2025-06-01,2026-02-17,2026-02-17,False,,26.0,False,False,2025-06
3250,2025,6,Occurrence,Race-Ethnicity,Hawaiian/Pacific Islander,PNF,Influenza and pneumonia,ICD-10,,1,Cell suppressed for small numbers,02/17/2026,02/17/2026,2025-06-01,2026-02-17,2026-02-17,True,Cell suppressed for small numbers,,False,False,2025-06
3251,2025,6,Occurrence,Race-Ethnicity,Hispanic,PNF,Influenza and pneumonia,ICD-10,79.0,,,02/17/2026,02/17/2026,2025-06-01,2026-02-17,2026-02-17,False,,79.0,False,False,2025-06
3252,2025,6,Occurrence,Race-Ethnicity,Multi-Race,PNF,Influenza and pneumonia,ICD-10,,1,Cell suppressed for small numbers,02/17/2026,02/17/2026,2025-06-01,2026-02-17,2026-02-17,True,Cell suppressed for small numbers,,False,False,2025-06
3253,2025,6,Occurrence,Race-Ethnicity,White,PNF,Influenza and pneumonia,ICD-10,183.0,,,02/17/2026,02/17/2026,2025-06-01,2026-02-17,2026-02-17,False,,183.0,False,False,2025-06
3254,2025,6,Occurrence,Race-Ethnicity,Other/Unknown,PNF,Influenza and pneumonia,ICD-10,,1,Cell suppressed for small numbers,02/17/2026,02/17/2026,2025-06-01,2026-02-17,2026-02-17,True,Cell suppressed for small numbers,,False,False,2025-06
3255,2025,6,Occurrence,Total Population,Total Population,STK,Cerebrovascular diseases,ICD-10,1401.0,,,02/17/2026,02/17/2026,2025-06-01,2026-02-17,2026-02-17,False,,1401.0,True,False,2025-06
3256,2025,6,Occurrence,Gender,Female,STK,Cerebrovascular diseases,ICD-10,737.0,,,02/17/2026,02/17/2026,2025-06-01,2026-02-17,2026-02-17,False,,737.0,False,False,2025-06
3257,2025,6,Occurrence,Gender,Male,STK,Cerebrovascular diseases,ICD-10,664.0,,,02/17/2026,02/17/2026,2025-06-01,2026-02-17,2026-02-17,False,,664.0,False,False,2025-06
3258,2025,6,Occurrence,Race-Ethnicity,American Indian/Alaska Native,STK,Cerebrovascular diseases,ICD-10,,1,Cell suppressed for small numbers,02/17/2026,02/17/2026,2025-06-01,2026-02-17,2026-02-17,True,Cell suppressed for small numbers,,False,False,2025-06
3259,2025,6,Occurrence,Race-Ethnicity,Asian,STK,Cerebrovascular diseases,ICD-10,225.0,,,02/17/2026,02/17/2026,2025-06-01,2026-02-17,2026-02-17,False,,225.0,False,False,2025-06
3260,2025,6,Occurrence,Race-Ethnicity,Black,STK,Cerebrovascular diseases,ICD-10,112.0,,,02/17/2026,02/17/2026,2025-06-01,2026-02-17,2026-02-17,False,,112.0,False,False,2025-06
3261,2025,6,Occurrence,Race-Ethnicity,Hawaiian/Pacific Islander,STK,Cerebrovascular diseases,ICD-10,,1,Cell suppressed for small numbers,02/17/2026,02/17/2026,2025-06-01,2026-02-17,2026-02-17,True,Cell suppressed for small numbers,,False,False,2025-06
3262,2025,6,Occurrence,Race-Ethnicity,Hispanic,STK,Cerebrovascular diseases,ICD-10,293.0,,,02/17/2026,02/17/2026,2025-06-01,2026-02-17,2026-02-17,False,,293.0,False,False,2025-06
3263,2025,6,Occurrence,Race-Ethnicity,Multi-Race,STK,Cerebrovascular diseases,ICD-10,11.0,,,02/17/2026,02/17/2026,2025-06-01,2026-02-17,2026-02-17,False,,11.0,False,False,2025-06
3264,2025,6,Occurrence,Race-Ethnicity,White,STK,Cerebrovascular diseases,ICD-10,746.0,,,02/17/2026,02/17/2026,2025-06-01,2026-02-17,2026-02-17,False,,746.0,False,False,2025-06
3265,2025,6,Occurrence,Race-Ethnicity,Other/Unknown,STK,Cerebrovascular diseases,ICD-10,,1,Cell suppressed for small numbers,02/17/2026,02/17/2026,2025-06-01,2026-02-17,2026-02-17,True,Cell suppressed for small numbers,,False,False,2025-06
3266,2025,6,Occurrence,Total Population,Total Population,SUI,Intentional self-harm (suicide),ICD-10,338.0,,,02/17/2026,02/17/2026,2025-06-01,2026-02-17,2026-02-17,False,,338.0,True,False,2025-06
3267,2025,6,Occurrence,Gender,Female,SUI,Intentional self-harm (suicide),ICD-10,67.0,,,02/17/2026,02/17/2026,2025-06-01,2026-02-17,2026-02-17,False,,67.0,False,False,2025-06
3268,2025,6,Occurrence,Gender,Male,SUI,Intentional self-harm (suicide),ICD-10,270.0,,,02/17/2026,02/17/2026,2025-06-01,2026-02-17,2026-02-17,False,,270.0,False,False,2025-06
3269,2025,6,Occurrence,Race-Ethnicity,American Indian/Alaska Native,SUI,Intentional self-harm (suicide),ICD-10,,1,Cell suppressed for small numbers,02/17/2026,02/17/2026,2025-06-01,2026-02-17,2026-02-17,True,Cell suppressed for small numbers,,False,False,2025-06
3270,2025,6,Occurrence,Race-Ethnicity,Asian,SUI,Intentional self-harm (suicide),ICD-10,36.0,,,02/17/2026,02/17/2026,2025-06-01,2026-02-17,2026-02-17,False,,36.0,False,False,2025-06
3271,2025,6,Occurrence,Race-Ethnicity,Black,SUI,Intentional self-harm (suicide),ICD-10,,1,Cell suppressed for small numbers,02/17/2026,02/17/2026,2025-06-01,2026-02-17,2026-02-17,True,Cell suppressed for small numbers,,False,False,2025-06
3272,2025,6,Occurrence,Race-Ethnicity,Hawaiian/Pacific Islander,SUI,Intentional self-harm (suicide),ICD-10,,1,Cell suppressed for small numbers,02/17/2026,02/17/2026,2025-06-01,2026-02-17,2026-02-17,True,Cell suppressed for small numbers,,False,False,2025-06
3273,2025,6,Occurrence,Race-Ethnicity,Hispanic,SUI,Intentional self-harm (suicide),ICD-10,89.0,,,02/17/2026,02/17/2026,2025-06-01,2026-02-17,2026-02-17,False,,89.0,False,False,2025-06
3274,2025,6,Occurrence,Race-Ethnicity,Multi-Race,SUI,Intentional self-harm (suicide),ICD-10,,1,Cell suppressed for small numbers,02/17/2026,02/17/2026,2025-06-01,2026-02-17,2026-02-17,True,Cell suppressed for small numbers,,False,False,2025-06
3275,2025,6,Occurrence,Race-Ethnicity,White,SUI,Intentional self-harm (suicide),ICD-10,193.0,,,02/17/2026,02/17/2026,2025-06-01,2026-02-17,2026-02-17,False,,193.0,False,False,2025-06
3276,2025,6,Occurrence,Race-Ethnicity,Other/Unknown,SUI,Intentional self-harm (suicide),ICD-10,,1,Cell suppressed for small numbers,02/17/2026,02/17/2026,2025-06-01,2026-02-17,2026-02-17,True,Cell suppressed for small numbers,,False,False,2025-06
3277,2025,7,Occurrence,Total Population,Total Population,ALL,All causes (total),ICD-10,22774.0,,,02/17/2026,02/17/2026,2025-07-01,2026-02-17,2026-02-17,False,,22774.0,True,True,2025-07
3278,2025,7,Occurrence,Age,Under 1 year,ALL,All causes (total),ICD-10,130.0,,,02/17/2026,02/17/2026,2025-07-01,2026-02-17,2026-02-17,False,,130.0,False,True,2025-07
3279,2025,7,Occurrence,Age,1-4 years,ALL,All causes (total),ICD-10,29.0,,,02/17/2026,02/17/2026,2025-07-01,2026-02-17,2026-02-17,False,,29.0,False,True,2025-07
3280,2025,7,Occurrence,Age,5-14 years,ALL,All causes (total),ICD-10,40.0,,,02/17/2026,02/17/2026,2025-07-01,2026-02-17,2026-02-17,False,,40.0,False,True,2025-07
3281,2025,7,Occurrence,Age,15-24 years,ALL,All causes (total),ICD-10,235.0,,,02/17/2026,02/17/2026,2025-07-01,2026-02-17,2026-02-17,False,,235.0,False,True,2025-07
3282,2025,7,Occurrence,Age,25-34 years,ALL,All causes (total),ICD-10,494.0,,,02/17/2026,02/17/2026,2025-07-01,2026-02-17,2026-02-17,False,,494.0,False,True,2025-07
3283,2025,7,Occurrence,Age,35-44 years,ALL,All causes (total),ICD-10,835.0,,,02/17/2026,02/17/2026,2025-07-01,2026-02-17,2026-02-17,False,,835.0,False,True,2025-07
3284,2025,7,Occurrence,Age,45-54 years,ALL,All causes (total),ICD-10,1262.0,,,02/17/2026,02/17/2026,2025-07-01,2026-02-17,2026-02-17,False,,1262.0,False,True,2025-07
3285,2025,7,Occurrence,Age,55-64 years,ALL,All causes (total),ICD-10,2488.0,,,02/17/2026,02/17/2026,2025-07-01,2026-02-17,2026-02-17,False,,2488.0,False,True,2025-07
3286,2025,7,Occurrence,Age,65-74 years,ALL,All causes (total),ICD-10,4330.0,,,02/17/2026,02/17/2026,2025-07-01,2026-02-17,2026-02-17,False,,4330.0,False,True,2025-07
3287,2025,7,Occurrence,Age,75-84 years,ALL,All causes (total),ICD-10,5896.0,,,02/17/2026,02/17/2026,2025-07-01,2026-02-17,2026-02-17,False,,5896.0,False,True,2025-07
3288,2025,7,Occurrence,Age,85 years and over,ALL,All causes (total),ICD-10,7031.0,,,02/17/2026,02/17/2026,2025-07-01,2026-02-17,2026-02-17,False,,7031.0,False,True,2025-07
3289,2025,7,Occurrence,Gender,Female,ALL,All causes (total),ICD-10,10663.0,,,02/17/2026,02/17/2026,2025-07-01,2026-02-17,2026-02-17,False,,10663.0,False,True,2025-07
3290,2025,7,Occurrence,Gender,Male,ALL,All causes (total),ICD-10,12105.0,,,02/17/2026,02/17/2026,2025-07-01,2026-02-17,2026-02-17,False,,12105.0,False,True,2025-07
3291,2025,7,Occurrence,Place Type,Inpatient,ALL,All causes (total),ICD-10,7048.0,,,02/17/2026,02/17/2026,2025-07-01,2026-02-17,2026-02-17,False,,7048.0,False,True,2025-07
3292,2025,7,Occurrence,Place Type,Emergency Room/Outpatient,ALL,All causes (total),ICD-10,1206.0,,,02/17/2026,02/17/2026,2025-07-01,2026-02-17,2026-02-17,False,,1206.0,False,True,2025-07
3293,2025,7,Occurrence,Place Type,Decedent's Home,ALL,All causes (total),ICD-10,8961.0,,,02/17/2026,02/17/2026,2025-07-01,2026-02-17,2026-02-17,False,,8961.0,False,True,2025-07
3294,2025,7,Occurrence,Place Type,Hospice Facility,ALL,All causes (total),ICD-10,274.0,,,02/17/2026,02/17/2026,2025-07-01,2026-02-17,2026-02-17,False,,274.0,False,True,2025-07
3295,2025,7,Occurrence,Place Type,Nursing Home/Long Term Care Facility,ALL,All causes (total),ICD-10,4036.0,,,02/17/2026,02/17/2026,2025-07-01,2026-02-17,2026-02-17,False,,4036.0,False,True,2025-07
3296,2025,7,Occurrence,Place Type,Other/Unknown,ALL,All causes (total),ICD-10,1249.0,,,02/17/2026,02/17/2026,2025-07-01,2026-02-17,2026-02-17,False,,1249.0,False,True,2025-07
3297,2025,7,Occurrence,Race-Ethnicity,American Indian/Alaska Native,ALL,All causes (total),ICD-10,119.0,,,02/17/2026,02/17/2026,2025-07-01,2026-02-17,2026-02-17,False,,119.0,False,True,2025-07
3298,2025,7,Occurrence,Race-Ethnicity,Asian,ALL,All causes (total),ICD-10,2595.0,,,02/17/2026,02/17/2026,2025-07-01,2026-02-17,2026-02-17,False,,2595.0,False,True,2025-07
3299,2025,7,Occurrence,Race-Ethnicity,Black,ALL,All causes (total),ICD-10,1723.0,,,02/17/2026,02/17/2026,2025-07-01,2026-02-17,2026-02-17,False,,1723.0,False,True,2025-07
3300,2025,7,Occurrence,Race-Ethnicity,Hawaiian/Pacific Islander,ALL,All causes (total),ICD-10,109.0,,,02/17/2026,02/17/2026,2025-07-01,2026-02-17,2026-02-17,False,,109.0,False,True,2025-07
3301,2025,7,Occurrence,Race-Ethnicity,Hispanic,ALL,All causes (total),ICD-10,5278.0,,,02/17/2026,02/17/2026,2025-07-01,2026-02-17,2026-02-17,False,,5278.0,False,True,2025-07
3302,2025,7,Occurrence,Race-Ethnicity,Multi-Race,ALL,All causes (total),ICD-10,298.0,,,02/17/2026,02/17/2026,2025-07-01,2026-02-17,2026-02-17,False,,298.0,False,True,2025-07
3303,2025,7,Occurrence,Race-Ethnicity,White,ALL,All causes (total),ICD-10,12416.0,,,02/17/2026,02/17/2026,2025-07-01,2026-02-17,2026-02-17,False,,12416.0,False,True,2025-07
3304,2025,7,Occurrence,Race-Ethnicity,Other/Unknown,ALL,All causes (total),ICD-10,236.0,,,02/17/2026,02/17/2026,2025-07-01,2026-02-17,2026-02-17,False,,236.0,False,True,2025-07
3305,2025,7,Occurrence,Total Population,Total Population,ALZ,Alzheimer's disease,ICD-10,1253.0,,,02/17/2026,02/17/2026,2025-07-01,2026-02-17,2026-02-17,False,,1253.0,True,False,2025-07
3306,2025,7,Occurrence,Gender,Female,ALZ,Alzheimer's disease,ICD-10,795.0,,,02/17/2026,02/17/2026,2025-07-01,2026-02-17,2026-02-17,False,,795.0,False,False,2025-07
3307,2025,7,Occurrence,Gender,Male,ALZ,Alzheimer's disease,ICD-10,458.0,,,02/17/2026,02/17/2026,2025-07-01,2026-02-17,2026-02-17,False,,458.0,False,False,2025-07
3308,2025,7,Occurrence,Race-Ethnicity,American Indian/Alaska Native,ALZ,Alzheimer's disease,ICD-10,,1,Cell suppressed for small numbers,02/17/2026,02/17/2026,2025-07-01,2026-02-17,2026-02-17,True,Cell suppressed for small numbers,,False,False,2025-07
3309,2025,7,Occurrence,Race-Ethnicity,Asian,ALZ,Alzheimer's disease,ICD-10,146.0,,,02/17/2026,02/17/2026,2025-07-01,2026-02-17,2026-02-17,False,,146.0,False,False,2025-07
3310,2025,7,Occurrence,Race-Ethnicity,Black,ALZ,Alzheimer's disease,ICD-10,60.0,,,02/17/2026,02/17/2026,2025-07-01,2026-02-17,2026-02-17,False,,60.0,False,False,2025-07
3311,2025,7,Occurrence,Race-Ethnicity,Hawaiian/Pacific Islander,ALZ,Alzheimer's disease,ICD-10,,1,Cell suppressed for small numbers,02/17/2026,02/17/2026,2025-07-01,2026-02-17,2026-02-17,True,Cell suppressed for small numbers,,False,False,2025-07
3312,2025,7,Occurrence,Race-Ethnicity,Hispanic,ALZ,Alzheimer's disease,ICD-10,255.0,,,02/17/2026,02/17/2026,2025-07-01,2026-02-17,2026-02-17,False,,255.0,False,False,2025-07
3313,2025,7,Occurrence,Race-Ethnicity,Multi-Race,ALZ,Alzheimer's disease,ICD-10,11.0,,,02/17/2026,02/17/2026,2025-07-01,2026-02-17,2026-02-17,False,,11.0,False,False,2025-07
3314,2025,7,Occurrence,Race-Ethnicity,White,ALZ,Alzheimer's disease,ICD-10,763.0,,,02/17/2026,02/17/2026,2025-07-01,2026-02-17,2026-02-17,False,,763.0,False,False,2025-07
3315,2025,7,Occurrence,Race-Ethnicity,Other/Unknown,ALZ,Alzheimer's disease,ICD-10,11.0,,,02/17/2026,02/17/2026,2025-07-01,2026-02-17,2026-02-17,False,,11.0,False,False,2025-07
3316,2025,7,Occurrence,Total Population,Total Population,CAN,Malignant neoplasms,ICD-10,5206.0,,,02/17/2026,02/17/2026,2025-07-01,2026-02-17,2026-02-17,False,,5206.0,True,False,2025-07
3317,2025,7,Occurrence,Gender,Female,CAN,Malignant neoplasms,ICD-10,2498.0,,,02/17/2026,02/17/2026,2025-07-01,2026-02-17,2026-02-17,False,,2498.0,False,False,2025-07
3318,2025,7,Occurrence,Gender,Male,CAN,Malignant neoplasms,ICD-10,2707.0,,,02/17/2026,02/17/2026,2025-07-01,2026-02-17,2026-02-17,False,,2707.0,False,False,2025-07
3319,2025,7,Occurrence,Race-Ethnicity,American Indian/Alaska Native,CAN,Malignant neoplasms,ICD-10,30.0,,,02/17/2026,02/17/2026,2025-07-01,2026-02-17,2026-02-17,False,,30.0,False,False,2025-07
3320,2025,7,Occurrence,Race-Ethnicity,Asian,CAN,Malignant neoplasms,ICD-10,694.0,,,02/17/2026,02/17/2026,2025-07-01,2026-02-17,2026-02-17,False,,694.0,False,False,2025-07
3321,2025,7,Occurrence,Race-Ethnicity,Black,CAN,Malignant neoplasms,ICD-10,355.0,,,02/17/2026,02/17/2026,2025-07-01,2026-02-17,2026-02-17,False,,355.0,False,False,2025-07
3322,2025,7,Occurrence,Race-Ethnicity,Hawaiian/Pacific Islander,CAN,Malignant neoplasms,ICD-10,25.0,,,02/17/2026,02/17/2026,2025-07-01,2026-02-17,2026-02-17,False,,25.0,False,False,2025-07
3323,2025,7,Occurrence,Race-Ethnicity,Hispanic,CAN,Malignant neoplasms,ICD-10,1163.0,,,02/17/2026,02/17/2026,2025-07-01,2026-02-17,2026-02-17,False,,1163.0,False,False,2025-07
3324,2025,7,Occurrence,Race-Ethnicity,Multi-Race,CAN,Malignant neoplasms,ICD-10,60.0,,,02/17/2026,02/17/2026,2025-07-01,2026-02-17,2026-02-17,False,,60.0,False,False,2025-07
3325,2025,7,Occurrence,Race-Ethnicity,White,CAN,Malignant neoplasms,ICD-10,2838.0,,,02/17/2026,02/17/2026,2025-07-01,2026-02-17,2026-02-17,False,,2838.0,False,False,2025-07
3326,2025,7,Occurrence,Race-Ethnicity,Other/Unknown,CAN,Malignant neoplasms,ICD-10,41.0,,,02/17/2026,02/17/2026,2025-07-01,2026-02-17,2026-02-17,False,,41.0,False,False,2025-07
3327,2025,7,Occurrence,Total Population,Total Population,CLD,Chronic lower respiratory diseases,ICD-10,864.0,,,02/17/2026,02/17/2026,2025-07-01,2026-02-17,2026-02-17,False,,864.0,True,False,2025-07
3328,2025,7,Occurrence,Gender,Female,CLD,Chronic lower respiratory diseases,ICD-10,456.0,,,02/17/2026,02/17/2026,2025-07-01,2026-02-17,2026-02-17,False,,456.0,False,False,2025-07
3329,2025,7,Occurrence,Gender,Male,CLD,Chronic lower respiratory diseases,ICD-10,408.0,,,02/17/2026,02/17/2026,2025-07-01,2026-02-17,2026-02-17,False,,408.0,False,False,2025-07
3330,2025,7,Occurrence,Race-Ethnicity,American Indian/Alaska Native,CLD,Chronic lower respiratory diseases,ICD-10,,1,Cell suppressed for small numbers,02/17/2026,02/17/2026,2025-07-01,2026-02-17,2026-02-17,True,Cell suppressed for small numbers,,False,False,2025-07
3331,2025,7,Occurrence,Race-Ethnicity,Asian,CLD,Chronic lower respiratory diseases,ICD-10,64.0,,,02/17/2026,02/17/2026,2025-07-01,2026-02-17,2026-02-17,False,,64.0,False,False,2025-07
3332,2025,7,Occurrence,Race-Ethnicity,Black,CLD,Chronic lower respiratory diseases,ICD-10,65.0,,,02/17/2026,02/17/2026,2025-07-01,2026-02-17,2026-02-17,False,,65.0,False,False,2025-07
3333,2025,7,Occurrence,Race-Ethnicity,Hawaiian/Pacific Islander,CLD,Chronic lower respiratory diseases,ICD-10,,1,Cell suppressed for small numbers,02/17/2026,02/17/2026,2025-07-01,2026-02-17,2026-02-17,True,Cell suppressed for small numbers,,False,False,2025-07
3334,2025,7,Occurrence,Race-Ethnicity,Hispanic,CLD,Chronic lower respiratory diseases,ICD-10,96.0,,,02/17/2026,02/17/2026,2025-07-01,2026-02-17,2026-02-17,False,,96.0,False,False,2025-07
3335,2025,7,Occurrence,Race-Ethnicity,Multi-Race,CLD,Chronic lower respiratory diseases,ICD-10,,1,Cell suppressed for small numbers,02/17/2026,02/17/2026,2025-07-01,2026-02-17,2026-02-17,True,Cell suppressed for small numbers,,False,False,2025-07
3336,2025,7,Occurrence,Race-Ethnicity,White,CLD,Chronic lower respiratory diseases,ICD-10,618.0,,,02/17/2026,02/17/2026,2025-07-01,2026-02-17,2026-02-17,False,,618.0,False,False,2025-07
3337,2025,7,Occurrence,Race-Ethnicity,Other/Unknown,CLD,Chronic lower respiratory diseases,ICD-10,,1,Cell suppressed for small numbers,02/17/2026,02/17/2026,2025-07-01,2026-02-17,2026-02-17,True,Cell suppressed for small numbers,,False,False,2025-07
3338,2025,7,Occurrence,Total Population,Total Population,DIA,Diabetes mellitus,ICD-10,798.0,,,02/17/2026,02/17/2026,2025-07-01,2026-02-17,2026-02-17,False,,798.0,True,False,2025-07
3339,2025,7,Occurrence,Gender,Female,DIA,Diabetes mellitus,ICD-10,326.0,,,02/17/2026,02/17/2026,2025-07-01,2026-02-17,2026-02-17,False,,326.0,False,False,2025-07
3340,2025,7,Occurrence,Gender,Male,DIA,Diabetes mellitus,ICD-10,472.0,,,02/17/2026,02/17/2026,2025-07-01,2026-02-17,2026-02-17,False,,472.0,False,False,2025-07
3341,2025,7,Occurrence,Race-Ethnicity,American Indian/Alaska Native,DIA,Diabetes mellitus,ICD-10,,1,Cell suppressed for small numbers,02/17/2026,02/17/2026,2025-07-01,2026-02-17,2026-02-17,True,Cell suppressed for small numbers,,False,False,2025-07
3342,2025,7,Occurrence,Race-Ethnicity,Asian,DIA,Diabetes mellitus,ICD-10,114.0,,,02/17/2026,02/17/2026,2025-07-01,2026-02-17,2026-02-17,False,,114.0,False,False,2025-07
3343,2025,7,Occurrence,Race-Ethnicity,Black,DIA,Diabetes mellitus,ICD-10,82.0,,,02/17/2026,02/17/2026,2025-07-01,2026-02-17,2026-02-17,False,,82.0,False,False,2025-07
3344,2025,7,Occurrence,Race-Ethnicity,Hawaiian/Pacific Islander,DIA,Diabetes mellitus,ICD-10,,1,Cell suppressed for small numbers,02/17/2026,02/17/2026,2025-07-01,2026-02-17,2026-02-17,True,Cell suppressed for small numbers,,False,False,2025-07
3345,2025,7,Occurrence,Race-Ethnicity,Hispanic,DIA,Diabetes mellitus,ICD-10,296.0,,,02/17/2026,02/17/2026,2025-07-01,2026-02-17,2026-02-17,False,,296.0,False,False,2025-07
3346,2025,7,Occurrence,Race-Ethnicity,Multi-Race,DIA,Diabetes mellitus,ICD-10,,1,Cell suppressed for small numbers,02/17/2026,02/17/2026,2025-07-01,2026-02-17,2026-02-17,True,Cell suppressed for small numbers,,False,False,2025-07
3347,2025,7,Occurrence,Race-Ethnicity,White,DIA,Diabetes mellitus,ICD-10,277.0,,,02/17/2026,02/17/2026,2025-07-01,2026-02-17,2026-02-17,False,,277.0,False,False,2025-07
3348,2025,7,Occurrence,Race-Ethnicity,Other/Unknown,DIA,Diabetes mellitus,ICD-10,,1,Cell suppressed for small numbers,02/17/2026,02/17/2026,2025-07-01,2026-02-17,2026-02-17,True,Cell suppressed for small numbers,,False,False,2025-07
3349,2025,7,Occurrence,Total Population,Total Population,HOM,Assault (homicide),ICD-10,122.0,,,02/17/2026,02/17/2026,2025-07-01,2026-02-17,2026-02-17,False,,122.0,True,False,2025-07
3350,2025,7,Occurrence,Gender,Female,HOM,Assault (homicide),ICD-10,24.0,,,02/17/2026,02/17/2026,2025-07-01,2026-02-17,2026-02-17,False,,24.0,False,False,2025-07
3351,2025,7,Occurrence,Gender,Male,HOM,Assault (homicide),ICD-10,98.0,,,02/17/2026,02/17/2026,2025-07-01,2026-02-17,2026-02-17,False,,98.0,False,False,2025-07
3352,2025,7,Occurrence,Race-Ethnicity,American Indian/Alaska Native,HOM,Assault (homicide),ICD-10,0.0,,,02/17/2026,02/17/2026,2025-07-01,2026-02-17,2026-02-17,False,,0.0,False,False,2025-07
3353,2025,7,Occurrence,Race-Ethnicity,Asian,HOM,Assault (homicide),ICD-10,,1,Cell suppressed for small numbers,02/17/2026,02/17/2026,2025-07-01,2026-02-17,2026-02-17,True,Cell suppressed for small numbers,,False,False,2025-07
3354,2025,7,Occurrence,Race-Ethnicity,Black,HOM,Assault (homicide),ICD-10,32.0,,,02/17/2026,02/17/2026,2025-07-01,2026-02-17,2026-02-17,False,,32.0,False,False,2025-07
3355,2025,7,Occurrence,Race-Ethnicity,Hawaiian/Pacific Islander,HOM,Assault (homicide),ICD-10,0.0,,,02/17/2026,02/17/2026,2025-07-01,2026-02-17,2026-02-17,False,,0.0,False,False,2025-07
3356,2025,7,Occurrence,Race-Ethnicity,Hispanic,HOM,Assault (homicide),ICD-10,53.0,,,02/17/2026,02/17/2026,2025-07-01,2026-02-17,2026-02-17,False,,53.0,False,False,2025-07
3357,2025,7,Occurrence,Race-Ethnicity,Multi-Race,HOM,Assault (homicide),ICD-10,,1,Cell suppressed for small numbers,02/17/2026,02/17/2026,2025-07-01,2026-02-17,2026-02-17,True,Cell suppressed for small numbers,,False,False,2025-07
3358,2025,7,Occurrence,Race-Ethnicity,White,HOM,Assault (homicide),ICD-10,28.0,,,02/17/2026,02/17/2026,2025-07-01,2026-02-17,2026-02-17,False,,28.0,False,False,2025-07
3359,2025,7,Occurrence,Race-Ethnicity,Other/Unknown,HOM,Assault (homicide),ICD-10,,1,Cell suppressed for small numbers,02/17/2026,02/17/2026,2025-07-01,2026-02-17,2026-02-17,True,Cell suppressed for small numbers,,False,False,2025-07
3360,2025,7,Occurrence,Total Population,Total Population,HTD,Diseases of heart,ICD-10,4754.0,,,02/17/2026,02/17/2026,2025-07-01,2026-02-17,2026-02-17,False,,4754.0,True,False,2025-07
3361,2025,7,Occurrence,Gender,Female,HTD,Diseases of heart,ICD-10,2078.0,,,02/17/2026,02/17/2026,2025-07-01,2026-02-17,2026-02-17,False,,2078.0,False,False,2025-07
3362,2025,7,Occurrence,Gender,Male,HTD,Diseases of heart,ICD-10,2676.0,,,02/17/2026,02/17/2026,2025-07-01,2026-02-17,2026-02-17,False,,2676.0,False,False,2025-07
3363,2025,7,Occurrence,Race-Ethnicity,American Indian/Alaska Native,HTD,Diseases of heart,ICD-10,22.0,,,02/17/2026,02/17/2026,2025-07-01,2026-02-17,2026-02-17,False,,22.0,False,False,2025-07
3364,2025,7,Occurrence,Race-Ethnicity,Asian,HTD,Diseases of heart,ICD-10,491.0,,,02/17/2026,02/17/2026,2025-07-01,2026-02-17,2026-02-17,False,,491.0,False,False,2025-07
3365,2025,7,Occurrence,Race-Ethnicity,Black,HTD,Diseases of heart,ICD-10,380.0,,,02/17/2026,02/17/2026,2025-07-01,2026-02-17,2026-02-17,False,,380.0,False,False,2025-07
3366,2025,7,Occurrence,Race-Ethnicity,Hawaiian/Pacific Islander,HTD,Diseases of heart,ICD-10,27.0,,,02/17/2026,02/17/2026,2025-07-01,2026-02-17,2026-02-17,False,,27.0,False,False,2025-07
3367,2025,7,Occurrence,Race-Ethnicity,Hispanic,HTD,Diseases of heart,ICD-10,903.0,,,02/17/2026,02/17/2026,2025-07-01,2026-02-17,2026-02-17,False,,903.0,False,False,2025-07
3368,2025,7,Occurrence,Race-Ethnicity,Multi-Race,HTD,Diseases of heart,ICD-10,56.0,,,02/17/2026,02/17/2026,2025-07-01,2026-02-17,2026-02-17,False,,56.0,False,False,2025-07
3369,2025,7,Occurrence,Race-Ethnicity,White,HTD,Diseases of heart,ICD-10,2828.0,,,02/17/2026,02/17/2026,2025-07-01,2026-02-17,2026-02-17,False,,2828.0,False,False,2025-07
3370,2025,7,Occurrence,Race-Ethnicity,Other/Unknown,HTD,Diseases of heart,ICD-10,47.0,,,02/17/2026,02/17/2026,2025-07-01,2026-02-17,2026-02-17,False,,47.0,False,False,2025-07
3371,2025,7,Occurrence,Total Population,Total Population,HYP,Essential hypertension and hypertensive renal disease,ICD-10,506.0,,,02/17/2026,02/17/2026,2025-07-01,2026-02-17,2026-02-17,False,,506.0,True,False,2025-07
3372,2025,7,Occurrence,Gender,Female,HYP,Essential hypertension and hypertensive renal disease,ICD-10,252.0,,,02/17/2026,02/17/2026,2025-07-01,2026-02-17,2026-02-17,False,,252.0,False,False,2025-07
3373,2025,7,Occurrence,Gender,Male,HYP,Essential hypertension and hypertensive renal disease,ICD-10,254.0,,,02/17/2026,02/17/2026,2025-07-01,2026-02-17,2026-02-17,False,,254.0,False,False,2025-07
3374,2025,7,Occurrence,Race-Ethnicity,American Indian/Alaska Native,HYP,Essential hypertension and hypertensive renal disease,ICD-10,,1,Cell suppressed for small numbers,02/17/2026,02/17/2026,2025-07-01,2026-02-17,2026-02-17,True,Cell suppressed for small numbers,,False,False,2025-07
3375,2025,7,Occurrence,Race-Ethnicity,Asian,HYP,Essential hypertension and hypertensive renal disease,ICD-10,90.0,,,02/17/2026,02/17/2026,2025-07-01,2026-02-17,2026-02-17,False,,90.0,False,False,2025-07
3376,2025,7,Occurrence,Race-Ethnicity,Black,HYP,Essential hypertension and hypertensive renal disease,ICD-10,44.0,,,02/17/2026,02/17/2026,2025-07-01,2026-02-17,2026-02-17,False,,44.0,False,False,2025-07
3377,2025,7,Occurrence,Race-Ethnicity,Hawaiian/Pacific Islander,HYP,Essential hypertension and hypertensive renal disease,ICD-10,,1,Cell suppressed for small numbers,02/17/2026,02/17/2026,2025-07-01,2026-02-17,2026-02-17,True,Cell suppressed for small numbers,,False,False,2025-07
3378,2025,7,Occurrence,Race-Ethnicity,Hispanic,HYP,Essential hypertension and hypertensive renal disease,ICD-10,119.0,,,02/17/2026,02/17/2026,2025-07-01,2026-02-17,2026-02-17,False,,119.0,False,False,2025-07
3379,2025,7,Occurrence,Race-Ethnicity,Multi-Race,HYP,Essential hypertension and hypertensive renal disease,ICD-10,,1,Cell suppressed for small numbers,02/17/2026,02/17/2026,2025-07-01,2026-02-17,2026-02-17,True,Cell suppressed for small numbers,,False,False,2025-07
3380,2025,7,Occurrence,Race-Ethnicity,White,HYP,Essential hypertension and hypertensive renal disease,ICD-10,237.0,,,02/17/2026,02/17/2026,2025-07-01,2026-02-17,2026-02-17,False,,237.0,False,False,2025-07
3381,2025,7,Occurrence,Race-Ethnicity,Other/Unknown,HYP,Essential hypertension and hypertensive renal disease,ICD-10,,1,Cell suppressed for small numbers,02/17/2026,02/17/2026,2025-07-01,2026-02-17,2026-02-17,True,Cell suppressed for small numbers,,False,False,2025-07
3382,2025,7,Occurrence,Total Population,Total Population,INJ,Accidents (unintentional injuries),ICD-10,1557.0,,,02/17/2026,02/17/2026,2025-07-01,2026-02-17,2026-02-17,False,,1557.0,True,False,2025-07
3383,2025,7,Occurrence,Gender,Female,INJ,Accidents (unintentional injuries),ICD-10,409.0,,,02/17/2026,02/17/2026,2025-07-01,2026-02-17,2026-02-17,False,,409.0,False,False,2025-07
3384,2025,7,Occurrence,Gender,Male,INJ,Accidents (unintentional injuries),ICD-10,1147.0,,,02/17/2026,02/17/2026,2025-07-01,2026-02-17,2026-02-17,False,,1147.0,False,False,2025-07
3385,2025,7,Occurrence,Race-Ethnicity,American Indian/Alaska Native,INJ,Accidents (unintentional injuries),ICD-10,,1,Cell suppressed for small numbers,02/17/2026,02/17/2026,2025-07-01,2026-02-17,2026-02-17,True,Cell suppressed for small numbers,,False,False,2025-07
3386,2025,7,Occurrence,Race-Ethnicity,Asian,INJ,Accidents (unintentional injuries),ICD-10,111.0,,,02/17/2026,02/17/2026,2025-07-01,2026-02-17,2026-02-17,False,,111.0,False,False,2025-07
3387,2025,7,Occurrence,Race-Ethnicity,Black,INJ,Accidents (unintentional injuries),ICD-10,164.0,,,02/17/2026,02/17/2026,2025-07-01,2026-02-17,2026-02-17,False,,164.0,False,False,2025-07
3388,2025,7,Occurrence,Race-Ethnicity,Hawaiian/Pacific Islander,INJ,Accidents (unintentional injuries),ICD-10,,1,Cell suppressed for small numbers,02/17/2026,02/17/2026,2025-07-01,2026-02-17,2026-02-17,True,Cell suppressed for small numbers,,False,False,2025-07
3389,2025,7,Occurrence,Race-Ethnicity,Hispanic,INJ,Accidents (unintentional injuries),ICD-10,538.0,,,02/17/2026,02/17/2026,2025-07-01,2026-02-17,2026-02-17,False,,538.0,False,False,2025-07
3390,2025,7,Occurrence,Race-Ethnicity,Multi-Race,INJ,Accidents (unintentional injuries),ICD-10,33.0,,,02/17/2026,02/17/2026,2025-07-01,2026-02-17,2026-02-17,False,,33.0,False,False,2025-07
3391,2025,7,Occurrence,Race-Ethnicity,White,INJ,Accidents (unintentional injuries),ICD-10,662.0,,,02/17/2026,02/17/2026,2025-07-01,2026-02-17,2026-02-17,False,,662.0,False,False,2025-07
3392,2025,7,Occurrence,Race-Ethnicity,Other/Unknown,INJ,Accidents (unintentional injuries),ICD-10,36.0,,,02/17/2026,02/17/2026,2025-07-01,2026-02-17,2026-02-17,False,,36.0,False,False,2025-07
3393,2025,7,Occurrence,Total Population,Total Population,LIV,Chronic liver disease and cirrhosis,ICD-10,482.0,,,02/17/2026,02/17/2026,2025-07-01,2026-02-17,2026-02-17,False,,482.0,True,False,2025-07
3394,2025,7,Occurrence,Gender,Female,LIV,Chronic liver disease and cirrhosis,ICD-10,193.0,,,02/17/2026,02/17/2026,2025-07-01,2026-02-17,2026-02-17,False,,193.0,False,False,2025-07
3395,2025,7,Occurrence,Gender,Male,LIV,Chronic liver disease and cirrhosis,ICD-10,289.0,,,02/17/2026,02/17/2026,2025-07-01,2026-02-17,2026-02-17,False,,289.0,False,False,2025-07
3396,2025,7,Occurrence,Race-Ethnicity,American Indian/Alaska Native,LIV,Chronic liver disease and cirrhosis,ICD-10,,1,Cell suppressed for small numbers,02/17/2026,02/17/2026,2025-07-01,2026-02-17,2026-02-17,True,Cell suppressed for small numbers,,False,False,2025-07
3397,2025,7,Occurrence,Race-Ethnicity,Asian,LIV,Chronic liver disease and cirrhosis,ICD-10,25.0,,,02/17/2026,02/17/2026,2025-07-01,2026-02-17,2026-02-17,False,,25.0,False,False,2025-07
3398,2025,7,Occurrence,Race-Ethnicity,Black,LIV,Chronic liver disease and cirrhosis,ICD-10,22.0,,,02/17/2026,02/17/2026,2025-07-01,2026-02-17,2026-02-17,False,,22.0,False,False,2025-07
3399,2025,7,Occurrence,Race-Ethnicity,Hawaiian/Pacific Islander,LIV,Chronic liver disease and cirrhosis,ICD-10,,1,Cell suppressed for small numbers,02/17/2026,02/17/2026,2025-07-01,2026-02-17,2026-02-17,True,Cell suppressed for small numbers,,False,False,2025-07
3400,2025,7,Occurrence,Race-Ethnicity,Hispanic,LIV,Chronic liver disease and cirrhosis,ICD-10,215.0,,,02/17/2026,02/17/2026,2025-07-01,2026-02-17,2026-02-17,False,,215.0,False,False,2025-07
3401,2025,7,Occurrence,Race-Ethnicity,Multi-Race,LIV,Chronic liver disease and cirrhosis,ICD-10,,1,Cell suppressed for small numbers,02/17/2026,02/17/2026,2025-07-01,2026-02-17,2026-02-17,True,Cell suppressed for small numbers,,False,False,2025-07
3402,2025,7,Occurrence,Race-Ethnicity,White,LIV,Chronic liver disease and cirrhosis,ICD-10,206.0,,,02/17/2026,02/17/2026,2025-07-01,2026-02-17,2026-02-17,False,,206.0,False,False,2025-07
3403,2025,7,Occurrence,Race-Ethnicity,Other/Unknown,LIV,Chronic liver disease and cirrhosis,ICD-10,,1,Cell suppressed for small numbers,02/17/2026,02/17/2026,2025-07-01,2026-02-17,2026-02-17,True,Cell suppressed for small numbers,,False,False,2025-07
3404,2025,7,Occurrence,Total Population,Total Population,NEP,"Nephritis, nephrotic syndrome and nephrosis",ICD-10,350.0,,,02/17/2026,02/17/2026,2025-07-01,2026-02-17,2026-02-17,False,,350.0,True,False,2025-07
3405,2025,7,Occurrence,Gender,Female,NEP,"Nephritis, nephrotic syndrome and nephrosis",ICD-10,169.0,,,02/17/2026,02/17/2026,2025-07-01,2026-02-17,2026-02-17,False,,169.0,False,False,2025-07
3406,2025,7,Occurrence,Gender,Male,NEP,"Nephritis, nephrotic syndrome and nephrosis",ICD-10,181.0,,,02/17/2026,02/17/2026,2025-07-01,2026-02-17,2026-02-17,False,,181.0,False,False,2025-07
3407,2025,7,Occurrence,Race-Ethnicity,American Indian/Alaska Native,NEP,"Nephritis, nephrotic syndrome and nephrosis",ICD-10,,1,Cell suppressed for small numbers,02/17/2026,02/17/2026,2025-07-01,2026-02-17,2026-02-17,True,Cell suppressed for small numbers,,False,False,2025-07
3408,2025,7,Occurrence,Race-Ethnicity,Asian,NEP,"Nephritis, nephrotic syndrome and nephrosis",ICD-10,47.0,,,02/17/2026,02/17/2026,2025-07-01,2026-02-17,2026-02-17,False,,47.0,False,False,2025-07
3409,2025,7,Occurrence,Race-Ethnicity,Black,NEP,"Nephritis, nephrotic syndrome and nephrosis",ICD-10,30.0,,,02/17/2026,02/17/2026,2025-07-01,2026-02-17,2026-02-17,False,,30.0,False,False,2025-07
3410,2025,7,Occurrence,Race-Ethnicity,Hawaiian/Pacific Islander,NEP,"Nephritis, nephrotic syndrome and nephrosis",ICD-10,,1,Cell suppressed for small numbers,02/17/2026,02/17/2026,2025-07-01,2026-02-17,2026-02-17,True,Cell suppressed for small numbers,,False,False,2025-07
3411,2025,7,Occurrence,Race-Ethnicity,Hispanic,NEP,"Nephritis, nephrotic syndrome and nephrosis",ICD-10,130.0,,,02/17/2026,02/17/2026,2025-07-01,2026-02-17,2026-02-17,False,,130.0,False,False,2025-07
3412,2025,7,Occurrence,Race-Ethnicity,Multi-Race,NEP,"Nephritis, nephrotic syndrome and nephrosis",ICD-10,,1,Cell suppressed for small numbers,02/17/2026,02/17/2026,2025-07-01,2026-02-17,2026-02-17,True,Cell suppressed for small numbers,,False,False,2025-07
3413,2025,7,Occurrence,Race-Ethnicity,White,NEP,"Nephritis, nephrotic syndrome and nephrosis",ICD-10,128.0,,,02/17/2026,02/17/2026,2025-07-01,2026-02-17,2026-02-17,False,,128.0,False,False,2025-07
3414,2025,7,Occurrence,Race-Ethnicity,Other/Unknown,NEP,"Nephritis, nephrotic syndrome and nephrosis",ICD-10,,1,Cell suppressed for small numbers,02/17/2026,02/17/2026,2025-07-01,2026-02-17,2026-02-17,True,Cell suppressed for small numbers,,False,False,2025-07
3415,2025,7,Occurrence,Total Population,Total Population,PAR,Parkinson's disease,ICD-10,330.0,,,02/17/2026,02/17/2026,2025-07-01,2026-02-17,2026-02-17,False,,330.0,True,False,2025-07
3416,2025,7,Occurrence,Gender,Female,PAR,Parkinson's disease,ICD-10,132.0,,,02/17/2026,02/17/2026,2025-07-01,2026-02-17,2026-02-17,False,,132.0,False,False,2025-07
3417,2025,7,Occurrence,Gender,Male,PAR,Parkinson's disease,ICD-10,198.0,,,02/17/2026,02/17/2026,2025-07-01,2026-02-17,2026-02-17,False,,198.0,False,False,2025-07
3418,2025,7,Occurrence,Race-Ethnicity,American Indian/Alaska Native,PAR,Parkinson's disease,ICD-10,,1,Cell suppressed for small numbers,02/17/2026,02/17/2026,2025-07-01,2026-02-17,2026-02-17,True,Cell suppressed for small numbers,,False,False,2025-07
3419,2025,7,Occurrence,Race-Ethnicity,Asian,PAR,Parkinson's disease,ICD-10,37.0,,,02/17/2026,02/17/2026,2025-07-01,2026-02-17,2026-02-17,False,,37.0,False,False,2025-07
3420,2025,7,Occurrence,Race-Ethnicity,Black,PAR,Parkinson's disease,ICD-10,15.0,,,02/17/2026,02/17/2026,2025-07-01,2026-02-17,2026-02-17,False,,15.0,False,False,2025-07
3421,2025,7,Occurrence,Race-Ethnicity,Hawaiian/Pacific Islander,PAR,Parkinson's disease,ICD-10,0.0,,,02/17/2026,02/17/2026,2025-07-01,2026-02-17,2026-02-17,False,,0.0,False,False,2025-07
3422,2025,7,Occurrence,Race-Ethnicity,Hispanic,PAR,Parkinson's disease,ICD-10,54.0,,,02/17/2026,02/17/2026,2025-07-01,2026-02-17,2026-02-17,False,,54.0,False,False,2025-07
3423,2025,7,Occurrence,Race-Ethnicity,Multi-Race,PAR,Parkinson's disease,ICD-10,,1,Cell suppressed for small numbers,02/17/2026,02/17/2026,2025-07-01,2026-02-17,2026-02-17,True,Cell suppressed for small numbers,,False,False,2025-07
3424,2025,7,Occurrence,Race-Ethnicity,White,PAR,Parkinson's disease,ICD-10,216.0,,,02/17/2026,02/17/2026,2025-07-01,2026-02-17,2026-02-17,False,,216.0,False,False,2025-07
3425,2025,7,Occurrence,Race-Ethnicity,Other/Unknown,PAR,Parkinson's disease,ICD-10,,1,Cell suppressed for small numbers,02/17/2026,02/17/2026,2025-07-01,2026-02-17,2026-02-17,True,Cell suppressed for small numbers,,False,False,2025-07
3426,2025,7,Occurrence,Total Population,Total Population,PNF,Influenza and pneumonia,ICD-10,329.0,,,02/17/2026,02/17/2026,2025-07-01,2026-02-17,2026-02-17,False,,329.0,True,False,2025-07
3427,2025,7,Occurrence,Gender,Female,PNF,Influenza and pneumonia,ICD-10,178.0,,,02/17/2026,02/17/2026,2025-07-01,2026-02-17,2026-02-17,False,,178.0,False,False,2025-07
3428,2025,7,Occurrence,Gender,Male,PNF,Influenza and pneumonia,ICD-10,151.0,,,02/17/2026,02/17/2026,2025-07-01,2026-02-17,2026-02-17,False,,151.0,False,False,2025-07
3429,2025,7,Occurrence,Race-Ethnicity,American Indian/Alaska Native,PNF,Influenza and pneumonia,ICD-10,,1,Cell suppressed for small numbers,02/17/2026,02/17/2026,2025-07-01,2026-02-17,2026-02-17,True,Cell suppressed for small numbers,,False,False,2025-07
3430,2025,7,Occurrence,Race-Ethnicity,Asian,PNF,Influenza and pneumonia,ICD-10,54.0,,,02/17/2026,02/17/2026,2025-07-01,2026-02-17,2026-02-17,False,,54.0,False,False,2025-07
3431,2025,7,Occurrence,Race-Ethnicity,Black,PNF,Influenza and pneumonia,ICD-10,20.0,,,02/17/2026,02/17/2026,2025-07-01,2026-02-17,2026-02-17,False,,20.0,False,False,2025-07
3432,2025,7,Occurrence,Race-Ethnicity,Hawaiian/Pacific Islander,PNF,Influenza and pneumonia,ICD-10,,1,Cell suppressed for small numbers,02/17/2026,02/17/2026,2025-07-01,2026-02-17,2026-02-17,True,Cell suppressed for small numbers,,False,False,2025-07
3433,2025,7,Occurrence,Race-Ethnicity,Hispanic,PNF,Influenza and pneumonia,ICD-10,67.0,,,02/17/2026,02/17/2026,2025-07-01,2026-02-17,2026-02-17,False,,67.0,False,False,2025-07
3434,2025,7,Occurrence,Race-Ethnicity,Multi-Race,PNF,Influenza and pneumonia,ICD-10,,1,Cell suppressed for small numbers,02/17/2026,02/17/2026,2025-07-01,2026-02-17,2026-02-17,True,Cell suppressed for small numbers,,False,False,2025-07
3435,2025,7,Occurrence,Race-Ethnicity,White,PNF,Influenza and pneumonia,ICD-10,173.0,,,02/17/2026,02/17/2026,2025-07-01,2026-02-17,2026-02-17,False,,173.0,False,False,2025-07
3436,2025,7,Occurrence,Race-Ethnicity,Other/Unknown,PNF,Influenza and pneumonia,ICD-10,,1,Cell suppressed for small numbers,02/17/2026,02/17/2026,2025-07-01,2026-02-17,2026-02-17,True,Cell suppressed for small numbers,,False,False,2025-07
3437,2025,7,Occurrence,Total Population,Total Population,STK,Cerebrovascular diseases,ICD-10,1380.0,,,02/17/2026,02/17/2026,2025-07-01,2026-02-17,2026-02-17,False,,1380.0,True,False,2025-07
3438,2025,7,Occurrence,Gender,Female,STK,Cerebrovascular diseases,ICD-10,769.0,,,02/17/2026,02/17/2026,2025-07-01,2026-02-17,2026-02-17,False,,769.0,False,False,2025-07
3439,2025,7,Occurrence,Gender,Male,STK,Cerebrovascular diseases,ICD-10,611.0,,,02/17/2026,02/17/2026,2025-07-01,2026-02-17,2026-02-17,False,,611.0,False,False,2025-07
3440,2025,7,Occurrence,Race-Ethnicity,American Indian/Alaska Native,STK,Cerebrovascular diseases,ICD-10,,1,Cell suppressed for small numbers,02/17/2026,02/17/2026,2025-07-01,2026-02-17,2026-02-17,True,Cell suppressed for small numbers,,False,False,2025-07
3441,2025,7,Occurrence,Race-Ethnicity,Asian,STK,Cerebrovascular diseases,ICD-10,198.0,,,02/17/2026,02/17/2026,2025-07-01,2026-02-17,2026-02-17,False,,198.0,False,False,2025-07
3442,2025,7,Occurrence,Race-Ethnicity,Black,STK,Cerebrovascular diseases,ICD-10,113.0,,,02/17/2026,02/17/2026,2025-07-01,2026-02-17,2026-02-17,False,,113.0,False,False,2025-07
3443,2025,7,Occurrence,Race-Ethnicity,Hawaiian/Pacific Islander,STK,Cerebrovascular diseases,ICD-10,,1,Cell suppressed for small numbers,02/17/2026,02/17/2026,2025-07-01,2026-02-17,2026-02-17,True,Cell suppressed for small numbers,,False,False,2025-07
3444,2025,7,Occurrence,Race-Ethnicity,Hispanic,STK,Cerebrovascular diseases,ICD-10,298.0,,,02/17/2026,02/17/2026,2025-07-01,2026-02-17,2026-02-17,False,,298.0,False,False,2025-07
3445,2025,7,Occurrence,Race-Ethnicity,Multi-Race,STK,Cerebrovascular diseases,ICD-10,18.0,,,02/17/2026,02/17/2026,2025-07-01,2026-02-17,2026-02-17,False,,18.0,False,False,2025-07
3446,2025,7,Occurrence,Race-Ethnicity,White,STK,Cerebrovascular diseases,ICD-10,725.0,,,02/17/2026,02/17/2026,2025-07-01,2026-02-17,2026-02-17,False,,725.0,False,False,2025-07
3447,2025,7,Occurrence,Race-Ethnicity,Other/Unknown,STK,Cerebrovascular diseases,ICD-10,16.0,,,02/17/2026,02/17/2026,2025-07-01,2026-02-17,2026-02-17,False,,16.0,False,False,2025-07
3448,2025,7,Occurrence,Total Population,Total Population,SUI,Intentional self-harm (suicide),ICD-10,322.0,,,02/17/2026,02/17/2026,2025-07-01,2026-02-17,2026-02-17,False,,322.0,True,False,2025-07
3449,2025,7,Occurrence,Gender,Female,SUI,Intentional self-harm (suicide),ICD-10,70.0,,,02/17/2026,02/17/2026,2025-07-01,2026-02-17,2026-02-17,False,,70.0,False,False,2025-07
3450,2025,7,Occurrence,Gender,Male,SUI,Intentional self-harm (suicide),ICD-10,250.0,,,02/17/2026,02/17/2026,2025-07-01,2026-02-17,2026-02-17,False,,250.0,False,False,2025-07
3451,2025,7,Occurrence,Race-Ethnicity,American Indian/Alaska Native,SUI,Intentional self-harm (suicide),ICD-10,,1,Cell suppressed for small numbers,02/17/2026,02/17/2026,2025-07-01,2026-02-17,2026-02-17,True,Cell suppressed for small numbers,,False,False,2025-07
3452,2025,7,Occurrence,Race-Ethnicity,Asian,SUI,Intentional self-harm (suicide),ICD-10,37.0,,,02/17/2026,02/17/2026,2025-07-01,2026-02-17,2026-02-17,False,,37.0,False,False,2025-07
3453,2025,7,Occurrence,Race-Ethnicity,Black,SUI,Intentional self-harm (suicide),ICD-10,17.0,,,02/17/2026,02/17/2026,2025-07-01,2026-02-17,2026-02-17,False,,17.0,False,False,2025-07
3454,2025,7,Occurrence,Race-Ethnicity,Hawaiian/Pacific Islander,SUI,Intentional self-harm (suicide),ICD-10,0.0,,,02/17/2026,02/17/2026,2025-07-01,2026-02-17,2026-02-17,False,,0.0,False,False,2025-07
3455,2025,7,Occurrence,Race-Ethnicity,Hispanic,SUI,Intentional self-harm (suicide),ICD-10,83.0,,,02/17/2026,02/17/2026,2025-07-01,2026-02-17,2026-02-17,False,,83.0,False,False,2025-07
3456,2025,7,Occurrence,Race-Ethnicity,Multi-Race,SUI,Intentional self-harm (suicide),ICD-10,,1,Cell suppressed for small numbers,02/17/2026,02/17/2026,2025-07-01,2026-02-17,2026-02-17,True,Cell suppressed for small numbers,,False,False,2025-07
3457,2025,7,Occurrence,Race-Ethnicity,White,SUI,Intentional self-harm (suicide),ICD-10,170.0,,,02/17/2026,02/17/2026,2025-07-01,2026-02-17,2026-02-17,False,,170.0,False,False,2025-07
3458,2025,7,Occurrence,Race-Ethnicity,Other/Unknown,SUI,Intentional self-harm (suicide),ICD-10,,1,Cell suppressed for small numbers,02/17/2026,02/17/2026,2025-07-01,2026-02-17,2026-02-17,True,Cell suppressed for small numbers,,False,False,2025-07
3459,2025,8,Occurrence,Total Population,Total Population,ALL,All causes (total),ICD-10,23148.0,,,02/17/2026,02/17/2026,2025-08-01,2026-02-17,2026-02-17,False,,23148.0,True,True,2025-08
3460,2025,8,Occurrence,Age,Under 1 year,ALL,All causes (total),ICD-10,134.0,,,02/17/2026,02/17/2026,2025-08-01,2026-02-17,2026-02-17,False,,134.0,False,True,2025-08
3461,2025,8,Occurrence,Age,1-4 years,ALL,All causes (total),ICD-10,26.0,,,02/17/2026,02/17/2026,2025-08-01,2026-02-17,2026-02-17,False,,26.0,False,True,2025-08
3462,2025,8,Occurrence,Age,5-14 years,ALL,All causes (total),ICD-10,33.0,,,02/17/2026,02/17/2026,2025-08-01,2026-02-17,2026-02-17,False,,33.0,False,True,2025-08
3463,2025,8,Occurrence,Age,15-24 years,ALL,All causes (total),ICD-10,234.0,,,02/17/2026,02/17/2026,2025-08-01,2026-02-17,2026-02-17,False,,234.0,False,True,2025-08
3464,2025,8,Occurrence,Age,25-34 years,ALL,All causes (total),ICD-10,474.0,,,02/17/2026,02/17/2026,2025-08-01,2026-02-17,2026-02-17,False,,474.0,False,True,2025-08
3465,2025,8,Occurrence,Age,35-44 years,ALL,All causes (total),ICD-10,886.0,,,02/17/2026,02/17/2026,2025-08-01,2026-02-17,2026-02-17,False,,886.0,False,True,2025-08
3466,2025,8,Occurrence,Age,45-54 years,ALL,All causes (total),ICD-10,1191.0,,,02/17/2026,02/17/2026,2025-08-01,2026-02-17,2026-02-17,False,,1191.0,False,True,2025-08
3467,2025,8,Occurrence,Age,55-64 years,ALL,All causes (total),ICD-10,2567.0,,,02/17/2026,02/17/2026,2025-08-01,2026-02-17,2026-02-17,False,,2567.0,False,True,2025-08
3468,2025,8,Occurrence,Age,65-74 years,ALL,All causes (total),ICD-10,4389.0,,,02/17/2026,02/17/2026,2025-08-01,2026-02-17,2026-02-17,False,,4389.0,False,True,2025-08
3469,2025,8,Occurrence,Age,75-84 years,ALL,All causes (total),ICD-10,6010.0,,,02/17/2026,02/17/2026,2025-08-01,2026-02-17,2026-02-17,False,,6010.0,False,True,2025-08
3470,2025,8,Occurrence,Age,85 years and over,ALL,All causes (total),ICD-10,7199.0,,,02/17/2026,02/17/2026,2025-08-01,2026-02-17,2026-02-17,False,,7199.0,False,True,2025-08
3471,2025,8,Occurrence,Gender,Female,ALL,All causes (total),ICD-10,10822.0,,,02/17/2026,02/17/2026,2025-08-01,2026-02-17,2026-02-17,False,,10822.0,False,True,2025-08
3472,2025,8,Occurrence,Gender,Male,ALL,All causes (total),ICD-10,12321.0,,,02/17/2026,02/17/2026,2025-08-01,2026-02-17,2026-02-17,False,,12321.0,False,True,2025-08
3473,2025,8,Occurrence,Place Type,Inpatient,ALL,All causes (total),ICD-10,7146.0,,,02/17/2026,02/17/2026,2025-08-01,2026-02-17,2026-02-17,False,,7146.0,False,True,2025-08
3474,2025,8,Occurrence,Place Type,Emergency Room/Outpatient,ALL,All causes (total),ICD-10,1223.0,,,02/17/2026,02/17/2026,2025-08-01,2026-02-17,2026-02-17,False,,1223.0,False,True,2025-08
3475,2025,8,Occurrence,Place Type,Decedent's Home,ALL,All causes (total),ICD-10,9036.0,,,02/17/2026,02/17/2026,2025-08-01,2026-02-17,2026-02-17,False,,9036.0,False,True,2025-08
3476,2025,8,Occurrence,Place Type,Hospice Facility,ALL,All causes (total),ICD-10,313.0,,,02/17/2026,02/17/2026,2025-08-01,2026-02-17,2026-02-17,False,,313.0,False,True,2025-08
3477,2025,8,Occurrence,Place Type,Nursing Home/Long Term Care Facility,ALL,All causes (total),ICD-10,4138.0,,,02/17/2026,02/17/2026,2025-08-01,2026-02-17,2026-02-17,False,,4138.0,False,True,2025-08
3478,2025,8,Occurrence,Place Type,Other/Unknown,ALL,All causes (total),ICD-10,1292.0,,,02/17/2026,02/17/2026,2025-08-01,2026-02-17,2026-02-17,False,,1292.0,False,True,2025-08
3479,2025,8,Occurrence,Race-Ethnicity,American Indian/Alaska Native,ALL,All causes (total),ICD-10,94.0,,,02/17/2026,02/17/2026,2025-08-01,2026-02-17,2026-02-17,False,,94.0,False,True,2025-08
3480,2025,8,Occurrence,Race-Ethnicity,Asian,ALL,All causes (total),ICD-10,2682.0,,,02/17/2026,02/17/2026,2025-08-01,2026-02-17,2026-02-17,False,,2682.0,False,True,2025-08
3481,2025,8,Occurrence,Race-Ethnicity,Black,ALL,All causes (total),ICD-10,1846.0,,,02/17/2026,02/17/2026,2025-08-01,2026-02-17,2026-02-17,False,,1846.0,False,True,2025-08
3482,2025,8,Occurrence,Race-Ethnicity,Hawaiian/Pacific Islander,ALL,All causes (total),ICD-10,84.0,,,02/17/2026,02/17/2026,2025-08-01,2026-02-17,2026-02-17,False,,84.0,False,True,2025-08
3483,2025,8,Occurrence,Race-Ethnicity,Hispanic,ALL,All causes (total),ICD-10,5397.0,,,02/17/2026,02/17/2026,2025-08-01,2026-02-17,2026-02-17,False,,5397.0,False,True,2025-08
3484,2025,8,Occurrence,Race-Ethnicity,Multi-Race,ALL,All causes (total),ICD-10,270.0,,,02/17/2026,02/17/2026,2025-08-01,2026-02-17,2026-02-17,False,,270.0,False,True,2025-08
3485,2025,8,Occurrence,Race-Ethnicity,White,ALL,All causes (total),ICD-10,12575.0,,,02/17/2026,02/17/2026,2025-08-01,2026-02-17,2026-02-17,False,,12575.0,False,True,2025-08
3486,2025,8,Occurrence,Race-Ethnicity,Other/Unknown,ALL,All causes (total),ICD-10,200.0,,,02/17/2026,02/17/2026,2025-08-01,2026-02-17,2026-02-17,False,,200.0,False,True,2025-08
3487,2025,8,Occurrence,Total Population,Total Population,ALZ,Alzheimer's disease,ICD-10,1312.0,,,02/17/2026,02/17/2026,2025-08-01,2026-02-17,2026-02-17,False,,1312.0,True,False,2025-08
3488,2025,8,Occurrence,Gender,Female,ALZ,Alzheimer's disease,ICD-10,847.0,,,02/17/2026,02/17/2026,2025-08-01,2026-02-17,2026-02-17,False,,847.0,False,False,2025-08
3489,2025,8,Occurrence,Gender,Male,ALZ,Alzheimer's disease,ICD-10,465.0,,,02/17/2026,02/17/2026,2025-08-01,2026-02-17,2026-02-17,False,,465.0,False,False,2025-08
3490,2025,8,Occurrence,Race-Ethnicity,American Indian/Alaska Native,ALZ,Alzheimer's disease,ICD-10,,1,Cell suppressed for small numbers,02/17/2026,02/17/2026,2025-08-01,2026-02-17,2026-02-17,True,Cell suppressed for small numbers,,False,False,2025-08
3491,2025,8,Occurrence,Race-Ethnicity,Asian,ALZ,Alzheimer's disease,ICD-10,147.0,,,02/17/2026,02/17/2026,2025-08-01,2026-02-17,2026-02-17,False,,147.0,False,False,2025-08
3492,2025,8,Occurrence,Race-Ethnicity,Black,ALZ,Alzheimer's disease,ICD-10,74.0,,,02/17/2026,02/17/2026,2025-08-01,2026-02-17,2026-02-17,False,,74.0,False,False,2025-08
3493,2025,8,Occurrence,Race-Ethnicity,Hawaiian/Pacific Islander,ALZ,Alzheimer's disease,ICD-10,,1,Cell suppressed for small numbers,02/17/2026,02/17/2026,2025-08-01,2026-02-17,2026-02-17,True,Cell suppressed for small numbers,,False,False,2025-08
3494,2025,8,Occurrence,Race-Ethnicity,Hispanic,ALZ,Alzheimer's disease,ICD-10,250.0,,,02/17/2026,02/17/2026,2025-08-01,2026-02-17,2026-02-17,False,,250.0,False,False,2025-08
3495,2025,8,Occurrence,Race-Ethnicity,Multi-Race,ALZ,Alzheimer's disease,ICD-10,,1,Cell suppressed for small numbers,02/17/2026,02/17/2026,2025-08-01,2026-02-17,2026-02-17,True,Cell suppressed for small numbers,,False,False,2025-08
3496,2025,8,Occurrence,Race-Ethnicity,White,ALZ,Alzheimer's disease,ICD-10,816.0,,,02/17/2026,02/17/2026,2025-08-01,2026-02-17,2026-02-17,False,,816.0,False,False,2025-08
3497,2025,8,Occurrence,Race-Ethnicity,Other/Unknown,ALZ,Alzheimer's disease,ICD-10,,1,Cell suppressed for small numbers,02/17/2026,02/17/2026,2025-08-01,2026-02-17,2026-02-17,True,Cell suppressed for small numbers,,False,False,2025-08
3498,2025,8,Occurrence,Total Population,Total Population,CAN,Malignant neoplasms,ICD-10,5035.0,,,02/17/2026,02/17/2026,2025-08-01,2026-02-17,2026-02-17,False,,5035.0,True,False,2025-08
3499,2025,8,Occurrence,Gender,Female,CAN,Malignant neoplasms,ICD-10,2412.0,,,02/17/2026,02/17/2026,2025-08-01,2026-02-17,2026-02-17,False,,2412.0,False,False,2025-08
3500,2025,8,Occurrence,Gender,Male,CAN,Malignant neoplasms,ICD-10,2623.0,,,02/17/2026,02/17/2026,2025-08-01,2026-02-17,2026-02-17,False,,2623.0,False,False,2025-08
3501,2025,8,Occurrence,Race-Ethnicity,American Indian/Alaska Native,CAN,Malignant neoplasms,ICD-10,13.0,,,02/17/2026,02/17/2026,2025-08-01,2026-02-17,2026-02-17,False,,13.0,False,False,2025-08
3502,2025,8,Occurrence,Race-Ethnicity,Asian,CAN,Malignant neoplasms,ICD-10,683.0,,,02/17/2026,02/17/2026,2025-08-01,2026-02-17,2026-02-17,False,,683.0,False,False,2025-08
3503,2025,8,Occurrence,Race-Ethnicity,Black,CAN,Malignant neoplasms,ICD-10,371.0,,,02/17/2026,02/17/2026,2025-08-01,2026-02-17,2026-02-17,False,,371.0,False,False,2025-08
3504,2025,8,Occurrence,Race-Ethnicity,Hawaiian/Pacific Islander,CAN,Malignant neoplasms,ICD-10,14.0,,,02/17/2026,02/17/2026,2025-08-01,2026-02-17,2026-02-17,False,,14.0,False,False,2025-08
3505,2025,8,Occurrence,Race-Ethnicity,Hispanic,CAN,Malignant neoplasms,ICD-10,1146.0,,,02/17/2026,02/17/2026,2025-08-01,2026-02-17,2026-02-17,False,,1146.0,False,False,2025-08
3506,2025,8,Occurrence,Race-Ethnicity,Multi-Race,CAN,Malignant neoplasms,ICD-10,55.0,,,02/17/2026,02/17/2026,2025-08-01,2026-02-17,2026-02-17,False,,55.0,False,False,2025-08
3507,2025,8,Occurrence,Race-Ethnicity,White,CAN,Malignant neoplasms,ICD-10,2718.0,,,02/17/2026,02/17/2026,2025-08-01,2026-02-17,2026-02-17,False,,2718.0,False,False,2025-08
3508,2025,8,Occurrence,Race-Ethnicity,Other/Unknown,CAN,Malignant neoplasms,ICD-10,35.0,,,02/17/2026,02/17/2026,2025-08-01,2026-02-17,2026-02-17,False,,35.0,False,False,2025-08
3509,2025,8,Occurrence,Total Population,Total Population,CLD,Chronic lower respiratory diseases,ICD-10,886.0,,,02/17/2026,02/17/2026,2025-08-01,2026-02-17,2026-02-17,False,,886.0,True,False,2025-08
3510,2025,8,Occurrence,Gender,Female,CLD,Chronic lower respiratory diseases,ICD-10,479.0,,,02/17/2026,02/17/2026,2025-08-01,2026-02-17,2026-02-17,False,,479.0,False,False,2025-08
3511,2025,8,Occurrence,Gender,Male,CLD,Chronic lower respiratory diseases,ICD-10,407.0,,,02/17/2026,02/17/2026,2025-08-01,2026-02-17,2026-02-17,False,,407.0,False,False,2025-08
3512,2025,8,Occurrence,Race-Ethnicity,American Indian/Alaska Native,CLD,Chronic lower respiratory diseases,ICD-10,,1,Cell suppressed for small numbers,02/17/2026,02/17/2026,2025-08-01,2026-02-17,2026-02-17,True,Cell suppressed for small numbers,,False,False,2025-08
3513,2025,8,Occurrence,Race-Ethnicity,Asian,CLD,Chronic lower respiratory diseases,ICD-10,75.0,,,02/17/2026,02/17/2026,2025-08-01,2026-02-17,2026-02-17,False,,75.0,False,False,2025-08
3514,2025,8,Occurrence,Race-Ethnicity,Black,CLD,Chronic lower respiratory diseases,ICD-10,80.0,,,02/17/2026,02/17/2026,2025-08-01,2026-02-17,2026-02-17,False,,80.0,False,False,2025-08
3515,2025,8,Occurrence,Race-Ethnicity,Hawaiian/Pacific Islander,CLD,Chronic lower respiratory diseases,ICD-10,,1,Cell suppressed for small numbers,02/17/2026,02/17/2026,2025-08-01,2026-02-17,2026-02-17,True,Cell suppressed for small numbers,,False,False,2025-08
3516,2025,8,Occurrence,Race-Ethnicity,Hispanic,CLD,Chronic lower respiratory diseases,ICD-10,85.0,,,02/17/2026,02/17/2026,2025-08-01,2026-02-17,2026-02-17,False,,85.0,False,False,2025-08
3517,2025,8,Occurrence,Race-Ethnicity,Multi-Race,CLD,Chronic lower respiratory diseases,ICD-10,,1,Cell suppressed for small numbers,02/17/2026,02/17/2026,2025-08-01,2026-02-17,2026-02-17,True,Cell suppressed for small numbers,,False,False,2025-08
3518,2025,8,Occurrence,Race-Ethnicity,White,CLD,Chronic lower respiratory diseases,ICD-10,622.0,,,02/17/2026,02/17/2026,2025-08-01,2026-02-17,2026-02-17,False,,622.0,False,False,2025-08
3519,2025,8,Occurrence,Race-Ethnicity,Other/Unknown,CLD,Chronic lower respiratory diseases,ICD-10,,1,Cell suppressed for small numbers,02/17/2026,02/17/2026,2025-08-01,2026-02-17,2026-02-17,True,Cell suppressed for small numbers,,False,False,2025-08
3520,2025,8,Occurrence,Total Population,Total Population,DIA,Diabetes mellitus,ICD-10,893.0,,,02/17/2026,02/17/2026,2025-08-01,2026-02-17,2026-02-17,False,,893.0,True,False,2025-08
3521,2025,8,Occurrence,Gender,Female,DIA,Diabetes mellitus,ICD-10,427.0,,,02/17/2026,02/17/2026,2025-08-01,2026-02-17,2026-02-17,False,,427.0,False,False,2025-08
3522,2025,8,Occurrence,Gender,Male,DIA,Diabetes mellitus,ICD-10,466.0,,,02/17/2026,02/17/2026,2025-08-01,2026-02-17,2026-02-17,False,,466.0,False,False,2025-08
3523,2025,8,Occurrence,Race-Ethnicity,American Indian/Alaska Native,DIA,Diabetes mellitus,ICD-10,,1,Cell suppressed for small numbers,02/17/2026,02/17/2026,2025-08-01,2026-02-17,2026-02-17,True,Cell suppressed for small numbers,,False,False,2025-08
3524,2025,8,Occurrence,Race-Ethnicity,Asian,DIA,Diabetes mellitus,ICD-10,132.0,,,02/17/2026,02/17/2026,2025-08-01,2026-02-17,2026-02-17,False,,132.0,False,False,2025-08
3525,2025,8,Occurrence,Race-Ethnicity,Black,DIA,Diabetes mellitus,ICD-10,106.0,,,02/17/2026,02/17/2026,2025-08-01,2026-02-17,2026-02-17,False,,106.0,False,False,2025-08
3526,2025,8,Occurrence,Race-Ethnicity,Hawaiian/Pacific Islander,DIA,Diabetes mellitus,ICD-10,,1,Cell suppressed for small numbers,02/17/2026,02/17/2026,2025-08-01,2026-02-17,2026-02-17,True,Cell suppressed for small numbers,,False,False,2025-08
3527,2025,8,Occurrence,Race-Ethnicity,Hispanic,DIA,Diabetes mellitus,ICD-10,312.0,,,02/17/2026,02/17/2026,2025-08-01,2026-02-17,2026-02-17,False,,312.0,False,False,2025-08
3528,2025,8,Occurrence,Race-Ethnicity,Multi-Race,DIA,Diabetes mellitus,ICD-10,,1,Cell suppressed for small numbers,02/17/2026,02/17/2026,2025-08-01,2026-02-17,2026-02-17,True,Cell suppressed for small numbers,,False,False,2025-08
3529,2025,8,Occurrence,Race-Ethnicity,White,DIA,Diabetes mellitus,ICD-10,320.0,,,02/17/2026,02/17/2026,2025-08-01,2026-02-17,2026-02-17,False,,320.0,False,False,2025-08
3530,2025,8,Occurrence,Race-Ethnicity,Other/Unknown,DIA,Diabetes mellitus,ICD-10,,1,Cell suppressed for small numbers,02/17/2026,02/17/2026,2025-08-01,2026-02-17,2026-02-17,True,Cell suppressed for small numbers,,False,False,2025-08
3531,2025,8,Occurrence,Total Population,Total Population,HOM,Assault (homicide),ICD-10,132.0,,,02/17/2026,02/17/2026,2025-08-01,2026-02-17,2026-02-17,False,,132.0,True,False,2025-08
3532,2025,8,Occurrence,Gender,Female,HOM,Assault (homicide),ICD-10,25.0,,,02/17/2026,02/17/2026,2025-08-01,2026-02-17,2026-02-17,False,,25.0,False,False,2025-08
3533,2025,8,Occurrence,Gender,Male,HOM,Assault (homicide),ICD-10,107.0,,,02/17/2026,02/17/2026,2025-08-01,2026-02-17,2026-02-17,False,,107.0,False,False,2025-08
3534,2025,8,Occurrence,Race-Ethnicity,American Indian/Alaska Native,HOM,Assault (homicide),ICD-10,,1,Cell suppressed for small numbers,02/17/2026,02/17/2026,2025-08-01,2026-02-17,2026-02-17,True,Cell suppressed for small numbers,,False,False,2025-08
3535,2025,8,Occurrence,Race-Ethnicity,Asian,HOM,Assault (homicide),ICD-10,,1,Cell suppressed for small numbers,02/17/2026,02/17/2026,2025-08-01,2026-02-17,2026-02-17,True,Cell suppressed for small numbers,,False,False,2025-08
3536,2025,8,Occurrence,Race-Ethnicity,Black,HOM,Assault (homicide),ICD-10,40.0,,,02/17/2026,02/17/2026,2025-08-01,2026-02-17,2026-02-17,False,,40.0,False,False,2025-08
3537,2025,8,Occurrence,Race-Ethnicity,Hawaiian/Pacific Islander,HOM,Assault (homicide),ICD-10,,1,Cell suppressed for small numbers,02/17/2026,02/17/2026,2025-08-01,2026-02-17,2026-02-17,True,Cell suppressed for small numbers,,False,False,2025-08
3538,2025,8,Occurrence,Race-Ethnicity,Hispanic,HOM,Assault (homicide),ICD-10,56.0,,,02/17/2026,02/17/2026,2025-08-01,2026-02-17,2026-02-17,False,,56.0,False,False,2025-08
3539,2025,8,Occurrence,Race-Ethnicity,Multi-Race,HOM,Assault (homicide),ICD-10,,1,Cell suppressed for small numbers,02/17/2026,02/17/2026,2025-08-01,2026-02-17,2026-02-17,True,Cell suppressed for small numbers,,False,False,2025-08
3540,2025,8,Occurrence,Race-Ethnicity,White,HOM,Assault (homicide),ICD-10,20.0,,,02/17/2026,02/17/2026,2025-08-01,2026-02-17,2026-02-17,False,,20.0,False,False,2025-08
3541,2025,8,Occurrence,Race-Ethnicity,Other/Unknown,HOM,Assault (homicide),ICD-10,,1,Cell suppressed for small numbers,02/17/2026,02/17/2026,2025-08-01,2026-02-17,2026-02-17,True,Cell suppressed for small numbers,,False,False,2025-08
3542,2025,8,Occurrence,Total Population,Total Population,HTD,Diseases of heart,ICD-10,4682.0,,,02/17/2026,02/17/2026,2025-08-01,2026-02-17,2026-02-17,False,,4682.0,True,False,2025-08
3543,2025,8,Occurrence,Gender,Female,HTD,Diseases of heart,ICD-10,1990.0,,,02/17/2026,02/17/2026,2025-08-01,2026-02-17,2026-02-17,False,,1990.0,False,False,2025-08
3544,2025,8,Occurrence,Gender,Male,HTD,Diseases of heart,ICD-10,2692.0,,,02/17/2026,02/17/2026,2025-08-01,2026-02-17,2026-02-17,False,,2692.0,False,False,2025-08
3545,2025,8,Occurrence,Race-Ethnicity,American Indian/Alaska Native,HTD,Diseases of heart,ICD-10,14.0,,,02/17/2026,02/17/2026,2025-08-01,2026-02-17,2026-02-17,False,,14.0,False,False,2025-08
3546,2025,8,Occurrence,Race-Ethnicity,Asian,HTD,Diseases of heart,ICD-10,501.0,,,02/17/2026,02/17/2026,2025-08-01,2026-02-17,2026-02-17,False,,501.0,False,False,2025-08
3547,2025,8,Occurrence,Race-Ethnicity,Black,HTD,Diseases of heart,ICD-10,410.0,,,02/17/2026,02/17/2026,2025-08-01,2026-02-17,2026-02-17,False,,410.0,False,False,2025-08
3548,2025,8,Occurrence,Race-Ethnicity,Hawaiian/Pacific Islander,HTD,Diseases of heart,ICD-10,18.0,,,02/17/2026,02/17/2026,2025-08-01,2026-02-17,2026-02-17,False,,18.0,False,False,2025-08
3549,2025,8,Occurrence,Race-Ethnicity,Hispanic,HTD,Diseases of heart,ICD-10,898.0,,,02/17/2026,02/17/2026,2025-08-01,2026-02-17,2026-02-17,False,,898.0,False,False,2025-08
3550,2025,8,Occurrence,Race-Ethnicity,Multi-Race,HTD,Diseases of heart,ICD-10,42.0,,,02/17/2026,02/17/2026,2025-08-01,2026-02-17,2026-02-17,False,,42.0,False,False,2025-08
3551,2025,8,Occurrence,Race-Ethnicity,White,HTD,Diseases of heart,ICD-10,2749.0,,,02/17/2026,02/17/2026,2025-08-01,2026-02-17,2026-02-17,False,,2749.0,False,False,2025-08
3552,2025,8,Occurrence,Race-Ethnicity,Other/Unknown,HTD,Diseases of heart,ICD-10,50.0,,,02/17/2026,02/17/2026,2025-08-01,2026-02-17,2026-02-17,False,,50.0,False,False,2025-08
3553,2025,8,Occurrence,Total Population,Total Population,HYP,Essential hypertension and hypertensive renal disease,ICD-10,560.0,,,02/17/2026,02/17/2026,2025-08-01,2026-02-17,2026-02-17,False,,560.0,True,False,2025-08
3554,2025,8,Occurrence,Gender,Female,HYP,Essential hypertension and hypertensive renal disease,ICD-10,283.0,,,02/17/2026,02/17/2026,2025-08-01,2026-02-17,2026-02-17,False,,283.0,False,False,2025-08
3555,2025,8,Occurrence,Gender,Male,HYP,Essential hypertension and hypertensive renal disease,ICD-10,277.0,,,02/17/2026,02/17/2026,2025-08-01,2026-02-17,2026-02-17,False,,277.0,False,False,2025-08
3556,2025,8,Occurrence,Race-Ethnicity,American Indian/Alaska Native,HYP,Essential hypertension and hypertensive renal disease,ICD-10,,1,Cell suppressed for small numbers,02/17/2026,02/17/2026,2025-08-01,2026-02-17,2026-02-17,True,Cell suppressed for small numbers,,False,False,2025-08
3557,2025,8,Occurrence,Race-Ethnicity,Asian,HYP,Essential hypertension and hypertensive renal disease,ICD-10,83.0,,,02/17/2026,02/17/2026,2025-08-01,2026-02-17,2026-02-17,False,,83.0,False,False,2025-08
3558,2025,8,Occurrence,Race-Ethnicity,Black,HYP,Essential hypertension and hypertensive renal disease,ICD-10,69.0,,,02/17/2026,02/17/2026,2025-08-01,2026-02-17,2026-02-17,False,,69.0,False,False,2025-08
3559,2025,8,Occurrence,Race-Ethnicity,Hawaiian/Pacific Islander,HYP,Essential hypertension and hypertensive renal disease,ICD-10,0.0,,,02/17/2026,02/17/2026,2025-08-01,2026-02-17,2026-02-17,False,,0.0,False,False,2025-08
3560,2025,8,Occurrence,Race-Ethnicity,Hispanic,HYP,Essential hypertension and hypertensive renal disease,ICD-10,125.0,,,02/17/2026,02/17/2026,2025-08-01,2026-02-17,2026-02-17,False,,125.0,False,False,2025-08
3561,2025,8,Occurrence,Race-Ethnicity,Multi-Race,HYP,Essential hypertension and hypertensive renal disease,ICD-10,,1,Cell suppressed for small numbers,02/17/2026,02/17/2026,2025-08-01,2026-02-17,2026-02-17,True,Cell suppressed for small numbers,,False,False,2025-08
3562,2025,8,Occurrence,Race-Ethnicity,White,HYP,Essential hypertension and hypertensive renal disease,ICD-10,275.0,,,02/17/2026,02/17/2026,2025-08-01,2026-02-17,2026-02-17,False,,275.0,False,False,2025-08
3563,2025,8,Occurrence,Race-Ethnicity,Other/Unknown,HYP,Essential hypertension and hypertensive renal disease,ICD-10,,1,Cell suppressed for small numbers,02/17/2026,02/17/2026,2025-08-01,2026-02-17,2026-02-17,True,Cell suppressed for small numbers,,False,False,2025-08
3564,2025,8,Occurrence,Total Population,Total Population,INJ,Accidents (unintentional injuries),ICD-10,1515.0,,,02/17/2026,02/17/2026,2025-08-01,2026-02-17,2026-02-17,False,,1515.0,True,False,2025-08
3565,2025,8,Occurrence,Gender,Female,INJ,Accidents (unintentional injuries),ICD-10,429.0,,,02/17/2026,02/17/2026,2025-08-01,2026-02-17,2026-02-17,False,,429.0,False,False,2025-08
3566,2025,8,Occurrence,Gender,Male,INJ,Accidents (unintentional injuries),ICD-10,1084.0,,,02/17/2026,02/17/2026,2025-08-01,2026-02-17,2026-02-17,False,,1084.0,False,False,2025-08
3567,2025,8,Occurrence,Race-Ethnicity,American Indian/Alaska Native,INJ,Accidents (unintentional injuries),ICD-10,,1,Cell suppressed for small numbers,02/17/2026,02/17/2026,2025-08-01,2026-02-17,2026-02-17,True,Cell suppressed for small numbers,,False,False,2025-08
3568,2025,8,Occurrence,Race-Ethnicity,Asian,INJ,Accidents (unintentional injuries),ICD-10,106.0,,,02/17/2026,02/17/2026,2025-08-01,2026-02-17,2026-02-17,False,,106.0,False,False,2025-08
3569,2025,8,Occurrence,Race-Ethnicity,Black,INJ,Accidents (unintentional injuries),ICD-10,149.0,,,02/17/2026,02/17/2026,2025-08-01,2026-02-17,2026-02-17,False,,149.0,False,False,2025-08
3570,2025,8,Occurrence,Race-Ethnicity,Hawaiian/Pacific Islander,INJ,Accidents (unintentional injuries),ICD-10,,1,Cell suppressed for small numbers,02/17/2026,02/17/2026,2025-08-01,2026-02-17,2026-02-17,True,Cell suppressed for small numbers,,False,False,2025-08
3571,2025,8,Occurrence,Race-Ethnicity,Hispanic,INJ,Accidents (unintentional injuries),ICD-10,548.0,,,02/17/2026,02/17/2026,2025-08-01,2026-02-17,2026-02-17,False,,548.0,False,False,2025-08
3572,2025,8,Occurrence,Race-Ethnicity,Multi-Race,INJ,Accidents (unintentional injuries),ICD-10,45.0,,,02/17/2026,02/17/2026,2025-08-01,2026-02-17,2026-02-17,False,,45.0,False,False,2025-08
3573,2025,8,Occurrence,Race-Ethnicity,White,INJ,Accidents (unintentional injuries),ICD-10,632.0,,,02/17/2026,02/17/2026,2025-08-01,2026-02-17,2026-02-17,False,,632.0,False,False,2025-08
3574,2025,8,Occurrence,Race-Ethnicity,Other/Unknown,INJ,Accidents (unintentional injuries),ICD-10,19.0,,,02/17/2026,02/17/2026,2025-08-01,2026-02-17,2026-02-17,False,,19.0,False,False,2025-08
3575,2025,8,Occurrence,Total Population,Total Population,LIV,Chronic liver disease and cirrhosis,ICD-10,508.0,,,02/17/2026,02/17/2026,2025-08-01,2026-02-17,2026-02-17,False,,508.0,True,False,2025-08
3576,2025,8,Occurrence,Gender,Female,LIV,Chronic liver disease and cirrhosis,ICD-10,181.0,,,02/17/2026,02/17/2026,2025-08-01,2026-02-17,2026-02-17,False,,181.0,False,False,2025-08
3577,2025,8,Occurrence,Gender,Male,LIV,Chronic liver disease and cirrhosis,ICD-10,327.0,,,02/17/2026,02/17/2026,2025-08-01,2026-02-17,2026-02-17,False,,327.0,False,False,2025-08
3578,2025,8,Occurrence,Race-Ethnicity,American Indian/Alaska Native,LIV,Chronic liver disease and cirrhosis,ICD-10,,1,Cell suppressed for small numbers,02/17/2026,02/17/2026,2025-08-01,2026-02-17,2026-02-17,True,Cell suppressed for small numbers,,False,False,2025-08
3579,2025,8,Occurrence,Race-Ethnicity,Asian,LIV,Chronic liver disease and cirrhosis,ICD-10,38.0,,,02/17/2026,02/17/2026,2025-08-01,2026-02-17,2026-02-17,False,,38.0,False,False,2025-08
3580,2025,8,Occurrence,Race-Ethnicity,Black,LIV,Chronic liver disease and cirrhosis,ICD-10,26.0,,,02/17/2026,02/17/2026,2025-08-01,2026-02-17,2026-02-17,False,,26.0,False,False,2025-08
3581,2025,8,Occurrence,Race-Ethnicity,Hawaiian/Pacific Islander,LIV,Chronic liver disease and cirrhosis,ICD-10,,1,Cell suppressed for small numbers,02/17/2026,02/17/2026,2025-08-01,2026-02-17,2026-02-17,True,Cell suppressed for small numbers,,False,False,2025-08
3582,2025,8,Occurrence,Race-Ethnicity,Hispanic,LIV,Chronic liver disease and cirrhosis,ICD-10,218.0,,,02/17/2026,02/17/2026,2025-08-01,2026-02-17,2026-02-17,False,,218.0,False,False,2025-08
3583,2025,8,Occurrence,Race-Ethnicity,Multi-Race,LIV,Chronic liver disease and cirrhosis,ICD-10,,1,Cell suppressed for small numbers,02/17/2026,02/17/2026,2025-08-01,2026-02-17,2026-02-17,True,Cell suppressed for small numbers,,False,False,2025-08
3584,2025,8,Occurrence,Race-Ethnicity,White,LIV,Chronic liver disease and cirrhosis,ICD-10,205.0,,,02/17/2026,02/17/2026,2025-08-01,2026-02-17,2026-02-17,False,,205.0,False,False,2025-08
3585,2025,8,Occurrence,Race-Ethnicity,Other/Unknown,LIV,Chronic liver disease and cirrhosis,ICD-10,,1,Cell suppressed for small numbers,02/17/2026,02/17/2026,2025-08-01,2026-02-17,2026-02-17,True,Cell suppressed for small numbers,,False,False,2025-08
3586,2025,8,Occurrence,Total Population,Total Population,NEP,"Nephritis, nephrotic syndrome and nephrosis",ICD-10,348.0,,,02/17/2026,02/17/2026,2025-08-01,2026-02-17,2026-02-17,False,,348.0,True,False,2025-08
3587,2025,8,Occurrence,Gender,Female,NEP,"Nephritis, nephrotic syndrome and nephrosis",ICD-10,167.0,,,02/17/2026,02/17/2026,2025-08-01,2026-02-17,2026-02-17,False,,167.0,False,False,2025-08
3588,2025,8,Occurrence,Gender,Male,NEP,"Nephritis, nephrotic syndrome and nephrosis",ICD-10,181.0,,,02/17/2026,02/17/2026,2025-08-01,2026-02-17,2026-02-17,False,,181.0,False,False,2025-08
3589,2025,8,Occurrence,Race-Ethnicity,American Indian/Alaska Native,NEP,"Nephritis, nephrotic syndrome and nephrosis",ICD-10,,1,Cell suppressed for small numbers,02/17/2026,02/17/2026,2025-08-01,2026-02-17,2026-02-17,True,Cell suppressed for small numbers,,False,False,2025-08
3590,2025,8,Occurrence,Race-Ethnicity,Asian,NEP,"Nephritis, nephrotic syndrome and nephrosis",ICD-10,53.0,,,02/17/2026,02/17/2026,2025-08-01,2026-02-17,2026-02-17,False,,53.0,False,False,2025-08
3591,2025,8,Occurrence,Race-Ethnicity,Black,NEP,"Nephritis, nephrotic syndrome and nephrosis",ICD-10,33.0,,,02/17/2026,02/17/2026,2025-08-01,2026-02-17,2026-02-17,False,,33.0,False,False,2025-08
3592,2025,8,Occurrence,Race-Ethnicity,Hawaiian/Pacific Islander,NEP,"Nephritis, nephrotic syndrome and nephrosis",ICD-10,,1,Cell suppressed for small numbers,02/17/2026,02/17/2026,2025-08-01,2026-02-17,2026-02-17,True,Cell suppressed for small numbers,,False,False,2025-08
3593,2025,8,Occurrence,Race-Ethnicity,Hispanic,NEP,"Nephritis, nephrotic syndrome and nephrosis",ICD-10,107.0,,,02/17/2026,02/17/2026,2025-08-01,2026-02-17,2026-02-17,False,,107.0,False,False,2025-08
3594,2025,8,Occurrence,Race-Ethnicity,Multi-Race,NEP,"Nephritis, nephrotic syndrome and nephrosis",ICD-10,,1,Cell suppressed for small numbers,02/17/2026,02/17/2026,2025-08-01,2026-02-17,2026-02-17,True,Cell suppressed for small numbers,,False,False,2025-08
3595,2025,8,Occurrence,Race-Ethnicity,White,NEP,"Nephritis, nephrotic syndrome and nephrosis",ICD-10,140.0,,,02/17/2026,02/17/2026,2025-08-01,2026-02-17,2026-02-17,False,,140.0,False,False,2025-08
3596,2025,8,Occurrence,Race-Ethnicity,Other/Unknown,NEP,"Nephritis, nephrotic syndrome and nephrosis",ICD-10,,1,Cell suppressed for small numbers,02/17/2026,02/17/2026,2025-08-01,2026-02-17,2026-02-17,True,Cell suppressed for small numbers,,False,False,2025-08
3597,2025,8,Occurrence,Total Population,Total Population,PAR,Parkinson's disease,ICD-10,378.0,,,02/17/2026,02/17/2026,2025-08-01,2026-02-17,2026-02-17,False,,378.0,True,False,2025-08
3598,2025,8,Occurrence,Gender,Female,PAR,Parkinson's disease,ICD-10,152.0,,,02/17/2026,02/17/2026,2025-08-01,2026-02-17,2026-02-17,False,,152.0,False,False,2025-08
3599,2025,8,Occurrence,Gender,Male,PAR,Parkinson's disease,ICD-10,226.0,,,02/17/2026,02/17/2026,2025-08-01,2026-02-17,2026-02-17,False,,226.0,False,False,2025-08
3600,2025,8,Occurrence,Race-Ethnicity,American Indian/Alaska Native,PAR,Parkinson's disease,ICD-10,,1,Cell suppressed for small numbers,02/17/2026,02/17/2026,2025-08-01,2026-02-17,2026-02-17,True,Cell suppressed for small numbers,,False,False,2025-08
3601,2025,8,Occurrence,Race-Ethnicity,Asian,PAR,Parkinson's disease,ICD-10,58.0,,,02/17/2026,02/17/2026,2025-08-01,2026-02-17,2026-02-17,False,,58.0,False,False,2025-08
3602,2025,8,Occurrence,Race-Ethnicity,Black,PAR,Parkinson's disease,ICD-10,,1,Cell suppressed for small numbers,02/17/2026,02/17/2026,2025-08-01,2026-02-17,2026-02-17,True,Cell suppressed for small numbers,,False,False,2025-08
3603,2025,8,Occurrence,Race-Ethnicity,Hawaiian/Pacific Islander,PAR,Parkinson's disease,ICD-10,0.0,,,02/17/2026,02/17/2026,2025-08-01,2026-02-17,2026-02-17,False,,0.0,False,False,2025-08
3604,2025,8,Occurrence,Race-Ethnicity,Hispanic,PAR,Parkinson's disease,ICD-10,55.0,,,02/17/2026,02/17/2026,2025-08-01,2026-02-17,2026-02-17,False,,55.0,False,False,2025-08
3605,2025,8,Occurrence,Race-Ethnicity,Multi-Race,PAR,Parkinson's disease,ICD-10,,1,Cell suppressed for small numbers,02/17/2026,02/17/2026,2025-08-01,2026-02-17,2026-02-17,True,Cell suppressed for small numbers,,False,False,2025-08
3606,2025,8,Occurrence,Race-Ethnicity,White,PAR,Parkinson's disease,ICD-10,249.0,,,02/17/2026,02/17/2026,2025-08-01,2026-02-17,2026-02-17,False,,249.0,False,False,2025-08
3607,2025,8,Occurrence,Race-Ethnicity,Other/Unknown,PAR,Parkinson's disease,ICD-10,,1,Cell suppressed for small numbers,02/17/2026,02/17/2026,2025-08-01,2026-02-17,2026-02-17,True,Cell suppressed for small numbers,,False,False,2025-08
3608,2025,8,Occurrence,Total Population,Total Population,PNF,Influenza and pneumonia,ICD-10,328.0,,,02/17/2026,02/17/2026,2025-08-01,2026-02-17,2026-02-17,False,,328.0,True,False,2025-08
3609,2025,8,Occurrence,Gender,Female,PNF,Influenza and pneumonia,ICD-10,170.0,,,02/17/2026,02/17/2026,2025-08-01,2026-02-17,2026-02-17,False,,170.0,False,False,2025-08
3610,2025,8,Occurrence,Gender,Male,PNF,Influenza and pneumonia,ICD-10,158.0,,,02/17/2026,02/17/2026,2025-08-01,2026-02-17,2026-02-17,False,,158.0,False,False,2025-08
3611,2025,8,Occurrence,Race-Ethnicity,American Indian/Alaska Native,PNF,Influenza and pneumonia,ICD-10,,1,Cell suppressed for small numbers,02/17/2026,02/17/2026,2025-08-01,2026-02-17,2026-02-17,True,Cell suppressed for small numbers,,False,False,2025-08
3612,2025,8,Occurrence,Race-Ethnicity,Asian,PNF,Influenza and pneumonia,ICD-10,58.0,,,02/17/2026,02/17/2026,2025-08-01,2026-02-17,2026-02-17,False,,58.0,False,False,2025-08
3613,2025,8,Occurrence,Race-Ethnicity,Black,PNF,Influenza and pneumonia,ICD-10,21.0,,,02/17/2026,02/17/2026,2025-08-01,2026-02-17,2026-02-17,False,,21.0,False,False,2025-08
3614,2025,8,Occurrence,Race-Ethnicity,Hawaiian/Pacific Islander,PNF,Influenza and pneumonia,ICD-10,,1,Cell suppressed for small numbers,02/17/2026,02/17/2026,2025-08-01,2026-02-17,2026-02-17,True,Cell suppressed for small numbers,,False,False,2025-08
3615,2025,8,Occurrence,Race-Ethnicity,Hispanic,PNF,Influenza and pneumonia,ICD-10,80.0,,,02/17/2026,02/17/2026,2025-08-01,2026-02-17,2026-02-17,False,,80.0,False,False,2025-08
3616,2025,8,Occurrence,Race-Ethnicity,Multi-Race,PNF,Influenza and pneumonia,ICD-10,,1,Cell suppressed for small numbers,02/17/2026,02/17/2026,2025-08-01,2026-02-17,2026-02-17,True,Cell suppressed for small numbers,,False,False,2025-08
3617,2025,8,Occurrence,Race-Ethnicity,White,PNF,Influenza and pneumonia,ICD-10,162.0,,,02/17/2026,02/17/2026,2025-08-01,2026-02-17,2026-02-17,False,,162.0,False,False,2025-08
3618,2025,8,Occurrence,Race-Ethnicity,Other/Unknown,PNF,Influenza and pneumonia,ICD-10,,1,Cell suppressed for small numbers,02/17/2026,02/17/2026,2025-08-01,2026-02-17,2026-02-17,True,Cell suppressed for small numbers,,False,False,2025-08
3619,2025,8,Occurrence,Total Population,Total Population,STK,Cerebrovascular diseases,ICD-10,1406.0,,,02/17/2026,02/17/2026,2025-08-01,2026-02-17,2026-02-17,False,,1406.0,True,False,2025-08
3620,2025,8,Occurrence,Gender,Female,STK,Cerebrovascular diseases,ICD-10,771.0,,,02/17/2026,02/17/2026,2025-08-01,2026-02-17,2026-02-17,False,,771.0,False,False,2025-08
3621,2025,8,Occurrence,Gender,Male,STK,Cerebrovascular diseases,ICD-10,635.0,,,02/17/2026,02/17/2026,2025-08-01,2026-02-17,2026-02-17,False,,635.0,False,False,2025-08
3622,2025,8,Occurrence,Race-Ethnicity,American Indian/Alaska Native,STK,Cerebrovascular diseases,ICD-10,,1,Cell suppressed for small numbers,02/17/2026,02/17/2026,2025-08-01,2026-02-17,2026-02-17,True,Cell suppressed for small numbers,,False,False,2025-08
3623,2025,8,Occurrence,Race-Ethnicity,Asian,STK,Cerebrovascular diseases,ICD-10,209.0,,,02/17/2026,02/17/2026,2025-08-01,2026-02-17,2026-02-17,False,,209.0,False,False,2025-08
3624,2025,8,Occurrence,Race-Ethnicity,Black,STK,Cerebrovascular diseases,ICD-10,107.0,,,02/17/2026,02/17/2026,2025-08-01,2026-02-17,2026-02-17,False,,107.0,False,False,2025-08
3625,2025,8,Occurrence,Race-Ethnicity,Hawaiian/Pacific Islander,STK,Cerebrovascular diseases,ICD-10,,1,Cell suppressed for small numbers,02/17/2026,02/17/2026,2025-08-01,2026-02-17,2026-02-17,True,Cell suppressed for small numbers,,False,False,2025-08
3626,2025,8,Occurrence,Race-Ethnicity,Hispanic,STK,Cerebrovascular diseases,ICD-10,323.0,,,02/17/2026,02/17/2026,2025-08-01,2026-02-17,2026-02-17,False,,323.0,False,False,2025-08
3627,2025,8,Occurrence,Race-Ethnicity,Multi-Race,STK,Cerebrovascular diseases,ICD-10,16.0,,,02/17/2026,02/17/2026,2025-08-01,2026-02-17,2026-02-17,False,,16.0,False,False,2025-08
3628,2025,8,Occurrence,Race-Ethnicity,White,STK,Cerebrovascular diseases,ICD-10,725.0,,,02/17/2026,02/17/2026,2025-08-01,2026-02-17,2026-02-17,False,,725.0,False,False,2025-08
3629,2025,8,Occurrence,Race-Ethnicity,Other/Unknown,STK,Cerebrovascular diseases,ICD-10,,1,Cell suppressed for small numbers,02/17/2026,02/17/2026,2025-08-01,2026-02-17,2026-02-17,True,Cell suppressed for small numbers,,False,False,2025-08
3630,2025,8,Occurrence,Total Population,Total Population,SUI,Intentional self-harm (suicide),ICD-10,362.0,,,02/17/2026,02/17/2026,2025-08-01,2026-02-17,2026-02-17,False,,362.0,True,False,2025-08
3631,2025,8,Occurrence,Gender,Female,SUI,Intentional self-harm (suicide),ICD-10,78.0,,,02/17/2026,02/17/2026,2025-08-01,2026-02-17,2026-02-17,False,,78.0,False,False,2025-08
3632,2025,8,Occurrence,Gender,Male,SUI,Intentional self-harm (suicide),ICD-10,284.0,,,02/17/2026,02/17/2026,2025-08-01,2026-02-17,2026-02-17,False,,284.0,False,False,2025-08
3633,2025,8,Occurrence,Race-Ethnicity,American Indian/Alaska Native,SUI,Intentional self-harm (suicide),ICD-10,,1,Cell suppressed for small numbers,02/17/2026,02/17/2026,2025-08-01,2026-02-17,2026-02-17,True,Cell suppressed for small numbers,,False,False,2025-08
3634,2025,8,Occurrence,Race-Ethnicity,Asian,SUI,Intentional self-harm (suicide),ICD-10,33.0,,,02/17/2026,02/17/2026,2025-08-01,2026-02-17,2026-02-17,False,,33.0,False,False,2025-08
3635,2025,8,Occurrence,Race-Ethnicity,Black,SUI,Intentional self-harm (suicide),ICD-10,19.0,,,02/17/2026,02/17/2026,2025-08-01,2026-02-17,2026-02-17,False,,19.0,False,False,2025-08
3636,2025,8,Occurrence,Race-Ethnicity,Hawaiian/Pacific Islander,SUI,Intentional self-harm (suicide),ICD-10,0.0,,,02/17/2026,02/17/2026,2025-08-01,2026-02-17,2026-02-17,False,,0.0,False,False,2025-08
3637,2025,8,Occurrence,Race-Ethnicity,Hispanic,SUI,Intentional self-harm (suicide),ICD-10,81.0,,,02/17/2026,02/17/2026,2025-08-01,2026-02-17,2026-02-17,False,,81.0,False,False,2025-08
3638,2025,8,Occurrence,Race-Ethnicity,Multi-Race,SUI,Intentional self-harm (suicide),ICD-10,,1,Cell suppressed for small numbers,02/17/2026,02/17/2026,2025-08-01,2026-02-17,2026-02-17,True,Cell suppressed for small numbers,,False,False,2025-08
3639,2025,8,Occurrence,Race-Ethnicity,White,SUI,Intentional self-harm (suicide),ICD-10,219.0,,,02/17/2026,02/17/2026,2025-08-01,2026-02-17,2026-02-17,False,,219.0,False,False,2025-08
3640,2025,8,Occurrence,Race-Ethnicity,Other/Unknown,SUI,Intentional self-harm (suicide),ICD-10,0.0,,,02/17/2026,02/17/2026,2025-08-01,2026-02-17,2026-02-17,False,,0.0,False,False,2025-08
3641,2025,9,Occurrence,Total Population,Total Population,ALL,All causes (total),ICD-10,21980.0,,,02/17/2026,02/17/2026,2025-09-01,2026-02-17,2026-02-17,False,,21980.0,True,True,2025-09
3642,2025,9,Occurrence,Age,Under 1 year,ALL,All causes (total),ICD-10,143.0,,,02/17/2026,02/17/2026,2025-09-01,2026-02-17,2026-02-17,False,,143.0,False,True,2025-09
3643,2025,9,Occurrence,Age,1-4 years,ALL,All causes (total),ICD-10,18.0,,,02/17/2026,02/17/2026,2025-09-01,2026-02-17,2026-02-17,False,,18.0,False,True,2025-09
3644,2025,9,Occurrence,Age,5-14 years,ALL,All causes (total),ICD-10,35.0,,,02/17/2026,02/17/2026,2025-09-01,2026-02-17,2026-02-17,False,,35.0,False,True,2025-09
3645,2025,9,Occurrence,Age,15-24 years,ALL,All causes (total),ICD-10,197.0,,,02/17/2026,02/17/2026,2025-09-01,2026-02-17,2026-02-17,False,,197.0,False,True,2025-09
3646,2025,9,Occurrence,Age,25-34 years,ALL,All causes (total),ICD-10,470.0,,,02/17/2026,02/17/2026,2025-09-01,2026-02-17,2026-02-17,False,,470.0,False,True,2025-09
3647,2025,9,Occurrence,Age,35-44 years,ALL,All causes (total),ICD-10,776.0,,,02/17/2026,02/17/2026,2025-09-01,2026-02-17,2026-02-17,False,,776.0,False,True,2025-09
3648,2025,9,Occurrence,Age,45-54 years,ALL,All causes (total),ICD-10,1162.0,,,02/17/2026,02/17/2026,2025-09-01,2026-02-17,2026-02-17,False,,1162.0,False,True,2025-09
3649,2025,9,Occurrence,Age,55-64 years,ALL,All causes (total),ICD-10,2303.0,,,02/17/2026,02/17/2026,2025-09-01,2026-02-17,2026-02-17,False,,2303.0,False,True,2025-09
3650,2025,9,Occurrence,Age,65-74 years,ALL,All causes (total),ICD-10,4309.0,,,02/17/2026,02/17/2026,2025-09-01,2026-02-17,2026-02-17,False,,4309.0,False,True,2025-09
3651,2025,9,Occurrence,Age,75-84 years,ALL,All causes (total),ICD-10,5753.0,,,02/17/2026,02/17/2026,2025-09-01,2026-02-17,2026-02-17,False,,5753.0,False,True,2025-09
3652,2025,9,Occurrence,Age,85 years and over,ALL,All causes (total),ICD-10,6811.0,,,02/17/2026,02/17/2026,2025-09-01,2026-02-17,2026-02-17,False,,6811.0,False,True,2025-09
3653,2025,9,Occurrence,Gender,Female,ALL,All causes (total),ICD-10,10178.0,,,02/17/2026,02/17/2026,2025-09-01,2026-02-17,2026-02-17,False,,10178.0,False,True,2025-09
3654,2025,9,Occurrence,Gender,Male,ALL,All causes (total),ICD-10,11798.0,,,02/17/2026,02/17/2026,2025-09-01,2026-02-17,2026-02-17,False,,11798.0,False,True,2025-09
3655,2025,9,Occurrence,Place Type,Inpatient,ALL,All causes (total),ICD-10,6931.0,,,02/17/2026,02/17/2026,2025-09-01,2026-02-17,2026-02-17,False,,6931.0,False,True,2025-09
3656,2025,9,Occurrence,Place Type,Emergency Room/Outpatient,ALL,All causes (total),ICD-10,1212.0,,,02/17/2026,02/17/2026,2025-09-01,2026-02-17,2026-02-17,False,,1212.0,False,True,2025-09
3657,2025,9,Occurrence,Place Type,Decedent's Home,ALL,All causes (total),ICD-10,8441.0,,,02/17/2026,02/17/2026,2025-09-01,2026-02-17,2026-02-17,False,,8441.0,False,True,2025-09
3658,2025,9,Occurrence,Place Type,Hospice Facility,ALL,All causes (total),ICD-10,277.0,,,02/17/2026,02/17/2026,2025-09-01,2026-02-17,2026-02-17,False,,277.0,False,True,2025-09
3659,2025,9,Occurrence,Place Type,Nursing Home/Long Term Care Facility,ALL,All causes (total),ICD-10,3962.0,,,02/17/2026,02/17/2026,2025-09-01,2026-02-17,2026-02-17,False,,3962.0,False,True,2025-09
3660,2025,9,Occurrence,Place Type,Other/Unknown,ALL,All causes (total),ICD-10,1157.0,,,02/17/2026,02/17/2026,2025-09-01,2026-02-17,2026-02-17,False,,1157.0,False,True,2025-09
3661,2025,9,Occurrence,Race-Ethnicity,American Indian/Alaska Native,ALL,All causes (total),ICD-10,95.0,,,02/17/2026,02/17/2026,2025-09-01,2026-02-17,2026-02-17,False,,95.0,False,True,2025-09
3662,2025,9,Occurrence,Race-Ethnicity,Asian,ALL,All causes (total),ICD-10,2395.0,,,02/17/2026,02/17/2026,2025-09-01,2026-02-17,2026-02-17,False,,2395.0,False,True,2025-09
3663,2025,9,Occurrence,Race-Ethnicity,Black,ALL,All causes (total),ICD-10,1693.0,,,02/17/2026,02/17/2026,2025-09-01,2026-02-17,2026-02-17,False,,1693.0,False,True,2025-09
3664,2025,9,Occurrence,Race-Ethnicity,Hawaiian/Pacific Islander,ALL,All causes (total),ICD-10,95.0,,,02/17/2026,02/17/2026,2025-09-01,2026-02-17,2026-02-17,False,,95.0,False,True,2025-09
3665,2025,9,Occurrence,Race-Ethnicity,Hispanic,ALL,All causes (total),ICD-10,5131.0,,,02/17/2026,02/17/2026,2025-09-01,2026-02-17,2026-02-17,False,,5131.0,False,True,2025-09
3666,2025,9,Occurrence,Race-Ethnicity,Multi-Race,ALL,All causes (total),ICD-10,230.0,,,02/17/2026,02/17/2026,2025-09-01,2026-02-17,2026-02-17,False,,230.0,False,True,2025-09
3667,2025,9,Occurrence,Race-Ethnicity,White,ALL,All causes (total),ICD-10,12120.0,,,02/17/2026,02/17/2026,2025-09-01,2026-02-17,2026-02-17,False,,12120.0,False,True,2025-09
3668,2025,9,Occurrence,Race-Ethnicity,Other/Unknown,ALL,All causes (total),ICD-10,221.0,,,02/17/2026,02/17/2026,2025-09-01,2026-02-17,2026-02-17,False,,221.0,False,True,2025-09
3669,2025,9,Occurrence,Total Population,Total Population,ALZ,Alzheimer's disease,ICD-10,1231.0,,,02/17/2026,02/17/2026,2025-09-01,2026-02-17,2026-02-17,False,,1231.0,True,False,2025-09
3670,2025,9,Occurrence,Gender,Female,ALZ,Alzheimer's disease,ICD-10,812.0,,,02/17/2026,02/17/2026,2025-09-01,2026-02-17,2026-02-17,False,,812.0,False,False,2025-09
3671,2025,9,Occurrence,Gender,Male,ALZ,Alzheimer's disease,ICD-10,419.0,,,02/17/2026,02/17/2026,2025-09-01,2026-02-17,2026-02-17,False,,419.0,False,False,2025-09
3672,2025,9,Occurrence,Race-Ethnicity,American Indian/Alaska Native,ALZ,Alzheimer's disease,ICD-10,,1,Cell suppressed for small numbers,02/17/2026,02/17/2026,2025-09-01,2026-02-17,2026-02-17,True,Cell suppressed for small numbers,,False,False,2025-09
3673,2025,9,Occurrence,Race-Ethnicity,Asian,ALZ,Alzheimer's disease,ICD-10,129.0,,,02/17/2026,02/17/2026,2025-09-01,2026-02-17,2026-02-17,False,,129.0,False,False,2025-09
3674,2025,9,Occurrence,Race-Ethnicity,Black,ALZ,Alzheimer's disease,ICD-10,62.0,,,02/17/2026,02/17/2026,2025-09-01,2026-02-17,2026-02-17,False,,62.0,False,False,2025-09
3675,2025,9,Occurrence,Race-Ethnicity,Hawaiian/Pacific Islander,ALZ,Alzheimer's disease,ICD-10,,1,Cell suppressed for small numbers,02/17/2026,02/17/2026,2025-09-01,2026-02-17,2026-02-17,True,Cell suppressed for small numbers,,False,False,2025-09
3676,2025,9,Occurrence,Race-Ethnicity,Hispanic,ALZ,Alzheimer's disease,ICD-10,227.0,,,02/17/2026,02/17/2026,2025-09-01,2026-02-17,2026-02-17,False,,227.0,False,False,2025-09
3677,2025,9,Occurrence,Race-Ethnicity,Multi-Race,ALZ,Alzheimer's disease,ICD-10,,1,Cell suppressed for small numbers,02/17/2026,02/17/2026,2025-09-01,2026-02-17,2026-02-17,True,Cell suppressed for small numbers,,False,False,2025-09
3678,2025,9,Occurrence,Race-Ethnicity,White,ALZ,Alzheimer's disease,ICD-10,796.0,,,02/17/2026,02/17/2026,2025-09-01,2026-02-17,2026-02-17,False,,796.0,False,False,2025-09
3679,2025,9,Occurrence,Race-Ethnicity,Other/Unknown,ALZ,Alzheimer's disease,ICD-10,,1,Cell suppressed for small numbers,02/17/2026,02/17/2026,2025-09-01,2026-02-17,2026-02-17,True,Cell suppressed for small numbers,,False,False,2025-09
3680,2025,9,Occurrence,Total Population,Total Population,CAN,Malignant neoplasms,ICD-10,4933.0,,,02/17/2026,02/17/2026,2025-09-01,2026-02-17,2026-02-17,False,,4933.0,True,False,2025-09
3681,2025,9,Occurrence,Gender,Female,CAN,Malignant neoplasms,ICD-10,2412.0,,,02/17/2026,02/17/2026,2025-09-01,2026-02-17,2026-02-17,False,,2412.0,False,False,2025-09
3682,2025,9,Occurrence,Gender,Male,CAN,Malignant neoplasms,ICD-10,2521.0,,,02/17/2026,02/17/2026,2025-09-01,2026-02-17,2026-02-17,False,,2521.0,False,False,2025-09
3683,2025,9,Occurrence,Race-Ethnicity,American Indian/Alaska Native,CAN,Malignant neoplasms,ICD-10,12.0,,,02/17/2026,02/17/2026,2025-09-01,2026-02-17,2026-02-17,False,,12.0,False,False,2025-09
3684,2025,9,Occurrence,Race-Ethnicity,Asian,CAN,Malignant neoplasms,ICD-10,627.0,,,02/17/2026,02/17/2026,2025-09-01,2026-02-17,2026-02-17,False,,627.0,False,False,2025-09
3685,2025,9,Occurrence,Race-Ethnicity,Black,CAN,Malignant neoplasms,ICD-10,365.0,,,02/17/2026,02/17/2026,2025-09-01,2026-02-17,2026-02-17,False,,365.0,False,False,2025-09
3686,2025,9,Occurrence,Race-Ethnicity,Hawaiian/Pacific Islander,CAN,Malignant neoplasms,ICD-10,21.0,,,02/17/2026,02/17/2026,2025-09-01,2026-02-17,2026-02-17,False,,21.0,False,False,2025-09
3687,2025,9,Occurrence,Race-Ethnicity,Hispanic,CAN,Malignant neoplasms,ICD-10,1136.0,,,02/17/2026,02/17/2026,2025-09-01,2026-02-17,2026-02-17,False,,1136.0,False,False,2025-09
3688,2025,9,Occurrence,Race-Ethnicity,Multi-Race,CAN,Malignant neoplasms,ICD-10,60.0,,,02/17/2026,02/17/2026,2025-09-01,2026-02-17,2026-02-17,False,,60.0,False,False,2025-09
3689,2025,9,Occurrence,Race-Ethnicity,White,CAN,Malignant neoplasms,ICD-10,2666.0,,,02/17/2026,02/17/2026,2025-09-01,2026-02-17,2026-02-17,False,,2666.0,False,False,2025-09
3690,2025,9,Occurrence,Race-Ethnicity,Other/Unknown,CAN,Malignant neoplasms,ICD-10,46.0,,,02/17/2026,02/17/2026,2025-09-01,2026-02-17,2026-02-17,False,,46.0,False,False,2025-09
3691,2025,9,Occurrence,Total Population,Total Population,CLD,Chronic lower respiratory diseases,ICD-10,820.0,,,02/17/2026,02/17/2026,2025-09-01,2026-02-17,2026-02-17,False,,820.0,True,False,2025-09
3692,2025,9,Occurrence,Gender,Female,CLD,Chronic lower respiratory diseases,ICD-10,393.0,,,02/17/2026,02/17/2026,2025-09-01,2026-02-17,2026-02-17,False,,393.0,False,False,2025-09
3693,2025,9,Occurrence,Gender,Male,CLD,Chronic lower respiratory diseases,ICD-10,427.0,,,02/17/2026,02/17/2026,2025-09-01,2026-02-17,2026-02-17,False,,427.0,False,False,2025-09
3694,2025,9,Occurrence,Race-Ethnicity,American Indian/Alaska Native,CLD,Chronic lower respiratory diseases,ICD-10,,1,Cell suppressed for small numbers,02/17/2026,02/17/2026,2025-09-01,2026-02-17,2026-02-17,True,Cell suppressed for small numbers,,False,False,2025-09
3695,2025,9,Occurrence,Race-Ethnicity,Asian,CLD,Chronic lower respiratory diseases,ICD-10,58.0,,,02/17/2026,02/17/2026,2025-09-01,2026-02-17,2026-02-17,False,,58.0,False,False,2025-09
3696,2025,9,Occurrence,Race-Ethnicity,Black,CLD,Chronic lower respiratory diseases,ICD-10,58.0,,,02/17/2026,02/17/2026,2025-09-01,2026-02-17,2026-02-17,False,,58.0,False,False,2025-09
3697,2025,9,Occurrence,Race-Ethnicity,Hawaiian/Pacific Islander,CLD,Chronic lower respiratory diseases,ICD-10,,1,Cell suppressed for small numbers,02/17/2026,02/17/2026,2025-09-01,2026-02-17,2026-02-17,True,Cell suppressed for small numbers,,False,False,2025-09
3698,2025,9,Occurrence,Race-Ethnicity,Hispanic,CLD,Chronic lower respiratory diseases,ICD-10,81.0,,,02/17/2026,02/17/2026,2025-09-01,2026-02-17,2026-02-17,False,,81.0,False,False,2025-09
3699,2025,9,Occurrence,Race-Ethnicity,Multi-Race,CLD,Chronic lower respiratory diseases,ICD-10,,1,Cell suppressed for small numbers,02/17/2026,02/17/2026,2025-09-01,2026-02-17,2026-02-17,True,Cell suppressed for small numbers,,False,False,2025-09
3700,2025,9,Occurrence,Race-Ethnicity,White,CLD,Chronic lower respiratory diseases,ICD-10,607.0,,,02/17/2026,02/17/2026,2025-09-01,2026-02-17,2026-02-17,False,,607.0,False,False,2025-09
3701,2025,9,Occurrence,Race-Ethnicity,Other/Unknown,CLD,Chronic lower respiratory diseases,ICD-10,,1,Cell suppressed for small numbers,02/17/2026,02/17/2026,2025-09-01,2026-02-17,2026-02-17,True,Cell suppressed for small numbers,,False,False,2025-09
3702,2025,9,Occurrence,Total Population,Total Population,DIA,Diabetes mellitus,ICD-10,833.0,,,02/17/2026,02/17/2026,2025-09-01,2026-02-17,2026-02-17,False,,833.0,True,False,2025-09
3703,2025,9,Occurrence,Gender,Female,DIA,Diabetes mellitus,ICD-10,349.0,,,02/17/2026,02/17/2026,2025-09-01,2026-02-17,2026-02-17,False,,349.0,False,False,2025-09
3704,2025,9,Occurrence,Gender,Male,DIA,Diabetes mellitus,ICD-10,484.0,,,02/17/2026,02/17/2026,2025-09-01,2026-02-17,2026-02-17,False,,484.0,False,False,2025-09
3705,2025,9,Occurrence,Race-Ethnicity,American Indian/Alaska Native,DIA,Diabetes mellitus,ICD-10,,1,Cell suppressed for small numbers,02/17/2026,02/17/2026,2025-09-01,2026-02-17,2026-02-17,True,Cell suppressed for small numbers,,False,False,2025-09
3706,2025,9,Occurrence,Race-Ethnicity,Asian,DIA,Diabetes mellitus,ICD-10,116.0,,,02/17/2026,02/17/2026,2025-09-01,2026-02-17,2026-02-17,False,,116.0,False,False,2025-09
3707,2025,9,Occurrence,Race-Ethnicity,Black,DIA,Diabetes mellitus,ICD-10,75.0,,,02/17/2026,02/17/2026,2025-09-01,2026-02-17,2026-02-17,False,,75.0,False,False,2025-09
3708,2025,9,Occurrence,Race-Ethnicity,Hawaiian/Pacific Islander,DIA,Diabetes mellitus,ICD-10,,1,Cell suppressed for small numbers,02/17/2026,02/17/2026,2025-09-01,2026-02-17,2026-02-17,True,Cell suppressed for small numbers,,False,False,2025-09
3709,2025,9,Occurrence,Race-Ethnicity,Hispanic,DIA,Diabetes mellitus,ICD-10,294.0,,,02/17/2026,02/17/2026,2025-09-01,2026-02-17,2026-02-17,False,,294.0,False,False,2025-09
3710,2025,9,Occurrence,Race-Ethnicity,Multi-Race,DIA,Diabetes mellitus,ICD-10,,1,Cell suppressed for small numbers,02/17/2026,02/17/2026,2025-09-01,2026-02-17,2026-02-17,True,Cell suppressed for small numbers,,False,False,2025-09
3711,2025,9,Occurrence,Race-Ethnicity,White,DIA,Diabetes mellitus,ICD-10,317.0,,,02/17/2026,02/17/2026,2025-09-01,2026-02-17,2026-02-17,False,,317.0,False,False,2025-09
3712,2025,9,Occurrence,Race-Ethnicity,Other/Unknown,DIA,Diabetes mellitus,ICD-10,11.0,,,02/17/2026,02/17/2026,2025-09-01,2026-02-17,2026-02-17,False,,11.0,False,False,2025-09
3713,2025,9,Occurrence,Total Population,Total Population,HOM,Assault (homicide),ICD-10,126.0,,,02/17/2026,02/17/2026,2025-09-01,2026-02-17,2026-02-17,False,,126.0,True,False,2025-09
3714,2025,9,Occurrence,Gender,Female,HOM,Assault (homicide),ICD-10,22.0,,,02/17/2026,02/17/2026,2025-09-01,2026-02-17,2026-02-17,False,,22.0,False,False,2025-09
3715,2025,9,Occurrence,Gender,Male,HOM,Assault (homicide),ICD-10,104.0,,,02/17/2026,02/17/2026,2025-09-01,2026-02-17,2026-02-17,False,,104.0,False,False,2025-09
3716,2025,9,Occurrence,Race-Ethnicity,American Indian/Alaska Native,HOM,Assault (homicide),ICD-10,0.0,,,02/17/2026,02/17/2026,2025-09-01,2026-02-17,2026-02-17,False,,0.0,False,False,2025-09
3717,2025,9,Occurrence,Race-Ethnicity,Asian,HOM,Assault (homicide),ICD-10,,1,Cell suppressed for small numbers,02/17/2026,02/17/2026,2025-09-01,2026-02-17,2026-02-17,True,Cell suppressed for small numbers,,False,False,2025-09
3718,2025,9,Occurrence,Race-Ethnicity,Black,HOM,Assault (homicide),ICD-10,29.0,,,02/17/2026,02/17/2026,2025-09-01,2026-02-17,2026-02-17,False,,29.0,False,False,2025-09
3719,2025,9,Occurrence,Race-Ethnicity,Hawaiian/Pacific Islander,HOM,Assault (homicide),ICD-10,,1,Cell suppressed for small numbers,02/17/2026,02/17/2026,2025-09-01,2026-02-17,2026-02-17,True,Cell suppressed for small numbers,,False,False,2025-09
3720,2025,9,Occurrence,Race-Ethnicity,Hispanic,HOM,Assault (homicide),ICD-10,64.0,,,02/17/2026,02/17/2026,2025-09-01,2026-02-17,2026-02-17,False,,64.0,False,False,2025-09
3721,2025,9,Occurrence,Race-Ethnicity,Multi-Race,HOM,Assault (homicide),ICD-10,,1,Cell suppressed for small numbers,02/17/2026,02/17/2026,2025-09-01,2026-02-17,2026-02-17,True,Cell suppressed for small numbers,,False,False,2025-09
3722,2025,9,Occurrence,Race-Ethnicity,White,HOM,Assault (homicide),ICD-10,23.0,,,02/17/2026,02/17/2026,2025-09-01,2026-02-17,2026-02-17,False,,23.0,False,False,2025-09
3723,2025,9,Occurrence,Race-Ethnicity,Other/Unknown,HOM,Assault (homicide),ICD-10,,1,Cell suppressed for small numbers,02/17/2026,02/17/2026,2025-09-01,2026-02-17,2026-02-17,True,Cell suppressed for small numbers,,False,False,2025-09
3724,2025,9,Occurrence,Total Population,Total Population,HTD,Diseases of heart,ICD-10,4578.0,,,02/17/2026,02/17/2026,2025-09-01,2026-02-17,2026-02-17,False,,4578.0,True,False,2025-09
3725,2025,9,Occurrence,Gender,Female,HTD,Diseases of heart,ICD-10,1983.0,,,02/17/2026,02/17/2026,2025-09-01,2026-02-17,2026-02-17,False,,1983.0,False,False,2025-09
3726,2025,9,Occurrence,Gender,Male,HTD,Diseases of heart,ICD-10,2595.0,,,02/17/2026,02/17/2026,2025-09-01,2026-02-17,2026-02-17,False,,2595.0,False,False,2025-09
3727,2025,9,Occurrence,Race-Ethnicity,American Indian/Alaska Native,HTD,Diseases of heart,ICD-10,22.0,,,02/17/2026,02/17/2026,2025-09-01,2026-02-17,2026-02-17,False,,22.0,False,False,2025-09
3728,2025,9,Occurrence,Race-Ethnicity,Asian,HTD,Diseases of heart,ICD-10,476.0,,,02/17/2026,02/17/2026,2025-09-01,2026-02-17,2026-02-17,False,,476.0,False,False,2025-09
3729,2025,9,Occurrence,Race-Ethnicity,Black,HTD,Diseases of heart,ICD-10,413.0,,,02/17/2026,02/17/2026,2025-09-01,2026-02-17,2026-02-17,False,,413.0,False,False,2025-09
3730,2025,9,Occurrence,Race-Ethnicity,Hawaiian/Pacific Islander,HTD,Diseases of heart,ICD-10,23.0,,,02/17/2026,02/17/2026,2025-09-01,2026-02-17,2026-02-17,False,,23.0,False,False,2025-09
3731,2025,9,Occurrence,Race-Ethnicity,Hispanic,HTD,Diseases of heart,ICD-10,879.0,,,02/17/2026,02/17/2026,2025-09-01,2026-02-17,2026-02-17,False,,879.0,False,False,2025-09
3732,2025,9,Occurrence,Race-Ethnicity,Multi-Race,HTD,Diseases of heart,ICD-10,45.0,,,02/17/2026,02/17/2026,2025-09-01,2026-02-17,2026-02-17,False,,45.0,False,False,2025-09
3733,2025,9,Occurrence,Race-Ethnicity,White,HTD,Diseases of heart,ICD-10,2674.0,,,02/17/2026,02/17/2026,2025-09-01,2026-02-17,2026-02-17,False,,2674.0,False,False,2025-09
3734,2025,9,Occurrence,Race-Ethnicity,Other/Unknown,HTD,Diseases of heart,ICD-10,46.0,,,02/17/2026,02/17/2026,2025-09-01,2026-02-17,2026-02-17,False,,46.0,False,False,2025-09
3735,2025,9,Occurrence,Total Population,Total Population,HYP,Essential hypertension and hypertensive renal disease,ICD-10,516.0,,,02/17/2026,02/17/2026,2025-09-01,2026-02-17,2026-02-17,False,,516.0,True,False,2025-09
3736,2025,9,Occurrence,Gender,Female,HYP,Essential hypertension and hypertensive renal disease,ICD-10,267.0,,,02/17/2026,02/17/2026,2025-09-01,2026-02-17,2026-02-17,False,,267.0,False,False,2025-09
3737,2025,9,Occurrence,Gender,Male,HYP,Essential hypertension and hypertensive renal disease,ICD-10,249.0,,,02/17/2026,02/17/2026,2025-09-01,2026-02-17,2026-02-17,False,,249.0,False,False,2025-09
3738,2025,9,Occurrence,Race-Ethnicity,American Indian/Alaska Native,HYP,Essential hypertension and hypertensive renal disease,ICD-10,,1,Cell suppressed for small numbers,02/17/2026,02/17/2026,2025-09-01,2026-02-17,2026-02-17,True,Cell suppressed for small numbers,,False,False,2025-09
3739,2025,9,Occurrence,Race-Ethnicity,Asian,HYP,Essential hypertension and hypertensive renal disease,ICD-10,76.0,,,02/17/2026,02/17/2026,2025-09-01,2026-02-17,2026-02-17,False,,76.0,False,False,2025-09
3740,2025,9,Occurrence,Race-Ethnicity,Black,HYP,Essential hypertension and hypertensive renal disease,ICD-10,50.0,,,02/17/2026,02/17/2026,2025-09-01,2026-02-17,2026-02-17,False,,50.0,False,False,2025-09
3741,2025,9,Occurrence,Race-Ethnicity,Hawaiian/Pacific Islander,HYP,Essential hypertension and hypertensive renal disease,ICD-10,,1,Cell suppressed for small numbers,02/17/2026,02/17/2026,2025-09-01,2026-02-17,2026-02-17,True,Cell suppressed for small numbers,,False,False,2025-09
3742,2025,9,Occurrence,Race-Ethnicity,Hispanic,HYP,Essential hypertension and hypertensive renal disease,ICD-10,116.0,,,02/17/2026,02/17/2026,2025-09-01,2026-02-17,2026-02-17,False,,116.0,False,False,2025-09
3743,2025,9,Occurrence,Race-Ethnicity,Multi-Race,HYP,Essential hypertension and hypertensive renal disease,ICD-10,,1,Cell suppressed for small numbers,02/17/2026,02/17/2026,2025-09-01,2026-02-17,2026-02-17,True,Cell suppressed for small numbers,,False,False,2025-09
3744,2025,9,Occurrence,Race-Ethnicity,White,HYP,Essential hypertension and hypertensive renal disease,ICD-10,262.0,,,02/17/2026,02/17/2026,2025-09-01,2026-02-17,2026-02-17,False,,262.0,False,False,2025-09
3745,2025,9,Occurrence,Race-Ethnicity,Other/Unknown,HYP,Essential hypertension and hypertensive renal disease,ICD-10,,1,Cell suppressed for small numbers,02/17/2026,02/17/2026,2025-09-01,2026-02-17,2026-02-17,True,Cell suppressed for small numbers,,False,False,2025-09
3746,2025,9,Occurrence,Total Population,Total Population,INJ,Accidents (unintentional injuries),ICD-10,1418.0,,,02/17/2026,02/17/2026,2025-09-01,2026-02-17,2026-02-17,False,,1418.0,True,False,2025-09
3747,2025,9,Occurrence,Gender,Female,INJ,Accidents (unintentional injuries),ICD-10,400.0,,,02/17/2026,02/17/2026,2025-09-01,2026-02-17,2026-02-17,False,,400.0,False,False,2025-09
3748,2025,9,Occurrence,Gender,Male,INJ,Accidents (unintentional injuries),ICD-10,1017.0,,,02/17/2026,02/17/2026,2025-09-01,2026-02-17,2026-02-17,False,,1017.0,False,False,2025-09
3749,2025,9,Occurrence,Race-Ethnicity,American Indian/Alaska Native,INJ,Accidents (unintentional injuries),ICD-10,,1,Cell suppressed for small numbers,02/17/2026,02/17/2026,2025-09-01,2026-02-17,2026-02-17,True,Cell suppressed for small numbers,,False,False,2025-09
3750,2025,9,Occurrence,Race-Ethnicity,Asian,INJ,Accidents (unintentional injuries),ICD-10,90.0,,,02/17/2026,02/17/2026,2025-09-01,2026-02-17,2026-02-17,False,,90.0,False,False,2025-09
3751,2025,9,Occurrence,Race-Ethnicity,Black,INJ,Accidents (unintentional injuries),ICD-10,132.0,,,02/17/2026,02/17/2026,2025-09-01,2026-02-17,2026-02-17,False,,132.0,False,False,2025-09
3752,2025,9,Occurrence,Race-Ethnicity,Hawaiian/Pacific Islander,INJ,Accidents (unintentional injuries),ICD-10,,1,Cell suppressed for small numbers,02/17/2026,02/17/2026,2025-09-01,2026-02-17,2026-02-17,True,Cell suppressed for small numbers,,False,False,2025-09
3753,2025,9,Occurrence,Race-Ethnicity,Hispanic,INJ,Accidents (unintentional injuries),ICD-10,508.0,,,02/17/2026,02/17/2026,2025-09-01,2026-02-17,2026-02-17,False,,508.0,False,False,2025-09
3754,2025,9,Occurrence,Race-Ethnicity,Multi-Race,INJ,Accidents (unintentional injuries),ICD-10,25.0,,,02/17/2026,02/17/2026,2025-09-01,2026-02-17,2026-02-17,False,,25.0,False,False,2025-09
3755,2025,9,Occurrence,Race-Ethnicity,White,INJ,Accidents (unintentional injuries),ICD-10,620.0,,,02/17/2026,02/17/2026,2025-09-01,2026-02-17,2026-02-17,False,,620.0,False,False,2025-09
3756,2025,9,Occurrence,Race-Ethnicity,Other/Unknown,INJ,Accidents (unintentional injuries),ICD-10,28.0,,,02/17/2026,02/17/2026,2025-09-01,2026-02-17,2026-02-17,False,,28.0,False,False,2025-09
3757,2025,9,Occurrence,Total Population,Total Population,LIV,Chronic liver disease and cirrhosis,ICD-10,481.0,,,02/17/2026,02/17/2026,2025-09-01,2026-02-17,2026-02-17,False,,481.0,True,False,2025-09
3758,2025,9,Occurrence,Gender,Female,LIV,Chronic liver disease and cirrhosis,ICD-10,193.0,,,02/17/2026,02/17/2026,2025-09-01,2026-02-17,2026-02-17,False,,193.0,False,False,2025-09
3759,2025,9,Occurrence,Gender,Male,LIV,Chronic liver disease and cirrhosis,ICD-10,288.0,,,02/17/2026,02/17/2026,2025-09-01,2026-02-17,2026-02-17,False,,288.0,False,False,2025-09
3760,2025,9,Occurrence,Race-Ethnicity,American Indian/Alaska Native,LIV,Chronic liver disease and cirrhosis,ICD-10,,1,Cell suppressed for small numbers,02/17/2026,02/17/2026,2025-09-01,2026-02-17,2026-02-17,True,Cell suppressed for small numbers,,False,False,2025-09
3761,2025,9,Occurrence,Race-Ethnicity,Asian,LIV,Chronic liver disease and cirrhosis,ICD-10,24.0,,,02/17/2026,02/17/2026,2025-09-01,2026-02-17,2026-02-17,False,,24.0,False,False,2025-09
3762,2025,9,Occurrence,Race-Ethnicity,Black,LIV,Chronic liver disease and cirrhosis,ICD-10,23.0,,,02/17/2026,02/17/2026,2025-09-01,2026-02-17,2026-02-17,False,,23.0,False,False,2025-09
3763,2025,9,Occurrence,Race-Ethnicity,Hawaiian/Pacific Islander,LIV,Chronic liver disease and cirrhosis,ICD-10,,1,Cell suppressed for small numbers,02/17/2026,02/17/2026,2025-09-01,2026-02-17,2026-02-17,True,Cell suppressed for small numbers,,False,False,2025-09
3764,2025,9,Occurrence,Race-Ethnicity,Hispanic,LIV,Chronic liver disease and cirrhosis,ICD-10,213.0,,,02/17/2026,02/17/2026,2025-09-01,2026-02-17,2026-02-17,False,,213.0,False,False,2025-09
3765,2025,9,Occurrence,Race-Ethnicity,Multi-Race,LIV,Chronic liver disease and cirrhosis,ICD-10,,1,Cell suppressed for small numbers,02/17/2026,02/17/2026,2025-09-01,2026-02-17,2026-02-17,True,Cell suppressed for small numbers,,False,False,2025-09
3766,2025,9,Occurrence,Race-Ethnicity,White,LIV,Chronic liver disease and cirrhosis,ICD-10,206.0,,,02/17/2026,02/17/2026,2025-09-01,2026-02-17,2026-02-17,False,,206.0,False,False,2025-09
3767,2025,9,Occurrence,Race-Ethnicity,Other/Unknown,LIV,Chronic liver disease and cirrhosis,ICD-10,,1,Cell suppressed for small numbers,02/17/2026,02/17/2026,2025-09-01,2026-02-17,2026-02-17,True,Cell suppressed for small numbers,,False,False,2025-09
3768,2025,9,Occurrence,Total Population,Total Population,NEP,"Nephritis, nephrotic syndrome and nephrosis",ICD-10,356.0,,,02/17/2026,02/17/2026,2025-09-01,2026-02-17,2026-02-17,False,,356.0,True,False,2025-09
3769,2025,9,Occurrence,Gender,Female,NEP,"Nephritis, nephrotic syndrome and nephrosis",ICD-10,159.0,,,02/17/2026,02/17/2026,2025-09-01,2026-02-17,2026-02-17,False,,159.0,False,False,2025-09
3770,2025,9,Occurrence,Gender,Male,NEP,"Nephritis, nephrotic syndrome and nephrosis",ICD-10,197.0,,,02/17/2026,02/17/2026,2025-09-01,2026-02-17,2026-02-17,False,,197.0,False,False,2025-09
3771,2025,9,Occurrence,Race-Ethnicity,American Indian/Alaska Native,NEP,"Nephritis, nephrotic syndrome and nephrosis",ICD-10,,1,Cell suppressed for small numbers,02/17/2026,02/17/2026,2025-09-01,2026-02-17,2026-02-17,True,Cell suppressed for small numbers,,False,False,2025-09
3772,2025,9,Occurrence,Race-Ethnicity,Asian,NEP,"Nephritis, nephrotic syndrome and nephrosis",ICD-10,57.0,,,02/17/2026,02/17/2026,2025-09-01,2026-02-17,2026-02-17,False,,57.0,False,False,2025-09
3773,2025,9,Occurrence,Race-Ethnicity,Black,NEP,"Nephritis, nephrotic syndrome and nephrosis",ICD-10,38.0,,,02/17/2026,02/17/2026,2025-09-01,2026-02-17,2026-02-17,False,,38.0,False,False,2025-09
3774,2025,9,Occurrence,Race-Ethnicity,Hawaiian/Pacific Islander,NEP,"Nephritis, nephrotic syndrome and nephrosis",ICD-10,,1,Cell suppressed for small numbers,02/17/2026,02/17/2026,2025-09-01,2026-02-17,2026-02-17,True,Cell suppressed for small numbers,,False,False,2025-09
3775,2025,9,Occurrence,Race-Ethnicity,Hispanic,NEP,"Nephritis, nephrotic syndrome and nephrosis",ICD-10,87.0,,,02/17/2026,02/17/2026,2025-09-01,2026-02-17,2026-02-17,False,,87.0,False,False,2025-09
3776,2025,9,Occurrence,Race-Ethnicity,Multi-Race,NEP,"Nephritis, nephrotic syndrome and nephrosis",ICD-10,,1,Cell suppressed for small numbers,02/17/2026,02/17/2026,2025-09-01,2026-02-17,2026-02-17,True,Cell suppressed for small numbers,,False,False,2025-09
3777,2025,9,Occurrence,Race-Ethnicity,White,NEP,"Nephritis, nephrotic syndrome and nephrosis",ICD-10,159.0,,,02/17/2026,02/17/2026,2025-09-01,2026-02-17,2026-02-17,False,,159.0,False,False,2025-09
3778,2025,9,Occurrence,Race-Ethnicity,Other/Unknown,NEP,"Nephritis, nephrotic syndrome and nephrosis",ICD-10,,1,Cell suppressed for small numbers,02/17/2026,02/17/2026,2025-09-01,2026-02-17,2026-02-17,True,Cell suppressed for small numbers,,False,False,2025-09
3779,2025,9,Occurrence,Total Population,Total Population,PAR,Parkinson's disease,ICD-10,339.0,,,02/17/2026,02/17/2026,2025-09-01,2026-02-17,2026-02-17,False,,339.0,True,False,2025-09
3780,2025,9,Occurrence,Gender,Female,PAR,Parkinson's disease,ICD-10,119.0,,,02/17/2026,02/17/2026,2025-09-01,2026-02-17,2026-02-17,False,,119.0,False,False,2025-09
3781,2025,9,Occurrence,Gender,Male,PAR,Parkinson's disease,ICD-10,220.0,,,02/17/2026,02/17/2026,2025-09-01,2026-02-17,2026-02-17,False,,220.0,False,False,2025-09
3782,2025,9,Occurrence,Race-Ethnicity,American Indian/Alaska Native,PAR,Parkinson's disease,ICD-10,0.0,,,02/17/2026,02/17/2026,2025-09-01,2026-02-17,2026-02-17,False,,0.0,False,False,2025-09
3783,2025,9,Occurrence,Race-Ethnicity,Asian,PAR,Parkinson's disease,ICD-10,27.0,,,02/17/2026,02/17/2026,2025-09-01,2026-02-17,2026-02-17,False,,27.0,False,False,2025-09
3784,2025,9,Occurrence,Race-Ethnicity,Black,PAR,Parkinson's disease,ICD-10,14.0,,,02/17/2026,02/17/2026,2025-09-01,2026-02-17,2026-02-17,False,,14.0,False,False,2025-09
3785,2025,9,Occurrence,Race-Ethnicity,Hawaiian/Pacific Islander,PAR,Parkinson's disease,ICD-10,0.0,,,02/17/2026,02/17/2026,2025-09-01,2026-02-17,2026-02-17,False,,0.0,False,False,2025-09
3786,2025,9,Occurrence,Race-Ethnicity,Hispanic,PAR,Parkinson's disease,ICD-10,51.0,,,02/17/2026,02/17/2026,2025-09-01,2026-02-17,2026-02-17,False,,51.0,False,False,2025-09
3787,2025,9,Occurrence,Race-Ethnicity,Multi-Race,PAR,Parkinson's disease,ICD-10,,1,Cell suppressed for small numbers,02/17/2026,02/17/2026,2025-09-01,2026-02-17,2026-02-17,True,Cell suppressed for small numbers,,False,False,2025-09
3788,2025,9,Occurrence,Race-Ethnicity,White,PAR,Parkinson's disease,ICD-10,242.0,,,02/17/2026,02/17/2026,2025-09-01,2026-02-17,2026-02-17,False,,242.0,False,False,2025-09
3789,2025,9,Occurrence,Race-Ethnicity,Other/Unknown,PAR,Parkinson's disease,ICD-10,,1,Cell suppressed for small numbers,02/17/2026,02/17/2026,2025-09-01,2026-02-17,2026-02-17,True,Cell suppressed for small numbers,,False,False,2025-09
3790,2025,9,Occurrence,Total Population,Total Population,PNF,Influenza and pneumonia,ICD-10,336.0,,,02/17/2026,02/17/2026,2025-09-01,2026-02-17,2026-02-17,False,,336.0,True,False,2025-09
3791,2025,9,Occurrence,Gender,Female,PNF,Influenza and pneumonia,ICD-10,147.0,,,02/17/2026,02/17/2026,2025-09-01,2026-02-17,2026-02-17,False,,147.0,False,False,2025-09
3792,2025,9,Occurrence,Gender,Male,PNF,Influenza and pneumonia,ICD-10,189.0,,,02/17/2026,02/17/2026,2025-09-01,2026-02-17,2026-02-17,False,,189.0,False,False,2025-09
3793,2025,9,Occurrence,Race-Ethnicity,American Indian/Alaska Native,PNF,Influenza and pneumonia,ICD-10,,1,Cell suppressed for small numbers,02/17/2026,02/17/2026,2025-09-01,2026-02-17,2026-02-17,True,Cell suppressed for small numbers,,False,False,2025-09
3794,2025,9,Occurrence,Race-Ethnicity,Asian,PNF,Influenza and pneumonia,ICD-10,43.0,,,02/17/2026,02/17/2026,2025-09-01,2026-02-17,2026-02-17,False,,43.0,False,False,2025-09
3795,2025,9,Occurrence,Race-Ethnicity,Black,PNF,Influenza and pneumonia,ICD-10,27.0,,,02/17/2026,02/17/2026,2025-09-01,2026-02-17,2026-02-17,False,,27.0,False,False,2025-09
3796,2025,9,Occurrence,Race-Ethnicity,Hawaiian/Pacific Islander,PNF,Influenza and pneumonia,ICD-10,0.0,,,02/17/2026,02/17/2026,2025-09-01,2026-02-17,2026-02-17,False,,0.0,False,False,2025-09
3797,2025,9,Occurrence,Race-Ethnicity,Hispanic,PNF,Influenza and pneumonia,ICD-10,79.0,,,02/17/2026,02/17/2026,2025-09-01,2026-02-17,2026-02-17,False,,79.0,False,False,2025-09
3798,2025,9,Occurrence,Race-Ethnicity,Multi-Race,PNF,Influenza and pneumonia,ICD-10,,1,Cell suppressed for small numbers,02/17/2026,02/17/2026,2025-09-01,2026-02-17,2026-02-17,True,Cell suppressed for small numbers,,False,False,2025-09
3799,2025,9,Occurrence,Race-Ethnicity,White,PNF,Influenza and pneumonia,ICD-10,177.0,,,02/17/2026,02/17/2026,2025-09-01,2026-02-17,2026-02-17,False,,177.0,False,False,2025-09
3800,2025,9,Occurrence,Race-Ethnicity,Other/Unknown,PNF,Influenza and pneumonia,ICD-10,,1,Cell suppressed for small numbers,02/17/2026,02/17/2026,2025-09-01,2026-02-17,2026-02-17,True,Cell suppressed for small numbers,,False,False,2025-09
3801,2025,9,Occurrence,Total Population,Total Population,STK,Cerebrovascular diseases,ICD-10,1265.0,,,02/17/2026,02/17/2026,2025-09-01,2026-02-17,2026-02-17,False,,1265.0,True,False,2025-09
3802,2025,9,Occurrence,Gender,Female,STK,Cerebrovascular diseases,ICD-10,714.0,,,02/17/2026,02/17/2026,2025-09-01,2026-02-17,2026-02-17,False,,714.0,False,False,2025-09
3803,2025,9,Occurrence,Gender,Male,STK,Cerebrovascular diseases,ICD-10,551.0,,,02/17/2026,02/17/2026,2025-09-01,2026-02-17,2026-02-17,False,,551.0,False,False,2025-09
3804,2025,9,Occurrence,Race-Ethnicity,American Indian/Alaska Native,STK,Cerebrovascular diseases,ICD-10,,1,Cell suppressed for small numbers,02/17/2026,02/17/2026,2025-09-01,2026-02-17,2026-02-17,True,Cell suppressed for small numbers,,False,False,2025-09
3805,2025,9,Occurrence,Race-Ethnicity,Asian,STK,Cerebrovascular diseases,ICD-10,173.0,,,02/17/2026,02/17/2026,2025-09-01,2026-02-17,2026-02-17,False,,173.0,False,False,2025-09
3806,2025,9,Occurrence,Race-Ethnicity,Black,STK,Cerebrovascular diseases,ICD-10,103.0,,,02/17/2026,02/17/2026,2025-09-01,2026-02-17,2026-02-17,False,,103.0,False,False,2025-09
3807,2025,9,Occurrence,Race-Ethnicity,Hawaiian/Pacific Islander,STK,Cerebrovascular diseases,ICD-10,,1,Cell suppressed for small numbers,02/17/2026,02/17/2026,2025-09-01,2026-02-17,2026-02-17,True,Cell suppressed for small numbers,,False,False,2025-09
3808,2025,9,Occurrence,Race-Ethnicity,Hispanic,STK,Cerebrovascular diseases,ICD-10,288.0,,,02/17/2026,02/17/2026,2025-09-01,2026-02-17,2026-02-17,False,,288.0,False,False,2025-09
3809,2025,9,Occurrence,Race-Ethnicity,Multi-Race,STK,Cerebrovascular diseases,ICD-10,,1,Cell suppressed for small numbers,02/17/2026,02/17/2026,2025-09-01,2026-02-17,2026-02-17,True,Cell suppressed for small numbers,,False,False,2025-09
3810,2025,9,Occurrence,Race-Ethnicity,White,STK,Cerebrovascular diseases,ICD-10,672.0,,,02/17/2026,02/17/2026,2025-09-01,2026-02-17,2026-02-17,False,,672.0,False,False,2025-09
3811,2025,9,Occurrence,Race-Ethnicity,Other/Unknown,STK,Cerebrovascular diseases,ICD-10,,1,Cell suppressed for small numbers,02/17/2026,02/17/2026,2025-09-01,2026-02-17,2026-02-17,True,Cell suppressed for small numbers,,False,False,2025-09
3812,2025,9,Occurrence,Total Population,Total Population,SUI,Intentional self-harm (suicide),ICD-10,301.0,,,02/17/2026,02/17/2026,2025-09-01,2026-02-17,2026-02-17,False,,301.0,True,False,2025-09
3813,2025,9,Occurrence,Gender,Female,SUI,Intentional self-harm (suicide),ICD-10,59.0,,,02/17/2026,02/17/2026,2025-09-01,2026-02-17,2026-02-17,False,,59.0,False,False,2025-09
3814,2025,9,Occurrence,Gender,Male,SUI,Intentional self-harm (suicide),ICD-10,242.0,,,02/17/2026,02/17/2026,2025-09-01,2026-02-17,2026-02-17,False,,242.0,False,False,2025-09
3815,2025,9,Occurrence,Race-Ethnicity,American Indian/Alaska Native,SUI,Intentional self-harm (suicide),ICD-10,,1,Cell suppressed for small numbers,02/17/2026,02/17/2026,2025-09-01,2026-02-17,2026-02-17,True,Cell suppressed for small numbers,,False,False,2025-09
3816,2025,9,Occurrence,Race-Ethnicity,Asian,SUI,Intentional self-harm (suicide),ICD-10,26.0,,,02/17/2026,02/17/2026,2025-09-01,2026-02-17,2026-02-17,False,,26.0,False,False,2025-09
3817,2025,9,Occurrence,Race-Ethnicity,Black,SUI,Intentional self-harm (suicide),ICD-10,14.0,,,02/17/2026,02/17/2026,2025-09-01,2026-02-17,2026-02-17,False,,14.0,False,False,2025-09
3818,2025,9,Occurrence,Race-Ethnicity,Hawaiian/Pacific Islander,SUI,Intentional self-harm (suicide),ICD-10,,1,Cell suppressed for small numbers,02/17/2026,02/17/2026,2025-09-01,2026-02-17,2026-02-17,True,Cell suppressed for small numbers,,False,False,2025-09
3819,2025,9,Occurrence,Race-Ethnicity,Hispanic,SUI,Intentional self-harm (suicide),ICD-10,68.0,,,02/17/2026,02/17/2026,2025-09-01,2026-02-17,2026-02-17,False,,68.0,False,False,2025-09
3820,2025,9,Occurrence,Race-Ethnicity,Multi-Race,SUI,Intentional self-harm (suicide),ICD-10,,1,Cell suppressed for small numbers,02/17/2026,02/17/2026,2025-09-01,2026-02-17,2026-02-17,True,Cell suppressed for small numbers,,False,False,2025-09
3821,2025,9,Occurrence,Race-Ethnicity,White,SUI,Intentional self-harm (suicide),ICD-10,176.0,,,02/17/2026,02/17/2026,2025-09-01,2026-02-17,2026-02-17,False,,176.0,False,False,2025-09
3822,2025,9,Occurrence,Race-Ethnicity,Other/Unknown,SUI,Intentional self-harm (suicide),ICD-10,,1,Cell suppressed for small numbers,02/17/2026,02/17/2026,2025-09-01,2026-02-17,2026-02-17,True,Cell suppressed for small numbers,,False,False,2025-09
3823,2025,10,Occurrence,Total Population,Total Population,ALL,All causes (total),ICD-10,22994.0,,,02/17/2026,02/17/2026,2025-10-01,2026-02-17,2026-02-17,False,,22994.0,True,True,2025-10
3824,2025,10,Occurrence,Age,Under 1 year,ALL,All causes (total),ICD-10,125.0,,,02/17/2026,02/17/2026,2025-10-01,2026-02-17,2026-02-17,False,,125.0,False,True,2025-10
3825,2025,10,Occurrence,Age,1-4 years,ALL,All causes (total),ICD-10,20.0,,,02/17/2026,02/17/2026,2025-10-01,2026-02-17,2026-02-17,False,,20.0,False,True,2025-10
3826,2025,10,Occurrence,Age,5-14 years,ALL,All causes (total),ICD-10,39.0,,,02/17/2026,02/17/2026,2025-10-01,2026-02-17,2026-02-17,False,,39.0,False,True,2025-10
3827,2025,10,Occurrence,Age,15-24 years,ALL,All causes (total),ICD-10,200.0,,,02/17/2026,02/17/2026,2025-10-01,2026-02-17,2026-02-17,False,,200.0,False,True,2025-10
3828,2025,10,Occurrence,Age,25-34 years,ALL,All causes (total),ICD-10,455.0,,,02/17/2026,02/17/2026,2025-10-01,2026-02-17,2026-02-17,False,,455.0,False,True,2025-10
3829,2025,10,Occurrence,Age,35-44 years,ALL,All causes (total),ICD-10,783.0,,,02/17/2026,02/17/2026,2025-10-01,2026-02-17,2026-02-17,False,,783.0,False,True,2025-10
3830,2025,10,Occurrence,Age,45-54 years,ALL,All causes (total),ICD-10,1167.0,,,02/17/2026,02/17/2026,2025-10-01,2026-02-17,2026-02-17,False,,1167.0,False,True,2025-10
3831,2025,10,Occurrence,Age,55-64 years,ALL,All causes (total),ICD-10,2515.0,,,02/17/2026,02/17/2026,2025-10-01,2026-02-17,2026-02-17,False,,2515.0,False,True,2025-10
3832,2025,10,Occurrence,Age,65-74 years,ALL,All causes (total),ICD-10,4402.0,,,02/17/2026,02/17/2026,2025-10-01,2026-02-17,2026-02-17,False,,4402.0,False,True,2025-10
3833,2025,10,Occurrence,Age,75-84 years,ALL,All causes (total),ICD-10,5987.0,,,02/17/2026,02/17/2026,2025-10-01,2026-02-17,2026-02-17,False,,5987.0,False,True,2025-10
3834,2025,10,Occurrence,Age,85 years and over,ALL,All causes (total),ICD-10,7294.0,,,02/17/2026,02/17/2026,2025-10-01,2026-02-17,2026-02-17,False,,7294.0,False,True,2025-10
3835,2025,10,Occurrence,Gender,Female,ALL,All causes (total),ICD-10,10687.0,,,02/17/2026,02/17/2026,2025-10-01,2026-02-17,2026-02-17,False,,10687.0,False,True,2025-10
3836,2025,10,Occurrence,Gender,Male,ALL,All causes (total),ICD-10,12306.0,,,02/17/2026,02/17/2026,2025-10-01,2026-02-17,2026-02-17,False,,12306.0,False,True,2025-10
3837,2025,10,Occurrence,Place Type,Inpatient,ALL,All causes (total),ICD-10,7204.0,,,02/17/2026,02/17/2026,2025-10-01,2026-02-17,2026-02-17,False,,7204.0,False,True,2025-10
3838,2025,10,Occurrence,Place Type,Emergency Room/Outpatient,ALL,All causes (total),ICD-10,1254.0,,,02/17/2026,02/17/2026,2025-10-01,2026-02-17,2026-02-17,False,,1254.0,False,True,2025-10
3839,2025,10,Occurrence,Place Type,Decedent's Home,ALL,All causes (total),ICD-10,8981.0,,,02/17/2026,02/17/2026,2025-10-01,2026-02-17,2026-02-17,False,,8981.0,False,True,2025-10
3840,2025,10,Occurrence,Place Type,Hospice Facility,ALL,All causes (total),ICD-10,301.0,,,02/17/2026,02/17/2026,2025-10-01,2026-02-17,2026-02-17,False,,301.0,False,True,2025-10
3841,2025,10,Occurrence,Place Type,Nursing Home/Long Term Care Facility,ALL,All causes (total),ICD-10,4138.0,,,02/17/2026,02/17/2026,2025-10-01,2026-02-17,2026-02-17,False,,4138.0,False,True,2025-10
3842,2025,10,Occurrence,Place Type,Other/Unknown,ALL,All causes (total),ICD-10,1116.0,,,02/17/2026,02/17/2026,2025-10-01,2026-02-17,2026-02-17,False,,1116.0,False,True,2025-10
3843,2025,10,Occurrence,Race-Ethnicity,American Indian/Alaska Native,ALL,All causes (total),ICD-10,106.0,,,02/17/2026,02/17/2026,2025-10-01,2026-02-17,2026-02-17,False,,106.0,False,True,2025-10
3844,2025,10,Occurrence,Race-Ethnicity,Asian,ALL,All causes (total),ICD-10,2661.0,,,02/17/2026,02/17/2026,2025-10-01,2026-02-17,2026-02-17,False,,2661.0,False,True,2025-10
3845,2025,10,Occurrence,Race-Ethnicity,Black,ALL,All causes (total),ICD-10,1777.0,,,02/17/2026,02/17/2026,2025-10-01,2026-02-17,2026-02-17,False,,1777.0,False,True,2025-10
3846,2025,10,Occurrence,Race-Ethnicity,Hawaiian/Pacific Islander,ALL,All causes (total),ICD-10,100.0,,,02/17/2026,02/17/2026,2025-10-01,2026-02-17,2026-02-17,False,,100.0,False,True,2025-10
3847,2025,10,Occurrence,Race-Ethnicity,Hispanic,ALL,All causes (total),ICD-10,5318.0,,,02/17/2026,02/17/2026,2025-10-01,2026-02-17,2026-02-17,False,,5318.0,False,True,2025-10
3848,2025,10,Occurrence,Race-Ethnicity,Multi-Race,ALL,All causes (total),ICD-10,228.0,,,02/17/2026,02/17/2026,2025-10-01,2026-02-17,2026-02-17,False,,228.0,False,True,2025-10
3849,2025,10,Occurrence,Race-Ethnicity,White,ALL,All causes (total),ICD-10,12570.0,,,02/17/2026,02/17/2026,2025-10-01,2026-02-17,2026-02-17,False,,12570.0,False,True,2025-10
3850,2025,10,Occurrence,Race-Ethnicity,Other/Unknown,ALL,All causes (total),ICD-10,234.0,,,02/17/2026,02/17/2026,2025-10-01,2026-02-17,2026-02-17,False,,234.0,False,True,2025-10
3851,2025,10,Occurrence,Total Population,Total Population,ALZ,Alzheimer's disease,ICD-10,1267.0,,,02/17/2026,02/17/2026,2025-10-01,2026-02-17,2026-02-17,False,,1267.0,True,False,2025-10
3852,2025,10,Occurrence,Gender,Female,ALZ,Alzheimer's disease,ICD-10,808.0,,,02/17/2026,02/17/2026,2025-10-01,2026-02-17,2026-02-17,False,,808.0,False,False,2025-10
3853,2025,10,Occurrence,Gender,Male,ALZ,Alzheimer's disease,ICD-10,459.0,,,02/17/2026,02/17/2026,2025-10-01,2026-02-17,2026-02-17,False,,459.0,False,False,2025-10
3854,2025,10,Occurrence,Race-Ethnicity,American Indian/Alaska Native,ALZ,Alzheimer's disease,ICD-10,,1,Cell suppressed for small numbers,02/17/2026,02/17/2026,2025-10-01,2026-02-17,2026-02-17,True,Cell suppressed for small numbers,,False,False,2025-10
3855,2025,10,Occurrence,Race-Ethnicity,Asian,ALZ,Alzheimer's disease,ICD-10,148.0,,,02/17/2026,02/17/2026,2025-10-01,2026-02-17,2026-02-17,False,,148.0,False,False,2025-10
3856,2025,10,Occurrence,Race-Ethnicity,Black,ALZ,Alzheimer's disease,ICD-10,74.0,,,02/17/2026,02/17/2026,2025-10-01,2026-02-17,2026-02-17,False,,74.0,False,False,2025-10
3857,2025,10,Occurrence,Race-Ethnicity,Hawaiian/Pacific Islander,ALZ,Alzheimer's disease,ICD-10,,1,Cell suppressed for small numbers,02/17/2026,02/17/2026,2025-10-01,2026-02-17,2026-02-17,True,Cell suppressed for small numbers,,False,False,2025-10
3858,2025,10,Occurrence,Race-Ethnicity,Hispanic,ALZ,Alzheimer's disease,ICD-10,210.0,,,02/17/2026,02/17/2026,2025-10-01,2026-02-17,2026-02-17,False,,210.0,False,False,2025-10
3859,2025,10,Occurrence,Race-Ethnicity,Multi-Race,ALZ,Alzheimer's disease,ICD-10,11.0,,,02/17/2026,02/17/2026,2025-10-01,2026-02-17,2026-02-17,False,,11.0,False,False,2025-10
3860,2025,10,Occurrence,Race-Ethnicity,White,ALZ,Alzheimer's disease,ICD-10,808.0,,,02/17/2026,02/17/2026,2025-10-01,2026-02-17,2026-02-17,False,,808.0,False,False,2025-10
3861,2025,10,Occurrence,Race-Ethnicity,Other/Unknown,ALZ,Alzheimer's disease,ICD-10,,1,Cell suppressed for small numbers,02/17/2026,02/17/2026,2025-10-01,2026-02-17,2026-02-17,True,Cell suppressed for small numbers,,False,False,2025-10
3862,2025,10,Occurrence,Total Population,Total Population,CAN,Malignant neoplasms,ICD-10,5195.0,,,02/17/2026,02/17/2026,2025-10-01,2026-02-17,2026-02-17,False,,5195.0,True,False,2025-10
3863,2025,10,Occurrence,Gender,Female,CAN,Malignant neoplasms,ICD-10,2500.0,,,02/17/2026,02/17/2026,2025-10-01,2026-02-17,2026-02-17,False,,2500.0,False,False,2025-10
3864,2025,10,Occurrence,Gender,Male,CAN,Malignant neoplasms,ICD-10,2695.0,,,02/17/2026,02/17/2026,2025-10-01,2026-02-17,2026-02-17,False,,2695.0,False,False,2025-10
3865,2025,10,Occurrence,Race-Ethnicity,American Indian/Alaska Native,CAN,Malignant neoplasms,ICD-10,19.0,,,02/17/2026,02/17/2026,2025-10-01,2026-02-17,2026-02-17,False,,19.0,False,False,2025-10
3866,2025,10,Occurrence,Race-Ethnicity,Asian,CAN,Malignant neoplasms,ICD-10,689.0,,,02/17/2026,02/17/2026,2025-10-01,2026-02-17,2026-02-17,False,,689.0,False,False,2025-10
3867,2025,10,Occurrence,Race-Ethnicity,Black,CAN,Malignant neoplasms,ICD-10,390.0,,,02/17/2026,02/17/2026,2025-10-01,2026-02-17,2026-02-17,False,,390.0,False,False,2025-10
3868,2025,10,Occurrence,Race-Ethnicity,Hawaiian/Pacific Islander,CAN,Malignant neoplasms,ICD-10,21.0,,,02/17/2026,02/17/2026,2025-10-01,2026-02-17,2026-02-17,False,,21.0,False,False,2025-10
3869,2025,10,Occurrence,Race-Ethnicity,Hispanic,CAN,Malignant neoplasms,ICD-10,1216.0,,,02/17/2026,02/17/2026,2025-10-01,2026-02-17,2026-02-17,False,,1216.0,False,False,2025-10
3870,2025,10,Occurrence,Race-Ethnicity,Multi-Race,CAN,Malignant neoplasms,ICD-10,51.0,,,02/17/2026,02/17/2026,2025-10-01,2026-02-17,2026-02-17,False,,51.0,False,False,2025-10
3871,2025,10,Occurrence,Race-Ethnicity,White,CAN,Malignant neoplasms,ICD-10,2775.0,,,02/17/2026,02/17/2026,2025-10-01,2026-02-17,2026-02-17,False,,2775.0,False,False,2025-10
3872,2025,10,Occurrence,Race-Ethnicity,Other/Unknown,CAN,Malignant neoplasms,ICD-10,34.0,,,02/17/2026,02/17/2026,2025-10-01,2026-02-17,2026-02-17,False,,34.0,False,False,2025-10
3873,2025,10,Occurrence,Total Population,Total Population,CLD,Chronic lower respiratory diseases,ICD-10,818.0,,,02/17/2026,02/17/2026,2025-10-01,2026-02-17,2026-02-17,False,,818.0,True,False,2025-10
3874,2025,10,Occurrence,Gender,Female,CLD,Chronic lower respiratory diseases,ICD-10,390.0,,,02/17/2026,02/17/2026,2025-10-01,2026-02-17,2026-02-17,False,,390.0,False,False,2025-10
3875,2025,10,Occurrence,Gender,Male,CLD,Chronic lower respiratory diseases,ICD-10,428.0,,,02/17/2026,02/17/2026,2025-10-01,2026-02-17,2026-02-17,False,,428.0,False,False,2025-10
3876,2025,10,Occurrence,Race-Ethnicity,American Indian/Alaska Native,CLD,Chronic lower respiratory diseases,ICD-10,,1,Cell suppressed for small numbers,02/17/2026,02/17/2026,2025-10-01,2026-02-17,2026-02-17,True,Cell suppressed for small numbers,,False,False,2025-10
3877,2025,10,Occurrence,Race-Ethnicity,Asian,CLD,Chronic lower respiratory diseases,ICD-10,65.0,,,02/17/2026,02/17/2026,2025-10-01,2026-02-17,2026-02-17,False,,65.0,False,False,2025-10
3878,2025,10,Occurrence,Race-Ethnicity,Black,CLD,Chronic lower respiratory diseases,ICD-10,55.0,,,02/17/2026,02/17/2026,2025-10-01,2026-02-17,2026-02-17,False,,55.0,False,False,2025-10
3879,2025,10,Occurrence,Race-Ethnicity,Hawaiian/Pacific Islander,CLD,Chronic lower respiratory diseases,ICD-10,,1,Cell suppressed for small numbers,02/17/2026,02/17/2026,2025-10-01,2026-02-17,2026-02-17,True,Cell suppressed for small numbers,,False,False,2025-10
3880,2025,10,Occurrence,Race-Ethnicity,Hispanic,CLD,Chronic lower respiratory diseases,ICD-10,103.0,,,02/17/2026,02/17/2026,2025-10-01,2026-02-17,2026-02-17,False,,103.0,False,False,2025-10
3881,2025,10,Occurrence,Race-Ethnicity,Multi-Race,CLD,Chronic lower respiratory diseases,ICD-10,,1,Cell suppressed for small numbers,02/17/2026,02/17/2026,2025-10-01,2026-02-17,2026-02-17,True,Cell suppressed for small numbers,,False,False,2025-10
3882,2025,10,Occurrence,Race-Ethnicity,White,CLD,Chronic lower respiratory diseases,ICD-10,573.0,,,02/17/2026,02/17/2026,2025-10-01,2026-02-17,2026-02-17,False,,573.0,False,False,2025-10
3883,2025,10,Occurrence,Race-Ethnicity,Other/Unknown,CLD,Chronic lower respiratory diseases,ICD-10,,1,Cell suppressed for small numbers,02/17/2026,02/17/2026,2025-10-01,2026-02-17,2026-02-17,True,Cell suppressed for small numbers,,False,False,2025-10
3884,2025,10,Occurrence,Total Population,Total Population,DIA,Diabetes mellitus,ICD-10,879.0,,,02/17/2026,02/17/2026,2025-10-01,2026-02-17,2026-02-17,False,,879.0,True,False,2025-10
3885,2025,10,Occurrence,Gender,Female,DIA,Diabetes mellitus,ICD-10,349.0,,,02/17/2026,02/17/2026,2025-10-01,2026-02-17,2026-02-17,False,,349.0,False,False,2025-10
3886,2025,10,Occurrence,Gender,Male,DIA,Diabetes mellitus,ICD-10,530.0,,,02/17/2026,02/17/2026,2025-10-01,2026-02-17,2026-02-17,False,,530.0,False,False,2025-10
3887,2025,10,Occurrence,Race-Ethnicity,American Indian/Alaska Native,DIA,Diabetes mellitus,ICD-10,,1,Cell suppressed for small numbers,02/17/2026,02/17/2026,2025-10-01,2026-02-17,2026-02-17,True,Cell suppressed for small numbers,,False,False,2025-10
3888,2025,10,Occurrence,Race-Ethnicity,Asian,DIA,Diabetes mellitus,ICD-10,131.0,,,02/17/2026,02/17/2026,2025-10-01,2026-02-17,2026-02-17,False,,131.0,False,False,2025-10
3889,2025,10,Occurrence,Race-Ethnicity,Black,DIA,Diabetes mellitus,ICD-10,96.0,,,02/17/2026,02/17/2026,2025-10-01,2026-02-17,2026-02-17,False,,96.0,False,False,2025-10
3890,2025,10,Occurrence,Race-Ethnicity,Hawaiian/Pacific Islander,DIA,Diabetes mellitus,ICD-10,11.0,,,02/17/2026,02/17/2026,2025-10-01,2026-02-17,2026-02-17,False,,11.0,False,False,2025-10
3891,2025,10,Occurrence,Race-Ethnicity,Hispanic,DIA,Diabetes mellitus,ICD-10,302.0,,,02/17/2026,02/17/2026,2025-10-01,2026-02-17,2026-02-17,False,,302.0,False,False,2025-10
3892,2025,10,Occurrence,Race-Ethnicity,Multi-Race,DIA,Diabetes mellitus,ICD-10,,1,Cell suppressed for small numbers,02/17/2026,02/17/2026,2025-10-01,2026-02-17,2026-02-17,True,Cell suppressed for small numbers,,False,False,2025-10
3893,2025,10,Occurrence,Race-Ethnicity,White,DIA,Diabetes mellitus,ICD-10,320.0,,,02/17/2026,02/17/2026,2025-10-01,2026-02-17,2026-02-17,False,,320.0,False,False,2025-10
3894,2025,10,Occurrence,Race-Ethnicity,Other/Unknown,DIA,Diabetes mellitus,ICD-10,12.0,,,02/17/2026,02/17/2026,2025-10-01,2026-02-17,2026-02-17,False,,12.0,False,False,2025-10
3895,2025,10,Occurrence,Total Population,Total Population,HOM,Assault (homicide),ICD-10,95.0,,,02/17/2026,02/17/2026,2025-10-01,2026-02-17,2026-02-17,False,,95.0,True,False,2025-10
3896,2025,10,Occurrence,Gender,Female,HOM,Assault (homicide),ICD-10,16.0,,,02/17/2026,02/17/2026,2025-10-01,2026-02-17,2026-02-17,False,,16.0,False,False,2025-10
3897,2025,10,Occurrence,Gender,Male,HOM,Assault (homicide),ICD-10,79.0,,,02/17/2026,02/17/2026,2025-10-01,2026-02-17,2026-02-17,False,,79.0,False,False,2025-10
3898,2025,10,Occurrence,Race-Ethnicity,American Indian/Alaska Native,HOM,Assault (homicide),ICD-10,0.0,,,02/17/2026,02/17/2026,2025-10-01,2026-02-17,2026-02-17,False,,0.0,False,False,2025-10
3899,2025,10,Occurrence,Race-Ethnicity,Asian,HOM,Assault (homicide),ICD-10,,1,Cell suppressed for small numbers,02/17/2026,02/17/2026,2025-10-01,2026-02-17,2026-02-17,True,Cell suppressed for small numbers,,False,False,2025-10
3900,2025,10,Occurrence,Race-Ethnicity,Black,HOM,Assault (homicide),ICD-10,26.0,,,02/17/2026,02/17/2026,2025-10-01,2026-02-17,2026-02-17,False,,26.0,False,False,2025-10
3901,2025,10,Occurrence,Race-Ethnicity,Hawaiian/Pacific Islander,HOM,Assault (homicide),ICD-10,0.0,,,02/17/2026,02/17/2026,2025-10-01,2026-02-17,2026-02-17,False,,0.0,False,False,2025-10
3902,2025,10,Occurrence,Race-Ethnicity,Hispanic,HOM,Assault (homicide),ICD-10,48.0,,,02/17/2026,02/17/2026,2025-10-01,2026-02-17,2026-02-17,False,,48.0,False,False,2025-10
3903,2025,10,Occurrence,Race-Ethnicity,Multi-Race,HOM,Assault (homicide),ICD-10,0.0,,,02/17/2026,02/17/2026,2025-10-01,2026-02-17,2026-02-17,False,,0.0,False,False,2025-10
3904,2025,10,Occurrence,Race-Ethnicity,White,HOM,Assault (homicide),ICD-10,,2,Cell suppressed for complementary cell,02/17/2026,02/17/2026,2025-10-01,2026-02-17,2026-02-17,True,Cell suppressed for complementary cell,,False,False,2025-10
3905,2025,10,Occurrence,Race-Ethnicity,Other/Unknown,HOM,Assault (homicide),ICD-10,0.0,,,02/17/2026,02/17/2026,2025-10-01,2026-02-17,2026-02-17,False,,0.0,False,False,2025-10
3906,2025,10,Occurrence,Total Population,Total Population,HTD,Diseases of heart,ICD-10,4808.0,,,02/17/2026,02/17/2026,2025-10-01,2026-02-17,2026-02-17,False,,4808.0,True,False,2025-10
3907,2025,10,Occurrence,Gender,Female,HTD,Diseases of heart,ICD-10,2121.0,,,02/17/2026,02/17/2026,2025-10-01,2026-02-17,2026-02-17,False,,2121.0,False,False,2025-10
3908,2025,10,Occurrence,Gender,Male,HTD,Diseases of heart,ICD-10,2687.0,,,02/17/2026,02/17/2026,2025-10-01,2026-02-17,2026-02-17,False,,2687.0,False,False,2025-10
3909,2025,10,Occurrence,Race-Ethnicity,American Indian/Alaska Native,HTD,Diseases of heart,ICD-10,24.0,,,02/17/2026,02/17/2026,2025-10-01,2026-02-17,2026-02-17,False,,24.0,False,False,2025-10
3910,2025,10,Occurrence,Race-Ethnicity,Asian,HTD,Diseases of heart,ICD-10,538.0,,,02/17/2026,02/17/2026,2025-10-01,2026-02-17,2026-02-17,False,,538.0,False,False,2025-10
3911,2025,10,Occurrence,Race-Ethnicity,Black,HTD,Diseases of heart,ICD-10,399.0,,,02/17/2026,02/17/2026,2025-10-01,2026-02-17,2026-02-17,False,,399.0,False,False,2025-10
3912,2025,10,Occurrence,Race-Ethnicity,Hawaiian/Pacific Islander,HTD,Diseases of heart,ICD-10,27.0,,,02/17/2026,02/17/2026,2025-10-01,2026-02-17,2026-02-17,False,,27.0,False,False,2025-10
3913,2025,10,Occurrence,Race-Ethnicity,Hispanic,HTD,Diseases of heart,ICD-10,947.0,,,02/17/2026,02/17/2026,2025-10-01,2026-02-17,2026-02-17,False,,947.0,False,False,2025-10
3914,2025,10,Occurrence,Race-Ethnicity,Multi-Race,HTD,Diseases of heart,ICD-10,50.0,,,02/17/2026,02/17/2026,2025-10-01,2026-02-17,2026-02-17,False,,50.0,False,False,2025-10
3915,2025,10,Occurrence,Race-Ethnicity,White,HTD,Diseases of heart,ICD-10,2764.0,,,02/17/2026,02/17/2026,2025-10-01,2026-02-17,2026-02-17,False,,2764.0,False,False,2025-10
3916,2025,10,Occurrence,Race-Ethnicity,Other/Unknown,HTD,Diseases of heart,ICD-10,59.0,,,02/17/2026,02/17/2026,2025-10-01,2026-02-17,2026-02-17,False,,59.0,False,False,2025-10
3917,2025,10,Occurrence,Total Population,Total Population,HYP,Essential hypertension and hypertensive renal disease,ICD-10,581.0,,,02/17/2026,02/17/2026,2025-10-01,2026-02-17,2026-02-17,False,,581.0,True,False,2025-10
3918,2025,10,Occurrence,Gender,Female,HYP,Essential hypertension and hypertensive renal disease,ICD-10,315.0,,,02/17/2026,02/17/2026,2025-10-01,2026-02-17,2026-02-17,False,,315.0,False,False,2025-10
3919,2025,10,Occurrence,Gender,Male,HYP,Essential hypertension and hypertensive renal disease,ICD-10,266.0,,,02/17/2026,02/17/2026,2025-10-01,2026-02-17,2026-02-17,False,,266.0,False,False,2025-10
3920,2025,10,Occurrence,Race-Ethnicity,American Indian/Alaska Native,HYP,Essential hypertension and hypertensive renal disease,ICD-10,,1,Cell suppressed for small numbers,02/17/2026,02/17/2026,2025-10-01,2026-02-17,2026-02-17,True,Cell suppressed for small numbers,,False,False,2025-10
3921,2025,10,Occurrence,Race-Ethnicity,Asian,HYP,Essential hypertension and hypertensive renal disease,ICD-10,82.0,,,02/17/2026,02/17/2026,2025-10-01,2026-02-17,2026-02-17,False,,82.0,False,False,2025-10
3922,2025,10,Occurrence,Race-Ethnicity,Black,HYP,Essential hypertension and hypertensive renal disease,ICD-10,73.0,,,02/17/2026,02/17/2026,2025-10-01,2026-02-17,2026-02-17,False,,73.0,False,False,2025-10
3923,2025,10,Occurrence,Race-Ethnicity,Hawaiian/Pacific Islander,HYP,Essential hypertension and hypertensive renal disease,ICD-10,0.0,,,02/17/2026,02/17/2026,2025-10-01,2026-02-17,2026-02-17,False,,0.0,False,False,2025-10
3924,2025,10,Occurrence,Race-Ethnicity,Hispanic,HYP,Essential hypertension and hypertensive renal disease,ICD-10,125.0,,,02/17/2026,02/17/2026,2025-10-01,2026-02-17,2026-02-17,False,,125.0,False,False,2025-10
3925,2025,10,Occurrence,Race-Ethnicity,Multi-Race,HYP,Essential hypertension and hypertensive renal disease,ICD-10,,1,Cell suppressed for small numbers,02/17/2026,02/17/2026,2025-10-01,2026-02-17,2026-02-17,True,Cell suppressed for small numbers,,False,False,2025-10
3926,2025,10,Occurrence,Race-Ethnicity,White,HYP,Essential hypertension and hypertensive renal disease,ICD-10,292.0,,,02/17/2026,02/17/2026,2025-10-01,2026-02-17,2026-02-17,False,,292.0,False,False,2025-10
3927,2025,10,Occurrence,Race-Ethnicity,Other/Unknown,HYP,Essential hypertension and hypertensive renal disease,ICD-10,,1,Cell suppressed for small numbers,02/17/2026,02/17/2026,2025-10-01,2026-02-17,2026-02-17,True,Cell suppressed for small numbers,,False,False,2025-10
3928,2025,10,Occurrence,Total Population,Total Population,INJ,Accidents (unintentional injuries),ICD-10,1273.0,,,02/17/2026,02/17/2026,2025-10-01,2026-02-17,2026-02-17,False,,1273.0,True,False,2025-10
3929,2025,10,Occurrence,Gender,Female,INJ,Accidents (unintentional injuries),ICD-10,354.0,,,02/17/2026,02/17/2026,2025-10-01,2026-02-17,2026-02-17,False,,354.0,False,False,2025-10
3930,2025,10,Occurrence,Gender,Male,INJ,Accidents (unintentional injuries),ICD-10,918.0,,,02/17/2026,02/17/2026,2025-10-01,2026-02-17,2026-02-17,False,,918.0,False,False,2025-10
3931,2025,10,Occurrence,Race-Ethnicity,American Indian/Alaska Native,INJ,Accidents (unintentional injuries),ICD-10,,1,Cell suppressed for small numbers,02/17/2026,02/17/2026,2025-10-01,2026-02-17,2026-02-17,True,Cell suppressed for small numbers,,False,False,2025-10
3932,2025,10,Occurrence,Race-Ethnicity,Asian,INJ,Accidents (unintentional injuries),ICD-10,92.0,,,02/17/2026,02/17/2026,2025-10-01,2026-02-17,2026-02-17,False,,92.0,False,False,2025-10
3933,2025,10,Occurrence,Race-Ethnicity,Black,INJ,Accidents (unintentional injuries),ICD-10,122.0,,,02/17/2026,02/17/2026,2025-10-01,2026-02-17,2026-02-17,False,,122.0,False,False,2025-10
3934,2025,10,Occurrence,Race-Ethnicity,Hawaiian/Pacific Islander,INJ,Accidents (unintentional injuries),ICD-10,,1,Cell suppressed for small numbers,02/17/2026,02/17/2026,2025-10-01,2026-02-17,2026-02-17,True,Cell suppressed for small numbers,,False,False,2025-10
3935,2025,10,Occurrence,Race-Ethnicity,Hispanic,INJ,Accidents (unintentional injuries),ICD-10,422.0,,,02/17/2026,02/17/2026,2025-10-01,2026-02-17,2026-02-17,False,,422.0,False,False,2025-10
3936,2025,10,Occurrence,Race-Ethnicity,Multi-Race,INJ,Accidents (unintentional injuries),ICD-10,22.0,,,02/17/2026,02/17/2026,2025-10-01,2026-02-17,2026-02-17,False,,22.0,False,False,2025-10
3937,2025,10,Occurrence,Race-Ethnicity,White,INJ,Accidents (unintentional injuries),ICD-10,575.0,,,02/17/2026,02/17/2026,2025-10-01,2026-02-17,2026-02-17,False,,575.0,False,False,2025-10
3938,2025,10,Occurrence,Race-Ethnicity,Other/Unknown,INJ,Accidents (unintentional injuries),ICD-10,30.0,,,02/17/2026,02/17/2026,2025-10-01,2026-02-17,2026-02-17,False,,30.0,False,False,2025-10
3939,2025,10,Occurrence,Total Population,Total Population,LIV,Chronic liver disease and cirrhosis,ICD-10,521.0,,,02/17/2026,02/17/2026,2025-10-01,2026-02-17,2026-02-17,False,,521.0,True,False,2025-10
3940,2025,10,Occurrence,Gender,Female,LIV,Chronic liver disease and cirrhosis,ICD-10,186.0,,,02/17/2026,02/17/2026,2025-10-01,2026-02-17,2026-02-17,False,,186.0,False,False,2025-10
3941,2025,10,Occurrence,Gender,Male,LIV,Chronic liver disease and cirrhosis,ICD-10,335.0,,,02/17/2026,02/17/2026,2025-10-01,2026-02-17,2026-02-17,False,,335.0,False,False,2025-10
3942,2025,10,Occurrence,Race-Ethnicity,American Indian/Alaska Native,LIV,Chronic liver disease and cirrhosis,ICD-10,,1,Cell suppressed for small numbers,02/17/2026,02/17/2026,2025-10-01,2026-02-17,2026-02-17,True,Cell suppressed for small numbers,,False,False,2025-10
3943,2025,10,Occurrence,Race-Ethnicity,Asian,LIV,Chronic liver disease and cirrhosis,ICD-10,27.0,,,02/17/2026,02/17/2026,2025-10-01,2026-02-17,2026-02-17,False,,27.0,False,False,2025-10
3944,2025,10,Occurrence,Race-Ethnicity,Black,LIV,Chronic liver disease and cirrhosis,ICD-10,27.0,,,02/17/2026,02/17/2026,2025-10-01,2026-02-17,2026-02-17,False,,27.0,False,False,2025-10
3945,2025,10,Occurrence,Race-Ethnicity,Hawaiian/Pacific Islander,LIV,Chronic liver disease and cirrhosis,ICD-10,0.0,,,02/17/2026,02/17/2026,2025-10-01,2026-02-17,2026-02-17,False,,0.0,False,False,2025-10
3946,2025,10,Occurrence,Race-Ethnicity,Hispanic,LIV,Chronic liver disease and cirrhosis,ICD-10,246.0,,,02/17/2026,02/17/2026,2025-10-01,2026-02-17,2026-02-17,False,,246.0,False,False,2025-10
3947,2025,10,Occurrence,Race-Ethnicity,Multi-Race,LIV,Chronic liver disease and cirrhosis,ICD-10,,1,Cell suppressed for small numbers,02/17/2026,02/17/2026,2025-10-01,2026-02-17,2026-02-17,True,Cell suppressed for small numbers,,False,False,2025-10
3948,2025,10,Occurrence,Race-Ethnicity,White,LIV,Chronic liver disease and cirrhosis,ICD-10,207.0,,,02/17/2026,02/17/2026,2025-10-01,2026-02-17,2026-02-17,False,,207.0,False,False,2025-10
3949,2025,10,Occurrence,Race-Ethnicity,Other/Unknown,LIV,Chronic liver disease and cirrhosis,ICD-10,,1,Cell suppressed for small numbers,02/17/2026,02/17/2026,2025-10-01,2026-02-17,2026-02-17,True,Cell suppressed for small numbers,,False,False,2025-10
3950,2025,10,Occurrence,Total Population,Total Population,NEP,"Nephritis, nephrotic syndrome and nephrosis",ICD-10,367.0,,,02/17/2026,02/17/2026,2025-10-01,2026-02-17,2026-02-17,False,,367.0,True,False,2025-10
3951,2025,10,Occurrence,Gender,Female,NEP,"Nephritis, nephrotic syndrome and nephrosis",ICD-10,167.0,,,02/17/2026,02/17/2026,2025-10-01,2026-02-17,2026-02-17,False,,167.0,False,False,2025-10
3952,2025,10,Occurrence,Gender,Male,NEP,"Nephritis, nephrotic syndrome and nephrosis",ICD-10,200.0,,,02/17/2026,02/17/2026,2025-10-01,2026-02-17,2026-02-17,False,,200.0,False,False,2025-10
3953,2025,10,Occurrence,Race-Ethnicity,American Indian/Alaska Native,NEP,"Nephritis, nephrotic syndrome and nephrosis",ICD-10,,1,Cell suppressed for small numbers,02/17/2026,02/17/2026,2025-10-01,2026-02-17,2026-02-17,True,Cell suppressed for small numbers,,False,False,2025-10
3954,2025,10,Occurrence,Race-Ethnicity,Asian,NEP,"Nephritis, nephrotic syndrome and nephrosis",ICD-10,52.0,,,02/17/2026,02/17/2026,2025-10-01,2026-02-17,2026-02-17,False,,52.0,False,False,2025-10
3955,2025,10,Occurrence,Race-Ethnicity,Black,NEP,"Nephritis, nephrotic syndrome and nephrosis",ICD-10,33.0,,,02/17/2026,02/17/2026,2025-10-01,2026-02-17,2026-02-17,False,,33.0,False,False,2025-10
3956,2025,10,Occurrence,Race-Ethnicity,Hawaiian/Pacific Islander,NEP,"Nephritis, nephrotic syndrome and nephrosis",ICD-10,,1,Cell suppressed for small numbers,02/17/2026,02/17/2026,2025-10-01,2026-02-17,2026-02-17,True,Cell suppressed for small numbers,,False,False,2025-10
3957,2025,10,Occurrence,Race-Ethnicity,Hispanic,NEP,"Nephritis, nephrotic syndrome and nephrosis",ICD-10,105.0,,,02/17/2026,02/17/2026,2025-10-01,2026-02-17,2026-02-17,False,,105.0,False,False,2025-10
3958,2025,10,Occurrence,Race-Ethnicity,Multi-Race,NEP,"Nephritis, nephrotic syndrome and nephrosis",ICD-10,,1,Cell suppressed for small numbers,02/17/2026,02/17/2026,2025-10-01,2026-02-17,2026-02-17,True,Cell suppressed for small numbers,,False,False,2025-10
3959,2025,10,Occurrence,Race-Ethnicity,White,NEP,"Nephritis, nephrotic syndrome and nephrosis",ICD-10,166.0,,,02/17/2026,02/17/2026,2025-10-01,2026-02-17,2026-02-17,False,,166.0,False,False,2025-10
3960,2025,10,Occurrence,Race-Ethnicity,Other/Unknown,NEP,"Nephritis, nephrotic syndrome and nephrosis",ICD-10,,1,Cell suppressed for small numbers,02/17/2026,02/17/2026,2025-10-01,2026-02-17,2026-02-17,True,Cell suppressed for small numbers,,False,False,2025-10
3961,2025,10,Occurrence,Total Population,Total Population,PAR,Parkinson's disease,ICD-10,377.0,,,02/17/2026,02/17/2026,2025-10-01,2026-02-17,2026-02-17,False,,377.0,True,False,2025-10
3962,2025,10,Occurrence,Gender,Female,PAR,Parkinson's disease,ICD-10,123.0,,,02/17/2026,02/17/2026,2025-10-01,2026-02-17,2026-02-17,False,,123.0,False,False,2025-10
3963,2025,10,Occurrence,Gender,Male,PAR,Parkinson's disease,ICD-10,254.0,,,02/17/2026,02/17/2026,2025-10-01,2026-02-17,2026-02-17,False,,254.0,False,False,2025-10
3964,2025,10,Occurrence,Race-Ethnicity,American Indian/Alaska Native,PAR,Parkinson's disease,ICD-10,,1,Cell suppressed for small numbers,02/17/2026,02/17/2026,2025-10-01,2026-02-17,2026-02-17,True,Cell suppressed for small numbers,,False,False,2025-10
3965,2025,10,Occurrence,Race-Ethnicity,Asian,PAR,Parkinson's disease,ICD-10,49.0,,,02/17/2026,02/17/2026,2025-10-01,2026-02-17,2026-02-17,False,,49.0,False,False,2025-10
3966,2025,10,Occurrence,Race-Ethnicity,Black,PAR,Parkinson's disease,ICD-10,15.0,,,02/17/2026,02/17/2026,2025-10-01,2026-02-17,2026-02-17,False,,15.0,False,False,2025-10
3967,2025,10,Occurrence,Race-Ethnicity,Hawaiian/Pacific Islander,PAR,Parkinson's disease,ICD-10,0.0,,,02/17/2026,02/17/2026,2025-10-01,2026-02-17,2026-02-17,False,,0.0,False,False,2025-10
3968,2025,10,Occurrence,Race-Ethnicity,Hispanic,PAR,Parkinson's disease,ICD-10,58.0,,,02/17/2026,02/17/2026,2025-10-01,2026-02-17,2026-02-17,False,,58.0,False,False,2025-10
3969,2025,10,Occurrence,Race-Ethnicity,Multi-Race,PAR,Parkinson's disease,ICD-10,,1,Cell suppressed for small numbers,02/17/2026,02/17/2026,2025-10-01,2026-02-17,2026-02-17,True,Cell suppressed for small numbers,,False,False,2025-10
3970,2025,10,Occurrence,Race-Ethnicity,White,PAR,Parkinson's disease,ICD-10,248.0,,,02/17/2026,02/17/2026,2025-10-01,2026-02-17,2026-02-17,False,,248.0,False,False,2025-10
3971,2025,10,Occurrence,Race-Ethnicity,Other/Unknown,PAR,Parkinson's disease,ICD-10,,1,Cell suppressed for small numbers,02/17/2026,02/17/2026,2025-10-01,2026-02-17,2026-02-17,True,Cell suppressed for small numbers,,False,False,2025-10
3972,2025,10,Occurrence,Total Population,Total Population,PNF,Influenza and pneumonia,ICD-10,340.0,,,02/17/2026,02/17/2026,2025-10-01,2026-02-17,2026-02-17,False,,340.0,True,False,2025-10
3973,2025,10,Occurrence,Gender,Female,PNF,Influenza and pneumonia,ICD-10,162.0,,,02/17/2026,02/17/2026,2025-10-01,2026-02-17,2026-02-17,False,,162.0,False,False,2025-10
3974,2025,10,Occurrence,Gender,Male,PNF,Influenza and pneumonia,ICD-10,178.0,,,02/17/2026,02/17/2026,2025-10-01,2026-02-17,2026-02-17,False,,178.0,False,False,2025-10
3975,2025,10,Occurrence,Race-Ethnicity,American Indian/Alaska Native,PNF,Influenza and pneumonia,ICD-10,,1,Cell suppressed for small numbers,02/17/2026,02/17/2026,2025-10-01,2026-02-17,2026-02-17,True,Cell suppressed for small numbers,,False,False,2025-10
3976,2025,10,Occurrence,Race-Ethnicity,Asian,PNF,Influenza and pneumonia,ICD-10,45.0,,,02/17/2026,02/17/2026,2025-10-01,2026-02-17,2026-02-17,False,,45.0,False,False,2025-10
3977,2025,10,Occurrence,Race-Ethnicity,Black,PNF,Influenza and pneumonia,ICD-10,27.0,,,02/17/2026,02/17/2026,2025-10-01,2026-02-17,2026-02-17,False,,27.0,False,False,2025-10
3978,2025,10,Occurrence,Race-Ethnicity,Hawaiian/Pacific Islander,PNF,Influenza and pneumonia,ICD-10,,1,Cell suppressed for small numbers,02/17/2026,02/17/2026,2025-10-01,2026-02-17,2026-02-17,True,Cell suppressed for small numbers,,False,False,2025-10
3979,2025,10,Occurrence,Race-Ethnicity,Hispanic,PNF,Influenza and pneumonia,ICD-10,84.0,,,02/17/2026,02/17/2026,2025-10-01,2026-02-17,2026-02-17,False,,84.0,False,False,2025-10
3980,2025,10,Occurrence,Race-Ethnicity,Multi-Race,PNF,Influenza and pneumonia,ICD-10,,1,Cell suppressed for small numbers,02/17/2026,02/17/2026,2025-10-01,2026-02-17,2026-02-17,True,Cell suppressed for small numbers,,False,False,2025-10
3981,2025,10,Occurrence,Race-Ethnicity,White,PNF,Influenza and pneumonia,ICD-10,175.0,,,02/17/2026,02/17/2026,2025-10-01,2026-02-17,2026-02-17,False,,175.0,False,False,2025-10
3982,2025,10,Occurrence,Race-Ethnicity,Other/Unknown,PNF,Influenza and pneumonia,ICD-10,,1,Cell suppressed for small numbers,02/17/2026,02/17/2026,2025-10-01,2026-02-17,2026-02-17,True,Cell suppressed for small numbers,,False,False,2025-10
3983,2025,10,Occurrence,Total Population,Total Population,STK,Cerebrovascular diseases,ICD-10,1475.0,,,02/17/2026,02/17/2026,2025-10-01,2026-02-17,2026-02-17,False,,1475.0,True,False,2025-10
3984,2025,10,Occurrence,Gender,Female,STK,Cerebrovascular diseases,ICD-10,803.0,,,02/17/2026,02/17/2026,2025-10-01,2026-02-17,2026-02-17,False,,803.0,False,False,2025-10
3985,2025,10,Occurrence,Gender,Male,STK,Cerebrovascular diseases,ICD-10,672.0,,,02/17/2026,02/17/2026,2025-10-01,2026-02-17,2026-02-17,False,,672.0,False,False,2025-10
3986,2025,10,Occurrence,Race-Ethnicity,American Indian/Alaska Native,STK,Cerebrovascular diseases,ICD-10,,1,Cell suppressed for small numbers,02/17/2026,02/17/2026,2025-10-01,2026-02-17,2026-02-17,True,Cell suppressed for small numbers,,False,False,2025-10
3987,2025,10,Occurrence,Race-Ethnicity,Asian,STK,Cerebrovascular diseases,ICD-10,213.0,,,02/17/2026,02/17/2026,2025-10-01,2026-02-17,2026-02-17,False,,213.0,False,False,2025-10
3988,2025,10,Occurrence,Race-Ethnicity,Black,STK,Cerebrovascular diseases,ICD-10,97.0,,,02/17/2026,02/17/2026,2025-10-01,2026-02-17,2026-02-17,False,,97.0,False,False,2025-10
3989,2025,10,Occurrence,Race-Ethnicity,Hawaiian/Pacific Islander,STK,Cerebrovascular diseases,ICD-10,,1,Cell suppressed for small numbers,02/17/2026,02/17/2026,2025-10-01,2026-02-17,2026-02-17,True,Cell suppressed for small numbers,,False,False,2025-10
3990,2025,10,Occurrence,Race-Ethnicity,Hispanic,STK,Cerebrovascular diseases,ICD-10,297.0,,,02/17/2026,02/17/2026,2025-10-01,2026-02-17,2026-02-17,False,,297.0,False,False,2025-10
3991,2025,10,Occurrence,Race-Ethnicity,Multi-Race,STK,Cerebrovascular diseases,ICD-10,,1,Cell suppressed for small numbers,02/17/2026,02/17/2026,2025-10-01,2026-02-17,2026-02-17,True,Cell suppressed for small numbers,,False,False,2025-10
3992,2025,10,Occurrence,Race-Ethnicity,White,STK,Cerebrovascular diseases,ICD-10,832.0,,,02/17/2026,02/17/2026,2025-10-01,2026-02-17,2026-02-17,False,,832.0,False,False,2025-10
3993,2025,10,Occurrence,Race-Ethnicity,Other/Unknown,STK,Cerebrovascular diseases,ICD-10,16.0,,,02/17/2026,02/17/2026,2025-10-01,2026-02-17,2026-02-17,False,,16.0,False,False,2025-10
3994,2025,10,Occurrence,Total Population,Total Population,SUI,Intentional self-harm (suicide),ICD-10,292.0,,,02/17/2026,02/17/2026,2025-10-01,2026-02-17,2026-02-17,False,,292.0,True,False,2025-10
3995,2025,10,Occurrence,Gender,Female,SUI,Intentional self-harm (suicide),ICD-10,69.0,,,02/17/2026,02/17/2026,2025-10-01,2026-02-17,2026-02-17,False,,69.0,False,False,2025-10
3996,2025,10,Occurrence,Gender,Male,SUI,Intentional self-harm (suicide),ICD-10,223.0,,,02/17/2026,02/17/2026,2025-10-01,2026-02-17,2026-02-17,False,,223.0,False,False,2025-10
3997,2025,10,Occurrence,Race-Ethnicity,American Indian/Alaska Native,SUI,Intentional self-harm (suicide),ICD-10,,1,Cell suppressed for small numbers,02/17/2026,02/17/2026,2025-10-01,2026-02-17,2026-02-17,True,Cell suppressed for small numbers,,False,False,2025-10
3998,2025,10,Occurrence,Race-Ethnicity,Asian,SUI,Intentional self-harm (suicide),ICD-10,38.0,,,02/17/2026,02/17/2026,2025-10-01,2026-02-17,2026-02-17,False,,38.0,False,False,2025-10
3999,2025,10,Occurrence,Race-Ethnicity,Black,SUI,Intentional self-harm (suicide),ICD-10,11.0,,,02/17/2026,02/17/2026,2025-10-01,2026-02-17,2026-02-17,False,,11.0,False,False,2025-10
4000,2025,10,Occurrence,Race-Ethnicity,Hawaiian/Pacific Islander,SUI,Intentional self-harm (suicide),ICD-10,0.0,,,02/17/2026,02/17/2026,2025-10-01,2026-02-17,2026-02-17,False,,0.0,False,False,2025-10
4001,2025,10,Occurrence,Race-Ethnicity,Hispanic,SUI,Intentional self-harm (suicide),ICD-10,74.0,,,02/17/2026,02/17/2026,2025-10-01,2026-02-17,2026-02-17,False,,74.0,False,False,2025-10
4002,2025,10,Occurrence,Race-Ethnicity,Multi-Race,SUI,Intentional self-harm (suicide),ICD-10,,1,Cell suppressed for small numbers,02/17/2026,02/17/2026,2025-10-01,2026-02-17,2026-02-17,True,Cell suppressed for small numbers,,False,False,2025-10
4003,2025,10,Occurrence,Race-Ethnicity,White,SUI,Intentional self-harm (suicide),ICD-10,157.0,,,02/17/2026,02/17/2026,2025-10-01,2026-02-17,2026-02-17,False,,157.0,False,False,2025-10
4004,2025,10,Occurrence,Race-Ethnicity,Other/Unknown,SUI,Intentional self-harm (suicide),ICD-10,,1,Cell suppressed for small numbers,02/17/2026,02/17/2026,2025-10-01,2026-02-17,2026-02-17,True,Cell suppressed for small numbers,,False,False,2025-10
4005,2025,11,Occurrence,Total Population,Total Population,ALL,All causes (total),ICD-10,22600.0,,,02/17/2026,02/17/2026,2025-11-01,2026-02-17,2026-02-17,False,,22600.0,True,True,2025-11
4006,2025,11,Occurrence,Age,Under 1 year,ALL,All causes (total),ICD-10,105.0,,,02/17/2026,02/17/2026,2025-11-01,2026-02-17,2026-02-17,False,,105.0,False,True,2025-11
4007,2025,11,Occurrence,Age,1-4 years,ALL,All causes (total),ICD-10,15.0,,,02/17/2026,02/17/2026,2025-11-01,2026-02-17,2026-02-17,False,,15.0,False,True,2025-11
4008,2025,11,Occurrence,Age,5-14 years,ALL,All causes (total),ICD-10,40.0,,,02/17/2026,02/17/2026,2025-11-01,2026-02-17,2026-02-17,False,,40.0,False,True,2025-11
4009,2025,11,Occurrence,Age,15-24 years,ALL,All causes (total),ICD-10,176.0,,,02/17/2026,02/17/2026,2025-11-01,2026-02-17,2026-02-17,False,,176.0,False,True,2025-11
4010,2025,11,Occurrence,Age,25-34 years,ALL,All causes (total),ICD-10,402.0,,,02/17/2026,02/17/2026,2025-11-01,2026-02-17,2026-02-17,False,,402.0,False,True,2025-11
4011,2025,11,Occurrence,Age,35-44 years,ALL,All causes (total),ICD-10,721.0,,,02/17/2026,02/17/2026,2025-11-01,2026-02-17,2026-02-17,False,,721.0,False,True,2025-11
4012,2025,11,Occurrence,Age,45-54 years,ALL,All causes (total),ICD-10,1078.0,,,02/17/2026,02/17/2026,2025-11-01,2026-02-17,2026-02-17,False,,1078.0,False,True,2025-11
4013,2025,11,Occurrence,Age,55-64 years,ALL,All causes (total),ICD-10,2385.0,,,02/17/2026,02/17/2026,2025-11-01,2026-02-17,2026-02-17,False,,2385.0,False,True,2025-11
4014,2025,11,Occurrence,Age,65-74 years,ALL,All causes (total),ICD-10,4341.0,,,02/17/2026,02/17/2026,2025-11-01,2026-02-17,2026-02-17,False,,4341.0,False,True,2025-11
4015,2025,11,Occurrence,Age,75-84 years,ALL,All causes (total),ICD-10,6025.0,,,02/17/2026,02/17/2026,2025-11-01,2026-02-17,2026-02-17,False,,6025.0,False,True,2025-11
4016,2025,11,Occurrence,Age,85 years and over,ALL,All causes (total),ICD-10,7308.0,,,02/17/2026,02/17/2026,2025-11-01,2026-02-17,2026-02-17,False,,7308.0,False,True,2025-11
4017,2025,11,Occurrence,Gender,Female,ALL,All causes (total),ICD-10,10646.0,,,02/17/2026,02/17/2026,2025-11-01,2026-02-17,2026-02-17,False,,10646.0,False,True,2025-11
4018,2025,11,Occurrence,Gender,Male,ALL,All causes (total),ICD-10,11952.0,,,02/17/2026,02/17/2026,2025-11-01,2026-02-17,2026-02-17,False,,11952.0,False,True,2025-11
4019,2025,11,Occurrence,Place Type,Inpatient,ALL,All causes (total),ICD-10,7020.0,,,02/17/2026,02/17/2026,2025-11-01,2026-02-17,2026-02-17,False,,7020.0,False,True,2025-11
4020,2025,11,Occurrence,Place Type,Emergency Room/Outpatient,ALL,All causes (total),ICD-10,1219.0,,,02/17/2026,02/17/2026,2025-11-01,2026-02-17,2026-02-17,False,,1219.0,False,True,2025-11
4021,2025,11,Occurrence,Place Type,Decedent's Home,ALL,All causes (total),ICD-10,8898.0,,,02/17/2026,02/17/2026,2025-11-01,2026-02-17,2026-02-17,False,,8898.0,False,True,2025-11
4022,2025,11,Occurrence,Place Type,Hospice Facility,ALL,All causes (total),ICD-10,293.0,,,02/17/2026,02/17/2026,2025-11-01,2026-02-17,2026-02-17,False,,293.0,False,True,2025-11
4023,2025,11,Occurrence,Place Type,Nursing Home/Long Term Care Facility,ALL,All causes (total),ICD-10,4086.0,,,02/17/2026,02/17/2026,2025-11-01,2026-02-17,2026-02-17,False,,4086.0,False,True,2025-11
4024,2025,11,Occurrence,Place Type,Other/Unknown,ALL,All causes (total),ICD-10,1084.0,,,02/17/2026,02/17/2026,2025-11-01,2026-02-17,2026-02-17,False,,1084.0,False,True,2025-11
4025,2025,11,Occurrence,Race-Ethnicity,American Indian/Alaska Native,ALL,All causes (total),ICD-10,120.0,,,02/17/2026,02/17/2026,2025-11-01,2026-02-17,2026-02-17,False,,120.0,False,True,2025-11
4026,2025,11,Occurrence,Race-Ethnicity,Asian,ALL,All causes (total),ICD-10,2574.0,,,02/17/2026,02/17/2026,2025-11-01,2026-02-17,2026-02-17,False,,2574.0,False,True,2025-11
4027,2025,11,Occurrence,Race-Ethnicity,Black,ALL,All causes (total),ICD-10,1773.0,,,02/17/2026,02/17/2026,2025-11-01,2026-02-17,2026-02-17,False,,1773.0,False,True,2025-11
4028,2025,11,Occurrence,Race-Ethnicity,Hawaiian/Pacific Islander,ALL,All causes (total),ICD-10,97.0,,,02/17/2026,02/17/2026,2025-11-01,2026-02-17,2026-02-17,False,,97.0,False,True,2025-11
4029,2025,11,Occurrence,Race-Ethnicity,Hispanic,ALL,All causes (total),ICD-10,5111.0,,,02/17/2026,02/17/2026,2025-11-01,2026-02-17,2026-02-17,False,,5111.0,False,True,2025-11
4030,2025,11,Occurrence,Race-Ethnicity,Multi-Race,ALL,All causes (total),ICD-10,256.0,,,02/17/2026,02/17/2026,2025-11-01,2026-02-17,2026-02-17,False,,256.0,False,True,2025-11
4031,2025,11,Occurrence,Race-Ethnicity,White,ALL,All causes (total),ICD-10,12418.0,,,02/17/2026,02/17/2026,2025-11-01,2026-02-17,2026-02-17,False,,12418.0,False,True,2025-11
4032,2025,11,Occurrence,Race-Ethnicity,Other/Unknown,ALL,All causes (total),ICD-10,251.0,,,02/17/2026,02/17/2026,2025-11-01,2026-02-17,2026-02-17,False,,251.0,False,True,2025-11
4033,2025,11,Occurrence,Total Population,Total Population,ALZ,Alzheimer's disease,ICD-10,1244.0,,,02/17/2026,02/17/2026,2025-11-01,2026-02-17,2026-02-17,False,,1244.0,True,False,2025-11
4034,2025,11,Occurrence,Gender,Female,ALZ,Alzheimer's disease,ICD-10,829.0,,,02/17/2026,02/17/2026,2025-11-01,2026-02-17,2026-02-17,False,,829.0,False,False,2025-11
4035,2025,11,Occurrence,Gender,Male,ALZ,Alzheimer's disease,ICD-10,415.0,,,02/17/2026,02/17/2026,2025-11-01,2026-02-17,2026-02-17,False,,415.0,False,False,2025-11
4036,2025,11,Occurrence,Race-Ethnicity,American Indian/Alaska Native,ALZ,Alzheimer's disease,ICD-10,,1,Cell suppressed for small numbers,02/17/2026,02/17/2026,2025-11-01,2026-02-17,2026-02-17,True,Cell suppressed for small numbers,,False,False,2025-11
4037,2025,11,Occurrence,Race-Ethnicity,Asian,ALZ,Alzheimer's disease,ICD-10,145.0,,,02/17/2026,02/17/2026,2025-11-01,2026-02-17,2026-02-17,False,,145.0,False,False,2025-11
4038,2025,11,Occurrence,Race-Ethnicity,Black,ALZ,Alzheimer's disease,ICD-10,73.0,,,02/17/2026,02/17/2026,2025-11-01,2026-02-17,2026-02-17,False,,73.0,False,False,2025-11
4039,2025,11,Occurrence,Race-Ethnicity,Hawaiian/Pacific Islander,ALZ,Alzheimer's disease,ICD-10,,1,Cell suppressed for small numbers,02/17/2026,02/17/2026,2025-11-01,2026-02-17,2026-02-17,True,Cell suppressed for small numbers,,False,False,2025-11
4040,2025,11,Occurrence,Race-Ethnicity,Hispanic,ALZ,Alzheimer's disease,ICD-10,217.0,,,02/17/2026,02/17/2026,2025-11-01,2026-02-17,2026-02-17,False,,217.0,False,False,2025-11
4041,2025,11,Occurrence,Race-Ethnicity,Multi-Race,ALZ,Alzheimer's disease,ICD-10,,1,Cell suppressed for small numbers,02/17/2026,02/17/2026,2025-11-01,2026-02-17,2026-02-17,True,Cell suppressed for small numbers,,False,False,2025-11
4042,2025,11,Occurrence,Race-Ethnicity,White,ALZ,Alzheimer's disease,ICD-10,786.0,,,02/17/2026,02/17/2026,2025-11-01,2026-02-17,2026-02-17,False,,786.0,False,False,2025-11
4043,2025,11,Occurrence,Race-Ethnicity,Other/Unknown,ALZ,Alzheimer's disease,ICD-10,12.0,,,02/17/2026,02/17/2026,2025-11-01,2026-02-17,2026-02-17,False,,12.0,False,False,2025-11
4044,2025,11,Occurrence,Total Population,Total Population,CAN,Malignant neoplasms,ICD-10,4927.0,,,02/17/2026,02/17/2026,2025-11-01,2026-02-17,2026-02-17,False,,4927.0,True,False,2025-11
4045,2025,11,Occurrence,Gender,Female,CAN,Malignant neoplasms,ICD-10,2399.0,,,02/17/2026,02/17/2026,2025-11-01,2026-02-17,2026-02-17,False,,2399.0,False,False,2025-11
4046,2025,11,Occurrence,Gender,Male,CAN,Malignant neoplasms,ICD-10,2528.0,,,02/17/2026,02/17/2026,2025-11-01,2026-02-17,2026-02-17,False,,2528.0,False,False,2025-11
4047,2025,11,Occurrence,Race-Ethnicity,American Indian/Alaska Native,CAN,Malignant neoplasms,ICD-10,25.0,,,02/17/2026,02/17/2026,2025-11-01,2026-02-17,2026-02-17,False,,25.0,False,False,2025-11
4048,2025,11,Occurrence,Race-Ethnicity,Asian,CAN,Malignant neoplasms,ICD-10,651.0,,,02/17/2026,02/17/2026,2025-11-01,2026-02-17,2026-02-17,False,,651.0,False,False,2025-11
4049,2025,11,Occurrence,Race-Ethnicity,Black,CAN,Malignant neoplasms,ICD-10,338.0,,,02/17/2026,02/17/2026,2025-11-01,2026-02-17,2026-02-17,False,,338.0,False,False,2025-11
4050,2025,11,Occurrence,Race-Ethnicity,Hawaiian/Pacific Islander,CAN,Malignant neoplasms,ICD-10,16.0,,,02/17/2026,02/17/2026,2025-11-01,2026-02-17,2026-02-17,False,,16.0,False,False,2025-11
4051,2025,11,Occurrence,Race-Ethnicity,Hispanic,CAN,Malignant neoplasms,ICD-10,1104.0,,,02/17/2026,02/17/2026,2025-11-01,2026-02-17,2026-02-17,False,,1104.0,False,False,2025-11
4052,2025,11,Occurrence,Race-Ethnicity,Multi-Race,CAN,Malignant neoplasms,ICD-10,63.0,,,02/17/2026,02/17/2026,2025-11-01,2026-02-17,2026-02-17,False,,63.0,False,False,2025-11
4053,2025,11,Occurrence,Race-Ethnicity,White,CAN,Malignant neoplasms,ICD-10,2689.0,,,02/17/2026,02/17/2026,2025-11-01,2026-02-17,2026-02-17,False,,2689.0,False,False,2025-11
4054,2025,11,Occurrence,Race-Ethnicity,Other/Unknown,CAN,Malignant neoplasms,ICD-10,41.0,,,02/17/2026,02/17/2026,2025-11-01,2026-02-17,2026-02-17,False,,41.0,False,False,2025-11
4055,2025,11,Occurrence,Total Population,Total Population,CLD,Chronic lower respiratory diseases,ICD-10,839.0,,,02/17/2026,02/17/2026,2025-11-01,2026-02-17,2026-02-17,False,,839.0,True,False,2025-11
4056,2025,11,Occurrence,Gender,Female,CLD,Chronic lower respiratory diseases,ICD-10,420.0,,,02/17/2026,02/17/2026,2025-11-01,2026-02-17,2026-02-17,False,,420.0,False,False,2025-11
4057,2025,11,Occurrence,Gender,Male,CLD,Chronic lower respiratory diseases,ICD-10,419.0,,,02/17/2026,02/17/2026,2025-11-01,2026-02-17,2026-02-17,False,,419.0,False,False,2025-11
4058,2025,11,Occurrence,Race-Ethnicity,American Indian/Alaska Native,CLD,Chronic lower respiratory diseases,ICD-10,,1,Cell suppressed for small numbers,02/17/2026,02/17/2026,2025-11-01,2026-02-17,2026-02-17,True,Cell suppressed for small numbers,,False,False,2025-11
4059,2025,11,Occurrence,Race-Ethnicity,Asian,CLD,Chronic lower respiratory diseases,ICD-10,55.0,,,02/17/2026,02/17/2026,2025-11-01,2026-02-17,2026-02-17,False,,55.0,False,False,2025-11
4060,2025,11,Occurrence,Race-Ethnicity,Black,CLD,Chronic lower respiratory diseases,ICD-10,68.0,,,02/17/2026,02/17/2026,2025-11-01,2026-02-17,2026-02-17,False,,68.0,False,False,2025-11
4061,2025,11,Occurrence,Race-Ethnicity,Hawaiian/Pacific Islander,CLD,Chronic lower respiratory diseases,ICD-10,,1,Cell suppressed for small numbers,02/17/2026,02/17/2026,2025-11-01,2026-02-17,2026-02-17,True,Cell suppressed for small numbers,,False,False,2025-11
4062,2025,11,Occurrence,Race-Ethnicity,Hispanic,CLD,Chronic lower respiratory diseases,ICD-10,80.0,,,02/17/2026,02/17/2026,2025-11-01,2026-02-17,2026-02-17,False,,80.0,False,False,2025-11
4063,2025,11,Occurrence,Race-Ethnicity,Multi-Race,CLD,Chronic lower respiratory diseases,ICD-10,,1,Cell suppressed for small numbers,02/17/2026,02/17/2026,2025-11-01,2026-02-17,2026-02-17,True,Cell suppressed for small numbers,,False,False,2025-11
4064,2025,11,Occurrence,Race-Ethnicity,White,CLD,Chronic lower respiratory diseases,ICD-10,605.0,,,02/17/2026,02/17/2026,2025-11-01,2026-02-17,2026-02-17,False,,605.0,False,False,2025-11
4065,2025,11,Occurrence,Race-Ethnicity,Other/Unknown,CLD,Chronic lower respiratory diseases,ICD-10,,1,Cell suppressed for small numbers,02/17/2026,02/17/2026,2025-11-01,2026-02-17,2026-02-17,True,Cell suppressed for small numbers,,False,False,2025-11
4066,2025,11,Occurrence,Total Population,Total Population,DIA,Diabetes mellitus,ICD-10,911.0,,,02/17/2026,02/17/2026,2025-11-01,2026-02-17,2026-02-17,False,,911.0,True,False,2025-11
4067,2025,11,Occurrence,Gender,Female,DIA,Diabetes mellitus,ICD-10,396.0,,,02/17/2026,02/17/2026,2025-11-01,2026-02-17,2026-02-17,False,,396.0,False,False,2025-11
4068,2025,11,Occurrence,Gender,Male,DIA,Diabetes mellitus,ICD-10,515.0,,,02/17/2026,02/17/2026,2025-11-01,2026-02-17,2026-02-17,False,,515.0,False,False,2025-11
4069,2025,11,Occurrence,Race-Ethnicity,American Indian/Alaska Native,DIA,Diabetes mellitus,ICD-10,,1,Cell suppressed for small numbers,02/17/2026,02/17/2026,2025-11-01,2026-02-17,2026-02-17,True,Cell suppressed for small numbers,,False,False,2025-11
4070,2025,11,Occurrence,Race-Ethnicity,Asian,DIA,Diabetes mellitus,ICD-10,151.0,,,02/17/2026,02/17/2026,2025-11-01,2026-02-17,2026-02-17,False,,151.0,False,False,2025-11
4071,2025,11,Occurrence,Race-Ethnicity,Black,DIA,Diabetes mellitus,ICD-10,95.0,,,02/17/2026,02/17/2026,2025-11-01,2026-02-17,2026-02-17,False,,95.0,False,False,2025-11
4072,2025,11,Occurrence,Race-Ethnicity,Hawaiian/Pacific Islander,DIA,Diabetes mellitus,ICD-10,,1,Cell suppressed for small numbers,02/17/2026,02/17/2026,2025-11-01,2026-02-17,2026-02-17,True,Cell suppressed for small numbers,,False,False,2025-11
4073,2025,11,Occurrence,Race-Ethnicity,Hispanic,DIA,Diabetes mellitus,ICD-10,312.0,,,02/17/2026,02/17/2026,2025-11-01,2026-02-17,2026-02-17,False,,312.0,False,False,2025-11
4074,2025,11,Occurrence,Race-Ethnicity,Multi-Race,DIA,Diabetes mellitus,ICD-10,,1,Cell suppressed for small numbers,02/17/2026,02/17/2026,2025-11-01,2026-02-17,2026-02-17,True,Cell suppressed for small numbers,,False,False,2025-11
4075,2025,11,Occurrence,Race-Ethnicity,White,DIA,Diabetes mellitus,ICD-10,327.0,,,02/17/2026,02/17/2026,2025-11-01,2026-02-17,2026-02-17,False,,327.0,False,False,2025-11
4076,2025,11,Occurrence,Race-Ethnicity,Other/Unknown,DIA,Diabetes mellitus,ICD-10,11.0,,,02/17/2026,02/17/2026,2025-11-01,2026-02-17,2026-02-17,False,,11.0,False,False,2025-11
4077,2025,11,Occurrence,Total Population,Total Population,HOM,Assault (homicide),ICD-10,93.0,,,02/17/2026,02/17/2026,2025-11-01,2026-02-17,2026-02-17,False,,93.0,True,False,2025-11
4078,2025,11,Occurrence,Gender,Female,HOM,Assault (homicide),ICD-10,29.0,,,02/17/2026,02/17/2026,2025-11-01,2026-02-17,2026-02-17,False,,29.0,False,False,2025-11
4079,2025,11,Occurrence,Gender,Male,HOM,Assault (homicide),ICD-10,64.0,,,02/17/2026,02/17/2026,2025-11-01,2026-02-17,2026-02-17,False,,64.0,False,False,2025-11
4080,2025,11,Occurrence,Race-Ethnicity,American Indian/Alaska Native,HOM,Assault (homicide),ICD-10,0.0,,,02/17/2026,02/17/2026,2025-11-01,2026-02-17,2026-02-17,False,,0.0,False,False,2025-11
4081,2025,11,Occurrence,Race-Ethnicity,Asian,HOM,Assault (homicide),ICD-10,,1,Cell suppressed for small numbers,02/17/2026,02/17/2026,2025-11-01,2026-02-17,2026-02-17,True,Cell suppressed for small numbers,,False,False,2025-11
4082,2025,11,Occurrence,Race-Ethnicity,Black,HOM,Assault (homicide),ICD-10,18.0,,,02/17/2026,02/17/2026,2025-11-01,2026-02-17,2026-02-17,False,,18.0,False,False,2025-11
4083,2025,11,Occurrence,Race-Ethnicity,Hawaiian/Pacific Islander,HOM,Assault (homicide),ICD-10,,1,Cell suppressed for small numbers,02/17/2026,02/17/2026,2025-11-01,2026-02-17,2026-02-17,True,Cell suppressed for small numbers,,False,False,2025-11
4084,2025,11,Occurrence,Race-Ethnicity,Hispanic,HOM,Assault (homicide),ICD-10,44.0,,,02/17/2026,02/17/2026,2025-11-01,2026-02-17,2026-02-17,False,,44.0,False,False,2025-11
4085,2025,11,Occurrence,Race-Ethnicity,Multi-Race,HOM,Assault (homicide),ICD-10,,1,Cell suppressed for small numbers,02/17/2026,02/17/2026,2025-11-01,2026-02-17,2026-02-17,True,Cell suppressed for small numbers,,False,False,2025-11
4086,2025,11,Occurrence,Race-Ethnicity,White,HOM,Assault (homicide),ICD-10,,2,Cell suppressed for complementary cell,02/17/2026,02/17/2026,2025-11-01,2026-02-17,2026-02-17,True,Cell suppressed for complementary cell,,False,False,2025-11
4087,2025,11,Occurrence,Race-Ethnicity,Other/Unknown,HOM,Assault (homicide),ICD-10,0.0,,,02/17/2026,02/17/2026,2025-11-01,2026-02-17,2026-02-17,False,,0.0,False,False,2025-11
4088,2025,11,Occurrence,Total Population,Total Population,HTD,Diseases of heart,ICD-10,4790.0,,,02/17/2026,02/17/2026,2025-11-01,2026-02-17,2026-02-17,False,,4790.0,True,False,2025-11
4089,2025,11,Occurrence,Gender,Female,HTD,Diseases of heart,ICD-10,2073.0,,,02/17/2026,02/17/2026,2025-11-01,2026-02-17,2026-02-17,False,,2073.0,False,False,2025-11
4090,2025,11,Occurrence,Gender,Male,HTD,Diseases of heart,ICD-10,2717.0,,,02/17/2026,02/17/2026,2025-11-01,2026-02-17,2026-02-17,False,,2717.0,False,False,2025-11
4091,2025,11,Occurrence,Race-Ethnicity,American Indian/Alaska Native,HTD,Diseases of heart,ICD-10,28.0,,,02/17/2026,02/17/2026,2025-11-01,2026-02-17,2026-02-17,False,,28.0,False,False,2025-11
4092,2025,11,Occurrence,Race-Ethnicity,Asian,HTD,Diseases of heart,ICD-10,471.0,,,02/17/2026,02/17/2026,2025-11-01,2026-02-17,2026-02-17,False,,471.0,False,False,2025-11
4093,2025,11,Occurrence,Race-Ethnicity,Black,HTD,Diseases of heart,ICD-10,413.0,,,02/17/2026,02/17/2026,2025-11-01,2026-02-17,2026-02-17,False,,413.0,False,False,2025-11
4094,2025,11,Occurrence,Race-Ethnicity,Hawaiian/Pacific Islander,HTD,Diseases of heart,ICD-10,24.0,,,02/17/2026,02/17/2026,2025-11-01,2026-02-17,2026-02-17,False,,24.0,False,False,2025-11
4095,2025,11,Occurrence,Race-Ethnicity,Hispanic,HTD,Diseases of heart,ICD-10,895.0,,,02/17/2026,02/17/2026,2025-11-01,2026-02-17,2026-02-17,False,,895.0,False,False,2025-11
4096,2025,11,Occurrence,Race-Ethnicity,Multi-Race,HTD,Diseases of heart,ICD-10,43.0,,,02/17/2026,02/17/2026,2025-11-01,2026-02-17,2026-02-17,False,,43.0,False,False,2025-11
4097,2025,11,Occurrence,Race-Ethnicity,White,HTD,Diseases of heart,ICD-10,2856.0,,,02/17/2026,02/17/2026,2025-11-01,2026-02-17,2026-02-17,False,,2856.0,False,False,2025-11
4098,2025,11,Occurrence,Race-Ethnicity,Other/Unknown,HTD,Diseases of heart,ICD-10,60.0,,,02/17/2026,02/17/2026,2025-11-01,2026-02-17,2026-02-17,False,,60.0,False,False,2025-11
4099,2025,11,Occurrence,Total Population,Total Population,HYP,Essential hypertension and hypertensive renal disease,ICD-10,564.0,,,02/17/2026,02/17/2026,2025-11-01,2026-02-17,2026-02-17,False,,564.0,True,False,2025-11
4100,2025,11,Occurrence,Gender,Female,HYP,Essential hypertension and hypertensive renal disease,ICD-10,289.0,,,02/17/2026,02/17/2026,2025-11-01,2026-02-17,2026-02-17,False,,289.0,False,False,2025-11
4101,2025,11,Occurrence,Gender,Male,HYP,Essential hypertension and hypertensive renal disease,ICD-10,275.0,,,02/17/2026,02/17/2026,2025-11-01,2026-02-17,2026-02-17,False,,275.0,False,False,2025-11
4102,2025,11,Occurrence,Race-Ethnicity,American Indian/Alaska Native,HYP,Essential hypertension and hypertensive renal disease,ICD-10,,1,Cell suppressed for small numbers,02/17/2026,02/17/2026,2025-11-01,2026-02-17,2026-02-17,True,Cell suppressed for small numbers,,False,False,2025-11
4103,2025,11,Occurrence,Race-Ethnicity,Asian,HYP,Essential hypertension and hypertensive renal disease,ICD-10,89.0,,,02/17/2026,02/17/2026,2025-11-01,2026-02-17,2026-02-17,False,,89.0,False,False,2025-11
4104,2025,11,Occurrence,Race-Ethnicity,Black,HYP,Essential hypertension and hypertensive renal disease,ICD-10,58.0,,,02/17/2026,02/17/2026,2025-11-01,2026-02-17,2026-02-17,False,,58.0,False,False,2025-11
4105,2025,11,Occurrence,Race-Ethnicity,Hawaiian/Pacific Islander,HYP,Essential hypertension and hypertensive renal disease,ICD-10,,1,Cell suppressed for small numbers,02/17/2026,02/17/2026,2025-11-01,2026-02-17,2026-02-17,True,Cell suppressed for small numbers,,False,False,2025-11
4106,2025,11,Occurrence,Race-Ethnicity,Hispanic,HYP,Essential hypertension and hypertensive renal disease,ICD-10,135.0,,,02/17/2026,02/17/2026,2025-11-01,2026-02-17,2026-02-17,False,,135.0,False,False,2025-11
4107,2025,11,Occurrence,Race-Ethnicity,Multi-Race,HYP,Essential hypertension and hypertensive renal disease,ICD-10,,1,Cell suppressed for small numbers,02/17/2026,02/17/2026,2025-11-01,2026-02-17,2026-02-17,True,Cell suppressed for small numbers,,False,False,2025-11
4108,2025,11,Occurrence,Race-Ethnicity,White,HYP,Essential hypertension and hypertensive renal disease,ICD-10,268.0,,,02/17/2026,02/17/2026,2025-11-01,2026-02-17,2026-02-17,False,,268.0,False,False,2025-11
4109,2025,11,Occurrence,Race-Ethnicity,Other/Unknown,HYP,Essential hypertension and hypertensive renal disease,ICD-10,,1,Cell suppressed for small numbers,02/17/2026,02/17/2026,2025-11-01,2026-02-17,2026-02-17,True,Cell suppressed for small numbers,,False,False,2025-11
4110,2025,11,Occurrence,Total Population,Total Population,INJ,Accidents (unintentional injuries),ICD-10,1153.0,,,02/17/2026,02/17/2026,2025-11-01,2026-02-17,2026-02-17,False,,1153.0,True,False,2025-11
4111,2025,11,Occurrence,Gender,Female,INJ,Accidents (unintentional injuries),ICD-10,309.0,,,02/17/2026,02/17/2026,2025-11-01,2026-02-17,2026-02-17,False,,309.0,False,False,2025-11
4112,2025,11,Occurrence,Gender,Male,INJ,Accidents (unintentional injuries),ICD-10,844.0,,,02/17/2026,02/17/2026,2025-11-01,2026-02-17,2026-02-17,False,,844.0,False,False,2025-11
4113,2025,11,Occurrence,Race-Ethnicity,American Indian/Alaska Native,INJ,Accidents (unintentional injuries),ICD-10,,1,Cell suppressed for small numbers,02/17/2026,02/17/2026,2025-11-01,2026-02-17,2026-02-17,True,Cell suppressed for small numbers,,False,False,2025-11
4114,2025,11,Occurrence,Race-Ethnicity,Asian,INJ,Accidents (unintentional injuries),ICD-10,102.0,,,02/17/2026,02/17/2026,2025-11-01,2026-02-17,2026-02-17,False,,102.0,False,False,2025-11
4115,2025,11,Occurrence,Race-Ethnicity,Black,INJ,Accidents (unintentional injuries),ICD-10,130.0,,,02/17/2026,02/17/2026,2025-11-01,2026-02-17,2026-02-17,False,,130.0,False,False,2025-11
4116,2025,11,Occurrence,Race-Ethnicity,Hawaiian/Pacific Islander,INJ,Accidents (unintentional injuries),ICD-10,,1,Cell suppressed for small numbers,02/17/2026,02/17/2026,2025-11-01,2026-02-17,2026-02-17,True,Cell suppressed for small numbers,,False,False,2025-11
4117,2025,11,Occurrence,Race-Ethnicity,Hispanic,INJ,Accidents (unintentional injuries),ICD-10,374.0,,,02/17/2026,02/17/2026,2025-11-01,2026-02-17,2026-02-17,False,,374.0,False,False,2025-11
4118,2025,11,Occurrence,Race-Ethnicity,Multi-Race,INJ,Accidents (unintentional injuries),ICD-10,27.0,,,02/17/2026,02/17/2026,2025-11-01,2026-02-17,2026-02-17,False,,27.0,False,False,2025-11
4119,2025,11,Occurrence,Race-Ethnicity,White,INJ,Accidents (unintentional injuries),ICD-10,481.0,,,02/17/2026,02/17/2026,2025-11-01,2026-02-17,2026-02-17,False,,481.0,False,False,2025-11
4120,2025,11,Occurrence,Race-Ethnicity,Other/Unknown,INJ,Accidents (unintentional injuries),ICD-10,24.0,,,02/17/2026,02/17/2026,2025-11-01,2026-02-17,2026-02-17,False,,24.0,False,False,2025-11
4121,2025,11,Occurrence,Total Population,Total Population,LIV,Chronic liver disease and cirrhosis,ICD-10,481.0,,,02/17/2026,02/17/2026,2025-11-01,2026-02-17,2026-02-17,False,,481.0,True,False,2025-11
4122,2025,11,Occurrence,Gender,Female,LIV,Chronic liver disease and cirrhosis,ICD-10,194.0,,,02/17/2026,02/17/2026,2025-11-01,2026-02-17,2026-02-17,False,,194.0,False,False,2025-11
4123,2025,11,Occurrence,Gender,Male,LIV,Chronic liver disease and cirrhosis,ICD-10,287.0,,,02/17/2026,02/17/2026,2025-11-01,2026-02-17,2026-02-17,False,,287.0,False,False,2025-11
4124,2025,11,Occurrence,Race-Ethnicity,American Indian/Alaska Native,LIV,Chronic liver disease and cirrhosis,ICD-10,,1,Cell suppressed for small numbers,02/17/2026,02/17/2026,2025-11-01,2026-02-17,2026-02-17,True,Cell suppressed for small numbers,,False,False,2025-11
4125,2025,11,Occurrence,Race-Ethnicity,Asian,LIV,Chronic liver disease and cirrhosis,ICD-10,20.0,,,02/17/2026,02/17/2026,2025-11-01,2026-02-17,2026-02-17,False,,20.0,False,False,2025-11
4126,2025,11,Occurrence,Race-Ethnicity,Black,LIV,Chronic liver disease and cirrhosis,ICD-10,19.0,,,02/17/2026,02/17/2026,2025-11-01,2026-02-17,2026-02-17,False,,19.0,False,False,2025-11
4127,2025,11,Occurrence,Race-Ethnicity,Hawaiian/Pacific Islander,LIV,Chronic liver disease and cirrhosis,ICD-10,,1,Cell suppressed for small numbers,02/17/2026,02/17/2026,2025-11-01,2026-02-17,2026-02-17,True,Cell suppressed for small numbers,,False,False,2025-11
4128,2025,11,Occurrence,Race-Ethnicity,Hispanic,LIV,Chronic liver disease and cirrhosis,ICD-10,228.0,,,02/17/2026,02/17/2026,2025-11-01,2026-02-17,2026-02-17,False,,228.0,False,False,2025-11
4129,2025,11,Occurrence,Race-Ethnicity,Multi-Race,LIV,Chronic liver disease and cirrhosis,ICD-10,,1,Cell suppressed for small numbers,02/17/2026,02/17/2026,2025-11-01,2026-02-17,2026-02-17,True,Cell suppressed for small numbers,,False,False,2025-11
4130,2025,11,Occurrence,Race-Ethnicity,White,LIV,Chronic liver disease and cirrhosis,ICD-10,193.0,,,02/17/2026,02/17/2026,2025-11-01,2026-02-17,2026-02-17,False,,193.0,False,False,2025-11
4131,2025,11,Occurrence,Race-Ethnicity,Other/Unknown,LIV,Chronic liver disease and cirrhosis,ICD-10,,1,Cell suppressed for small numbers,02/17/2026,02/17/2026,2025-11-01,2026-02-17,2026-02-17,True,Cell suppressed for small numbers,,False,False,2025-11
4132,2025,11,Occurrence,Total Population,Total Population,NEP,"Nephritis, nephrotic syndrome and nephrosis",ICD-10,344.0,,,02/17/2026,02/17/2026,2025-11-01,2026-02-17,2026-02-17,False,,344.0,True,False,2025-11
4133,2025,11,Occurrence,Gender,Female,NEP,"Nephritis, nephrotic syndrome and nephrosis",ICD-10,156.0,,,02/17/2026,02/17/2026,2025-11-01,2026-02-17,2026-02-17,False,,156.0,False,False,2025-11
4134,2025,11,Occurrence,Gender,Male,NEP,"Nephritis, nephrotic syndrome and nephrosis",ICD-10,188.0,,,02/17/2026,02/17/2026,2025-11-01,2026-02-17,2026-02-17,False,,188.0,False,False,2025-11
4135,2025,11,Occurrence,Race-Ethnicity,American Indian/Alaska Native,NEP,"Nephritis, nephrotic syndrome and nephrosis",ICD-10,,1,Cell suppressed for small numbers,02/17/2026,02/17/2026,2025-11-01,2026-02-17,2026-02-17,True,Cell suppressed for small numbers,,False,False,2025-11
4136,2025,11,Occurrence,Race-Ethnicity,Asian,NEP,"Nephritis, nephrotic syndrome and nephrosis",ICD-10,52.0,,,02/17/2026,02/17/2026,2025-11-01,2026-02-17,2026-02-17,False,,52.0,False,False,2025-11
4137,2025,11,Occurrence,Race-Ethnicity,Black,NEP,"Nephritis, nephrotic syndrome and nephrosis",ICD-10,42.0,,,02/17/2026,02/17/2026,2025-11-01,2026-02-17,2026-02-17,False,,42.0,False,False,2025-11
4138,2025,11,Occurrence,Race-Ethnicity,Hawaiian/Pacific Islander,NEP,"Nephritis, nephrotic syndrome and nephrosis",ICD-10,,1,Cell suppressed for small numbers,02/17/2026,02/17/2026,2025-11-01,2026-02-17,2026-02-17,True,Cell suppressed for small numbers,,False,False,2025-11
4139,2025,11,Occurrence,Race-Ethnicity,Hispanic,NEP,"Nephritis, nephrotic syndrome and nephrosis",ICD-10,90.0,,,02/17/2026,02/17/2026,2025-11-01,2026-02-17,2026-02-17,False,,90.0,False,False,2025-11
4140,2025,11,Occurrence,Race-Ethnicity,Multi-Race,NEP,"Nephritis, nephrotic syndrome and nephrosis",ICD-10,,1,Cell suppressed for small numbers,02/17/2026,02/17/2026,2025-11-01,2026-02-17,2026-02-17,True,Cell suppressed for small numbers,,False,False,2025-11
4141,2025,11,Occurrence,Race-Ethnicity,White,NEP,"Nephritis, nephrotic syndrome and nephrosis",ICD-10,145.0,,,02/17/2026,02/17/2026,2025-11-01,2026-02-17,2026-02-17,False,,145.0,False,False,2025-11
4142,2025,11,Occurrence,Race-Ethnicity,Other/Unknown,NEP,"Nephritis, nephrotic syndrome and nephrosis",ICD-10,,1,Cell suppressed for small numbers,02/17/2026,02/17/2026,2025-11-01,2026-02-17,2026-02-17,True,Cell suppressed for small numbers,,False,False,2025-11
4143,2025,11,Occurrence,Total Population,Total Population,PAR,Parkinson's disease,ICD-10,333.0,,,02/17/2026,02/17/2026,2025-11-01,2026-02-17,2026-02-17,False,,333.0,True,False,2025-11
4144,2025,11,Occurrence,Gender,Female,PAR,Parkinson's disease,ICD-10,123.0,,,02/17/2026,02/17/2026,2025-11-01,2026-02-17,2026-02-17,False,,123.0,False,False,2025-11
4145,2025,11,Occurrence,Gender,Male,PAR,Parkinson's disease,ICD-10,210.0,,,02/17/2026,02/17/2026,2025-11-01,2026-02-17,2026-02-17,False,,210.0,False,False,2025-11
4146,2025,11,Occurrence,Race-Ethnicity,American Indian/Alaska Native,PAR,Parkinson's disease,ICD-10,0.0,,,02/17/2026,02/17/2026,2025-11-01,2026-02-17,2026-02-17,False,,0.0,False,False,2025-11
4147,2025,11,Occurrence,Race-Ethnicity,Asian,PAR,Parkinson's disease,ICD-10,40.0,,,02/17/2026,02/17/2026,2025-11-01,2026-02-17,2026-02-17,False,,40.0,False,False,2025-11
4148,2025,11,Occurrence,Race-Ethnicity,Black,PAR,Parkinson's disease,ICD-10,,1,Cell suppressed for small numbers,02/17/2026,02/17/2026,2025-11-01,2026-02-17,2026-02-17,True,Cell suppressed for small numbers,,False,False,2025-11
4149,2025,11,Occurrence,Race-Ethnicity,Hawaiian/Pacific Islander,PAR,Parkinson's disease,ICD-10,,1,Cell suppressed for small numbers,02/17/2026,02/17/2026,2025-11-01,2026-02-17,2026-02-17,True,Cell suppressed for small numbers,,False,False,2025-11
4150,2025,11,Occurrence,Race-Ethnicity,Hispanic,PAR,Parkinson's disease,ICD-10,45.0,,,02/17/2026,02/17/2026,2025-11-01,2026-02-17,2026-02-17,False,,45.0,False,False,2025-11
4151,2025,11,Occurrence,Race-Ethnicity,Multi-Race,PAR,Parkinson's disease,ICD-10,,1,Cell suppressed for small numbers,02/17/2026,02/17/2026,2025-11-01,2026-02-17,2026-02-17,True,Cell suppressed for small numbers,,False,False,2025-11
4152,2025,11,Occurrence,Race-Ethnicity,White,PAR,Parkinson's disease,ICD-10,236.0,,,02/17/2026,02/17/2026,2025-11-01,2026-02-17,2026-02-17,False,,236.0,False,False,2025-11
4153,2025,11,Occurrence,Race-Ethnicity,Other/Unknown,PAR,Parkinson's disease,ICD-10,,1,Cell suppressed for small numbers,02/17/2026,02/17/2026,2025-11-01,2026-02-17,2026-02-17,True,Cell suppressed for small numbers,,False,False,2025-11
4154,2025,11,Occurrence,Total Population,Total Population,PNF,Influenza and pneumonia,ICD-10,331.0,,,02/17/2026,02/17/2026,2025-11-01,2026-02-17,2026-02-17,False,,331.0,True,False,2025-11
4155,2025,11,Occurrence,Gender,Female,PNF,Influenza and pneumonia,ICD-10,144.0,,,02/17/2026,02/17/2026,2025-11-01,2026-02-17,2026-02-17,False,,144.0,False,False,2025-11
4156,2025,11,Occurrence,Gender,Male,PNF,Influenza and pneumonia,ICD-10,187.0,,,02/17/2026,02/17/2026,2025-11-01,2026-02-17,2026-02-17,False,,187.0,False,False,2025-11
4157,2025,11,Occurrence,Race-Ethnicity,American Indian/Alaska Native,PNF,Influenza and pneumonia,ICD-10,,1,Cell suppressed for small numbers,02/17/2026,02/17/2026,2025-11-01,2026-02-17,2026-02-17,True,Cell suppressed for small numbers,,False,False,2025-11
4158,2025,11,Occurrence,Race-Ethnicity,Asian,PNF,Influenza and pneumonia,ICD-10,53.0,,,02/17/2026,02/17/2026,2025-11-01,2026-02-17,2026-02-17,False,,53.0,False,False,2025-11
4159,2025,11,Occurrence,Race-Ethnicity,Black,PNF,Influenza and pneumonia,ICD-10,21.0,,,02/17/2026,02/17/2026,2025-11-01,2026-02-17,2026-02-17,False,,21.0,False,False,2025-11
4160,2025,11,Occurrence,Race-Ethnicity,Hawaiian/Pacific Islander,PNF,Influenza and pneumonia,ICD-10,,1,Cell suppressed for small numbers,02/17/2026,02/17/2026,2025-11-01,2026-02-17,2026-02-17,True,Cell suppressed for small numbers,,False,False,2025-11
4161,2025,11,Occurrence,Race-Ethnicity,Hispanic,PNF,Influenza and pneumonia,ICD-10,72.0,,,02/17/2026,02/17/2026,2025-11-01,2026-02-17,2026-02-17,False,,72.0,False,False,2025-11
4162,2025,11,Occurrence,Race-Ethnicity,Multi-Race,PNF,Influenza and pneumonia,ICD-10,,1,Cell suppressed for small numbers,02/17/2026,02/17/2026,2025-11-01,2026-02-17,2026-02-17,True,Cell suppressed for small numbers,,False,False,2025-11
4163,2025,11,Occurrence,Race-Ethnicity,White,PNF,Influenza and pneumonia,ICD-10,176.0,,,02/17/2026,02/17/2026,2025-11-01,2026-02-17,2026-02-17,False,,176.0,False,False,2025-11
4164,2025,11,Occurrence,Race-Ethnicity,Other/Unknown,PNF,Influenza and pneumonia,ICD-10,,1,Cell suppressed for small numbers,02/17/2026,02/17/2026,2025-11-01,2026-02-17,2026-02-17,True,Cell suppressed for small numbers,,False,False,2025-11
4165,2025,11,Occurrence,Total Population,Total Population,STK,Cerebrovascular diseases,ICD-10,1463.0,,,02/17/2026,02/17/2026,2025-11-01,2026-02-17,2026-02-17,False,,1463.0,True,False,2025-11
4166,2025,11,Occurrence,Gender,Female,STK,Cerebrovascular diseases,ICD-10,838.0,,,02/17/2026,02/17/2026,2025-11-01,2026-02-17,2026-02-17,False,,838.0,False,False,2025-11
4167,2025,11,Occurrence,Gender,Male,STK,Cerebrovascular diseases,ICD-10,625.0,,,02/17/2026,02/17/2026,2025-11-01,2026-02-17,2026-02-17,False,,625.0,False,False,2025-11
4168,2025,11,Occurrence,Race-Ethnicity,American Indian/Alaska Native,STK,Cerebrovascular diseases,ICD-10,,1,Cell suppressed for small numbers,02/17/2026,02/17/2026,2025-11-01,2026-02-17,2026-02-17,True,Cell suppressed for small numbers,,False,False,2025-11
4169,2025,11,Occurrence,Race-Ethnicity,Asian,STK,Cerebrovascular diseases,ICD-10,212.0,,,02/17/2026,02/17/2026,2025-11-01,2026-02-17,2026-02-17,False,,212.0,False,False,2025-11
4170,2025,11,Occurrence,Race-Ethnicity,Black,STK,Cerebrovascular diseases,ICD-10,141.0,,,02/17/2026,02/17/2026,2025-11-01,2026-02-17,2026-02-17,False,,141.0,False,False,2025-11
4171,2025,11,Occurrence,Race-Ethnicity,Hawaiian/Pacific Islander,STK,Cerebrovascular diseases,ICD-10,,1,Cell suppressed for small numbers,02/17/2026,02/17/2026,2025-11-01,2026-02-17,2026-02-17,True,Cell suppressed for small numbers,,False,False,2025-11
4172,2025,11,Occurrence,Race-Ethnicity,Hispanic,STK,Cerebrovascular diseases,ICD-10,305.0,,,02/17/2026,02/17/2026,2025-11-01,2026-02-17,2026-02-17,False,,305.0,False,False,2025-11
4173,2025,11,Occurrence,Race-Ethnicity,Multi-Race,STK,Cerebrovascular diseases,ICD-10,11.0,,,02/17/2026,02/17/2026,2025-11-01,2026-02-17,2026-02-17,False,,11.0,False,False,2025-11
4174,2025,11,Occurrence,Race-Ethnicity,White,STK,Cerebrovascular diseases,ICD-10,775.0,,,02/17/2026,02/17/2026,2025-11-01,2026-02-17,2026-02-17,False,,775.0,False,False,2025-11
4175,2025,11,Occurrence,Race-Ethnicity,Other/Unknown,STK,Cerebrovascular diseases,ICD-10,11.0,,,02/17/2026,02/17/2026,2025-11-01,2026-02-17,2026-02-17,False,,11.0,False,False,2025-11
4176,2025,11,Occurrence,Total Population,Total Population,SUI,Intentional self-harm (suicide),ICD-10,272.0,,,02/17/2026,02/17/2026,2025-11-01,2026-02-17,2026-02-17,False,,272.0,True,False,2025-11
4177,2025,11,Occurrence,Gender,Female,SUI,Intentional self-harm (suicide),ICD-10,52.0,,,02/17/2026,02/17/2026,2025-11-01,2026-02-17,2026-02-17,False,,52.0,False,False,2025-11
4178,2025,11,Occurrence,Gender,Male,SUI,Intentional self-harm (suicide),ICD-10,220.0,,,02/17/2026,02/17/2026,2025-11-01,2026-02-17,2026-02-17,False,,220.0,False,False,2025-11
4179,2025,11,Occurrence,Race-Ethnicity,American Indian/Alaska Native,SUI,Intentional self-harm (suicide),ICD-10,,1,Cell suppressed for small numbers,02/17/2026,02/17/2026,2025-11-01,2026-02-17,2026-02-17,True,Cell suppressed for small numbers,,False,False,2025-11
4180,2025,11,Occurrence,Race-Ethnicity,Asian,SUI,Intentional self-harm (suicide),ICD-10,31.0,,,02/17/2026,02/17/2026,2025-11-01,2026-02-17,2026-02-17,False,,31.0,False,False,2025-11
4181,2025,11,Occurrence,Race-Ethnicity,Black,SUI,Intentional self-harm (suicide),ICD-10,13.0,,,02/17/2026,02/17/2026,2025-11-01,2026-02-17,2026-02-17,False,,13.0,False,False,2025-11
4182,2025,11,Occurrence,Race-Ethnicity,Hawaiian/Pacific Islander,SUI,Intentional self-harm (suicide),ICD-10,,1,Cell suppressed for small numbers,02/17/2026,02/17/2026,2025-11-01,2026-02-17,2026-02-17,True,Cell suppressed for small numbers,,False,False,2025-11
4183,2025,11,Occurrence,Race-Ethnicity,Hispanic,SUI,Intentional self-harm (suicide),ICD-10,77.0,,,02/17/2026,02/17/2026,2025-11-01,2026-02-17,2026-02-17,False,,77.0,False,False,2025-11
4184,2025,11,Occurrence,Race-Ethnicity,Multi-Race,SUI,Intentional self-harm (suicide),ICD-10,,1,Cell suppressed for small numbers,02/17/2026,02/17/2026,2025-11-01,2026-02-17,2026-02-17,True,Cell suppressed for small numbers,,False,False,2025-11
4185,2025,11,Occurrence,Race-Ethnicity,White,SUI,Intentional self-harm (suicide),ICD-10,142.0,,,02/17/2026,02/17/2026,2025-11-01,2026-02-17,2026-02-17,False,,142.0,False,False,2025-11
4186,2025,11,Occurrence,Race-Ethnicity,Other/Unknown,SUI,Intentional self-harm (suicide),ICD-10,0.0,,,02/17/2026,02/17/2026,2025-11-01,2026-02-17,2026-02-17,False,,0.0,False,False,2025-11
4187,2025,12,Occurrence,Total Population,Total Population,ALL,All causes (total),ICD-10,24862.0,,,02/17/2026,02/17/2026,2025-12-01,2026-02-17,2026-02-17,False,,24862.0,True,True,2025-12
4188,2025,12,Occurrence,Age,Under 1 year,ALL,All causes (total),ICD-10,122.0,,,02/17/2026,02/17/2026,2025-12-01,2026-02-17,2026-02-17,False,,122.0,False,True,2025-12
4189,2025,12,Occurrence,Age,1-4 years,ALL,All causes (total),ICD-10,15.0,,,02/17/2026,02/17/2026,2025-12-01,2026-02-17,2026-02-17,False,,15.0,False,True,2025-12
4190,2025,12,Occurrence,Age,5-14 years,ALL,All causes (total),ICD-10,51.0,,,02/17/2026,02/17/2026,2025-12-01,2026-02-17,2026-02-17,False,,51.0,False,True,2025-12
4191,2025,12,Occurrence,Age,15-24 years,ALL,All causes (total),ICD-10,189.0,,,02/17/2026,02/17/2026,2025-12-01,2026-02-17,2026-02-17,False,,189.0,False,True,2025-12
4192,2025,12,Occurrence,Age,25-34 years,ALL,All causes (total),ICD-10,449.0,,,02/17/2026,02/17/2026,2025-12-01,2026-02-17,2026-02-17,False,,449.0,False,True,2025-12
4193,2025,12,Occurrence,Age,35-44 years,ALL,All causes (total),ICD-10,772.0,,,02/17/2026,02/17/2026,2025-12-01,2026-02-17,2026-02-17,False,,772.0,False,True,2025-12
4194,2025,12,Occurrence,Age,45-54 years,ALL,All causes (total),ICD-10,1094.0,,,02/17/2026,02/17/2026,2025-12-01,2026-02-17,2026-02-17,False,,1094.0,False,True,2025-12
4195,2025,12,Occurrence,Age,55-64 years,ALL,All causes (total),ICD-10,2565.0,,,02/17/2026,02/17/2026,2025-12-01,2026-02-17,2026-02-17,False,,2565.0,False,True,2025-12
4196,2025,12,Occurrence,Age,65-74 years,ALL,All causes (total),ICD-10,4778.0,,,02/17/2026,02/17/2026,2025-12-01,2026-02-17,2026-02-17,False,,4778.0,False,True,2025-12
4197,2025,12,Occurrence,Age,75-84 years,ALL,All causes (total),ICD-10,6596.0,,,02/17/2026,02/17/2026,2025-12-01,2026-02-17,2026-02-17,False,,6596.0,False,True,2025-12
4198,2025,12,Occurrence,Age,85 years and over,ALL,All causes (total),ICD-10,8226.0,,,02/17/2026,02/17/2026,2025-12-01,2026-02-17,2026-02-17,False,,8226.0,False,True,2025-12
4199,2025,12,Occurrence,Gender,Female,ALL,All causes (total),ICD-10,11748.0,,,02/17/2026,02/17/2026,2025-12-01,2026-02-17,2026-02-17,False,,11748.0,False,True,2025-12
4200,2025,12,Occurrence,Gender,Male,ALL,All causes (total),ICD-10,13113.0,,,02/17/2026,02/17/2026,2025-12-01,2026-02-17,2026-02-17,False,,13113.0,False,True,2025-12
4201,2025,12,Occurrence,Place Type,Inpatient,ALL,All causes (total),ICD-10,7967.0,,,02/17/2026,02/17/2026,2025-12-01,2026-02-17,2026-02-17,False,,7967.0,False,True,2025-12
4202,2025,12,Occurrence,Place Type,Emergency Room/Outpatient,ALL,All causes (total),ICD-10,1427.0,,,02/17/2026,02/17/2026,2025-12-01,2026-02-17,2026-02-17,False,,1427.0,False,True,2025-12
4203,2025,12,Occurrence,Place Type,Decedent's Home,ALL,All causes (total),ICD-10,9613.0,,,02/17/2026,02/17/2026,2025-12-01,2026-02-17,2026-02-17,False,,9613.0,False,True,2025-12
4204,2025,12,Occurrence,Place Type,Hospice Facility,ALL,All causes (total),ICD-10,306.0,,,02/17/2026,02/17/2026,2025-12-01,2026-02-17,2026-02-17,False,,306.0,False,True,2025-12
4205,2025,12,Occurrence,Place Type,Nursing Home/Long Term Care Facility,ALL,All causes (total),ICD-10,4408.0,,,02/17/2026,02/17/2026,2025-12-01,2026-02-17,2026-02-17,False,,4408.0,False,True,2025-12
4206,2025,12,Occurrence,Place Type,Other/Unknown,ALL,All causes (total),ICD-10,1141.0,,,02/17/2026,02/17/2026,2025-12-01,2026-02-17,2026-02-17,False,,1141.0,False,True,2025-12
4207,2025,12,Occurrence,Race-Ethnicity,American Indian/Alaska Native,ALL,All causes (total),ICD-10,121.0,,,02/17/2026,02/17/2026,2025-12-01,2026-02-17,2026-02-17,False,,121.0,False,True,2025-12
4208,2025,12,Occurrence,Race-Ethnicity,Asian,ALL,All causes (total),ICD-10,2994.0,,,02/17/2026,02/17/2026,2025-12-01,2026-02-17,2026-02-17,False,,2994.0,False,True,2025-12
4209,2025,12,Occurrence,Race-Ethnicity,Black,ALL,All causes (total),ICD-10,1858.0,,,02/17/2026,02/17/2026,2025-12-01,2026-02-17,2026-02-17,False,,1858.0,False,True,2025-12
4210,2025,12,Occurrence,Race-Ethnicity,Hawaiian/Pacific Islander,ALL,All causes (total),ICD-10,97.0,,,02/17/2026,02/17/2026,2025-12-01,2026-02-17,2026-02-17,False,,97.0,False,True,2025-12
4211,2025,12,Occurrence,Race-Ethnicity,Hispanic,ALL,All causes (total),ICD-10,5737.0,,,02/17/2026,02/17/2026,2025-12-01,2026-02-17,2026-02-17,False,,5737.0,False,True,2025-12
4212,2025,12,Occurrence,Race-Ethnicity,Multi-Race,ALL,All causes (total),ICD-10,259.0,,,02/17/2026,02/17/2026,2025-12-01,2026-02-17,2026-02-17,False,,259.0,False,True,2025-12
4213,2025,12,Occurrence,Race-Ethnicity,White,ALL,All causes (total),ICD-10,13516.0,,,02/17/2026,02/17/2026,2025-12-01,2026-02-17,2026-02-17,False,,13516.0,False,True,2025-12
4214,2025,12,Occurrence,Race-Ethnicity,Other/Unknown,ALL,All causes (total),ICD-10,280.0,,,02/17/2026,02/17/2026,2025-12-01,2026-02-17,2026-02-17,False,,280.0,False,True,2025-12
4215,2025,12,Occurrence,Total Population,Total Population,ALZ,Alzheimer's disease,ICD-10,1409.0,,,02/17/2026,02/17/2026,2025-12-01,2026-02-17,2026-02-17,False,,1409.0,True,False,2025-12
4216,2025,12,Occurrence,Gender,Female,ALZ,Alzheimer's disease,ICD-10,951.0,,,02/17/2026,02/17/2026,2025-12-01,2026-02-17,2026-02-17,False,,951.0,False,False,2025-12
4217,2025,12,Occurrence,Gender,Male,ALZ,Alzheimer's disease,ICD-10,458.0,,,02/17/2026,02/17/2026,2025-12-01,2026-02-17,2026-02-17,False,,458.0,False,False,2025-12
4218,2025,12,Occurrence,Race-Ethnicity,American Indian/Alaska Native,ALZ,Alzheimer's disease,ICD-10,,1,Cell suppressed for small numbers,02/17/2026,02/17/2026,2025-12-01,2026-02-17,2026-02-17,True,Cell suppressed for small numbers,,False,False,2025-12
4219,2025,12,Occurrence,Race-Ethnicity,Asian,ALZ,Alzheimer's disease,ICD-10,156.0,,,02/17/2026,02/17/2026,2025-12-01,2026-02-17,2026-02-17,False,,156.0,False,False,2025-12
4220,2025,12,Occurrence,Race-Ethnicity,Black,ALZ,Alzheimer's disease,ICD-10,74.0,,,02/17/2026,02/17/2026,2025-12-01,2026-02-17,2026-02-17,False,,74.0,False,False,2025-12
4221,2025,12,Occurrence,Race-Ethnicity,Hawaiian/Pacific Islander,ALZ,Alzheimer's disease,ICD-10,,1,Cell suppressed for small numbers,02/17/2026,02/17/2026,2025-12-01,2026-02-17,2026-02-17,True,Cell suppressed for small numbers,,False,False,2025-12
4222,2025,12,Occurrence,Race-Ethnicity,Hispanic,ALZ,Alzheimer's disease,ICD-10,266.0,,,02/17/2026,02/17/2026,2025-12-01,2026-02-17,2026-02-17,False,,266.0,False,False,2025-12
4223,2025,12,Occurrence,Race-Ethnicity,Multi-Race,ALZ,Alzheimer's disease,ICD-10,,1,Cell suppressed for small numbers,02/17/2026,02/17/2026,2025-12-01,2026-02-17,2026-02-17,True,Cell suppressed for small numbers,,False,False,2025-12
4224,2025,12,Occurrence,Race-Ethnicity,White,ALZ,Alzheimer's disease,ICD-10,888.0,,,02/17/2026,02/17/2026,2025-12-01,2026-02-17,2026-02-17,False,,888.0,False,False,2025-12
4225,2025,12,Occurrence,Race-Ethnicity,Other/Unknown,ALZ,Alzheimer's disease,ICD-10,,1,Cell suppressed for small numbers,02/17/2026,02/17/2026,2025-12-01,2026-02-17,2026-02-17,True,Cell suppressed for small numbers,,False,False,2025-12
4226,2025,12,Occurrence,Total Population,Total Population,CAN,Malignant neoplasms,ICD-10,5098.0,,,02/17/2026,02/17/2026,2025-12-01,2026-02-17,2026-02-17,False,,5098.0,True,False,2025-12
4227,2025,12,Occurrence,Gender,Female,CAN,Malignant neoplasms,ICD-10,2449.0,,,02/17/2026,02/17/2026,2025-12-01,2026-02-17,2026-02-17,False,,2449.0,False,False,2025-12
4228,2025,12,Occurrence,Gender,Male,CAN,Malignant neoplasms,ICD-10,2649.0,,,02/17/2026,02/17/2026,2025-12-01,2026-02-17,2026-02-17,False,,2649.0,False,False,2025-12
4229,2025,12,Occurrence,Race-Ethnicity,American Indian/Alaska Native,CAN,Malignant neoplasms,ICD-10,22.0,,,02/17/2026,02/17/2026,2025-12-01,2026-02-17,2026-02-17,False,,22.0,False,False,2025-12
4230,2025,12,Occurrence,Race-Ethnicity,Asian,CAN,Malignant neoplasms,ICD-10,711.0,,,02/17/2026,02/17/2026,2025-12-01,2026-02-17,2026-02-17,False,,711.0,False,False,2025-12
4231,2025,12,Occurrence,Race-Ethnicity,Black,CAN,Malignant neoplasms,ICD-10,344.0,,,02/17/2026,02/17/2026,2025-12-01,2026-02-17,2026-02-17,False,,344.0,False,False,2025-12
4232,2025,12,Occurrence,Race-Ethnicity,Hawaiian/Pacific Islander,CAN,Malignant neoplasms,ICD-10,19.0,,,02/17/2026,02/17/2026,2025-12-01,2026-02-17,2026-02-17,False,,19.0,False,False,2025-12
4233,2025,12,Occurrence,Race-Ethnicity,Hispanic,CAN,Malignant neoplasms,ICD-10,1161.0,,,02/17/2026,02/17/2026,2025-12-01,2026-02-17,2026-02-17,False,,1161.0,False,False,2025-12
4234,2025,12,Occurrence,Race-Ethnicity,Multi-Race,CAN,Malignant neoplasms,ICD-10,52.0,,,02/17/2026,02/17/2026,2025-12-01,2026-02-17,2026-02-17,False,,52.0,False,False,2025-12
4235,2025,12,Occurrence,Race-Ethnicity,White,CAN,Malignant neoplasms,ICD-10,2732.0,,,02/17/2026,02/17/2026,2025-12-01,2026-02-17,2026-02-17,False,,2732.0,False,False,2025-12
4236,2025,12,Occurrence,Race-Ethnicity,Other/Unknown,CAN,Malignant neoplasms,ICD-10,57.0,,,02/17/2026,02/17/2026,2025-12-01,2026-02-17,2026-02-17,False,,57.0,False,False,2025-12
4237,2025,12,Occurrence,Total Population,Total Population,CLD,Chronic lower respiratory diseases,ICD-10,955.0,,,02/17/2026,02/17/2026,2025-12-01,2026-02-17,2026-02-17,False,,955.0,True,False,2025-12
4238,2025,12,Occurrence,Gender,Female,CLD,Chronic lower respiratory diseases,ICD-10,489.0,,,02/17/2026,02/17/2026,2025-12-01,2026-02-17,2026-02-17,False,,489.0,False,False,2025-12
4239,2025,12,Occurrence,Gender,Male,CLD,Chronic lower respiratory diseases,ICD-10,466.0,,,02/17/2026,02/17/2026,2025-12-01,2026-02-17,2026-02-17,False,,466.0,False,False,2025-12
4240,2025,12,Occurrence,Race-Ethnicity,American Indian/Alaska Native,CLD,Chronic lower respiratory diseases,ICD-10,,1,Cell suppressed for small numbers,02/17/2026,02/17/2026,2025-12-01,2026-02-17,2026-02-17,True,Cell suppressed for small numbers,,False,False,2025-12
4241,2025,12,Occurrence,Race-Ethnicity,Asian,CLD,Chronic lower respiratory diseases,ICD-10,69.0,,,02/17/2026,02/17/2026,2025-12-01,2026-02-17,2026-02-17,False,,69.0,False,False,2025-12
4242,2025,12,Occurrence,Race-Ethnicity,Black,CLD,Chronic lower respiratory diseases,ICD-10,68.0,,,02/17/2026,02/17/2026,2025-12-01,2026-02-17,2026-02-17,False,,68.0,False,False,2025-12
4243,2025,12,Occurrence,Race-Ethnicity,Hawaiian/Pacific Islander,CLD,Chronic lower respiratory diseases,ICD-10,,1,Cell suppressed for small numbers,02/17/2026,02/17/2026,2025-12-01,2026-02-17,2026-02-17,True,Cell suppressed for small numbers,,False,False,2025-12
4244,2025,12,Occurrence,Race-Ethnicity,Hispanic,CLD,Chronic lower respiratory diseases,ICD-10,101.0,,,02/17/2026,02/17/2026,2025-12-01,2026-02-17,2026-02-17,False,,101.0,False,False,2025-12
4245,2025,12,Occurrence,Race-Ethnicity,Multi-Race,CLD,Chronic lower respiratory diseases,ICD-10,,1,Cell suppressed for small numbers,02/17/2026,02/17/2026,2025-12-01,2026-02-17,2026-02-17,True,Cell suppressed for small numbers,,False,False,2025-12
4246,2025,12,Occurrence,Race-Ethnicity,White,CLD,Chronic lower respiratory diseases,ICD-10,689.0,,,02/17/2026,02/17/2026,2025-12-01,2026-02-17,2026-02-17,False,,689.0,False,False,2025-12
4247,2025,12,Occurrence,Race-Ethnicity,Other/Unknown,CLD,Chronic lower respiratory diseases,ICD-10,11.0,,,02/17/2026,02/17/2026,2025-12-01,2026-02-17,2026-02-17,False,,11.0,False,False,2025-12
4248,2025,12,Occurrence,Total Population,Total Population,DIA,Diabetes mellitus,ICD-10,1069.0,,,02/17/2026,02/17/2026,2025-12-01,2026-02-17,2026-02-17,False,,1069.0,True,False,2025-12
4249,2025,12,Occurrence,Gender,Female,DIA,Diabetes mellitus,ICD-10,421.0,,,02/17/2026,02/17/2026,2025-12-01,2026-02-17,2026-02-17,False,,421.0,False,False,2025-12
4250,2025,12,Occurrence,Gender,Male,DIA,Diabetes mellitus,ICD-10,648.0,,,02/17/2026,02/17/2026,2025-12-01,2026-02-17,2026-02-17,False,,648.0,False,False,2025-12
4251,2025,12,Occurrence,Race-Ethnicity,American Indian/Alaska Native,DIA,Diabetes mellitus,ICD-10,,1,Cell suppressed for small numbers,02/17/2026,02/17/2026,2025-12-01,2026-02-17,2026-02-17,True,Cell suppressed for small numbers,,False,False,2025-12
4252,2025,12,Occurrence,Race-Ethnicity,Asian,DIA,Diabetes mellitus,ICD-10,175.0,,,02/17/2026,02/17/2026,2025-12-01,2026-02-17,2026-02-17,False,,175.0,False,False,2025-12
4253,2025,12,Occurrence,Race-Ethnicity,Black,DIA,Diabetes mellitus,ICD-10,90.0,,,02/17/2026,02/17/2026,2025-12-01,2026-02-17,2026-02-17,False,,90.0,False,False,2025-12
4254,2025,12,Occurrence,Race-Ethnicity,Hawaiian/Pacific Islander,DIA,Diabetes mellitus,ICD-10,,1,Cell suppressed for small numbers,02/17/2026,02/17/2026,2025-12-01,2026-02-17,2026-02-17,True,Cell suppressed for small numbers,,False,False,2025-12
4255,2025,12,Occurrence,Race-Ethnicity,Hispanic,DIA,Diabetes mellitus,ICD-10,393.0,,,02/17/2026,02/17/2026,2025-12-01,2026-02-17,2026-02-17,False,,393.0,False,False,2025-12
4256,2025,12,Occurrence,Race-Ethnicity,Multi-Race,DIA,Diabetes mellitus,ICD-10,12.0,,,02/17/2026,02/17/2026,2025-12-01,2026-02-17,2026-02-17,False,,12.0,False,False,2025-12
4257,2025,12,Occurrence,Race-Ethnicity,White,DIA,Diabetes mellitus,ICD-10,375.0,,,02/17/2026,02/17/2026,2025-12-01,2026-02-17,2026-02-17,False,,375.0,False,False,2025-12
4258,2025,12,Occurrence,Race-Ethnicity,Other/Unknown,DIA,Diabetes mellitus,ICD-10,,1,Cell suppressed for small numbers,02/17/2026,02/17/2026,2025-12-01,2026-02-17,2026-02-17,True,Cell suppressed for small numbers,,False,False,2025-12
4259,2025,12,Occurrence,Total Population,Total Population,HOM,Assault (homicide),ICD-10,92.0,,,02/17/2026,02/17/2026,2025-12-01,2026-02-17,2026-02-17,False,,92.0,True,False,2025-12
4260,2025,12,Occurrence,Gender,Female,HOM,Assault (homicide),ICD-10,18.0,,,02/17/2026,02/17/2026,2025-12-01,2026-02-17,2026-02-17,False,,18.0,False,False,2025-12
4261,2025,12,Occurrence,Gender,Male,HOM,Assault (homicide),ICD-10,74.0,,,02/17/2026,02/17/2026,2025-12-01,2026-02-17,2026-02-17,False,,74.0,False,False,2025-12
4262,2025,12,Occurrence,Race-Ethnicity,American Indian/Alaska Native,HOM,Assault (homicide),ICD-10,0.0,,,02/17/2026,02/17/2026,2025-12-01,2026-02-17,2026-02-17,False,,0.0,False,False,2025-12
4263,2025,12,Occurrence,Race-Ethnicity,Asian,HOM,Assault (homicide),ICD-10,,1,Cell suppressed for small numbers,02/17/2026,02/17/2026,2025-12-01,2026-02-17,2026-02-17,True,Cell suppressed for small numbers,,False,False,2025-12
4264,2025,12,Occurrence,Race-Ethnicity,Black,HOM,Assault (homicide),ICD-10,22.0,,,02/17/2026,02/17/2026,2025-12-01,2026-02-17,2026-02-17,False,,22.0,False,False,2025-12
4265,2025,12,Occurrence,Race-Ethnicity,Hawaiian/Pacific Islander,HOM,Assault (homicide),ICD-10,,1,Cell suppressed for small numbers,02/17/2026,02/17/2026,2025-12-01,2026-02-17,2026-02-17,True,Cell suppressed for small numbers,,False,False,2025-12
4266,2025,12,Occurrence,Race-Ethnicity,Hispanic,HOM,Assault (homicide),ICD-10,44.0,,,02/17/2026,02/17/2026,2025-12-01,2026-02-17,2026-02-17,False,,44.0,False,False,2025-12
4267,2025,12,Occurrence,Race-Ethnicity,Multi-Race,HOM,Assault (homicide),ICD-10,,1,Cell suppressed for small numbers,02/17/2026,02/17/2026,2025-12-01,2026-02-17,2026-02-17,True,Cell suppressed for small numbers,,False,False,2025-12
4268,2025,12,Occurrence,Race-Ethnicity,White,HOM,Assault (homicide),ICD-10,16.0,,,02/17/2026,02/17/2026,2025-12-01,2026-02-17,2026-02-17,False,,16.0,False,False,2025-12
4269,2025,12,Occurrence,Race-Ethnicity,Other/Unknown,HOM,Assault (homicide),ICD-10,,1,Cell suppressed for small numbers,02/17/2026,02/17/2026,2025-12-01,2026-02-17,2026-02-17,True,Cell suppressed for small numbers,,False,False,2025-12
4270,2025,12,Occurrence,Total Population,Total Population,HTD,Diseases of heart,ICD-10,5135.0,,,02/17/2026,02/17/2026,2025-12-01,2026-02-17,2026-02-17,False,,5135.0,True,False,2025-12
4271,2025,12,Occurrence,Gender,Female,HTD,Diseases of heart,ICD-10,2292.0,,,02/17/2026,02/17/2026,2025-12-01,2026-02-17,2026-02-17,False,,2292.0,False,False,2025-12
4272,2025,12,Occurrence,Gender,Male,HTD,Diseases of heart,ICD-10,2843.0,,,02/17/2026,02/17/2026,2025-12-01,2026-02-17,2026-02-17,False,,2843.0,False,False,2025-12
4273,2025,12,Occurrence,Race-Ethnicity,American Indian/Alaska Native,HTD,Diseases of heart,ICD-10,23.0,,,02/17/2026,02/17/2026,2025-12-01,2026-02-17,2026-02-17,False,,23.0,False,False,2025-12
4274,2025,12,Occurrence,Race-Ethnicity,Asian,HTD,Diseases of heart,ICD-10,605.0,,,02/17/2026,02/17/2026,2025-12-01,2026-02-17,2026-02-17,False,,605.0,False,False,2025-12
4275,2025,12,Occurrence,Race-Ethnicity,Black,HTD,Diseases of heart,ICD-10,440.0,,,02/17/2026,02/17/2026,2025-12-01,2026-02-17,2026-02-17,False,,440.0,False,False,2025-12
4276,2025,12,Occurrence,Race-Ethnicity,Hawaiian/Pacific Islander,HTD,Diseases of heart,ICD-10,23.0,,,02/17/2026,02/17/2026,2025-12-01,2026-02-17,2026-02-17,False,,23.0,False,False,2025-12
4277,2025,12,Occurrence,Race-Ethnicity,Hispanic,HTD,Diseases of heart,ICD-10,1003.0,,,02/17/2026,02/17/2026,2025-12-01,2026-02-17,2026-02-17,False,,1003.0,False,False,2025-12
4278,2025,12,Occurrence,Race-Ethnicity,Multi-Race,HTD,Diseases of heart,ICD-10,46.0,,,02/17/2026,02/17/2026,2025-12-01,2026-02-17,2026-02-17,False,,46.0,False,False,2025-12
4279,2025,12,Occurrence,Race-Ethnicity,White,HTD,Diseases of heart,ICD-10,2933.0,,,02/17/2026,02/17/2026,2025-12-01,2026-02-17,2026-02-17,False,,2933.0,False,False,2025-12
4280,2025,12,Occurrence,Race-Ethnicity,Other/Unknown,HTD,Diseases of heart,ICD-10,62.0,,,02/17/2026,02/17/2026,2025-12-01,2026-02-17,2026-02-17,False,,62.0,False,False,2025-12
4281,2025,12,Occurrence,Total Population,Total Population,HYP,Essential hypertension and hypertensive renal disease,ICD-10,591.0,,,02/17/2026,02/17/2026,2025-12-01,2026-02-17,2026-02-17,False,,591.0,True,False,2025-12
4282,2025,12,Occurrence,Gender,Female,HYP,Essential hypertension and hypertensive renal disease,ICD-10,300.0,,,02/17/2026,02/17/2026,2025-12-01,2026-02-17,2026-02-17,False,,300.0,False,False,2025-12
4283,2025,12,Occurrence,Gender,Male,HYP,Essential hypertension and hypertensive renal disease,ICD-10,291.0,,,02/17/2026,02/17/2026,2025-12-01,2026-02-17,2026-02-17,False,,291.0,False,False,2025-12
4284,2025,12,Occurrence,Race-Ethnicity,American Indian/Alaska Native,HYP,Essential hypertension and hypertensive renal disease,ICD-10,,1,Cell suppressed for small numbers,02/17/2026,02/17/2026,2025-12-01,2026-02-17,2026-02-17,True,Cell suppressed for small numbers,,False,False,2025-12
4285,2025,12,Occurrence,Race-Ethnicity,Asian,HYP,Essential hypertension and hypertensive renal disease,ICD-10,82.0,,,02/17/2026,02/17/2026,2025-12-01,2026-02-17,2026-02-17,False,,82.0,False,False,2025-12
4286,2025,12,Occurrence,Race-Ethnicity,Black,HYP,Essential hypertension and hypertensive renal disease,ICD-10,57.0,,,02/17/2026,02/17/2026,2025-12-01,2026-02-17,2026-02-17,False,,57.0,False,False,2025-12
4287,2025,12,Occurrence,Race-Ethnicity,Hawaiian/Pacific Islander,HYP,Essential hypertension and hypertensive renal disease,ICD-10,,1,Cell suppressed for small numbers,02/17/2026,02/17/2026,2025-12-01,2026-02-17,2026-02-17,True,Cell suppressed for small numbers,,False,False,2025-12
4288,2025,12,Occurrence,Race-Ethnicity,Hispanic,HYP,Essential hypertension and hypertensive renal disease,ICD-10,136.0,,,02/17/2026,02/17/2026,2025-12-01,2026-02-17,2026-02-17,False,,136.0,False,False,2025-12
4289,2025,12,Occurrence,Race-Ethnicity,Multi-Race,HYP,Essential hypertension and hypertensive renal disease,ICD-10,,1,Cell suppressed for small numbers,02/17/2026,02/17/2026,2025-12-01,2026-02-17,2026-02-17,True,Cell suppressed for small numbers,,False,False,2025-12
4290,2025,12,Occurrence,Race-Ethnicity,White,HYP,Essential hypertension and hypertensive renal disease,ICD-10,298.0,,,02/17/2026,02/17/2026,2025-12-01,2026-02-17,2026-02-17,False,,298.0,False,False,2025-12
4291,2025,12,Occurrence,Race-Ethnicity,Other/Unknown,HYP,Essential hypertension and hypertensive renal disease,ICD-10,,1,Cell suppressed for small numbers,02/17/2026,02/17/2026,2025-12-01,2026-02-17,2026-02-17,True,Cell suppressed for small numbers,,False,False,2025-12
4292,2025,12,Occurrence,Total Population,Total Population,INJ,Accidents (unintentional injuries),ICD-10,857.0,,,02/17/2026,02/17/2026,2025-12-01,2026-02-17,2026-02-17,False,,857.0,True,False,2025-12
4293,2025,12,Occurrence,Gender,Female,INJ,Accidents (unintentional injuries),ICD-10,262.0,,,02/17/2026,02/17/2026,2025-12-01,2026-02-17,2026-02-17,False,,262.0,False,False,2025-12
4294,2025,12,Occurrence,Gender,Male,INJ,Accidents (unintentional injuries),ICD-10,595.0,,,02/17/2026,02/17/2026,2025-12-01,2026-02-17,2026-02-17,False,,595.0,False,False,2025-12
4295,2025,12,Occurrence,Race-Ethnicity,American Indian/Alaska Native,INJ,Accidents (unintentional injuries),ICD-10,,1,Cell suppressed for small numbers,02/17/2026,02/17/2026,2025-12-01,2026-02-17,2026-02-17,True,Cell suppressed for small numbers,,False,False,2025-12
4296,2025,12,Occurrence,Race-Ethnicity,Asian,INJ,Accidents (unintentional injuries),ICD-10,98.0,,,02/17/2026,02/17/2026,2025-12-01,2026-02-17,2026-02-17,False,,98.0,False,False,2025-12
4297,2025,12,Occurrence,Race-Ethnicity,Black,INJ,Accidents (unintentional injuries),ICD-10,66.0,,,02/17/2026,02/17/2026,2025-12-01,2026-02-17,2026-02-17,False,,66.0,False,False,2025-12
4298,2025,12,Occurrence,Race-Ethnicity,Hawaiian/Pacific Islander,INJ,Accidents (unintentional injuries),ICD-10,,1,Cell suppressed for small numbers,02/17/2026,02/17/2026,2025-12-01,2026-02-17,2026-02-17,True,Cell suppressed for small numbers,,False,False,2025-12
4299,2025,12,Occurrence,Race-Ethnicity,Hispanic,INJ,Accidents (unintentional injuries),ICD-10,281.0,,,02/17/2026,02/17/2026,2025-12-01,2026-02-17,2026-02-17,False,,281.0,False,False,2025-12
4300,2025,12,Occurrence,Race-Ethnicity,Multi-Race,INJ,Accidents (unintentional injuries),ICD-10,,1,Cell suppressed for small numbers,02/17/2026,02/17/2026,2025-12-01,2026-02-17,2026-02-17,True,Cell suppressed for small numbers,,False,False,2025-12
4301,2025,12,Occurrence,Race-Ethnicity,White,INJ,Accidents (unintentional injuries),ICD-10,383.0,,,02/17/2026,02/17/2026,2025-12-01,2026-02-17,2026-02-17,False,,383.0,False,False,2025-12
4302,2025,12,Occurrence,Race-Ethnicity,Other/Unknown,INJ,Accidents (unintentional injuries),ICD-10,14.0,,,02/17/2026,02/17/2026,2025-12-01,2026-02-17,2026-02-17,False,,14.0,False,False,2025-12
4303,2025,12,Occurrence,Total Population,Total Population,LIV,Chronic liver disease and cirrhosis,ICD-10,497.0,,,02/17/2026,02/17/2026,2025-12-01,2026-02-17,2026-02-17,False,,497.0,True,False,2025-12
4304,2025,12,Occurrence,Gender,Female,LIV,Chronic liver disease and cirrhosis,ICD-10,166.0,,,02/17/2026,02/17/2026,2025-12-01,2026-02-17,2026-02-17,False,,166.0,False,False,2025-12
4305,2025,12,Occurrence,Gender,Male,LIV,Chronic liver disease and cirrhosis,ICD-10,331.0,,,02/17/2026,02/17/2026,2025-12-01,2026-02-17,2026-02-17,False,,331.0,False,False,2025-12
4306,2025,12,Occurrence,Race-Ethnicity,American Indian/Alaska Native,LIV,Chronic liver disease and cirrhosis,ICD-10,,1,Cell suppressed for small numbers,02/17/2026,02/17/2026,2025-12-01,2026-02-17,2026-02-17,True,Cell suppressed for small numbers,,False,False,2025-12
4307,2025,12,Occurrence,Race-Ethnicity,Asian,LIV,Chronic liver disease and cirrhosis,ICD-10,28.0,,,02/17/2026,02/17/2026,2025-12-01,2026-02-17,2026-02-17,False,,28.0,False,False,2025-12
4308,2025,12,Occurrence,Race-Ethnicity,Black,LIV,Chronic liver disease and cirrhosis,ICD-10,19.0,,,02/17/2026,02/17/2026,2025-12-01,2026-02-17,2026-02-17,False,,19.0,False,False,2025-12
4309,2025,12,Occurrence,Race-Ethnicity,Hawaiian/Pacific Islander,LIV,Chronic liver disease and cirrhosis,ICD-10,,1,Cell suppressed for small numbers,02/17/2026,02/17/2026,2025-12-01,2026-02-17,2026-02-17,True,Cell suppressed for small numbers,,False,False,2025-12
4310,2025,12,Occurrence,Race-Ethnicity,Hispanic,LIV,Chronic liver disease and cirrhosis,ICD-10,223.0,,,02/17/2026,02/17/2026,2025-12-01,2026-02-17,2026-02-17,False,,223.0,False,False,2025-12
4311,2025,12,Occurrence,Race-Ethnicity,Multi-Race,LIV,Chronic liver disease and cirrhosis,ICD-10,,1,Cell suppressed for small numbers,02/17/2026,02/17/2026,2025-12-01,2026-02-17,2026-02-17,True,Cell suppressed for small numbers,,False,False,2025-12
4312,2025,12,Occurrence,Race-Ethnicity,White,LIV,Chronic liver disease and cirrhosis,ICD-10,211.0,,,02/17/2026,02/17/2026,2025-12-01,2026-02-17,2026-02-17,False,,211.0,False,False,2025-12
4313,2025,12,Occurrence,Race-Ethnicity,Other/Unknown,LIV,Chronic liver disease and cirrhosis,ICD-10,,1,Cell suppressed for small numbers,02/17/2026,02/17/2026,2025-12-01,2026-02-17,2026-02-17,True,Cell suppressed for small numbers,,False,False,2025-12
4314,2025,12,Occurrence,Total Population,Total Population,NEP,"Nephritis, nephrotic syndrome and nephrosis",ICD-10,406.0,,,02/17/2026,02/17/2026,2025-12-01,2026-02-17,2026-02-17,False,,406.0,True,False,2025-12
4315,2025,12,Occurrence,Gender,Female,NEP,"Nephritis, nephrotic syndrome and nephrosis",ICD-10,183.0,,,02/17/2026,02/17/2026,2025-12-01,2026-02-17,2026-02-17,False,,183.0,False,False,2025-12
4316,2025,12,Occurrence,Gender,Male,NEP,"Nephritis, nephrotic syndrome and nephrosis",ICD-10,223.0,,,02/17/2026,02/17/2026,2025-12-01,2026-02-17,2026-02-17,False,,223.0,False,False,2025-12
4317,2025,12,Occurrence,Race-Ethnicity,American Indian/Alaska Native,NEP,"Nephritis, nephrotic syndrome and nephrosis",ICD-10,,1,Cell suppressed for small numbers,02/17/2026,02/17/2026,2025-12-01,2026-02-17,2026-02-17,True,Cell suppressed for small numbers,,False,False,2025-12
4318,2025,12,Occurrence,Race-Ethnicity,Asian,NEP,"Nephritis, nephrotic syndrome and nephrosis",ICD-10,60.0,,,02/17/2026,02/17/2026,2025-12-01,2026-02-17,2026-02-17,False,,60.0,False,False,2025-12
4319,2025,12,Occurrence,Race-Ethnicity,Black,NEP,"Nephritis, nephrotic syndrome and nephrosis",ICD-10,45.0,,,02/17/2026,02/17/2026,2025-12-01,2026-02-17,2026-02-17,False,,45.0,False,False,2025-12
4320,2025,12,Occurrence,Race-Ethnicity,Hawaiian/Pacific Islander,NEP,"Nephritis, nephrotic syndrome and nephrosis",ICD-10,,1,Cell suppressed for small numbers,02/17/2026,02/17/2026,2025-12-01,2026-02-17,2026-02-17,True,Cell suppressed for small numbers,,False,False,2025-12
4321,2025,12,Occurrence,Race-Ethnicity,Hispanic,NEP,"Nephritis, nephrotic syndrome and nephrosis",ICD-10,110.0,,,02/17/2026,02/17/2026,2025-12-01,2026-02-17,2026-02-17,False,,110.0,False,False,2025-12
4322,2025,12,Occurrence,Race-Ethnicity,Multi-Race,NEP,"Nephritis, nephrotic syndrome and nephrosis",ICD-10,0.0,,,02/17/2026,02/17/2026,2025-12-01,2026-02-17,2026-02-17,False,,0.0,False,False,2025-12
4323,2025,12,Occurrence,Race-Ethnicity,White,NEP,"Nephritis, nephrotic syndrome and nephrosis",ICD-10,184.0,,,02/17/2026,02/17/2026,2025-12-01,2026-02-17,2026-02-17,False,,184.0,False,False,2025-12
4324,2025,12,Occurrence,Race-Ethnicity,Other/Unknown,NEP,"Nephritis, nephrotic syndrome and nephrosis",ICD-10,,1,Cell suppressed for small numbers,02/17/2026,02/17/2026,2025-12-01,2026-02-17,2026-02-17,True,Cell suppressed for small numbers,,False,False,2025-12
4325,2025,12,Occurrence,Total Population,Total Population,PAR,Parkinson's disease,ICD-10,429.0,,,02/17/2026,02/17/2026,2025-12-01,2026-02-17,2026-02-17,False,,429.0,True,False,2025-12
4326,2025,12,Occurrence,Gender,Female,PAR,Parkinson's disease,ICD-10,171.0,,,02/17/2026,02/17/2026,2025-12-01,2026-02-17,2026-02-17,False,,171.0,False,False,2025-12
4327,2025,12,Occurrence,Gender,Male,PAR,Parkinson's disease,ICD-10,258.0,,,02/17/2026,02/17/2026,2025-12-01,2026-02-17,2026-02-17,False,,258.0,False,False,2025-12
4328,2025,12,Occurrence,Race-Ethnicity,American Indian/Alaska Native,PAR,Parkinson's disease,ICD-10,,1,Cell suppressed for small numbers,02/17/2026,02/17/2026,2025-12-01,2026-02-17,2026-02-17,True,Cell suppressed for small numbers,,False,False,2025-12
4329,2025,12,Occurrence,Race-Ethnicity,Asian,PAR,Parkinson's disease,ICD-10,62.0,,,02/17/2026,02/17/2026,2025-12-01,2026-02-17,2026-02-17,False,,62.0,False,False,2025-12
4330,2025,12,Occurrence,Race-Ethnicity,Black,PAR,Parkinson's disease,ICD-10,20.0,,,02/17/2026,02/17/2026,2025-12-01,2026-02-17,2026-02-17,False,,20.0,False,False,2025-12
4331,2025,12,Occurrence,Race-Ethnicity,Hawaiian/Pacific Islander,PAR,Parkinson's disease,ICD-10,,1,Cell suppressed for small numbers,02/17/2026,02/17/2026,2025-12-01,2026-02-17,2026-02-17,True,Cell suppressed for small numbers,,False,False,2025-12
4332,2025,12,Occurrence,Race-Ethnicity,Hispanic,PAR,Parkinson's disease,ICD-10,58.0,,,02/17/2026,02/17/2026,2025-12-01,2026-02-17,2026-02-17,False,,58.0,False,False,2025-12
4333,2025,12,Occurrence,Race-Ethnicity,Multi-Race,PAR,Parkinson's disease,ICD-10,,1,Cell suppressed for small numbers,02/17/2026,02/17/2026,2025-12-01,2026-02-17,2026-02-17,True,Cell suppressed for small numbers,,False,False,2025-12
4334,2025,12,Occurrence,Race-Ethnicity,White,PAR,Parkinson's disease,ICD-10,279.0,,,02/17/2026,02/17/2026,2025-12-01,2026-02-17,2026-02-17,False,,279.0,False,False,2025-12
4335,2025,12,Occurrence,Race-Ethnicity,Other/Unknown,PAR,Parkinson's disease,ICD-10,,1,Cell suppressed for small numbers,02/17/2026,02/17/2026,2025-12-01,2026-02-17,2026-02-17,True,Cell suppressed for small numbers,,False,False,2025-12
4336,2025,12,Occurrence,Total Population,Total Population,PNF,Influenza and pneumonia,ICD-10,515.0,,,02/17/2026,02/17/2026,2025-12-01,2026-02-17,2026-02-17,False,,515.0,True,False,2025-12
4337,2025,12,Occurrence,Gender,Female,PNF,Influenza and pneumonia,ICD-10,251.0,,,02/17/2026,02/17/2026,2025-12-01,2026-02-17,2026-02-17,False,,251.0,False,False,2025-12
4338,2025,12,Occurrence,Gender,Male,PNF,Influenza and pneumonia,ICD-10,264.0,,,02/17/2026,02/17/2026,2025-12-01,2026-02-17,2026-02-17,False,,264.0,False,False,2025-12
4339,2025,12,Occurrence,Race-Ethnicity,American Indian/Alaska Native,PNF,Influenza and pneumonia,ICD-10,,1,Cell suppressed for small numbers,02/17/2026,02/17/2026,2025-12-01,2026-02-17,2026-02-17,True,Cell suppressed for small numbers,,False,False,2025-12
4340,2025,12,Occurrence,Race-Ethnicity,Asian,PNF,Influenza and pneumonia,ICD-10,73.0,,,02/17/2026,02/17/2026,2025-12-01,2026-02-17,2026-02-17,False,,73.0,False,False,2025-12
4341,2025,12,Occurrence,Race-Ethnicity,Black,PNF,Influenza and pneumonia,ICD-10,44.0,,,02/17/2026,02/17/2026,2025-12-01,2026-02-17,2026-02-17,False,,44.0,False,False,2025-12
4342,2025,12,Occurrence,Race-Ethnicity,Hawaiian/Pacific Islander,PNF,Influenza and pneumonia,ICD-10,,1,Cell suppressed for small numbers,02/17/2026,02/17/2026,2025-12-01,2026-02-17,2026-02-17,True,Cell suppressed for small numbers,,False,False,2025-12
4343,2025,12,Occurrence,Race-Ethnicity,Hispanic,PNF,Influenza and pneumonia,ICD-10,118.0,,,02/17/2026,02/17/2026,2025-12-01,2026-02-17,2026-02-17,False,,118.0,False,False,2025-12
4344,2025,12,Occurrence,Race-Ethnicity,Multi-Race,PNF,Influenza and pneumonia,ICD-10,,1,Cell suppressed for small numbers,02/17/2026,02/17/2026,2025-12-01,2026-02-17,2026-02-17,True,Cell suppressed for small numbers,,False,False,2025-12
4345,2025,12,Occurrence,Race-Ethnicity,White,PNF,Influenza and pneumonia,ICD-10,262.0,,,02/17/2026,02/17/2026,2025-12-01,2026-02-17,2026-02-17,False,,262.0,False,False,2025-12
4346,2025,12,Occurrence,Race-Ethnicity,Other/Unknown,PNF,Influenza and pneumonia,ICD-10,,1,Cell suppressed for small numbers,02/17/2026,02/17/2026,2025-12-01,2026-02-17,2026-02-17,True,Cell suppressed for small numbers,,False,False,2025-12
4347,2025,12,Occurrence,Total Population,Total Population,STK,Cerebrovascular diseases,ICD-10,1561.0,,,02/17/2026,02/17/2026,2025-12-01,2026-02-17,2026-02-17,False,,1561.0,True,False,2025-12
4348,2025,12,Occurrence,Gender,Female,STK,Cerebrovascular diseases,ICD-10,891.0,,,02/17/2026,02/17/2026,2025-12-01,2026-02-17,2026-02-17,False,,891.0,False,False,2025-12
4349,2025,12,Occurrence,Gender,Male,STK,Cerebrovascular diseases,ICD-10,670.0,,,02/17/2026,02/17/2026,2025-12-01,2026-02-17,2026-02-17,False,,670.0,False,False,2025-12
4350,2025,12,Occurrence,Race-Ethnicity,American Indian/Alaska Native,STK,Cerebrovascular diseases,ICD-10,,1,Cell suppressed for small numbers,02/17/2026,02/17/2026,2025-12-01,2026-02-17,2026-02-17,True,Cell suppressed for small numbers,,False,False,2025-12
4351,2025,12,Occurrence,Race-Ethnicity,Asian,STK,Cerebrovascular diseases,ICD-10,224.0,,,02/17/2026,02/17/2026,2025-12-01,2026-02-17,2026-02-17,False,,224.0,False,False,2025-12
4352,2025,12,Occurrence,Race-Ethnicity,Black,STK,Cerebrovascular diseases,ICD-10,109.0,,,02/17/2026,02/17/2026,2025-12-01,2026-02-17,2026-02-17,False,,109.0,False,False,2025-12
4353,2025,12,Occurrence,Race-Ethnicity,Hawaiian/Pacific Islander,STK,Cerebrovascular diseases,ICD-10,,1,Cell suppressed for small numbers,02/17/2026,02/17/2026,2025-12-01,2026-02-17,2026-02-17,True,Cell suppressed for small numbers,,False,False,2025-12
4354,2025,12,Occurrence,Race-Ethnicity,Hispanic,STK,Cerebrovascular diseases,ICD-10,340.0,,,02/17/2026,02/17/2026,2025-12-01,2026-02-17,2026-02-17,False,,340.0,False,False,2025-12
4355,2025,12,Occurrence,Race-Ethnicity,Multi-Race,STK,Cerebrovascular diseases,ICD-10,16.0,,,02/17/2026,02/17/2026,2025-12-01,2026-02-17,2026-02-17,False,,16.0,False,False,2025-12
4356,2025,12,Occurrence,Race-Ethnicity,White,STK,Cerebrovascular diseases,ICD-10,841.0,,,02/17/2026,02/17/2026,2025-12-01,2026-02-17,2026-02-17,False,,841.0,False,False,2025-12
4357,2025,12,Occurrence,Race-Ethnicity,Other/Unknown,STK,Cerebrovascular diseases,ICD-10,20.0,,,02/17/2026,02/17/2026,2025-12-01,2026-02-17,2026-02-17,False,,20.0,False,False,2025-12
4358,2025,12,Occurrence,Total Population,Total Population,SUI,Intentional self-harm (suicide),ICD-10,229.0,,,02/17/2026,02/17/2026,2025-12-01,2026-02-17,2026-02-17,False,,229.0,True,False,2025-12
4359,2025,12,Occurrence,Gender,Female,SUI,Intentional self-harm (suicide),ICD-10,49.0,,,02/17/2026,02/17/2026,2025-12-01,2026-02-17,2026-02-17,False,,49.0,False,False,2025-12
4360,2025,12,Occurrence,Gender,Male,SUI,Intentional self-harm (suicide),ICD-10,180.0,,,02/17/2026,02/17/2026,2025-12-01,2026-02-17,2026-02-17,False,,180.0,False,False,2025-12
4361,2025,12,Occurrence,Race-Ethnicity,American Indian/Alaska Native,SUI,Intentional self-harm (suicide),ICD-10,0.0,,,02/17/2026,02/17/2026,2025-12-01,2026-02-17,2026-02-17,False,,0.0,False,False,2025-12
4362,2025,12,Occurrence,Race-Ethnicity,Asian,SUI,Intentional self-harm (suicide),ICD-10,23.0,,,02/17/2026,02/17/2026,2025-12-01,2026-02-17,2026-02-17,False,,23.0,False,False,2025-12
4363,2025,12,Occurrence,Race-Ethnicity,Black,SUI,Intentional self-harm (suicide),ICD-10,,1,Cell suppressed for small numbers,02/17/2026,02/17/2026,2025-12-01,2026-02-17,2026-02-17,True,Cell suppressed for small numbers,,False,False,2025-12
4364,2025,12,Occurrence,Race-Ethnicity,Hawaiian/Pacific Islander,SUI,Intentional self-harm (suicide),ICD-10,,1,Cell suppressed for small numbers,02/17/2026,02/17/2026,2025-12-01,2026-02-17,2026-02-17,True,Cell suppressed for small numbers,,False,False,2025-12
4365,2025,12,Occurrence,Race-Ethnicity,Hispanic,SUI,Intentional self-harm (suicide),ICD-10,64.0,,,02/17/2026,02/17/2026,2025-12-01,2026-02-17,2026-02-17,False,,64.0,False,False,2025-12
4366,2025,12,Occurrence,Race-Ethnicity,Multi-Race,SUI,Intentional self-harm (suicide),ICD-10,,1,Cell suppressed for small numbers,02/17/2026,02/17/2026,2025-12-01,2026-02-17,2026-02-17,True,Cell suppressed for small numbers,,False,False,2025-12
4367,2025,12,Occurrence,Race-Ethnicity,White,SUI,Intentional self-harm (suicide),ICD-10,119.0,,,02/17/2026,02/17/2026,2025-12-01,2026-02-17,2026-02-17,False,,119.0,False,False,2025-12
4368,2025,12,Occurrence,Race-Ethnicity,Other/Unknown,SUI,Intentional self-harm (suicide),ICD-10,,1,Cell suppressed for small numbers,02/17/2026,02/17/2026,2025-12-01,2026-02-17,2026-02-17,True,Cell suppressed for small numbers,,False,False,2025-12
4369,2026,1,Occurrence,Total Population,Total Population,ALL,All causes (total),ICD-10,25026.0,,,02/17/2026,02/17/2026,2026-01-01,2026-02-17,2026-02-17,False,,25026.0,True,True,2026-01
4370,2026,1,Occurrence,Age,Under 1 year,ALL,All causes (total),ICD-10,106.0,,,02/17/2026,02/17/2026,2026-01-01,2026-02-17,2026-02-17,False,,106.0,False,True,2026-01
4371,2026,1,Occurrence,Age,1-4 years,ALL,All causes (total),ICD-10,17.0,,,02/17/2026,02/17/2026,2026-01-01,2026-02-17,2026-02-17,False,,17.0,False,True,2026-01
4372,2026,1,Occurrence,Age,5-14 years,ALL,All causes (total),ICD-10,33.0,,,02/17/2026,02/17/2026,2026-01-01,2026-02-17,2026-02-17,False,,33.0,False,True,2026-01
4373,2026,1,Occurrence,Age,15-24 years,ALL,All causes (total),ICD-10,204.0,,,02/17/2026,02/17/2026,2026-01-01,2026-02-17,2026-02-17,False,,204.0,False,True,2026-01
4374,2026,1,Occurrence,Age,25-34 years,ALL,All causes (total),ICD-10,410.0,,,02/17/2026,02/17/2026,2026-01-01,2026-02-17,2026-02-17,False,,410.0,False,True,2026-01
4375,2026,1,Occurrence,Age,35-44 years,ALL,All causes (total),ICD-10,757.0,,,02/17/2026,02/17/2026,2026-01-01,2026-02-17,2026-02-17,False,,757.0,False,True,2026-01
4376,2026,1,Occurrence,Age,45-54 years,ALL,All causes (total),ICD-10,1213.0,,,02/17/2026,02/17/2026,2026-01-01,2026-02-17,2026-02-17,False,,1213.0,False,True,2026-01
4377,2026,1,Occurrence,Age,55-64 years,ALL,All causes (total),ICD-10,2480.0,,,02/17/2026,02/17/2026,2026-01-01,2026-02-17,2026-02-17,False,,2480.0,False,True,2026-01
4378,2026,1,Occurrence,Age,65-74 years,ALL,All causes (total),ICD-10,4646.0,,,02/17/2026,02/17/2026,2026-01-01,2026-02-17,2026-02-17,False,,4646.0,False,True,2026-01
4379,2026,1,Occurrence,Age,75-84 years,ALL,All causes (total),ICD-10,6688.0,,,02/17/2026,02/17/2026,2026-01-01,2026-02-17,2026-02-17,False,,6688.0,False,True,2026-01
4380,2026,1,Occurrence,Age,85 years and over,ALL,All causes (total),ICD-10,8468.0,,,02/17/2026,02/17/2026,2026-01-01,2026-02-17,2026-02-17,False,,8468.0,False,True,2026-01
4381,2026,1,Occurrence,Gender,Female,ALL,All causes (total),ICD-10,12011.0,,,02/17/2026,02/17/2026,2026-01-01,2026-02-17,2026-02-17,False,,12011.0,False,True,2026-01
4382,2026,1,Occurrence,Gender,Male,ALL,All causes (total),ICD-10,13013.0,,,02/17/2026,02/17/2026,2026-01-01,2026-02-17,2026-02-17,False,,13013.0,False,True,2026-01
4383,2026,1,Occurrence,Place Type,Inpatient,ALL,All causes (total),ICD-10,8346.0,,,02/17/2026,02/17/2026,2026-01-01,2026-02-17,2026-02-17,False,,8346.0,False,True,2026-01
4384,2026,1,Occurrence,Place Type,Emergency Room/Outpatient,ALL,All causes (total),ICD-10,1248.0,,,02/17/2026,02/17/2026,2026-01-01,2026-02-17,2026-02-17,False,,1248.0,False,True,2026-01
4385,2026,1,Occurrence,Place Type,Decedent's Home,ALL,All causes (total),ICD-10,9397.0,,,02/17/2026,02/17/2026,2026-01-01,2026-02-17,2026-02-17,False,,9397.0,False,True,2026-01
4386,2026,1,Occurrence,Place Type,Hospice Facility,ALL,All causes (total),ICD-10,317.0,,,02/17/2026,02/17/2026,2026-01-01,2026-02-17,2026-02-17,False,,317.0,False,True,2026-01
4387,2026,1,Occurrence,Place Type,Nursing Home/Long Term Care Facility,ALL,All causes (total),ICD-10,4649.0,,,02/17/2026,02/17/2026,2026-01-01,2026-02-17,2026-02-17,False,,4649.0,False,True,2026-01
4388,2026,1,Occurrence,Place Type,Other/Unknown,ALL,All causes (total),ICD-10,1069.0,,,02/17/2026,02/17/2026,2026-01-01,2026-02-17,2026-02-17,False,,1069.0,False,True,2026-01
4389,2026,1,Occurrence,Race-Ethnicity,American Indian/Alaska Native,ALL,All causes (total),ICD-10,132.0,,,02/17/2026,02/17/2026,2026-01-01,2026-02-17,2026-02-17,False,,132.0,False,True,2026-01
4390,2026,1,Occurrence,Race-Ethnicity,Asian,ALL,All causes (total),ICD-10,3080.0,,,02/17/2026,02/17/2026,2026-01-01,2026-02-17,2026-02-17,False,,3080.0,False,True,2026-01
4391,2026,1,Occurrence,Race-Ethnicity,Black,ALL,All causes (total),ICD-10,1759.0,,,02/17/2026,02/17/2026,2026-01-01,2026-02-17,2026-02-17,False,,1759.0,False,True,2026-01
4392,2026,1,Occurrence,Race-Ethnicity,Hawaiian/Pacific Islander,ALL,All causes (total),ICD-10,109.0,,,02/17/2026,02/17/2026,2026-01-01,2026-02-17,2026-02-17,False,,109.0,False,True,2026-01
4393,2026,1,Occurrence,Race-Ethnicity,Hispanic,ALL,All causes (total),ICD-10,5740.0,,,02/17/2026,02/17/2026,2026-01-01,2026-02-17,2026-02-17,False,,5740.0,False,True,2026-01
4394,2026,1,Occurrence,Race-Ethnicity,Multi-Race,ALL,All causes (total),ICD-10,264.0,,,02/17/2026,02/17/2026,2026-01-01,2026-02-17,2026-02-17,False,,264.0,False,True,2026-01
4395,2026,1,Occurrence,Race-Ethnicity,White,ALL,All causes (total),ICD-10,13670.0,,,02/17/2026,02/17/2026,2026-01-01,2026-02-17,2026-02-17,False,,13670.0,False,True,2026-01
4396,2026,1,Occurrence,Race-Ethnicity,Other/Unknown,ALL,All causes (total),ICD-10,272.0,,,02/17/2026,02/17/2026,2026-01-01,2026-02-17,2026-02-17,False,,272.0,False,True,2026-01
4397,2026,1,Occurrence,Total Population,Total Population,ALZ,Alzheimer's disease,ICD-10,1464.0,,,02/17/2026,02/17/2026,2026-01-01,2026-02-17,2026-02-17,False,,1464.0,True,False,2026-01
4398,2026,1,Occurrence,Gender,Female,ALZ,Alzheimer's disease,ICD-10,983.0,,,02/17/2026,02/17/2026,2026-01-01,2026-02-17,2026-02-17,False,,983.0,False,False,2026-01
4399,2026,1,Occurrence,Gender,Male,ALZ,Alzheimer's disease,ICD-10,481.0,,,02/17/2026,02/17/2026,2026-01-01,2026-02-17,2026-02-17,False,,481.0,False,False,2026-01
4400,2026,1,Occurrence,Race-Ethnicity,American Indian/Alaska Native,ALZ,Alzheimer's disease,ICD-10,,1,Cell suppressed for small numbers,02/17/2026,02/17/2026,2026-01-01,2026-02-17,2026-02-17,True,Cell suppressed for small numbers,,False,False,2026-01
4401,2026,1,Occurrence,Race-Ethnicity,Asian,ALZ,Alzheimer's disease,ICD-10,176.0,,,02/17/2026,02/17/2026,2026-01-01,2026-02-17,2026-02-17,False,,176.0,False,False,2026-01
4402,2026,1,Occurrence,Race-Ethnicity,Black,ALZ,Alzheimer's disease,ICD-10,89.0,,,02/17/2026,02/17/2026,2026-01-01,2026-02-17,2026-02-17,False,,89.0,False,False,2026-01
4403,2026,1,Occurrence,Race-Ethnicity,Hawaiian/Pacific Islander,ALZ,Alzheimer's disease,ICD-10,,1,Cell suppressed for small numbers,02/17/2026,02/17/2026,2026-01-01,2026-02-17,2026-02-17,True,Cell suppressed for small numbers,,False,False,2026-01
4404,2026,1,Occurrence,Race-Ethnicity,Hispanic,ALZ,Alzheimer's disease,ICD-10,282.0,,,02/17/2026,02/17/2026,2026-01-01,2026-02-17,2026-02-17,False,,282.0,False,False,2026-01
4405,2026,1,Occurrence,Race-Ethnicity,Multi-Race,ALZ,Alzheimer's disease,ICD-10,,1,Cell suppressed for small numbers,02/17/2026,02/17/2026,2026-01-01,2026-02-17,2026-02-17,True,Cell suppressed for small numbers,,False,False,2026-01
4406,2026,1,Occurrence,Race-Ethnicity,White,ALZ,Alzheimer's disease,ICD-10,887.0,,,02/17/2026,02/17/2026,2026-01-01,2026-02-17,2026-02-17,False,,887.0,False,False,2026-01
4407,2026,1,Occurrence,Race-Ethnicity,Other/Unknown,ALZ,Alzheimer's disease,ICD-10,,1,Cell suppressed for small numbers,02/17/2026,02/17/2026,2026-01-01,2026-02-17,2026-02-17,True,Cell suppressed for small numbers,,False,False,2026-01
4408,2026,1,Occurrence,Total Population,Total Population,CAN,Malignant neoplasms,ICD-10,5173.0,,,02/17/2026,02/17/2026,2026-01-01,2026-02-17,2026-02-17,False,,5173.0,True,False,2026-01
4409,2026,1,Occurrence,Gender,Female,CAN,Malignant neoplasms,ICD-10,2556.0,,,02/17/2026,02/17/2026,2026-01-01,2026-02-17,2026-02-17,False,,2556.0,False,False,2026-01
4410,2026,1,Occurrence,Gender,Male,CAN,Malignant neoplasms,ICD-10,2617.0,,,02/17/2026,02/17/2026,2026-01-01,2026-02-17,2026-02-17,False,,2617.0,False,False,2026-01
4411,2026,1,Occurrence,Race-Ethnicity,American Indian/Alaska Native,CAN,Malignant neoplasms,ICD-10,20.0,,,02/17/2026,02/17/2026,2026-01-01,2026-02-17,2026-02-17,False,,20.0,False,False,2026-01
4412,2026,1,Occurrence,Race-Ethnicity,Asian,CAN,Malignant neoplasms,ICD-10,709.0,,,02/17/2026,02/17/2026,2026-01-01,2026-02-17,2026-02-17,False,,709.0,False,False,2026-01
4413,2026,1,Occurrence,Race-Ethnicity,Black,CAN,Malignant neoplasms,ICD-10,316.0,,,02/17/2026,02/17/2026,2026-01-01,2026-02-17,2026-02-17,False,,316.0,False,False,2026-01
4414,2026,1,Occurrence,Race-Ethnicity,Hawaiian/Pacific Islander,CAN,Malignant neoplasms,ICD-10,23.0,,,02/17/2026,02/17/2026,2026-01-01,2026-02-17,2026-02-17,False,,23.0,False,False,2026-01
4415,2026,1,Occurrence,Race-Ethnicity,Hispanic,CAN,Malignant neoplasms,ICD-10,1174.0,,,02/17/2026,02/17/2026,2026-01-01,2026-02-17,2026-02-17,False,,1174.0,False,False,2026-01
4416,2026,1,Occurrence,Race-Ethnicity,Multi-Race,CAN,Malignant neoplasms,ICD-10,50.0,,,02/17/2026,02/17/2026,2026-01-01,2026-02-17,2026-02-17,False,,50.0,False,False,2026-01
4417,2026,1,Occurrence,Race-Ethnicity,White,CAN,Malignant neoplasms,ICD-10,2838.0,,,02/17/2026,02/17/2026,2026-01-01,2026-02-17,2026-02-17,False,,2838.0,False,False,2026-01
4418,2026,1,Occurrence,Race-Ethnicity,Other/Unknown,CAN,Malignant neoplasms,ICD-10,43.0,,,02/17/2026,02/17/2026,2026-01-01,2026-02-17,2026-02-17,False,,43.0,False,False,2026-01
4419,2026,1,Occurrence,Total Population,Total Population,CLD,Chronic lower respiratory diseases,ICD-10,969.0,,,02/17/2026,02/17/2026,2026-01-01,2026-02-17,2026-02-17,False,,969.0,True,False,2026-01
4420,2026,1,Occurrence,Gender,Female,CLD,Chronic lower respiratory diseases,ICD-10,521.0,,,02/17/2026,02/17/2026,2026-01-01,2026-02-17,2026-02-17,False,,521.0,False,False,2026-01
4421,2026,1,Occurrence,Gender,Male,CLD,Chronic lower respiratory diseases,ICD-10,448.0,,,02/17/2026,02/17/2026,2026-01-01,2026-02-17,2026-02-17,False,,448.0,False,False,2026-01
4422,2026,1,Occurrence,Race-Ethnicity,American Indian/Alaska Native,CLD,Chronic lower respiratory diseases,ICD-10,,1,Cell suppressed for small numbers,02/17/2026,02/17/2026,2026-01-01,2026-02-17,2026-02-17,True,Cell suppressed for small numbers,,False,False,2026-01
4423,2026,1,Occurrence,Race-Ethnicity,Asian,CLD,Chronic lower respiratory diseases,ICD-10,62.0,,,02/17/2026,02/17/2026,2026-01-01,2026-02-17,2026-02-17,False,,62.0,False,False,2026-01
4424,2026,1,Occurrence,Race-Ethnicity,Black,CLD,Chronic lower respiratory diseases,ICD-10,53.0,,,02/17/2026,02/17/2026,2026-01-01,2026-02-17,2026-02-17,False,,53.0,False,False,2026-01
4425,2026,1,Occurrence,Race-Ethnicity,Hawaiian/Pacific Islander,CLD,Chronic lower respiratory diseases,ICD-10,,1,Cell suppressed for small numbers,02/17/2026,02/17/2026,2026-01-01,2026-02-17,2026-02-17,True,Cell suppressed for small numbers,,False,False,2026-01
4426,2026,1,Occurrence,Race-Ethnicity,Hispanic,CLD,Chronic lower respiratory diseases,ICD-10,121.0,,,02/17/2026,02/17/2026,2026-01-01,2026-02-17,2026-02-17,False,,121.0,False,False,2026-01
4427,2026,1,Occurrence,Race-Ethnicity,Multi-Race,CLD,Chronic lower respiratory diseases,ICD-10,,1,Cell suppressed for small numbers,02/17/2026,02/17/2026,2026-01-01,2026-02-17,2026-02-17,True,Cell suppressed for small numbers,,False,False,2026-01
4428,2026,1,Occurrence,Race-Ethnicity,White,CLD,Chronic lower respiratory diseases,ICD-10,713.0,,,02/17/2026,02/17/2026,2026-01-01,2026-02-17,2026-02-17,False,,713.0,False,False,2026-01
4429,2026,1,Occurrence,Race-Ethnicity,Other/Unknown,CLD,Chronic lower respiratory diseases,ICD-10,,1,Cell suppressed for small numbers,02/17/2026,02/17/2026,2026-01-01,2026-02-17,2026-02-17,True,Cell suppressed for small numbers,,False,False,2026-01
4430,2026,1,Occurrence,Total Population,Total Population,DIA,Diabetes mellitus,ICD-10,956.0,,,02/17/2026,02/17/2026,2026-01-01,2026-02-17,2026-02-17,False,,956.0,True,False,2026-01
4431,2026,1,Occurrence,Gender,Female,DIA,Diabetes mellitus,ICD-10,414.0,,,02/17/2026,02/17/2026,2026-01-01,2026-02-17,2026-02-17,False,,414.0,False,False,2026-01
4432,2026,1,Occurrence,Gender,Male,DIA,Diabetes mellitus,ICD-10,542.0,,,02/17/2026,02/17/2026,2026-01-01,2026-02-17,2026-02-17,False,,542.0,False,False,2026-01
4433,2026,1,Occurrence,Race-Ethnicity,American Indian/Alaska Native,DIA,Diabetes mellitus,ICD-10,,1,Cell suppressed for small numbers,02/17/2026,02/17/2026,2026-01-01,2026-02-17,2026-02-17,True,Cell suppressed for small numbers,,False,False,2026-01
4434,2026,1,Occurrence,Race-Ethnicity,Asian,DIA,Diabetes mellitus,ICD-10,157.0,,,02/17/2026,02/17/2026,2026-01-01,2026-02-17,2026-02-17,False,,157.0,False,False,2026-01
4435,2026,1,Occurrence,Race-Ethnicity,Black,DIA,Diabetes mellitus,ICD-10,82.0,,,02/17/2026,02/17/2026,2026-01-01,2026-02-17,2026-02-17,False,,82.0,False,False,2026-01
4436,2026,1,Occurrence,Race-Ethnicity,Hawaiian/Pacific Islander,DIA,Diabetes mellitus,ICD-10,,1,Cell suppressed for small numbers,02/17/2026,02/17/2026,2026-01-01,2026-02-17,2026-02-17,True,Cell suppressed for small numbers,,False,False,2026-01
4437,2026,1,Occurrence,Race-Ethnicity,Hispanic,DIA,Diabetes mellitus,ICD-10,357.0,,,02/17/2026,02/17/2026,2026-01-01,2026-02-17,2026-02-17,False,,357.0,False,False,2026-01
4438,2026,1,Occurrence,Race-Ethnicity,Multi-Race,DIA,Diabetes mellitus,ICD-10,,1,Cell suppressed for small numbers,02/17/2026,02/17/2026,2026-01-01,2026-02-17,2026-02-17,True,Cell suppressed for small numbers,,False,False,2026-01
4439,2026,1,Occurrence,Race-Ethnicity,White,DIA,Diabetes mellitus,ICD-10,328.0,,,02/17/2026,02/17/2026,2026-01-01,2026-02-17,2026-02-17,False,,328.0,False,False,2026-01
4440,2026,1,Occurrence,Race-Ethnicity,Other/Unknown,DIA,Diabetes mellitus,ICD-10,,1,Cell suppressed for small numbers,02/17/2026,02/17/2026,2026-01-01,2026-02-17,2026-02-17,True,Cell suppressed for small numbers,,False,False,2026-01
4441,2026,1,Occurrence,Total Population,Total Population,HOM,Assault (homicide),ICD-10,53.0,,,02/17/2026,02/17/2026,2026-01-01,2026-02-17,2026-02-17,False,,53.0,True,False,2026-01
4442,2026,1,Occurrence,Gender,Female,HOM,Assault (homicide),ICD-10,12.0,,,02/17/2026,02/17/2026,2026-01-01,2026-02-17,2026-02-17,False,,12.0,False,False,2026-01
4443,2026,1,Occurrence,Gender,Male,HOM,Assault (homicide),ICD-10,41.0,,,02/17/2026,02/17/2026,2026-01-01,2026-02-17,2026-02-17,False,,41.0,False,False,2026-01
4444,2026,1,Occurrence,Race-Ethnicity,American Indian/Alaska Native,HOM,Assault (homicide),ICD-10,,1,Cell suppressed for small numbers,02/17/2026,02/17/2026,2026-01-01,2026-02-17,2026-02-17,True,Cell suppressed for small numbers,,False,False,2026-01
4445,2026,1,Occurrence,Race-Ethnicity,Asian,HOM,Assault (homicide),ICD-10,,1,Cell suppressed for small numbers,02/17/2026,02/17/2026,2026-01-01,2026-02-17,2026-02-17,True,Cell suppressed for small numbers,,False,False,2026-01
4446,2026,1,Occurrence,Race-Ethnicity,Black,HOM,Assault (homicide),ICD-10,,1,Cell suppressed for small numbers,02/17/2026,02/17/2026,2026-01-01,2026-02-17,2026-02-17,True,Cell suppressed for small numbers,,False,False,2026-01
4447,2026,1,Occurrence,Race-Ethnicity,Hawaiian/Pacific Islander,HOM,Assault (homicide),ICD-10,0.0,,,02/17/2026,02/17/2026,2026-01-01,2026-02-17,2026-02-17,False,,0.0,False,False,2026-01
4448,2026,1,Occurrence,Race-Ethnicity,Hispanic,HOM,Assault (homicide),ICD-10,34.0,,,02/17/2026,02/17/2026,2026-01-01,2026-02-17,2026-02-17,False,,34.0,False,False,2026-01
4449,2026,1,Occurrence,Race-Ethnicity,Multi-Race,HOM,Assault (homicide),ICD-10,,1,Cell suppressed for small numbers,02/17/2026,02/17/2026,2026-01-01,2026-02-17,2026-02-17,True,Cell suppressed for small numbers,,False,False,2026-01
4450,2026,1,Occurrence,Race-Ethnicity,White,HOM,Assault (homicide),ICD-10,,1,Cell suppressed for small numbers,02/17/2026,02/17/2026,2026-01-01,2026-02-17,2026-02-17,True,Cell suppressed for small numbers,,False,False,2026-01
4451,2026,1,Occurrence,Race-Ethnicity,Other/Unknown,HOM,Assault (homicide),ICD-10,0.0,,,02/17/2026,02/17/2026,2026-01-01,2026-02-17,2026-02-17,False,,0.0,False,False,2026-01
4452,2026,1,Occurrence,Total Population,Total Population,HTD,Diseases of heart,ICD-10,4807.0,,,02/17/2026,02/17/2026,2026-01-01,2026-02-17,2026-02-17,False,,4807.0,True,False,2026-01
4453,2026,1,Occurrence,Gender,Female,HTD,Diseases of heart,ICD-10,2164.0,,,02/17/2026,02/17/2026,2026-01-01,2026-02-17,2026-02-17,False,,2164.0,False,False,2026-01
4454,2026,1,Occurrence,Gender,Male,HTD,Diseases of heart,ICD-10,2643.0,,,02/17/2026,02/17/2026,2026-01-01,2026-02-17,2026-02-17,False,,2643.0,False,False,2026-01
4455,2026,1,Occurrence,Race-Ethnicity,American Indian/Alaska Native,HTD,Diseases of heart,ICD-10,23.0,,,02/17/2026,02/17/2026,2026-01-01,2026-02-17,2026-02-17,False,,23.0,False,False,2026-01
4456,2026,1,Occurrence,Race-Ethnicity,Asian,HTD,Diseases of heart,ICD-10,532.0,,,02/17/2026,02/17/2026,2026-01-01,2026-02-17,2026-02-17,False,,532.0,False,False,2026-01
4457,2026,1,Occurrence,Race-Ethnicity,Black,HTD,Diseases of heart,ICD-10,407.0,,,02/17/2026,02/17/2026,2026-01-01,2026-02-17,2026-02-17,False,,407.0,False,False,2026-01
4458,2026,1,Occurrence,Race-Ethnicity,Hawaiian/Pacific Islander,HTD,Diseases of heart,ICD-10,26.0,,,02/17/2026,02/17/2026,2026-01-01,2026-02-17,2026-02-17,False,,26.0,False,False,2026-01
4459,2026,1,Occurrence,Race-Ethnicity,Hispanic,HTD,Diseases of heart,ICD-10,921.0,,,02/17/2026,02/17/2026,2026-01-01,2026-02-17,2026-02-17,False,,921.0,False,False,2026-01
4460,2026,1,Occurrence,Race-Ethnicity,Multi-Race,HTD,Diseases of heart,ICD-10,38.0,,,02/17/2026,02/17/2026,2026-01-01,2026-02-17,2026-02-17,False,,38.0,False,False,2026-01
4461,2026,1,Occurrence,Race-Ethnicity,White,HTD,Diseases of heart,ICD-10,2809.0,,,02/17/2026,02/17/2026,2026-01-01,2026-02-17,2026-02-17,False,,2809.0,False,False,2026-01
4462,2026,1,Occurrence,Race-Ethnicity,Other/Unknown,HTD,Diseases of heart,ICD-10,51.0,,,02/17/2026,02/17/2026,2026-01-01,2026-02-17,2026-02-17,False,,51.0,False,False,2026-01
4463,2026,1,Occurrence,Total Population,Total Population,HYP,Essential hypertension and hypertensive renal disease,ICD-10,627.0,,,02/17/2026,02/17/2026,2026-01-01,2026-02-17,2026-02-17,False,,627.0,True,False,2026-01
4464,2026,1,Occurrence,Gender,Female,HYP,Essential hypertension and hypertensive renal disease,ICD-10,318.0,,,02/17/2026,02/17/2026,2026-01-01,2026-02-17,2026-02-17,False,,318.0,False,False,2026-01
4465,2026,1,Occurrence,Gender,Male,HYP,Essential hypertension and hypertensive renal disease,ICD-10,309.0,,,02/17/2026,02/17/2026,2026-01-01,2026-02-17,2026-02-17,False,,309.0,False,False,2026-01
4466,2026,1,Occurrence,Race-Ethnicity,American Indian/Alaska Native,HYP,Essential hypertension and hypertensive renal disease,ICD-10,,1,Cell suppressed for small numbers,02/17/2026,02/17/2026,2026-01-01,2026-02-17,2026-02-17,True,Cell suppressed for small numbers,,False,False,2026-01
4467,2026,1,Occurrence,Race-Ethnicity,Asian,HYP,Essential hypertension and hypertensive renal disease,ICD-10,104.0,,,02/17/2026,02/17/2026,2026-01-01,2026-02-17,2026-02-17,False,,104.0,False,False,2026-01
4468,2026,1,Occurrence,Race-Ethnicity,Black,HYP,Essential hypertension and hypertensive renal disease,ICD-10,63.0,,,02/17/2026,02/17/2026,2026-01-01,2026-02-17,2026-02-17,False,,63.0,False,False,2026-01
4469,2026,1,Occurrence,Race-Ethnicity,Hawaiian/Pacific Islander,HYP,Essential hypertension and hypertensive renal disease,ICD-10,,1,Cell suppressed for small numbers,02/17/2026,02/17/2026,2026-01-01,2026-02-17,2026-02-17,True,Cell suppressed for small numbers,,False,False,2026-01
4470,2026,1,Occurrence,Race-Ethnicity,Hispanic,HYP,Essential hypertension and hypertensive renal disease,ICD-10,138.0,,,02/17/2026,02/17/2026,2026-01-01,2026-02-17,2026-02-17,False,,138.0,False,False,2026-01
4471,2026,1,Occurrence,Race-Ethnicity,Multi-Race,HYP,Essential hypertension and hypertensive renal disease,ICD-10,,1,Cell suppressed for small numbers,02/17/2026,02/17/2026,2026-01-01,2026-02-17,2026-02-17,True,Cell suppressed for small numbers,,False,False,2026-01
4472,2026,1,Occurrence,Race-Ethnicity,White,HYP,Essential hypertension and hypertensive renal disease,ICD-10,305.0,,,02/17/2026,02/17/2026,2026-01-01,2026-02-17,2026-02-17,False,,305.0,False,False,2026-01
4473,2026,1,Occurrence,Race-Ethnicity,Other/Unknown,HYP,Essential hypertension and hypertensive renal disease,ICD-10,,1,Cell suppressed for small numbers,02/17/2026,02/17/2026,2026-01-01,2026-02-17,2026-02-17,True,Cell suppressed for small numbers,,False,False,2026-01
4474,2026,1,Occurrence,Total Population,Total Population,INJ,Accidents (unintentional injuries),ICD-10,479.0,,,02/17/2026,02/17/2026,2026-01-01,2026-02-17,2026-02-17,False,,479.0,True,False,2026-01
4475,2026,1,Occurrence,Gender,Female,INJ,Accidents (unintentional injuries),ICD-10,166.0,,,02/17/2026,02/17/2026,2026-01-01,2026-02-17,2026-02-17,False,,166.0,False,False,2026-01
4476,2026,1,Occurrence,Gender,Male,INJ,Accidents (unintentional injuries),ICD-10,313.0,,,02/17/2026,02/17/2026,2026-01-01,2026-02-17,2026-02-17,False,,313.0,False,False,2026-01
4477,2026,1,Occurrence,Race-Ethnicity,American Indian/Alaska Native,INJ,Accidents (unintentional injuries),ICD-10,,1,Cell suppressed for small numbers,02/17/2026,02/17/2026,2026-01-01,2026-02-17,2026-02-17,True,Cell suppressed for small numbers,,False,False,2026-01
4478,2026,1,Occurrence,Race-Ethnicity,Asian,INJ,Accidents (unintentional injuries),ICD-10,40.0,,,02/17/2026,02/17/2026,2026-01-01,2026-02-17,2026-02-17,False,,40.0,False,False,2026-01
4479,2026,1,Occurrence,Race-Ethnicity,Black,INJ,Accidents (unintentional injuries),ICD-10,26.0,,,02/17/2026,02/17/2026,2026-01-01,2026-02-17,2026-02-17,False,,26.0,False,False,2026-01
4480,2026,1,Occurrence,Race-Ethnicity,Hawaiian/Pacific Islander,INJ,Accidents (unintentional injuries),ICD-10,,1,Cell suppressed for small numbers,02/17/2026,02/17/2026,2026-01-01,2026-02-17,2026-02-17,True,Cell suppressed for small numbers,,False,False,2026-01
4481,2026,1,Occurrence,Race-Ethnicity,Hispanic,INJ,Accidents (unintentional injuries),ICD-10,146.0,,,02/17/2026,02/17/2026,2026-01-01,2026-02-17,2026-02-17,False,,146.0,False,False,2026-01
4482,2026,1,Occurrence,Race-Ethnicity,Multi-Race,INJ,Accidents (unintentional injuries),ICD-10,,1,Cell suppressed for small numbers,02/17/2026,02/17/2026,2026-01-01,2026-02-17,2026-02-17,True,Cell suppressed for small numbers,,False,False,2026-01
4483,2026,1,Occurrence,Race-Ethnicity,White,INJ,Accidents (unintentional injuries),ICD-10,249.0,,,02/17/2026,02/17/2026,2026-01-01,2026-02-17,2026-02-17,False,,249.0,False,False,2026-01
4484,2026,1,Occurrence,Race-Ethnicity,Other/Unknown,INJ,Accidents (unintentional injuries),ICD-10,,1,Cell suppressed for small numbers,02/17/2026,02/17/2026,2026-01-01,2026-02-17,2026-02-17,True,Cell suppressed for small numbers,,False,False,2026-01
4485,2026,1,Occurrence,Total Population,Total Population,LIV,Chronic liver disease and cirrhosis,ICD-10,512.0,,,02/17/2026,02/17/2026,2026-01-01,2026-02-17,2026-02-17,False,,512.0,True,False,2026-01
4486,2026,1,Occurrence,Gender,Female,LIV,Chronic liver disease and cirrhosis,ICD-10,202.0,,,02/17/2026,02/17/2026,2026-01-01,2026-02-17,2026-02-17,False,,202.0,False,False,2026-01
4487,2026,1,Occurrence,Gender,Male,LIV,Chronic liver disease and cirrhosis,ICD-10,310.0,,,02/17/2026,02/17/2026,2026-01-01,2026-02-17,2026-02-17,False,,310.0,False,False,2026-01
4488,2026,1,Occurrence,Race-Ethnicity,American Indian/Alaska Native,LIV,Chronic liver disease and cirrhosis,ICD-10,,1,Cell suppressed for small numbers,02/17/2026,02/17/2026,2026-01-01,2026-02-17,2026-02-17,True,Cell suppressed for small numbers,,False,False,2026-01
4489,2026,1,Occurrence,Race-Ethnicity,Asian,LIV,Chronic liver disease and cirrhosis,ICD-10,30.0,,,02/17/2026,02/17/2026,2026-01-01,2026-02-17,2026-02-17,False,,30.0,False,False,2026-01
4490,2026,1,Occurrence,Race-Ethnicity,Black,LIV,Chronic liver disease and cirrhosis,ICD-10,27.0,,,02/17/2026,02/17/2026,2026-01-01,2026-02-17,2026-02-17,False,,27.0,False,False,2026-01
4491,2026,1,Occurrence,Race-Ethnicity,Hawaiian/Pacific Islander,LIV,Chronic liver disease and cirrhosis,ICD-10,0.0,,,02/17/2026,02/17/2026,2026-01-01,2026-02-17,2026-02-17,False,,0.0,False,False,2026-01
4492,2026,1,Occurrence,Race-Ethnicity,Hispanic,LIV,Chronic liver disease and cirrhosis,ICD-10,250.0,,,02/17/2026,02/17/2026,2026-01-01,2026-02-17,2026-02-17,False,,250.0,False,False,2026-01
4493,2026,1,Occurrence,Race-Ethnicity,Multi-Race,LIV,Chronic liver disease and cirrhosis,ICD-10,,1,Cell suppressed for small numbers,02/17/2026,02/17/2026,2026-01-01,2026-02-17,2026-02-17,True,Cell suppressed for small numbers,,False,False,2026-01
4494,2026,1,Occurrence,Race-Ethnicity,White,LIV,Chronic liver disease and cirrhosis,ICD-10,192.0,,,02/17/2026,02/17/2026,2026-01-01,2026-02-17,2026-02-17,False,,192.0,False,False,2026-01
4495,2026,1,Occurrence,Race-Ethnicity,Other/Unknown,LIV,Chronic liver disease and cirrhosis,ICD-10,,1,Cell suppressed for small numbers,02/17/2026,02/17/2026,2026-01-01,2026-02-17,2026-02-17,True,Cell suppressed for small numbers,,False,False,2026-01
4496,2026,1,Occurrence,Total Population,Total Population,NEP,"Nephritis, nephrotic syndrome and nephrosis",ICD-10,337.0,,,02/17/2026,02/17/2026,2026-01-01,2026-02-17,2026-02-17,False,,337.0,True,False,2026-01
4497,2026,1,Occurrence,Gender,Female,NEP,"Nephritis, nephrotic syndrome and nephrosis",ICD-10,171.0,,,02/17/2026,02/17/2026,2026-01-01,2026-02-17,2026-02-17,False,,171.0,False,False,2026-01
4498,2026,1,Occurrence,Gender,Male,NEP,"Nephritis, nephrotic syndrome and nephrosis",ICD-10,166.0,,,02/17/2026,02/17/2026,2026-01-01,2026-02-17,2026-02-17,False,,166.0,False,False,2026-01
4499,2026,1,Occurrence,Race-Ethnicity,American Indian/Alaska Native,NEP,"Nephritis, nephrotic syndrome and nephrosis",ICD-10,,1,Cell suppressed for small numbers,02/17/2026,02/17/2026,2026-01-01,2026-02-17,2026-02-17,True,Cell suppressed for small numbers,,False,False,2026-01
4500,2026,1,Occurrence,Race-Ethnicity,Asian,NEP,"Nephritis, nephrotic syndrome and nephrosis",ICD-10,54.0,,,02/17/2026,02/17/2026,2026-01-01,2026-02-17,2026-02-17,False,,54.0,False,False,2026-01
4501,2026,1,Occurrence,Race-Ethnicity,Black,NEP,"Nephritis, nephrotic syndrome and nephrosis",ICD-10,31.0,,,02/17/2026,02/17/2026,2026-01-01,2026-02-17,2026-02-17,False,,31.0,False,False,2026-01
4502,2026,1,Occurrence,Race-Ethnicity,Hawaiian/Pacific Islander,NEP,"Nephritis, nephrotic syndrome and nephrosis",ICD-10,,1,Cell suppressed for small numbers,02/17/2026,02/17/2026,2026-01-01,2026-02-17,2026-02-17,True,Cell suppressed for small numbers,,False,False,2026-01
4503,2026,1,Occurrence,Race-Ethnicity,Hispanic,NEP,"Nephritis, nephrotic syndrome and nephrosis",ICD-10,108.0,,,02/17/2026,02/17/2026,2026-01-01,2026-02-17,2026-02-17,False,,108.0,False,False,2026-01
4504,2026,1,Occurrence,Race-Ethnicity,Multi-Race,NEP,"Nephritis, nephrotic syndrome and nephrosis",ICD-10,,1,Cell suppressed for small numbers,02/17/2026,02/17/2026,2026-01-01,2026-02-17,2026-02-17,True,Cell suppressed for small numbers,,False,False,2026-01
4505,2026,1,Occurrence,Race-Ethnicity,White,NEP,"Nephritis, nephrotic syndrome and nephrosis",ICD-10,134.0,,,02/17/2026,02/17/2026,2026-01-01,2026-02-17,2026-02-17,False,,134.0,False,False,2026-01
4506,2026,1,Occurrence,Race-Ethnicity,Other/Unknown,NEP,"Nephritis, nephrotic syndrome and nephrosis",ICD-10,0.0,,,02/17/2026,02/17/2026,2026-01-01,2026-02-17,2026-02-17,False,,0.0,False,False,2026-01
4507,2026,1,Occurrence,Total Population,Total Population,PAR,Parkinson's disease,ICD-10,405.0,,,02/17/2026,02/17/2026,2026-01-01,2026-02-17,2026-02-17,False,,405.0,True,False,2026-01
4508,2026,1,Occurrence,Gender,Female,PAR,Parkinson's disease,ICD-10,140.0,,,02/17/2026,02/17/2026,2026-01-01,2026-02-17,2026-02-17,False,,140.0,False,False,2026-01
4509,2026,1,Occurrence,Gender,Male,PAR,Parkinson's disease,ICD-10,265.0,,,02/17/2026,02/17/2026,2026-01-01,2026-02-17,2026-02-17,False,,265.0,False,False,2026-01
4510,2026,1,Occurrence,Race-Ethnicity,American Indian/Alaska Native,PAR,Parkinson's disease,ICD-10,0.0,,,02/17/2026,02/17/2026,2026-01-01,2026-02-17,2026-02-17,False,,0.0,False,False,2026-01
4511,2026,1,Occurrence,Race-Ethnicity,Asian,PAR,Parkinson's disease,ICD-10,70.0,,,02/17/2026,02/17/2026,2026-01-01,2026-02-17,2026-02-17,False,,70.0,False,False,2026-01
4512,2026,1,Occurrence,Race-Ethnicity,Black,PAR,Parkinson's disease,ICD-10,,1,Cell suppressed for small numbers,02/17/2026,02/17/2026,2026-01-01,2026-02-17,2026-02-17,True,Cell suppressed for small numbers,,False,False,2026-01
4513,2026,1,Occurrence,Race-Ethnicity,Hawaiian/Pacific Islander,PAR,Parkinson's disease,ICD-10,,1,Cell suppressed for small numbers,02/17/2026,02/17/2026,2026-01-01,2026-02-17,2026-02-17,True,Cell suppressed for small numbers,,False,False,2026-01
4514,2026,1,Occurrence,Race-Ethnicity,Hispanic,PAR,Parkinson's disease,ICD-10,68.0,,,02/17/2026,02/17/2026,2026-01-01,2026-02-17,2026-02-17,False,,68.0,False,False,2026-01
4515,2026,1,Occurrence,Race-Ethnicity,Multi-Race,PAR,Parkinson's disease,ICD-10,,1,Cell suppressed for small numbers,02/17/2026,02/17/2026,2026-01-01,2026-02-17,2026-02-17,True,Cell suppressed for small numbers,,False,False,2026-01
4516,2026,1,Occurrence,Race-Ethnicity,White,PAR,Parkinson's disease,ICD-10,251.0,,,02/17/2026,02/17/2026,2026-01-01,2026-02-17,2026-02-17,False,,251.0,False,False,2026-01
4517,2026,1,Occurrence,Race-Ethnicity,Other/Unknown,PAR,Parkinson's disease,ICD-10,,1,Cell suppressed for small numbers,02/17/2026,02/17/2026,2026-01-01,2026-02-17,2026-02-17,True,Cell suppressed for small numbers,,False,False,2026-01
4518,2026,1,Occurrence,Total Population,Total Population,PNF,Influenza and pneumonia,ICD-10,617.0,,,02/17/2026,02/17/2026,2026-01-01,2026-02-17,2026-02-17,False,,617.0,True,False,2026-01
4519,2026,1,Occurrence,Gender,Female,PNF,Influenza and pneumonia,ICD-10,297.0,,,02/17/2026,02/17/2026,2026-01-01,2026-02-17,2026-02-17,False,,297.0,False,False,2026-01
4520,2026,1,Occurrence,Gender,Male,PNF,Influenza and pneumonia,ICD-10,320.0,,,02/17/2026,02/17/2026,2026-01-01,2026-02-17,2026-02-17,False,,320.0,False,False,2026-01
4521,2026,1,Occurrence,Race-Ethnicity,American Indian/Alaska Native,PNF,Influenza and pneumonia,ICD-10,,1,Cell suppressed for small numbers,02/17/2026,02/17/2026,2026-01-01,2026-02-17,2026-02-17,True,Cell suppressed for small numbers,,False,False,2026-01
4522,2026,1,Occurrence,Race-Ethnicity,Asian,PNF,Influenza and pneumonia,ICD-10,121.0,,,02/17/2026,02/17/2026,2026-01-01,2026-02-17,2026-02-17,False,,121.0,False,False,2026-01
4523,2026,1,Occurrence,Race-Ethnicity,Black,PNF,Influenza and pneumonia,ICD-10,29.0,,,02/17/2026,02/17/2026,2026-01-01,2026-02-17,2026-02-17,False,,29.0,False,False,2026-01
4524,2026,1,Occurrence,Race-Ethnicity,Hawaiian/Pacific Islander,PNF,Influenza and pneumonia,ICD-10,,1,Cell suppressed for small numbers,02/17/2026,02/17/2026,2026-01-01,2026-02-17,2026-02-17,True,Cell suppressed for small numbers,,False,False,2026-01
4525,2026,1,Occurrence,Race-Ethnicity,Hispanic,PNF,Influenza and pneumonia,ICD-10,142.0,,,02/17/2026,02/17/2026,2026-01-01,2026-02-17,2026-02-17,False,,142.0,False,False,2026-01
4526,2026,1,Occurrence,Race-Ethnicity,Multi-Race,PNF,Influenza and pneumonia,ICD-10,,1,Cell suppressed for small numbers,02/17/2026,02/17/2026,2026-01-01,2026-02-17,2026-02-17,True,Cell suppressed for small numbers,,False,False,2026-01
4527,2026,1,Occurrence,Race-Ethnicity,White,PNF,Influenza and pneumonia,ICD-10,308.0,,,02/17/2026,02/17/2026,2026-01-01,2026-02-17,2026-02-17,False,,308.0,False,False,2026-01
4528,2026,1,Occurrence,Race-Ethnicity,Other/Unknown,PNF,Influenza and pneumonia,ICD-10,,1,Cell suppressed for small numbers,02/17/2026,02/17/2026,2026-01-01,2026-02-17,2026-02-17,True,Cell suppressed for small numbers,,False,False,2026-01
4529,2026,1,Occurrence,Total Population,Total Population,STK,Cerebrovascular diseases,ICD-10,1501.0,,,02/17/2026,02/17/2026,2026-01-01,2026-02-17,2026-02-17,False,,1501.0,True,False,2026-01
4530,2026,1,Occurrence,Gender,Female,STK,Cerebrovascular diseases,ICD-10,841.0,,,02/17/2026,02/17/2026,2026-01-01,2026-02-17,2026-02-17,False,,841.0,False,False,2026-01
4531,2026,1,Occurrence,Gender,Male,STK,Cerebrovascular diseases,ICD-10,660.0,,,02/17/2026,02/17/2026,2026-01-01,2026-02-17,2026-02-17,False,,660.0,False,False,2026-01
4532,2026,1,Occurrence,Race-Ethnicity,American Indian/Alaska Native,STK,Cerebrovascular diseases,ICD-10,,1,Cell suppressed for small numbers,02/17/2026,02/17/2026,2026-01-01,2026-02-17,2026-02-17,True,Cell suppressed for small numbers,,False,False,2026-01
4533,2026,1,Occurrence,Race-Ethnicity,Asian,STK,Cerebrovascular diseases,ICD-10,231.0,,,02/17/2026,02/17/2026,2026-01-01,2026-02-17,2026-02-17,False,,231.0,False,False,2026-01
4534,2026,1,Occurrence,Race-Ethnicity,Black,STK,Cerebrovascular diseases,ICD-10,105.0,,,02/17/2026,02/17/2026,2026-01-01,2026-02-17,2026-02-17,False,,105.0,False,False,2026-01
4535,2026,1,Occurrence,Race-Ethnicity,Hawaiian/Pacific Islander,STK,Cerebrovascular diseases,ICD-10,,1,Cell suppressed for small numbers,02/17/2026,02/17/2026,2026-01-01,2026-02-17,2026-02-17,True,Cell suppressed for small numbers,,False,False,2026-01
4536,2026,1,Occurrence,Race-Ethnicity,Hispanic,STK,Cerebrovascular diseases,ICD-10,303.0,,,02/17/2026,02/17/2026,2026-01-01,2026-02-17,2026-02-17,False,,303.0,False,False,2026-01
4537,2026,1,Occurrence,Race-Ethnicity,Multi-Race,STK,Cerebrovascular diseases,ICD-10,18.0,,,02/17/2026,02/17/2026,2026-01-01,2026-02-17,2026-02-17,False,,18.0,False,False,2026-01
4538,2026,1,Occurrence,Race-Ethnicity,White,STK,Cerebrovascular diseases,ICD-10,811.0,,,02/17/2026,02/17/2026,2026-01-01,2026-02-17,2026-02-17,False,,811.0,False,False,2026-01
4539,2026,1,Occurrence,Race-Ethnicity,Other/Unknown,STK,Cerebrovascular diseases,ICD-10,17.0,,,02/17/2026,02/17/2026,2026-01-01,2026-02-17,2026-02-17,False,,17.0,False,False,2026-01
4540,2026,1,Occurrence,Total Population,Total Population,SUI,Intentional self-harm (suicide),ICD-10,143.0,,,02/17/2026,02/17/2026,2026-01-01,2026-02-17,2026-02-17,False,,143.0,True,False,2026-01
4541,2026,1,Occurrence,Gender,Female,SUI,Intentional self-harm (suicide),ICD-10,18.0,,,02/17/2026,02/17/2026,2026-01-01,2026-02-17,2026-02-17,False,,18.0,False,False,2026-01
4542,2026,1,Occurrence,Gender,Male,SUI,Intentional self-harm (suicide),ICD-10,125.0,,,02/17/2026,02/17/2026,2026-01-01,2026-02-17,2026-02-17,False,,125.0,False,False,2026-01
4543,2026,1,Occurrence,Race-Ethnicity,American Indian/Alaska Native,SUI,Intentional self-harm (suicide),ICD-10,0.0,,,02/17/2026,02/17/2026,2026-01-01,2026-02-17,2026-02-17,False,,0.0,False,False,2026-01
4544,2026,1,Occurrence,Race-Ethnicity,Asian,SUI,Intentional self-harm (suicide),ICD-10,18.0,,,02/17/2026,02/17/2026,2026-01-01,2026-02-17,2026-02-17,False,,18.0,False,False,2026-01
4545,2026,1,Occurrence,Race-Ethnicity,Black,SUI,Intentional self-harm (suicide),ICD-10,,1,Cell suppressed for small numbers,02/17/2026,02/17/2026,2026-01-01,2026-02-17,2026-02-17,True,Cell suppressed for small numbers,,False,False,2026-01
4546,2026,1,Occurrence,Race-Ethnicity,Hawaiian/Pacific Islander,SUI,Intentional self-harm (suicide),ICD-10,,1,Cell suppressed for small numbers,02/17/2026,02/17/2026,2026-01-01,2026-02-17,2026-02-17,True,Cell suppressed for small numbers,,False,False,2026-01
4547,2026,1,Occurrence,Race-Ethnicity,Hispanic,SUI,Intentional self-harm (suicide),ICD-10,32.0,,,02/17/2026,02/17/2026,2026-01-01,2026-02-17,2026-02-17,False,,32.0,False,False,2026-01
4548,2026,1,Occurrence,Race-Ethnicity,Multi-Race,SUI,Intentional self-harm (suicide),ICD-10,,1,Cell suppressed for small numbers,02/17/2026,02/17/2026,2026-01-01,2026-02-17,2026-02-17,True,Cell suppressed for small numbers,,False,False,2026-01
4549,2026,1,Occurrence,Race-Ethnicity,White,SUI,Intentional self-harm (suicide),ICD-10,78.0,,,02/17/2026,02/17/2026,2026-01-01,2026-02-17,2026-02-17,False,,78.0,False,False,2026-01
4550,2026,1,Occurrence,Race-Ethnicity,Other/Unknown,SUI,Intentional self-harm (suicide),ICD-10,,1,Cell suppressed for small numbers,02/17/2026,02/17/2026,2026-01-01,2026-02-17,2026-02-17,True,Cell suppressed for small numbers,,False,False,2026-01
