_id,Year,Month,Geography_Type,Strata,Strata_Name,Cause,Cause_Desc,ICD_Revision,Count,Annotation_Code,Annotation_Desc,Data_Extract_Date,Data_Revision_Date,report_month,data_extract_date,data_revision_date,is_suppressed,suppression_type,count_numeric,is_total_population,is_all_cause,report_month_label
21,2024,1,Occurrence,Race-Ethnicity,American Indian/Alaska Native,ALL,All causes (total),ICD-10,120.0,,,02/17/2026,02/17/2026,2024-01-01,2026-02-17,2026-02-17,False,,120.0,False,True,2024-01
22,2024,1,Occurrence,Race-Ethnicity,Asian,ALL,All causes (total),ICD-10,3160.0,,,02/17/2026,02/17/2026,2024-01-01,2026-02-17,2026-02-17,False,,3160.0,False,True,2024-01
23,2024,1,Occurrence,Race-Ethnicity,Black,ALL,All causes (total),ICD-10,2204.0,,,02/17/2026,02/17/2026,2024-01-01,2026-02-17,2026-02-17,False,,2204.0,False,True,2024-01
24,2024,1,Occurrence,Race-Ethnicity,Hawaiian/Pacific Islander,ALL,All causes (total),ICD-10,123.0,,,02/17/2026,02/17/2026,2024-01-01,2026-02-17,2026-02-17,False,,123.0,False,True,2024-01
25,2024,1,Occurrence,Race-Ethnicity,Hispanic,ALL,All causes (total),ICD-10,6217.0,,,02/17/2026,02/17/2026,2024-01-01,2026-02-17,2026-02-17,False,,6217.0,False,True,2024-01
26,2024,1,Occurrence,Race-Ethnicity,Multi-Race,ALL,All causes (total),ICD-10,267.0,,,02/17/2026,02/17/2026,2024-01-01,2026-02-17,2026-02-17,False,,267.0,False,True,2024-01
27,2024,1,Occurrence,Race-Ethnicity,White,ALL,All causes (total),ICD-10,15406.0,,,02/17/2026,02/17/2026,2024-01-01,2026-02-17,2026-02-17,False,,15406.0,False,True,2024-01
28,2024,1,Occurrence,Race-Ethnicity,Other/Unknown,ALL,All causes (total),ICD-10,231.0,,,02/17/2026,02/17/2026,2024-01-01,2026-02-17,2026-02-17,False,,231.0,False,True,2024-01
32,2024,1,Occurrence,Race-Ethnicity,American Indian/Alaska Native,ALZ,Alzheimer's disease,ICD-10,,1,Cell suppressed for small numbers,02/17/2026,02/17/2026,2024-01-01,2026-02-17,2026-02-17,True,Cell suppressed for small numbers,,False,False,2024-01
33,2024,1,Occurrence,Race-Ethnicity,Asian,ALZ,Alzheimer's disease,ICD-10,204.0,,,02/17/2026,02/17/2026,2024-01-01,2026-02-17,2026-02-17,False,,204.0,False,False,2024-01
34,2024,1,Occurrence,Race-Ethnicity,Black,ALZ,Alzheimer's disease,ICD-10,100.0,,,02/17/2026,02/17/2026,2024-01-01,2026-02-17,2026-02-17,False,,100.0,False,False,2024-01
35,2024,1,Occurrence,Race-Ethnicity,Hawaiian/Pacific Islander,ALZ,Alzheimer's disease,ICD-10,,1,Cell suppressed for small numbers,02/17/2026,02/17/2026,2024-01-01,2026-02-17,2026-02-17,True,Cell suppressed for small numbers,,False,False,2024-01
36,2024,1,Occurrence,Race-Ethnicity,Hispanic,ALZ,Alzheimer's disease,ICD-10,289.0,,,02/17/2026,02/17/2026,2024-01-01,2026-02-17,2026-02-17,False,,289.0,False,False,2024-01
37,2024,1,Occurrence,Race-Ethnicity,Multi-Race,ALZ,Alzheimer's disease,ICD-10,12.0,,,02/17/2026,02/17/2026,2024-01-01,2026-02-17,2026-02-17,False,,12.0,False,False,2024-01
38,2024,1,Occurrence,Race-Ethnicity,White,ALZ,Alzheimer's disease,ICD-10,1051.0,,,02/17/2026,02/17/2026,2024-01-01,2026-02-17,2026-02-17,False,,1051.0,False,False,2024-01
39,2024,1,Occurrence,Race-Ethnicity,Other/Unknown,ALZ,Alzheimer's disease,ICD-10,,1,Cell suppressed for small numbers,02/17/2026,02/17/2026,2024-01-01,2026-02-17,2026-02-17,True,Cell suppressed for small numbers,,False,False,2024-01
43,2024,1,Occurrence,Race-Ethnicity,American Indian/Alaska Native,CAN,Malignant neoplasms,ICD-10,21.0,,,02/17/2026,02/17/2026,2024-01-01,2026-02-17,2026-02-17,False,,21.0,False,False,2024-01
44,2024,1,Occurrence,Race-Ethnicity,Asian,CAN,Malignant neoplasms,ICD-10,684.0,,,02/17/2026,02/17/2026,2024-01-01,2026-02-17,2026-02-17,False,,684.0,False,False,2024-01
45,2024,1,Occurrence,Race-Ethnicity,Black,CAN,Malignant neoplasms,ICD-10,405.0,,,02/17/2026,02/17/2026,2024-01-01,2026-02-17,2026-02-17,False,,405.0,False,False,2024-01
46,2024,1,Occurrence,Race-Ethnicity,Hawaiian/Pacific Islander,CAN,Malignant neoplasms,ICD-10,27.0,,,02/17/2026,02/17/2026,2024-01-01,2026-02-17,2026-02-17,False,,27.0,False,False,2024-01
47,2024,1,Occurrence,Race-Ethnicity,Hispanic,CAN,Malignant neoplasms,ICD-10,1166.0,,,02/17/2026,02/17/2026,2024-01-01,2026-02-17,2026-02-17,False,,1166.0,False,False,2024-01
48,2024,1,Occurrence,Race-Ethnicity,Multi-Race,CAN,Malignant neoplasms,ICD-10,45.0,,,02/17/2026,02/17/2026,2024-01-01,2026-02-17,2026-02-17,False,,45.0,False,False,2024-01
49,2024,1,Occurrence,Race-Ethnicity,White,CAN,Malignant neoplasms,ICD-10,3013.0,,,02/17/2026,02/17/2026,2024-01-01,2026-02-17,2026-02-17,False,,3013.0,False,False,2024-01
50,2024,1,Occurrence,Race-Ethnicity,Other/Unknown,CAN,Malignant neoplasms,ICD-10,38.0,,,02/17/2026,02/17/2026,2024-01-01,2026-02-17,2026-02-17,False,,38.0,False,False,2024-01
54,2024,1,Occurrence,Race-Ethnicity,American Indian/Alaska Native,CLD,Chronic lower respiratory diseases,ICD-10,,1,Cell suppressed for small numbers,02/17/2026,02/17/2026,2024-01-01,2026-02-17,2026-02-17,True,Cell suppressed for small numbers,,False,False,2024-01
55,2024,1,Occurrence,Race-Ethnicity,Asian,CLD,Chronic lower respiratory diseases,ICD-10,91.0,,,02/17/2026,02/17/2026,2024-01-01,2026-02-17,2026-02-17,False,,91.0,False,False,2024-01
56,2024,1,Occurrence,Race-Ethnicity,Black,CLD,Chronic lower respiratory diseases,ICD-10,77.0,,,02/17/2026,02/17/2026,2024-01-01,2026-02-17,2026-02-17,False,,77.0,False,False,2024-01
57,2024,1,Occurrence,Race-Ethnicity,Hawaiian/Pacific Islander,CLD,Chronic lower respiratory diseases,ICD-10,,1,Cell suppressed for small numbers,02/17/2026,02/17/2026,2024-01-01,2026-02-17,2026-02-17,True,Cell suppressed for small numbers,,False,False,2024-01
58,2024,1,Occurrence,Race-Ethnicity,Hispanic,CLD,Chronic lower respiratory diseases,ICD-10,117.0,,,02/17/2026,02/17/2026,2024-01-01,2026-02-17,2026-02-17,False,,117.0,False,False,2024-01
59,2024,1,Occurrence,Race-Ethnicity,Multi-Race,CLD,Chronic lower respiratory diseases,ICD-10,12.0,,,02/17/2026,02/17/2026,2024-01-01,2026-02-17,2026-02-17,False,,12.0,False,False,2024-01
60,2024,1,Occurrence,Race-Ethnicity,White,CLD,Chronic lower respiratory diseases,ICD-10,850.0,,,02/17/2026,02/17/2026,2024-01-01,2026-02-17,2026-02-17,False,,850.0,False,False,2024-01
61,2024,1,Occurrence,Race-Ethnicity,Other/Unknown,CLD,Chronic lower respiratory diseases,ICD-10,18.0,,,02/17/2026,02/17/2026,2024-01-01,2026-02-17,2026-02-17,False,,18.0,False,False,2024-01
65,2024,1,Occurrence,Race-Ethnicity,American Indian/Alaska Native,DIA,Diabetes mellitus,ICD-10,,1,Cell suppressed for small numbers,02/17/2026,02/17/2026,2024-01-01,2026-02-17,2026-02-17,True,Cell suppressed for small numbers,,False,False,2024-01
66,2024,1,Occurrence,Race-Ethnicity,Asian,DIA,Diabetes mellitus,ICD-10,158.0,,,02/17/2026,02/17/2026,2024-01-01,2026-02-17,2026-02-17,False,,158.0,False,False,2024-01
67,2024,1,Occurrence,Race-Ethnicity,Black,DIA,Diabetes mellitus,ICD-10,113.0,,,02/17/2026,02/17/2026,2024-01-01,2026-02-17,2026-02-17,False,,113.0,False,False,2024-01
68,2024,1,Occurrence,Race-Ethnicity,Hawaiian/Pacific Islander,DIA,Diabetes mellitus,ICD-10,15.0,,,02/17/2026,02/17/2026,2024-01-01,2026-02-17,2026-02-17,False,,15.0,False,False,2024-01
69,2024,1,Occurrence,Race-Ethnicity,Hispanic,DIA,Diabetes mellitus,ICD-10,369.0,,,02/17/2026,02/17/2026,2024-01-01,2026-02-17,2026-02-17,False,,369.0,False,False,2024-01
70,2024,1,Occurrence,Race-Ethnicity,Multi-Race,DIA,Diabetes mellitus,ICD-10,,1,Cell suppressed for small numbers,02/17/2026,02/17/2026,2024-01-01,2026-02-17,2026-02-17,True,Cell suppressed for small numbers,,False,False,2024-01
71,2024,1,Occurrence,Race-Ethnicity,White,DIA,Diabetes mellitus,ICD-10,406.0,,,02/17/2026,02/17/2026,2024-01-01,2026-02-17,2026-02-17,False,,406.0,False,False,2024-01
72,2024,1,Occurrence,Race-Ethnicity,Other/Unknown,DIA,Diabetes mellitus,ICD-10,15.0,,,02/17/2026,02/17/2026,2024-01-01,2026-02-17,2026-02-17,False,,15.0,False,False,2024-01
76,2024,1,Occurrence,Race-Ethnicity,American Indian/Alaska Native,HOM,Assault (homicide),ICD-10,0.0,,,02/17/2026,02/17/2026,2024-01-01,2026-02-17,2026-02-17,False,,0.0,False,False,2024-01
77,2024,1,Occurrence,Race-Ethnicity,Asian,HOM,Assault (homicide),ICD-10,,1,Cell suppressed for small numbers,02/17/2026,02/17/2026,2024-01-01,2026-02-17,2026-02-17,True,Cell suppressed for small numbers,,False,False,2024-01
78,2024,1,Occurrence,Race-Ethnicity,Black,HOM,Assault (homicide),ICD-10,39.0,,,02/17/2026,02/17/2026,2024-01-01,2026-02-17,2026-02-17,False,,39.0,False,False,2024-01
79,2024,1,Occurrence,Race-Ethnicity,Hawaiian/Pacific Islander,HOM,Assault (homicide),ICD-10,,1,Cell suppressed for small numbers,02/17/2026,02/17/2026,2024-01-01,2026-02-17,2026-02-17,True,Cell suppressed for small numbers,,False,False,2024-01
80,2024,1,Occurrence,Race-Ethnicity,Hispanic,HOM,Assault (homicide),ICD-10,77.0,,,02/17/2026,02/17/2026,2024-01-01,2026-02-17,2026-02-17,False,,77.0,False,False,2024-01
81,2024,1,Occurrence,Race-Ethnicity,Multi-Race,HOM,Assault (homicide),ICD-10,,1,Cell suppressed for small numbers,02/17/2026,02/17/2026,2024-01-01,2026-02-17,2026-02-17,True,Cell suppressed for small numbers,,False,False,2024-01
82,2024,1,Occurrence,Race-Ethnicity,White,HOM,Assault (homicide),ICD-10,32.0,,,02/17/2026,02/17/2026,2024-01-01,2026-02-17,2026-02-17,False,,32.0,False,False,2024-01
83,2024,1,Occurrence,Race-Ethnicity,Other/Unknown,HOM,Assault (homicide),ICD-10,0.0,,,02/17/2026,02/17/2026,2024-01-01,2026-02-17,2026-02-17,False,,0.0,False,False,2024-01
87,2024,1,Occurrence,Race-Ethnicity,American Indian/Alaska Native,HTD,Diseases of heart,ICD-10,22.0,,,02/17/2026,02/17/2026,2024-01-01,2026-02-17,2026-02-17,False,,22.0,False,False,2024-01
88,2024,1,Occurrence,Race-Ethnicity,Asian,HTD,Diseases of heart,ICD-10,659.0,,,02/17/2026,02/17/2026,2024-01-01,2026-02-17,2026-02-17,False,,659.0,False,False,2024-01
89,2024,1,Occurrence,Race-Ethnicity,Black,HTD,Diseases of heart,ICD-10,518.0,,,02/17/2026,02/17/2026,2024-01-01,2026-02-17,2026-02-17,False,,518.0,False,False,2024-01
90,2024,1,Occurrence,Race-Ethnicity,Hawaiian/Pacific Islander,HTD,Diseases of heart,ICD-10,28.0,,,02/17/2026,02/17/2026,2024-01-01,2026-02-17,2026-02-17,False,,28.0,False,False,2024-01
91,2024,1,Occurrence,Race-Ethnicity,Hispanic,HTD,Diseases of heart,ICD-10,1125.0,,,02/17/2026,02/17/2026,2024-01-01,2026-02-17,2026-02-17,False,,1125.0,False,False,2024-01
92,2024,1,Occurrence,Race-Ethnicity,Multi-Race,HTD,Diseases of heart,ICD-10,58.0,,,02/17/2026,02/17/2026,2024-01-01,2026-02-17,2026-02-17,False,,58.0,False,False,2024-01
93,2024,1,Occurrence,Race-Ethnicity,White,HTD,Diseases of heart,ICD-10,3498.0,,,02/17/2026,02/17/2026,2024-01-01,2026-02-17,2026-02-17,False,,3498.0,False,False,2024-01
94,2024,1,Occurrence,Race-Ethnicity,Other/Unknown,HTD,Diseases of heart,ICD-10,40.0,,,02/17/2026,02/17/2026,2024-01-01,2026-02-17,2026-02-17,False,,40.0,False,False,2024-01
98,2024,1,Occurrence,Race-Ethnicity,American Indian/Alaska Native,HYP,Essential hypertension and hypertensive renal disease,ICD-10,,1,Cell suppressed for small numbers,02/17/2026,02/17/2026,2024-01-01,2026-02-17,2026-02-17,True,Cell suppressed for small numbers,,False,False,2024-01
99,2024,1,Occurrence,Race-Ethnicity,Asian,HYP,Essential hypertension and hypertensive renal disease,ICD-10,91.0,,,02/17/2026,02/17/2026,2024-01-01,2026-02-17,2026-02-17,False,,91.0,False,False,2024-01
100,2024,1,Occurrence,Race-Ethnicity,Black,HYP,Essential hypertension and hypertensive renal disease,ICD-10,63.0,,,02/17/2026,02/17/2026,2024-01-01,2026-02-17,2026-02-17,False,,63.0,False,False,2024-01
101,2024,1,Occurrence,Race-Ethnicity,Hawaiian/Pacific Islander,HYP,Essential hypertension and hypertensive renal disease,ICD-10,,1,Cell suppressed for small numbers,02/17/2026,02/17/2026,2024-01-01,2026-02-17,2026-02-17,True,Cell suppressed for small numbers,,False,False,2024-01
102,2024,1,Occurrence,Race-Ethnicity,Hispanic,HYP,Essential hypertension and hypertensive renal disease,ICD-10,147.0,,,02/17/2026,02/17/2026,2024-01-01,2026-02-17,2026-02-17,False,,147.0,False,False,2024-01
103,2024,1,Occurrence,Race-Ethnicity,Multi-Race,HYP,Essential hypertension and hypertensive renal disease,ICD-10,,1,Cell suppressed for small numbers,02/17/2026,02/17/2026,2024-01-01,2026-02-17,2026-02-17,True,Cell suppressed for small numbers,,False,False,2024-01
104,2024,1,Occurrence,Race-Ethnicity,White,HYP,Essential hypertension and hypertensive renal disease,ICD-10,327.0,,,02/17/2026,02/17/2026,2024-01-01,2026-02-17,2026-02-17,False,,327.0,False,False,2024-01
105,2024,1,Occurrence,Race-Ethnicity,Other/Unknown,HYP,Essential hypertension and hypertensive renal disease,ICD-10,,1,Cell suppressed for small numbers,02/17/2026,02/17/2026,2024-01-01,2026-02-17,2026-02-17,True,Cell suppressed for small numbers,,False,False,2024-01
109,2024,1,Occurrence,Race-Ethnicity,American Indian/Alaska Native,INJ,Accidents (unintentional injuries),ICD-10,,2,Cell suppressed for complementary cell,02/17/2026,02/17/2026,2024-01-01,2026-02-17,2026-02-17,True,Cell suppressed for complementary cell,,False,False,2024-01
110,2024,1,Occurrence,Race-Ethnicity,Asian,INJ,Accidents (unintentional injuries),ICD-10,87.0,,,02/17/2026,02/17/2026,2024-01-01,2026-02-17,2026-02-17,False,,87.0,False,False,2024-01
111,2024,1,Occurrence,Race-Ethnicity,Black,INJ,Accidents (unintentional injuries),ICD-10,191.0,,,02/17/2026,02/17/2026,2024-01-01,2026-02-17,2026-02-17,False,,191.0,False,False,2024-01
112,2024,1,Occurrence,Race-Ethnicity,Hawaiian/Pacific Islander,INJ,Accidents (unintentional injuries),ICD-10,,1,Cell suppressed for small numbers,02/17/2026,02/17/2026,2024-01-01,2026-02-17,2026-02-17,True,Cell suppressed for small numbers,,False,False,2024-01
113,2024,1,Occurrence,Race-Ethnicity,Hispanic,INJ,Accidents (unintentional injuries),ICD-10,569.0,,,02/17/2026,02/17/2026,2024-01-01,2026-02-17,2026-02-17,False,,569.0,False,False,2024-01
114,2024,1,Occurrence,Race-Ethnicity,Multi-Race,INJ,Accidents (unintentional injuries),ICD-10,33.0,,,02/17/2026,02/17/2026,2024-01-01,2026-02-17,2026-02-17,False,,33.0,False,False,2024-01
115,2024,1,Occurrence,Race-Ethnicity,White,INJ,Accidents (unintentional injuries),ICD-10,811.0,,,02/17/2026,02/17/2026,2024-01-01,2026-02-17,2026-02-17,False,,811.0,False,False,2024-01
116,2024,1,Occurrence,Race-Ethnicity,Other/Unknown,INJ,Accidents (unintentional injuries),ICD-10,40.0,,,02/17/2026,02/17/2026,2024-01-01,2026-02-17,2026-02-17,False,,40.0,False,False,2024-01
120,2024,1,Occurrence,Race-Ethnicity,American Indian/Alaska Native,LIV,Chronic liver disease and cirrhosis,ICD-10,,1,Cell suppressed for small numbers,02/17/2026,02/17/2026,2024-01-01,2026-02-17,2026-02-17,True,Cell suppressed for small numbers,,False,False,2024-01
121,2024,1,Occurrence,Race-Ethnicity,Asian,LIV,Chronic liver disease and cirrhosis,ICD-10,18.0,,,02/17/2026,02/17/2026,2024-01-01,2026-02-17,2026-02-17,False,,18.0,False,False,2024-01
122,2024,1,Occurrence,Race-Ethnicity,Black,LIV,Chronic liver disease and cirrhosis,ICD-10,19.0,,,02/17/2026,02/17/2026,2024-01-01,2026-02-17,2026-02-17,False,,19.0,False,False,2024-01
123,2024,1,Occurrence,Race-Ethnicity,Hawaiian/Pacific Islander,LIV,Chronic liver disease and cirrhosis,ICD-10,,1,Cell suppressed for small numbers,02/17/2026,02/17/2026,2024-01-01,2026-02-17,2026-02-17,True,Cell suppressed for small numbers,,False,False,2024-01
124,2024,1,Occurrence,Race-Ethnicity,Hispanic,LIV,Chronic liver disease and cirrhosis,ICD-10,262.0,,,02/17/2026,02/17/2026,2024-01-01,2026-02-17,2026-02-17,False,,262.0,False,False,2024-01
125,2024,1,Occurrence,Race-Ethnicity,Multi-Race,LIV,Chronic liver disease and cirrhosis,ICD-10,,1,Cell suppressed for small numbers,02/17/2026,02/17/2026,2024-01-01,2026-02-17,2026-02-17,True,Cell suppressed for small numbers,,False,False,2024-01
126,2024,1,Occurrence,Race-Ethnicity,White,LIV,Chronic liver disease and cirrhosis,ICD-10,231.0,,,02/17/2026,02/17/2026,2024-01-01,2026-02-17,2026-02-17,False,,231.0,False,False,2024-01
127,2024,1,Occurrence,Race-Ethnicity,Other/Unknown,LIV,Chronic liver disease and cirrhosis,ICD-10,,1,Cell suppressed for small numbers,02/17/2026,02/17/2026,2024-01-01,2026-02-17,2026-02-17,True,Cell suppressed for small numbers,,False,False,2024-01
131,2024,1,Occurrence,Race-Ethnicity,American Indian/Alaska Native,NEP,"Nephritis, nephrotic syndrome and nephrosis",ICD-10,,1,Cell suppressed for small numbers,02/17/2026,02/17/2026,2024-01-01,2026-02-17,2026-02-17,True,Cell suppressed for small numbers,,False,False,2024-01
132,2024,1,Occurrence,Race-Ethnicity,Asian,NEP,"Nephritis, nephrotic syndrome and nephrosis",ICD-10,67.0,,,02/17/2026,02/17/2026,2024-01-01,2026-02-17,2026-02-17,False,,67.0,False,False,2024-01
133,2024,1,Occurrence,Race-Ethnicity,Black,NEP,"Nephritis, nephrotic syndrome and nephrosis",ICD-10,53.0,,,02/17/2026,02/17/2026,2024-01-01,2026-02-17,2026-02-17,False,,53.0,False,False,2024-01
134,2024,1,Occurrence,Race-Ethnicity,Hawaiian/Pacific Islander,NEP,"Nephritis, nephrotic syndrome and nephrosis",ICD-10,,1,Cell suppressed for small numbers,02/17/2026,02/17/2026,2024-01-01,2026-02-17,2026-02-17,True,Cell suppressed for small numbers,,False,False,2024-01
135,2024,1,Occurrence,Race-Ethnicity,Hispanic,NEP,"Nephritis, nephrotic syndrome and nephrosis",ICD-10,136.0,,,02/17/2026,02/17/2026,2024-01-01,2026-02-17,2026-02-17,False,,136.0,False,False,2024-01
136,2024,1,Occurrence,Race-Ethnicity,Multi-Race,NEP,"Nephritis, nephrotic syndrome and nephrosis",ICD-10,,1,Cell suppressed for small numbers,02/17/2026,02/17/2026,2024-01-01,2026-02-17,2026-02-17,True,Cell suppressed for small numbers,,False,False,2024-01
137,2024,1,Occurrence,Race-Ethnicity,White,NEP,"Nephritis, nephrotic syndrome and nephrosis",ICD-10,219.0,,,02/17/2026,02/17/2026,2024-01-01,2026-02-17,2026-02-17,False,,219.0,False,False,2024-01
138,2024,1,Occurrence,Race-Ethnicity,Other/Unknown,NEP,"Nephritis, nephrotic syndrome and nephrosis",ICD-10,,1,Cell suppressed for small numbers,02/17/2026,02/17/2026,2024-01-01,2026-02-17,2026-02-17,True,Cell suppressed for small numbers,,False,False,2024-01
142,2024,1,Occurrence,Race-Ethnicity,American Indian/Alaska Native,PAR,Parkinson's disease,ICD-10,,1,Cell suppressed for small numbers,02/17/2026,02/17/2026,2024-01-01,2026-02-17,2026-02-17,True,Cell suppressed for small numbers,,False,False,2024-01
143,2024,1,Occurrence,Race-Ethnicity,Asian,PAR,Parkinson's disease,ICD-10,48.0,,,02/17/2026,02/17/2026,2024-01-01,2026-02-17,2026-02-17,False,,48.0,False,False,2024-01
144,2024,1,Occurrence,Race-Ethnicity,Black,PAR,Parkinson's disease,ICD-10,19.0,,,02/17/2026,02/17/2026,2024-01-01,2026-02-17,2026-02-17,False,,19.0,False,False,2024-01
145,2024,1,Occurrence,Race-Ethnicity,Hawaiian/Pacific Islander,PAR,Parkinson's disease,ICD-10,0.0,,,02/17/2026,02/17/2026,2024-01-01,2026-02-17,2026-02-17,False,,0.0,False,False,2024-01
146,2024,1,Occurrence,Race-Ethnicity,Hispanic,PAR,Parkinson's disease,ICD-10,44.0,,,02/17/2026,02/17/2026,2024-01-01,2026-02-17,2026-02-17,False,,44.0,False,False,2024-01
147,2024,1,Occurrence,Race-Ethnicity,Multi-Race,PAR,Parkinson's disease,ICD-10,,1,Cell suppressed for small numbers,02/17/2026,02/17/2026,2024-01-01,2026-02-17,2026-02-17,True,Cell suppressed for small numbers,,False,False,2024-01
148,2024,1,Occurrence,Race-Ethnicity,White,PAR,Parkinson's disease,ICD-10,262.0,,,02/17/2026,02/17/2026,2024-01-01,2026-02-17,2026-02-17,False,,262.0,False,False,2024-01
149,2024,1,Occurrence,Race-Ethnicity,Other/Unknown,PAR,Parkinson's disease,ICD-10,,1,Cell suppressed for small numbers,02/17/2026,02/17/2026,2024-01-01,2026-02-17,2026-02-17,True,Cell suppressed for small numbers,,False,False,2024-01
153,2024,1,Occurrence,Race-Ethnicity,American Indian/Alaska Native,PNF,Influenza and pneumonia,ICD-10,,1,Cell suppressed for small numbers,02/17/2026,02/17/2026,2024-01-01,2026-02-17,2026-02-17,True,Cell suppressed for small numbers,,False,False,2024-01
154,2024,1,Occurrence,Race-Ethnicity,Asian,PNF,Influenza and pneumonia,ICD-10,119.0,,,02/17/2026,02/17/2026,2024-01-01,2026-02-17,2026-02-17,False,,119.0,False,False,2024-01
155,2024,1,Occurrence,Race-Ethnicity,Black,PNF,Influenza and pneumonia,ICD-10,48.0,,,02/17/2026,02/17/2026,2024-01-01,2026-02-17,2026-02-17,False,,48.0,False,False,2024-01
156,2024,1,Occurrence,Race-Ethnicity,Hawaiian/Pacific Islander,PNF,Influenza and pneumonia,ICD-10,,1,Cell suppressed for small numbers,02/17/2026,02/17/2026,2024-01-01,2026-02-17,2026-02-17,True,Cell suppressed for small numbers,,False,False,2024-01
157,2024,1,Occurrence,Race-Ethnicity,Hispanic,PNF,Influenza and pneumonia,ICD-10,198.0,,,02/17/2026,02/17/2026,2024-01-01,2026-02-17,2026-02-17,False,,198.0,False,False,2024-01
158,2024,1,Occurrence,Race-Ethnicity,Multi-Race,PNF,Influenza and pneumonia,ICD-10,,1,Cell suppressed for small numbers,02/17/2026,02/17/2026,2024-01-01,2026-02-17,2026-02-17,True,Cell suppressed for small numbers,,False,False,2024-01
159,2024,1,Occurrence,Race-Ethnicity,White,PNF,Influenza and pneumonia,ICD-10,409.0,,,02/17/2026,02/17/2026,2024-01-01,2026-02-17,2026-02-17,False,,409.0,False,False,2024-01
160,2024,1,Occurrence,Race-Ethnicity,Other/Unknown,PNF,Influenza and pneumonia,ICD-10,,1,Cell suppressed for small numbers,02/17/2026,02/17/2026,2024-01-01,2026-02-17,2026-02-17,True,Cell suppressed for small numbers,,False,False,2024-01
164,2024,1,Occurrence,Race-Ethnicity,American Indian/Alaska Native,STK,Cerebrovascular diseases,ICD-10,,1,Cell suppressed for small numbers,02/17/2026,02/17/2026,2024-01-01,2026-02-17,2026-02-17,True,Cell suppressed for small numbers,,False,False,2024-01
165,2024,1,Occurrence,Race-Ethnicity,Asian,STK,Cerebrovascular diseases,ICD-10,239.0,,,02/17/2026,02/17/2026,2024-01-01,2026-02-17,2026-02-17,False,,239.0,False,False,2024-01
166,2024,1,Occurrence,Race-Ethnicity,Black,STK,Cerebrovascular diseases,ICD-10,117.0,,,02/17/2026,02/17/2026,2024-01-01,2026-02-17,2026-02-17,False,,117.0,False,False,2024-01
167,2024,1,Occurrence,Race-Ethnicity,Hawaiian/Pacific Islander,STK,Cerebrovascular diseases,ICD-10,,1,Cell suppressed for small numbers,02/17/2026,02/17/2026,2024-01-01,2026-02-17,2026-02-17,True,Cell suppressed for small numbers,,False,False,2024-01
168,2024,1,Occurrence,Race-Ethnicity,Hispanic,STK,Cerebrovascular diseases,ICD-10,338.0,,,02/17/2026,02/17/2026,2024-01-01,2026-02-17,2026-02-17,False,,338.0,False,False,2024-01
169,2024,1,Occurrence,Race-Ethnicity,Multi-Race,STK,Cerebrovascular diseases,ICD-10,14.0,,,02/17/2026,02/17/2026,2024-01-01,2026-02-17,2026-02-17,False,,14.0,False,False,2024-01
170,2024,1,Occurrence,Race-Ethnicity,White,STK,Cerebrovascular diseases,ICD-10,917.0,,,02/17/2026,02/17/2026,2024-01-01,2026-02-17,2026-02-17,False,,917.0,False,False,2024-01
171,2024,1,Occurrence,Race-Ethnicity,Other/Unknown,STK,Cerebrovascular diseases,ICD-10,,1,Cell suppressed for small numbers,02/17/2026,02/17/2026,2024-01-01,2026-02-17,2026-02-17,True,Cell suppressed for small numbers,,False,False,2024-01
175,2024,1,Occurrence,Race-Ethnicity,American Indian/Alaska Native,SUI,Intentional self-harm (suicide),ICD-10,,1,Cell suppressed for small numbers,02/17/2026,02/17/2026,2024-01-01,2026-02-17,2026-02-17,True,Cell suppressed for small numbers,,False,False,2024-01
176,2024,1,Occurrence,Race-Ethnicity,Asian,SUI,Intentional self-harm (suicide),ICD-10,35.0,,,02/17/2026,02/17/2026,2024-01-01,2026-02-17,2026-02-17,False,,35.0,False,False,2024-01
177,2024,1,Occurrence,Race-Ethnicity,Black,SUI,Intentional self-harm (suicide),ICD-10,16.0,,,02/17/2026,02/17/2026,2024-01-01,2026-02-17,2026-02-17,False,,16.0,False,False,2024-01
178,2024,1,Occurrence,Race-Ethnicity,Hawaiian/Pacific Islander,SUI,Intentional self-harm (suicide),ICD-10,,1,Cell suppressed for small numbers,02/17/2026,02/17/2026,2024-01-01,2026-02-17,2026-02-17,True,Cell suppressed for small numbers,,False,False,2024-01
179,2024,1,Occurrence,Race-Ethnicity,Hispanic,SUI,Intentional self-harm (suicide),ICD-10,104.0,,,02/17/2026,02/17/2026,2024-01-01,2026-02-17,2026-02-17,False,,104.0,False,False,2024-01
180,2024,1,Occurrence,Race-Ethnicity,Multi-Race,SUI,Intentional self-harm (suicide),ICD-10,,1,Cell suppressed for small numbers,02/17/2026,02/17/2026,2024-01-01,2026-02-17,2026-02-17,True,Cell suppressed for small numbers,,False,False,2024-01
181,2024,1,Occurrence,Race-Ethnicity,White,SUI,Intentional self-harm (suicide),ICD-10,195.0,,,02/17/2026,02/17/2026,2024-01-01,2026-02-17,2026-02-17,False,,195.0,False,False,2024-01
182,2024,1,Occurrence,Race-Ethnicity,Other/Unknown,SUI,Intentional self-harm (suicide),ICD-10,,1,Cell suppressed for small numbers,02/17/2026,02/17/2026,2024-01-01,2026-02-17,2026-02-17,True,Cell suppressed for small numbers,,False,False,2024-01
203,2024,2,Occurrence,Race-Ethnicity,American Indian/Alaska Native,ALL,All causes (total),ICD-10,127.0,,,02/17/2026,02/17/2026,2024-02-01,2026-02-17,2026-02-17,False,,127.0,False,True,2024-02
204,2024,2,Occurrence,Race-Ethnicity,Asian,ALL,All causes (total),ICD-10,2659.0,,,02/17/2026,02/17/2026,2024-02-01,2026-02-17,2026-02-17,False,,2659.0,False,True,2024-02
205,2024,2,Occurrence,Race-Ethnicity,Black,ALL,All causes (total),ICD-10,1918.0,,,02/17/2026,02/17/2026,2024-02-01,2026-02-17,2026-02-17,False,,1918.0,False,True,2024-02
206,2024,2,Occurrence,Race-Ethnicity,Hawaiian/Pacific Islander,ALL,All causes (total),ICD-10,89.0,,,02/17/2026,02/17/2026,2024-02-01,2026-02-17,2026-02-17,False,,89.0,False,True,2024-02
207,2024,2,Occurrence,Race-Ethnicity,Hispanic,ALL,All causes (total),ICD-10,5418.0,,,02/17/2026,02/17/2026,2024-02-01,2026-02-17,2026-02-17,False,,5418.0,False,True,2024-02
208,2024,2,Occurrence,Race-Ethnicity,Multi-Race,ALL,All causes (total),ICD-10,242.0,,,02/17/2026,02/17/2026,2024-02-01,2026-02-17,2026-02-17,False,,242.0,False,True,2024-02
209,2024,2,Occurrence,Race-Ethnicity,White,ALL,All causes (total),ICD-10,13079.0,,,02/17/2026,02/17/2026,2024-02-01,2026-02-17,2026-02-17,False,,13079.0,False,True,2024-02
210,2024,2,Occurrence,Race-Ethnicity,Other/Unknown,ALL,All causes (total),ICD-10,210.0,,,02/17/2026,02/17/2026,2024-02-01,2026-02-17,2026-02-17,False,,210.0,False,True,2024-02
214,2024,2,Occurrence,Race-Ethnicity,American Indian/Alaska Native,ALZ,Alzheimer's disease,ICD-10,,1,Cell suppressed for small numbers,02/17/2026,02/17/2026,2024-02-01,2026-02-17,2026-02-17,True,Cell suppressed for small numbers,,False,False,2024-02
215,2024,2,Occurrence,Race-Ethnicity,Asian,ALZ,Alzheimer's disease,ICD-10,133.0,,,02/17/2026,02/17/2026,2024-02-01,2026-02-17,2026-02-17,False,,133.0,False,False,2024-02
216,2024,2,Occurrence,Race-Ethnicity,Black,ALZ,Alzheimer's disease,ICD-10,76.0,,,02/17/2026,02/17/2026,2024-02-01,2026-02-17,2026-02-17,False,,76.0,False,False,2024-02
217,2024,2,Occurrence,Race-Ethnicity,Hawaiian/Pacific Islander,ALZ,Alzheimer's disease,ICD-10,,1,Cell suppressed for small numbers,02/17/2026,02/17/2026,2024-02-01,2026-02-17,2026-02-17,True,Cell suppressed for small numbers,,False,False,2024-02
218,2024,2,Occurrence,Race-Ethnicity,Hispanic,ALZ,Alzheimer's disease,ICD-10,239.0,,,02/17/2026,02/17/2026,2024-02-01,2026-02-17,2026-02-17,False,,239.0,False,False,2024-02
219,2024,2,Occurrence,Race-Ethnicity,Multi-Race,ALZ,Alzheimer's disease,ICD-10,,1,Cell suppressed for small numbers,02/17/2026,02/17/2026,2024-02-01,2026-02-17,2026-02-17,True,Cell suppressed for small numbers,,False,False,2024-02
220,2024,2,Occurrence,Race-Ethnicity,White,ALZ,Alzheimer's disease,ICD-10,844.0,,,02/17/2026,02/17/2026,2024-02-01,2026-02-17,2026-02-17,False,,844.0,False,False,2024-02
221,2024,2,Occurrence,Race-Ethnicity,Other/Unknown,ALZ,Alzheimer's disease,ICD-10,,1,Cell suppressed for small numbers,02/17/2026,02/17/2026,2024-02-01,2026-02-17,2026-02-17,True,Cell suppressed for small numbers,,False,False,2024-02
225,2024,2,Occurrence,Race-Ethnicity,American Indian/Alaska Native,CAN,Malignant neoplasms,ICD-10,25.0,,,02/17/2026,02/17/2026,2024-02-01,2026-02-17,2026-02-17,False,,25.0,False,False,2024-02
226,2024,2,Occurrence,Race-Ethnicity,Asian,CAN,Malignant neoplasms,ICD-10,654.0,,,02/17/2026,02/17/2026,2024-02-01,2026-02-17,2026-02-17,False,,654.0,False,False,2024-02
227,2024,2,Occurrence,Race-Ethnicity,Black,CAN,Malignant neoplasms,ICD-10,353.0,,,02/17/2026,02/17/2026,2024-02-01,2026-02-17,2026-02-17,False,,353.0,False,False,2024-02
228,2024,2,Occurrence,Race-Ethnicity,Hawaiian/Pacific Islander,CAN,Malignant neoplasms,ICD-10,24.0,,,02/17/2026,02/17/2026,2024-02-01,2026-02-17,2026-02-17,False,,24.0,False,False,2024-02
229,2024,2,Occurrence,Race-Ethnicity,Hispanic,CAN,Malignant neoplasms,ICD-10,1119.0,,,02/17/2026,02/17/2026,2024-02-01,2026-02-17,2026-02-17,False,,1119.0,False,False,2024-02
230,2024,2,Occurrence,Race-Ethnicity,Multi-Race,CAN,Malignant neoplasms,ICD-10,42.0,,,02/17/2026,02/17/2026,2024-02-01,2026-02-17,2026-02-17,False,,42.0,False,False,2024-02
231,2024,2,Occurrence,Race-Ethnicity,White,CAN,Malignant neoplasms,ICD-10,2654.0,,,02/17/2026,02/17/2026,2024-02-01,2026-02-17,2026-02-17,False,,2654.0,False,False,2024-02
232,2024,2,Occurrence,Race-Ethnicity,Other/Unknown,CAN,Malignant neoplasms,ICD-10,31.0,,,02/17/2026,02/17/2026,2024-02-01,2026-02-17,2026-02-17,False,,31.0,False,False,2024-02
236,2024,2,Occurrence,Race-Ethnicity,American Indian/Alaska Native,CLD,Chronic lower respiratory diseases,ICD-10,,1,Cell suppressed for small numbers,02/17/2026,02/17/2026,2024-02-01,2026-02-17,2026-02-17,True,Cell suppressed for small numbers,,False,False,2024-02
237,2024,2,Occurrence,Race-Ethnicity,Asian,CLD,Chronic lower respiratory diseases,ICD-10,64.0,,,02/17/2026,02/17/2026,2024-02-01,2026-02-17,2026-02-17,False,,64.0,False,False,2024-02
238,2024,2,Occurrence,Race-Ethnicity,Black,CLD,Chronic lower respiratory diseases,ICD-10,80.0,,,02/17/2026,02/17/2026,2024-02-01,2026-02-17,2026-02-17,False,,80.0,False,False,2024-02
239,2024,2,Occurrence,Race-Ethnicity,Hawaiian/Pacific Islander,CLD,Chronic lower respiratory diseases,ICD-10,0.0,,,02/17/2026,02/17/2026,2024-02-01,2026-02-17,2026-02-17,False,,0.0,False,False,2024-02
240,2024,2,Occurrence,Race-Ethnicity,Hispanic,CLD,Chronic lower respiratory diseases,ICD-10,92.0,,,02/17/2026,02/17/2026,2024-02-01,2026-02-17,2026-02-17,False,,92.0,False,False,2024-02
241,2024,2,Occurrence,Race-Ethnicity,Multi-Race,CLD,Chronic lower respiratory diseases,ICD-10,,1,Cell suppressed for small numbers,02/17/2026,02/17/2026,2024-02-01,2026-02-17,2026-02-17,True,Cell suppressed for small numbers,,False,False,2024-02
242,2024,2,Occurrence,Race-Ethnicity,White,CLD,Chronic lower respiratory diseases,ICD-10,678.0,,,02/17/2026,02/17/2026,2024-02-01,2026-02-17,2026-02-17,False,,678.0,False,False,2024-02
243,2024,2,Occurrence,Race-Ethnicity,Other/Unknown,CLD,Chronic lower respiratory diseases,ICD-10,,1,Cell suppressed for small numbers,02/17/2026,02/17/2026,2024-02-01,2026-02-17,2026-02-17,True,Cell suppressed for small numbers,,False,False,2024-02
247,2024,2,Occurrence,Race-Ethnicity,American Indian/Alaska Native,DIA,Diabetes mellitus,ICD-10,,1,Cell suppressed for small numbers,02/17/2026,02/17/2026,2024-02-01,2026-02-17,2026-02-17,True,Cell suppressed for small numbers,,False,False,2024-02
248,2024,2,Occurrence,Race-Ethnicity,Asian,DIA,Diabetes mellitus,ICD-10,136.0,,,02/17/2026,02/17/2026,2024-02-01,2026-02-17,2026-02-17,False,,136.0,False,False,2024-02
249,2024,2,Occurrence,Race-Ethnicity,Black,DIA,Diabetes mellitus,ICD-10,109.0,,,02/17/2026,02/17/2026,2024-02-01,2026-02-17,2026-02-17,False,,109.0,False,False,2024-02
250,2024,2,Occurrence,Race-Ethnicity,Hawaiian/Pacific Islander,DIA,Diabetes mellitus,ICD-10,,1,Cell suppressed for small numbers,02/17/2026,02/17/2026,2024-02-01,2026-02-17,2026-02-17,True,Cell suppressed for small numbers,,False,False,2024-02
251,2024,2,Occurrence,Race-Ethnicity,Hispanic,DIA,Diabetes mellitus,ICD-10,314.0,,,02/17/2026,02/17/2026,2024-02-01,2026-02-17,2026-02-17,False,,314.0,False,False,2024-02
252,2024,2,Occurrence,Race-Ethnicity,Multi-Race,DIA,Diabetes mellitus,ICD-10,,1,Cell suppressed for small numbers,02/17/2026,02/17/2026,2024-02-01,2026-02-17,2026-02-17,True,Cell suppressed for small numbers,,False,False,2024-02
253,2024,2,Occurrence,Race-Ethnicity,White,DIA,Diabetes mellitus,ICD-10,355.0,,,02/17/2026,02/17/2026,2024-02-01,2026-02-17,2026-02-17,False,,355.0,False,False,2024-02
254,2024,2,Occurrence,Race-Ethnicity,Other/Unknown,DIA,Diabetes mellitus,ICD-10,,1,Cell suppressed for small numbers,02/17/2026,02/17/2026,2024-02-01,2026-02-17,2026-02-17,True,Cell suppressed for small numbers,,False,False,2024-02
258,2024,2,Occurrence,Race-Ethnicity,American Indian/Alaska Native,HOM,Assault (homicide),ICD-10,,1,Cell suppressed for small numbers,02/17/2026,02/17/2026,2024-02-01,2026-02-17,2026-02-17,True,Cell suppressed for small numbers,,False,False,2024-02
259,2024,2,Occurrence,Race-Ethnicity,Asian,HOM,Assault (homicide),ICD-10,,1,Cell suppressed for small numbers,02/17/2026,02/17/2026,2024-02-01,2026-02-17,2026-02-17,True,Cell suppressed for small numbers,,False,False,2024-02
260,2024,2,Occurrence,Race-Ethnicity,Black,HOM,Assault (homicide),ICD-10,27.0,,,02/17/2026,02/17/2026,2024-02-01,2026-02-17,2026-02-17,False,,27.0,False,False,2024-02
261,2024,2,Occurrence,Race-Ethnicity,Hawaiian/Pacific Islander,HOM,Assault (homicide),ICD-10,0.0,,,02/17/2026,02/17/2026,2024-02-01,2026-02-17,2026-02-17,False,,0.0,False,False,2024-02
262,2024,2,Occurrence,Race-Ethnicity,Hispanic,HOM,Assault (homicide),ICD-10,67.0,,,02/17/2026,02/17/2026,2024-02-01,2026-02-17,2026-02-17,False,,67.0,False,False,2024-02
263,2024,2,Occurrence,Race-Ethnicity,Multi-Race,HOM,Assault (homicide),ICD-10,,1,Cell suppressed for small numbers,02/17/2026,02/17/2026,2024-02-01,2026-02-17,2026-02-17,True,Cell suppressed for small numbers,,False,False,2024-02
264,2024,2,Occurrence,Race-Ethnicity,White,HOM,Assault (homicide),ICD-10,37.0,,,02/17/2026,02/17/2026,2024-02-01,2026-02-17,2026-02-17,False,,37.0,False,False,2024-02
265,2024,2,Occurrence,Race-Ethnicity,Other/Unknown,HOM,Assault (homicide),ICD-10,0.0,,,02/17/2026,02/17/2026,2024-02-01,2026-02-17,2026-02-17,False,,0.0,False,False,2024-02
269,2024,2,Occurrence,Race-Ethnicity,American Indian/Alaska Native,HTD,Diseases of heart,ICD-10,21.0,,,02/17/2026,02/17/2026,2024-02-01,2026-02-17,2026-02-17,False,,21.0,False,False,2024-02
270,2024,2,Occurrence,Race-Ethnicity,Asian,HTD,Diseases of heart,ICD-10,555.0,,,02/17/2026,02/17/2026,2024-02-01,2026-02-17,2026-02-17,False,,555.0,False,False,2024-02
271,2024,2,Occurrence,Race-Ethnicity,Black,HTD,Diseases of heart,ICD-10,442.0,,,02/17/2026,02/17/2026,2024-02-01,2026-02-17,2026-02-17,False,,442.0,False,False,2024-02
272,2024,2,Occurrence,Race-Ethnicity,Hawaiian/Pacific Islander,HTD,Diseases of heart,ICD-10,23.0,,,02/17/2026,02/17/2026,2024-02-01,2026-02-17,2026-02-17,False,,23.0,False,False,2024-02
273,2024,2,Occurrence,Race-Ethnicity,Hispanic,HTD,Diseases of heart,ICD-10,990.0,,,02/17/2026,02/17/2026,2024-02-01,2026-02-17,2026-02-17,False,,990.0,False,False,2024-02
274,2024,2,Occurrence,Race-Ethnicity,Multi-Race,HTD,Diseases of heart,ICD-10,39.0,,,02/17/2026,02/17/2026,2024-02-01,2026-02-17,2026-02-17,False,,39.0,False,False,2024-02
275,2024,2,Occurrence,Race-Ethnicity,White,HTD,Diseases of heart,ICD-10,3037.0,,,02/17/2026,02/17/2026,2024-02-01,2026-02-17,2026-02-17,False,,3037.0,False,False,2024-02
276,2024,2,Occurrence,Race-Ethnicity,Other/Unknown,HTD,Diseases of heart,ICD-10,48.0,,,02/17/2026,02/17/2026,2024-02-01,2026-02-17,2026-02-17,False,,48.0,False,False,2024-02
280,2024,2,Occurrence,Race-Ethnicity,American Indian/Alaska Native,HYP,Essential hypertension and hypertensive renal disease,ICD-10,,1,Cell suppressed for small numbers,02/17/2026,02/17/2026,2024-02-01,2026-02-17,2026-02-17,True,Cell suppressed for small numbers,,False,False,2024-02
281,2024,2,Occurrence,Race-Ethnicity,Asian,HYP,Essential hypertension and hypertensive renal disease,ICD-10,68.0,,,02/17/2026,02/17/2026,2024-02-01,2026-02-17,2026-02-17,False,,68.0,False,False,2024-02
282,2024,2,Occurrence,Race-Ethnicity,Black,HYP,Essential hypertension and hypertensive renal disease,ICD-10,68.0,,,02/17/2026,02/17/2026,2024-02-01,2026-02-17,2026-02-17,False,,68.0,False,False,2024-02
283,2024,2,Occurrence,Race-Ethnicity,Hawaiian/Pacific Islander,HYP,Essential hypertension and hypertensive renal disease,ICD-10,,1,Cell suppressed for small numbers,02/17/2026,02/17/2026,2024-02-01,2026-02-17,2026-02-17,True,Cell suppressed for small numbers,,False,False,2024-02
284,2024,2,Occurrence,Race-Ethnicity,Hispanic,HYP,Essential hypertension and hypertensive renal disease,ICD-10,134.0,,,02/17/2026,02/17/2026,2024-02-01,2026-02-17,2026-02-17,False,,134.0,False,False,2024-02
285,2024,2,Occurrence,Race-Ethnicity,Multi-Race,HYP,Essential hypertension and hypertensive renal disease,ICD-10,,1,Cell suppressed for small numbers,02/17/2026,02/17/2026,2024-02-01,2026-02-17,2026-02-17,True,Cell suppressed for small numbers,,False,False,2024-02
286,2024,2,Occurrence,Race-Ethnicity,White,HYP,Essential hypertension and hypertensive renal disease,ICD-10,256.0,,,02/17/2026,02/17/2026,2024-02-01,2026-02-17,2026-02-17,False,,256.0,False,False,2024-02
287,2024,2,Occurrence,Race-Ethnicity,Other/Unknown,HYP,Essential hypertension and hypertensive renal disease,ICD-10,,1,Cell suppressed for small numbers,02/17/2026,02/17/2026,2024-02-01,2026-02-17,2026-02-17,True,Cell suppressed for small numbers,,False,False,2024-02
291,2024,2,Occurrence,Race-Ethnicity,American Indian/Alaska Native,INJ,Accidents (unintentional injuries),ICD-10,,2,Cell suppressed for complementary cell,02/17/2026,02/17/2026,2024-02-01,2026-02-17,2026-02-17,True,Cell suppressed for complementary cell,,False,False,2024-02
292,2024,2,Occurrence,Race-Ethnicity,Asian,INJ,Accidents (unintentional injuries),ICD-10,101.0,,,02/17/2026,02/17/2026,2024-02-01,2026-02-17,2026-02-17,False,,101.0,False,False,2024-02
293,2024,2,Occurrence,Race-Ethnicity,Black,INJ,Accidents (unintentional injuries),ICD-10,195.0,,,02/17/2026,02/17/2026,2024-02-01,2026-02-17,2026-02-17,False,,195.0,False,False,2024-02
294,2024,2,Occurrence,Race-Ethnicity,Hawaiian/Pacific Islander,INJ,Accidents (unintentional injuries),ICD-10,,1,Cell suppressed for small numbers,02/17/2026,02/17/2026,2024-02-01,2026-02-17,2026-02-17,True,Cell suppressed for small numbers,,False,False,2024-02
295,2024,2,Occurrence,Race-Ethnicity,Hispanic,INJ,Accidents (unintentional injuries),ICD-10,545.0,,,02/17/2026,02/17/2026,2024-02-01,2026-02-17,2026-02-17,False,,545.0,False,False,2024-02
296,2024,2,Occurrence,Race-Ethnicity,Multi-Race,INJ,Accidents (unintentional injuries),ICD-10,41.0,,,02/17/2026,02/17/2026,2024-02-01,2026-02-17,2026-02-17,False,,41.0,False,False,2024-02
297,2024,2,Occurrence,Race-Ethnicity,White,INJ,Accidents (unintentional injuries),ICD-10,742.0,,,02/17/2026,02/17/2026,2024-02-01,2026-02-17,2026-02-17,False,,742.0,False,False,2024-02
298,2024,2,Occurrence,Race-Ethnicity,Other/Unknown,INJ,Accidents (unintentional injuries),ICD-10,28.0,,,02/17/2026,02/17/2026,2024-02-01,2026-02-17,2026-02-17,False,,28.0,False,False,2024-02
302,2024,2,Occurrence,Race-Ethnicity,American Indian/Alaska Native,LIV,Chronic liver disease and cirrhosis,ICD-10,,1,Cell suppressed for small numbers,02/17/2026,02/17/2026,2024-02-01,2026-02-17,2026-02-17,True,Cell suppressed for small numbers,,False,False,2024-02
303,2024,2,Occurrence,Race-Ethnicity,Asian,LIV,Chronic liver disease and cirrhosis,ICD-10,21.0,,,02/17/2026,02/17/2026,2024-02-01,2026-02-17,2026-02-17,False,,21.0,False,False,2024-02
304,2024,2,Occurrence,Race-Ethnicity,Black,LIV,Chronic liver disease and cirrhosis,ICD-10,28.0,,,02/17/2026,02/17/2026,2024-02-01,2026-02-17,2026-02-17,False,,28.0,False,False,2024-02
305,2024,2,Occurrence,Race-Ethnicity,Hawaiian/Pacific Islander,LIV,Chronic liver disease and cirrhosis,ICD-10,,1,Cell suppressed for small numbers,02/17/2026,02/17/2026,2024-02-01,2026-02-17,2026-02-17,True,Cell suppressed for small numbers,,False,False,2024-02
306,2024,2,Occurrence,Race-Ethnicity,Hispanic,LIV,Chronic liver disease and cirrhosis,ICD-10,216.0,,,02/17/2026,02/17/2026,2024-02-01,2026-02-17,2026-02-17,False,,216.0,False,False,2024-02
307,2024,2,Occurrence,Race-Ethnicity,Multi-Race,LIV,Chronic liver disease and cirrhosis,ICD-10,,1,Cell suppressed for small numbers,02/17/2026,02/17/2026,2024-02-01,2026-02-17,2026-02-17,True,Cell suppressed for small numbers,,False,False,2024-02
308,2024,2,Occurrence,Race-Ethnicity,White,LIV,Chronic liver disease and cirrhosis,ICD-10,245.0,,,02/17/2026,02/17/2026,2024-02-01,2026-02-17,2026-02-17,False,,245.0,False,False,2024-02
309,2024,2,Occurrence,Race-Ethnicity,Other/Unknown,LIV,Chronic liver disease and cirrhosis,ICD-10,,1,Cell suppressed for small numbers,02/17/2026,02/17/2026,2024-02-01,2026-02-17,2026-02-17,True,Cell suppressed for small numbers,,False,False,2024-02
313,2024,2,Occurrence,Race-Ethnicity,American Indian/Alaska Native,NEP,"Nephritis, nephrotic syndrome and nephrosis",ICD-10,,1,Cell suppressed for small numbers,02/17/2026,02/17/2026,2024-02-01,2026-02-17,2026-02-17,True,Cell suppressed for small numbers,,False,False,2024-02
314,2024,2,Occurrence,Race-Ethnicity,Asian,NEP,"Nephritis, nephrotic syndrome and nephrosis",ICD-10,66.0,,,02/17/2026,02/17/2026,2024-02-01,2026-02-17,2026-02-17,False,,66.0,False,False,2024-02
315,2024,2,Occurrence,Race-Ethnicity,Black,NEP,"Nephritis, nephrotic syndrome and nephrosis",ICD-10,29.0,,,02/17/2026,02/17/2026,2024-02-01,2026-02-17,2026-02-17,False,,29.0,False,False,2024-02
316,2024,2,Occurrence,Race-Ethnicity,Hawaiian/Pacific Islander,NEP,"Nephritis, nephrotic syndrome and nephrosis",ICD-10,0.0,,,02/17/2026,02/17/2026,2024-02-01,2026-02-17,2026-02-17,False,,0.0,False,False,2024-02
317,2024,2,Occurrence,Race-Ethnicity,Hispanic,NEP,"Nephritis, nephrotic syndrome and nephrosis",ICD-10,97.0,,,02/17/2026,02/17/2026,2024-02-01,2026-02-17,2026-02-17,False,,97.0,False,False,2024-02
318,2024,2,Occurrence,Race-Ethnicity,Multi-Race,NEP,"Nephritis, nephrotic syndrome and nephrosis",ICD-10,,1,Cell suppressed for small numbers,02/17/2026,02/17/2026,2024-02-01,2026-02-17,2026-02-17,True,Cell suppressed for small numbers,,False,False,2024-02
319,2024,2,Occurrence,Race-Ethnicity,White,NEP,"Nephritis, nephrotic syndrome and nephrosis",ICD-10,168.0,,,02/17/2026,02/17/2026,2024-02-01,2026-02-17,2026-02-17,False,,168.0,False,False,2024-02
320,2024,2,Occurrence,Race-Ethnicity,Other/Unknown,NEP,"Nephritis, nephrotic syndrome and nephrosis",ICD-10,,1,Cell suppressed for small numbers,02/17/2026,02/17/2026,2024-02-01,2026-02-17,2026-02-17,True,Cell suppressed for small numbers,,False,False,2024-02
324,2024,2,Occurrence,Race-Ethnicity,American Indian/Alaska Native,PAR,Parkinson's disease,ICD-10,0.0,,,02/17/2026,02/17/2026,2024-02-01,2026-02-17,2026-02-17,False,,0.0,False,False,2024-02
325,2024,2,Occurrence,Race-Ethnicity,Asian,PAR,Parkinson's disease,ICD-10,37.0,,,02/17/2026,02/17/2026,2024-02-01,2026-02-17,2026-02-17,False,,37.0,False,False,2024-02
326,2024,2,Occurrence,Race-Ethnicity,Black,PAR,Parkinson's disease,ICD-10,,2,Cell suppressed for complementary cell,02/17/2026,02/17/2026,2024-02-01,2026-02-17,2026-02-17,True,Cell suppressed for complementary cell,,False,False,2024-02
327,2024,2,Occurrence,Race-Ethnicity,Hawaiian/Pacific Islander,PAR,Parkinson's disease,ICD-10,0.0,,,02/17/2026,02/17/2026,2024-02-01,2026-02-17,2026-02-17,False,,0.0,False,False,2024-02
328,2024,2,Occurrence,Race-Ethnicity,Hispanic,PAR,Parkinson's disease,ICD-10,59.0,,,02/17/2026,02/17/2026,2024-02-01,2026-02-17,2026-02-17,False,,59.0,False,False,2024-02
329,2024,2,Occurrence,Race-Ethnicity,Multi-Race,PAR,Parkinson's disease,ICD-10,0.0,,,02/17/2026,02/17/2026,2024-02-01,2026-02-17,2026-02-17,False,,0.0,False,False,2024-02
330,2024,2,Occurrence,Race-Ethnicity,White,PAR,Parkinson's disease,ICD-10,227.0,,,02/17/2026,02/17/2026,2024-02-01,2026-02-17,2026-02-17,False,,227.0,False,False,2024-02
331,2024,2,Occurrence,Race-Ethnicity,Other/Unknown,PAR,Parkinson's disease,ICD-10,,1,Cell suppressed for small numbers,02/17/2026,02/17/2026,2024-02-01,2026-02-17,2026-02-17,True,Cell suppressed for small numbers,,False,False,2024-02
335,2024,2,Occurrence,Race-Ethnicity,American Indian/Alaska Native,PNF,Influenza and pneumonia,ICD-10,,1,Cell suppressed for small numbers,02/17/2026,02/17/2026,2024-02-01,2026-02-17,2026-02-17,True,Cell suppressed for small numbers,,False,False,2024-02
336,2024,2,Occurrence,Race-Ethnicity,Asian,PNF,Influenza and pneumonia,ICD-10,81.0,,,02/17/2026,02/17/2026,2024-02-01,2026-02-17,2026-02-17,False,,81.0,False,False,2024-02
337,2024,2,Occurrence,Race-Ethnicity,Black,PNF,Influenza and pneumonia,ICD-10,40.0,,,02/17/2026,02/17/2026,2024-02-01,2026-02-17,2026-02-17,False,,40.0,False,False,2024-02
338,2024,2,Occurrence,Race-Ethnicity,Hawaiian/Pacific Islander,PNF,Influenza and pneumonia,ICD-10,0.0,,,02/17/2026,02/17/2026,2024-02-01,2026-02-17,2026-02-17,False,,0.0,False,False,2024-02
339,2024,2,Occurrence,Race-Ethnicity,Hispanic,PNF,Influenza and pneumonia,ICD-10,133.0,,,02/17/2026,02/17/2026,2024-02-01,2026-02-17,2026-02-17,False,,133.0,False,False,2024-02
340,2024,2,Occurrence,Race-Ethnicity,Multi-Race,PNF,Influenza and pneumonia,ICD-10,,1,Cell suppressed for small numbers,02/17/2026,02/17/2026,2024-02-01,2026-02-17,2026-02-17,True,Cell suppressed for small numbers,,False,False,2024-02
341,2024,2,Occurrence,Race-Ethnicity,White,PNF,Influenza and pneumonia,ICD-10,249.0,,,02/17/2026,02/17/2026,2024-02-01,2026-02-17,2026-02-17,False,,249.0,False,False,2024-02
342,2024,2,Occurrence,Race-Ethnicity,Other/Unknown,PNF,Influenza and pneumonia,ICD-10,,1,Cell suppressed for small numbers,02/17/2026,02/17/2026,2024-02-01,2026-02-17,2026-02-17,True,Cell suppressed for small numbers,,False,False,2024-02
346,2024,2,Occurrence,Race-Ethnicity,American Indian/Alaska Native,STK,Cerebrovascular diseases,ICD-10,,1,Cell suppressed for small numbers,02/17/2026,02/17/2026,2024-02-01,2026-02-17,2026-02-17,True,Cell suppressed for small numbers,,False,False,2024-02
347,2024,2,Occurrence,Race-Ethnicity,Asian,STK,Cerebrovascular diseases,ICD-10,223.0,,,02/17/2026,02/17/2026,2024-02-01,2026-02-17,2026-02-17,False,,223.0,False,False,2024-02
348,2024,2,Occurrence,Race-Ethnicity,Black,STK,Cerebrovascular diseases,ICD-10,124.0,,,02/17/2026,02/17/2026,2024-02-01,2026-02-17,2026-02-17,False,,124.0,False,False,2024-02
349,2024,2,Occurrence,Race-Ethnicity,Hawaiian/Pacific Islander,STK,Cerebrovascular diseases,ICD-10,,1,Cell suppressed for small numbers,02/17/2026,02/17/2026,2024-02-01,2026-02-17,2026-02-17,True,Cell suppressed for small numbers,,False,False,2024-02
350,2024,2,Occurrence,Race-Ethnicity,Hispanic,STK,Cerebrovascular diseases,ICD-10,284.0,,,02/17/2026,02/17/2026,2024-02-01,2026-02-17,2026-02-17,False,,284.0,False,False,2024-02
351,2024,2,Occurrence,Race-Ethnicity,Multi-Race,STK,Cerebrovascular diseases,ICD-10,15.0,,,02/17/2026,02/17/2026,2024-02-01,2026-02-17,2026-02-17,False,,15.0,False,False,2024-02
352,2024,2,Occurrence,Race-Ethnicity,White,STK,Cerebrovascular diseases,ICD-10,762.0,,,02/17/2026,02/17/2026,2024-02-01,2026-02-17,2026-02-17,False,,762.0,False,False,2024-02
353,2024,2,Occurrence,Race-Ethnicity,Other/Unknown,STK,Cerebrovascular diseases,ICD-10,14.0,,,02/17/2026,02/17/2026,2024-02-01,2026-02-17,2026-02-17,False,,14.0,False,False,2024-02
357,2024,2,Occurrence,Race-Ethnicity,American Indian/Alaska Native,SUI,Intentional self-harm (suicide),ICD-10,,1,Cell suppressed for small numbers,02/17/2026,02/17/2026,2024-02-01,2026-02-17,2026-02-17,True,Cell suppressed for small numbers,,False,False,2024-02
358,2024,2,Occurrence,Race-Ethnicity,Asian,SUI,Intentional self-harm (suicide),ICD-10,32.0,,,02/17/2026,02/17/2026,2024-02-01,2026-02-17,2026-02-17,False,,32.0,False,False,2024-02
359,2024,2,Occurrence,Race-Ethnicity,Black,SUI,Intentional self-harm (suicide),ICD-10,13.0,,,02/17/2026,02/17/2026,2024-02-01,2026-02-17,2026-02-17,False,,13.0,False,False,2024-02
360,2024,2,Occurrence,Race-Ethnicity,Hawaiian/Pacific Islander,SUI,Intentional self-harm (suicide),ICD-10,,1,Cell suppressed for small numbers,02/17/2026,02/17/2026,2024-02-01,2026-02-17,2026-02-17,True,Cell suppressed for small numbers,,False,False,2024-02
361,2024,2,Occurrence,Race-Ethnicity,Hispanic,SUI,Intentional self-harm (suicide),ICD-10,75.0,,,02/17/2026,02/17/2026,2024-02-01,2026-02-17,2026-02-17,False,,75.0,False,False,2024-02
362,2024,2,Occurrence,Race-Ethnicity,Multi-Race,SUI,Intentional self-harm (suicide),ICD-10,,1,Cell suppressed for small numbers,02/17/2026,02/17/2026,2024-02-01,2026-02-17,2026-02-17,True,Cell suppressed for small numbers,,False,False,2024-02
363,2024,2,Occurrence,Race-Ethnicity,White,SUI,Intentional self-harm (suicide),ICD-10,167.0,,,02/17/2026,02/17/2026,2024-02-01,2026-02-17,2026-02-17,False,,167.0,False,False,2024-02
364,2024,2,Occurrence,Race-Ethnicity,Other/Unknown,SUI,Intentional self-harm (suicide),ICD-10,,1,Cell suppressed for small numbers,02/17/2026,02/17/2026,2024-02-01,2026-02-17,2026-02-17,True,Cell suppressed for small numbers,,False,False,2024-02
385,2024,3,Occurrence,Race-Ethnicity,American Indian/Alaska Native,ALL,All causes (total),ICD-10,131.0,,,02/17/2026,02/17/2026,2024-03-01,2026-02-17,2026-02-17,False,,131.0,False,True,2024-03
386,2024,3,Occurrence,Race-Ethnicity,Asian,ALL,All causes (total),ICD-10,2761.0,,,02/17/2026,02/17/2026,2024-03-01,2026-02-17,2026-02-17,False,,2761.0,False,True,2024-03
387,2024,3,Occurrence,Race-Ethnicity,Black,ALL,All causes (total),ICD-10,1885.0,,,02/17/2026,02/17/2026,2024-03-01,2026-02-17,2026-02-17,False,,1885.0,False,True,2024-03
388,2024,3,Occurrence,Race-Ethnicity,Hawaiian/Pacific Islander,ALL,All causes (total),ICD-10,107.0,,,02/17/2026,02/17/2026,2024-03-01,2026-02-17,2026-02-17,False,,107.0,False,True,2024-03
389,2024,3,Occurrence,Race-Ethnicity,Hispanic,ALL,All causes (total),ICD-10,5513.0,,,02/17/2026,02/17/2026,2024-03-01,2026-02-17,2026-02-17,False,,5513.0,False,True,2024-03
390,2024,3,Occurrence,Race-Ethnicity,Multi-Race,ALL,All causes (total),ICD-10,244.0,,,02/17/2026,02/17/2026,2024-03-01,2026-02-17,2026-02-17,False,,244.0,False,True,2024-03
391,2024,3,Occurrence,Race-Ethnicity,White,ALL,All causes (total),ICD-10,13695.0,,,02/17/2026,02/17/2026,2024-03-01,2026-02-17,2026-02-17,False,,13695.0,False,True,2024-03
392,2024,3,Occurrence,Race-Ethnicity,Other/Unknown,ALL,All causes (total),ICD-10,223.0,,,02/17/2026,02/17/2026,2024-03-01,2026-02-17,2026-02-17,False,,223.0,False,True,2024-03
396,2024,3,Occurrence,Race-Ethnicity,American Indian/Alaska Native,ALZ,Alzheimer's disease,ICD-10,,1,Cell suppressed for small numbers,02/17/2026,02/17/2026,2024-03-01,2026-02-17,2026-02-17,True,Cell suppressed for small numbers,,False,False,2024-03
397,2024,3,Occurrence,Race-Ethnicity,Asian,ALZ,Alzheimer's disease,ICD-10,141.0,,,02/17/2026,02/17/2026,2024-03-01,2026-02-17,2026-02-17,False,,141.0,False,False,2024-03
398,2024,3,Occurrence,Race-Ethnicity,Black,ALZ,Alzheimer's disease,ICD-10,73.0,,,02/17/2026,02/17/2026,2024-03-01,2026-02-17,2026-02-17,False,,73.0,False,False,2024-03
399,2024,3,Occurrence,Race-Ethnicity,Hawaiian/Pacific Islander,ALZ,Alzheimer's disease,ICD-10,,1,Cell suppressed for small numbers,02/17/2026,02/17/2026,2024-03-01,2026-02-17,2026-02-17,True,Cell suppressed for small numbers,,False,False,2024-03
400,2024,3,Occurrence,Race-Ethnicity,Hispanic,ALZ,Alzheimer's disease,ICD-10,225.0,,,02/17/2026,02/17/2026,2024-03-01,2026-02-17,2026-02-17,False,,225.0,False,False,2024-03
401,2024,3,Occurrence,Race-Ethnicity,Multi-Race,ALZ,Alzheimer's disease,ICD-10,,1,Cell suppressed for small numbers,02/17/2026,02/17/2026,2024-03-01,2026-02-17,2026-02-17,True,Cell suppressed for small numbers,,False,False,2024-03
402,2024,3,Occurrence,Race-Ethnicity,White,ALZ,Alzheimer's disease,ICD-10,858.0,,,02/17/2026,02/17/2026,2024-03-01,2026-02-17,2026-02-17,False,,858.0,False,False,2024-03
403,2024,3,Occurrence,Race-Ethnicity,Other/Unknown,ALZ,Alzheimer's disease,ICD-10,,1,Cell suppressed for small numbers,02/17/2026,02/17/2026,2024-03-01,2026-02-17,2026-02-17,True,Cell suppressed for small numbers,,False,False,2024-03
407,2024,3,Occurrence,Race-Ethnicity,American Indian/Alaska Native,CAN,Malignant neoplasms,ICD-10,22.0,,,02/17/2026,02/17/2026,2024-03-01,2026-02-17,2026-02-17,False,,22.0,False,False,2024-03
408,2024,3,Occurrence,Race-Ethnicity,Asian,CAN,Malignant neoplasms,ICD-10,671.0,,,02/17/2026,02/17/2026,2024-03-01,2026-02-17,2026-02-17,False,,671.0,False,False,2024-03
409,2024,3,Occurrence,Race-Ethnicity,Black,CAN,Malignant neoplasms,ICD-10,325.0,,,02/17/2026,02/17/2026,2024-03-01,2026-02-17,2026-02-17,False,,325.0,False,False,2024-03
410,2024,3,Occurrence,Race-Ethnicity,Hawaiian/Pacific Islander,CAN,Malignant neoplasms,ICD-10,19.0,,,02/17/2026,02/17/2026,2024-03-01,2026-02-17,2026-02-17,False,,19.0,False,False,2024-03
411,2024,3,Occurrence,Race-Ethnicity,Hispanic,CAN,Malignant neoplasms,ICD-10,1130.0,,,02/17/2026,02/17/2026,2024-03-01,2026-02-17,2026-02-17,False,,1130.0,False,False,2024-03
412,2024,3,Occurrence,Race-Ethnicity,Multi-Race,CAN,Malignant neoplasms,ICD-10,45.0,,,02/17/2026,02/17/2026,2024-03-01,2026-02-17,2026-02-17,False,,45.0,False,False,2024-03
413,2024,3,Occurrence,Race-Ethnicity,White,CAN,Malignant neoplasms,ICD-10,2888.0,,,02/17/2026,02/17/2026,2024-03-01,2026-02-17,2026-02-17,False,,2888.0,False,False,2024-03
414,2024,3,Occurrence,Race-Ethnicity,Other/Unknown,CAN,Malignant neoplasms,ICD-10,22.0,,,02/17/2026,02/17/2026,2024-03-01,2026-02-17,2026-02-17,False,,22.0,False,False,2024-03
418,2024,3,Occurrence,Race-Ethnicity,American Indian/Alaska Native,CLD,Chronic lower respiratory diseases,ICD-10,,1,Cell suppressed for small numbers,02/17/2026,02/17/2026,2024-03-01,2026-02-17,2026-02-17,True,Cell suppressed for small numbers,,False,False,2024-03
419,2024,3,Occurrence,Race-Ethnicity,Asian,CLD,Chronic lower respiratory diseases,ICD-10,64.0,,,02/17/2026,02/17/2026,2024-03-01,2026-02-17,2026-02-17,False,,64.0,False,False,2024-03
420,2024,3,Occurrence,Race-Ethnicity,Black,CLD,Chronic lower respiratory diseases,ICD-10,76.0,,,02/17/2026,02/17/2026,2024-03-01,2026-02-17,2026-02-17,False,,76.0,False,False,2024-03
421,2024,3,Occurrence,Race-Ethnicity,Hawaiian/Pacific Islander,CLD,Chronic lower respiratory diseases,ICD-10,,1,Cell suppressed for small numbers,02/17/2026,02/17/2026,2024-03-01,2026-02-17,2026-02-17,True,Cell suppressed for small numbers,,False,False,2024-03
422,2024,3,Occurrence,Race-Ethnicity,Hispanic,CLD,Chronic lower respiratory diseases,ICD-10,109.0,,,02/17/2026,02/17/2026,2024-03-01,2026-02-17,2026-02-17,False,,109.0,False,False,2024-03
423,2024,3,Occurrence,Race-Ethnicity,Multi-Race,CLD,Chronic lower respiratory diseases,ICD-10,,1,Cell suppressed for small numbers,02/17/2026,02/17/2026,2024-03-01,2026-02-17,2026-02-17,True,Cell suppressed for small numbers,,False,False,2024-03
424,2024,3,Occurrence,Race-Ethnicity,White,CLD,Chronic lower respiratory diseases,ICD-10,731.0,,,02/17/2026,02/17/2026,2024-03-01,2026-02-17,2026-02-17,False,,731.0,False,False,2024-03
425,2024,3,Occurrence,Race-Ethnicity,Other/Unknown,CLD,Chronic lower respiratory diseases,ICD-10,15.0,,,02/17/2026,02/17/2026,2024-03-01,2026-02-17,2026-02-17,False,,15.0,False,False,2024-03
429,2024,3,Occurrence,Race-Ethnicity,American Indian/Alaska Native,DIA,Diabetes mellitus,ICD-10,,1,Cell suppressed for small numbers,02/17/2026,02/17/2026,2024-03-01,2026-02-17,2026-02-17,True,Cell suppressed for small numbers,,False,False,2024-03
430,2024,3,Occurrence,Race-Ethnicity,Asian,DIA,Diabetes mellitus,ICD-10,153.0,,,02/17/2026,02/17/2026,2024-03-01,2026-02-17,2026-02-17,False,,153.0,False,False,2024-03
431,2024,3,Occurrence,Race-Ethnicity,Black,DIA,Diabetes mellitus,ICD-10,108.0,,,02/17/2026,02/17/2026,2024-03-01,2026-02-17,2026-02-17,False,,108.0,False,False,2024-03
432,2024,3,Occurrence,Race-Ethnicity,Hawaiian/Pacific Islander,DIA,Diabetes mellitus,ICD-10,,1,Cell suppressed for small numbers,02/17/2026,02/17/2026,2024-03-01,2026-02-17,2026-02-17,True,Cell suppressed for small numbers,,False,False,2024-03
433,2024,3,Occurrence,Race-Ethnicity,Hispanic,DIA,Diabetes mellitus,ICD-10,325.0,,,02/17/2026,02/17/2026,2024-03-01,2026-02-17,2026-02-17,False,,325.0,False,False,2024-03
434,2024,3,Occurrence,Race-Ethnicity,Multi-Race,DIA,Diabetes mellitus,ICD-10,,1,Cell suppressed for small numbers,02/17/2026,02/17/2026,2024-03-01,2026-02-17,2026-02-17,True,Cell suppressed for small numbers,,False,False,2024-03
435,2024,3,Occurrence,Race-Ethnicity,White,DIA,Diabetes mellitus,ICD-10,353.0,,,02/17/2026,02/17/2026,2024-03-01,2026-02-17,2026-02-17,False,,353.0,False,False,2024-03
436,2024,3,Occurrence,Race-Ethnicity,Other/Unknown,DIA,Diabetes mellitus,ICD-10,13.0,,,02/17/2026,02/17/2026,2024-03-01,2026-02-17,2026-02-17,False,,13.0,False,False,2024-03
440,2024,3,Occurrence,Race-Ethnicity,American Indian/Alaska Native,HOM,Assault (homicide),ICD-10,,1,Cell suppressed for small numbers,02/17/2026,02/17/2026,2024-03-01,2026-02-17,2026-02-17,True,Cell suppressed for small numbers,,False,False,2024-03
441,2024,3,Occurrence,Race-Ethnicity,Asian,HOM,Assault (homicide),ICD-10,,1,Cell suppressed for small numbers,02/17/2026,02/17/2026,2024-03-01,2026-02-17,2026-02-17,True,Cell suppressed for small numbers,,False,False,2024-03
442,2024,3,Occurrence,Race-Ethnicity,Black,HOM,Assault (homicide),ICD-10,40.0,,,02/17/2026,02/17/2026,2024-03-01,2026-02-17,2026-02-17,False,,40.0,False,False,2024-03
443,2024,3,Occurrence,Race-Ethnicity,Hawaiian/Pacific Islander,HOM,Assault (homicide),ICD-10,0.0,,,02/17/2026,02/17/2026,2024-03-01,2026-02-17,2026-02-17,False,,0.0,False,False,2024-03
444,2024,3,Occurrence,Race-Ethnicity,Hispanic,HOM,Assault (homicide),ICD-10,62.0,,,02/17/2026,02/17/2026,2024-03-01,2026-02-17,2026-02-17,False,,62.0,False,False,2024-03
445,2024,3,Occurrence,Race-Ethnicity,Multi-Race,HOM,Assault (homicide),ICD-10,,1,Cell suppressed for small numbers,02/17/2026,02/17/2026,2024-03-01,2026-02-17,2026-02-17,True,Cell suppressed for small numbers,,False,False,2024-03
446,2024,3,Occurrence,Race-Ethnicity,White,HOM,Assault (homicide),ICD-10,30.0,,,02/17/2026,02/17/2026,2024-03-01,2026-02-17,2026-02-17,False,,30.0,False,False,2024-03
447,2024,3,Occurrence,Race-Ethnicity,Other/Unknown,HOM,Assault (homicide),ICD-10,,1,Cell suppressed for small numbers,02/17/2026,02/17/2026,2024-03-01,2026-02-17,2026-02-17,True,Cell suppressed for small numbers,,False,False,2024-03
451,2024,3,Occurrence,Race-Ethnicity,American Indian/Alaska Native,HTD,Diseases of heart,ICD-10,34.0,,,02/17/2026,02/17/2026,2024-03-01,2026-02-17,2026-02-17,False,,34.0,False,False,2024-03
452,2024,3,Occurrence,Race-Ethnicity,Asian,HTD,Diseases of heart,ICD-10,591.0,,,02/17/2026,02/17/2026,2024-03-01,2026-02-17,2026-02-17,False,,591.0,False,False,2024-03
453,2024,3,Occurrence,Race-Ethnicity,Black,HTD,Diseases of heart,ICD-10,477.0,,,02/17/2026,02/17/2026,2024-03-01,2026-02-17,2026-02-17,False,,477.0,False,False,2024-03
454,2024,3,Occurrence,Race-Ethnicity,Hawaiian/Pacific Islander,HTD,Diseases of heart,ICD-10,31.0,,,02/17/2026,02/17/2026,2024-03-01,2026-02-17,2026-02-17,False,,31.0,False,False,2024-03
455,2024,3,Occurrence,Race-Ethnicity,Hispanic,HTD,Diseases of heart,ICD-10,1033.0,,,02/17/2026,02/17/2026,2024-03-01,2026-02-17,2026-02-17,False,,1033.0,False,False,2024-03
456,2024,3,Occurrence,Race-Ethnicity,Multi-Race,HTD,Diseases of heart,ICD-10,46.0,,,02/17/2026,02/17/2026,2024-03-01,2026-02-17,2026-02-17,False,,46.0,False,False,2024-03
457,2024,3,Occurrence,Race-Ethnicity,White,HTD,Diseases of heart,ICD-10,3223.0,,,02/17/2026,02/17/2026,2024-03-01,2026-02-17,2026-02-17,False,,3223.0,False,False,2024-03
458,2024,3,Occurrence,Race-Ethnicity,Other/Unknown,HTD,Diseases of heart,ICD-10,40.0,,,02/17/2026,02/17/2026,2024-03-01,2026-02-17,2026-02-17,False,,40.0,False,False,2024-03
462,2024,3,Occurrence,Race-Ethnicity,American Indian/Alaska Native,HYP,Essential hypertension and hypertensive renal disease,ICD-10,,1,Cell suppressed for small numbers,02/17/2026,02/17/2026,2024-03-01,2026-02-17,2026-02-17,True,Cell suppressed for small numbers,,False,False,2024-03
463,2024,3,Occurrence,Race-Ethnicity,Asian,HYP,Essential hypertension and hypertensive renal disease,ICD-10,106.0,,,02/17/2026,02/17/2026,2024-03-01,2026-02-17,2026-02-17,False,,106.0,False,False,2024-03
464,2024,3,Occurrence,Race-Ethnicity,Black,HYP,Essential hypertension and hypertensive renal disease,ICD-10,53.0,,,02/17/2026,02/17/2026,2024-03-01,2026-02-17,2026-02-17,False,,53.0,False,False,2024-03
465,2024,3,Occurrence,Race-Ethnicity,Hawaiian/Pacific Islander,HYP,Essential hypertension and hypertensive renal disease,ICD-10,,1,Cell suppressed for small numbers,02/17/2026,02/17/2026,2024-03-01,2026-02-17,2026-02-17,True,Cell suppressed for small numbers,,False,False,2024-03
466,2024,3,Occurrence,Race-Ethnicity,Hispanic,HYP,Essential hypertension and hypertensive renal disease,ICD-10,118.0,,,02/17/2026,02/17/2026,2024-03-01,2026-02-17,2026-02-17,False,,118.0,False,False,2024-03
467,2024,3,Occurrence,Race-Ethnicity,Multi-Race,HYP,Essential hypertension and hypertensive renal disease,ICD-10,,1,Cell suppressed for small numbers,02/17/2026,02/17/2026,2024-03-01,2026-02-17,2026-02-17,True,Cell suppressed for small numbers,,False,False,2024-03
468,2024,3,Occurrence,Race-Ethnicity,White,HYP,Essential hypertension and hypertensive renal disease,ICD-10,267.0,,,02/17/2026,02/17/2026,2024-03-01,2026-02-17,2026-02-17,False,,267.0,False,False,2024-03
469,2024,3,Occurrence,Race-Ethnicity,Other/Unknown,HYP,Essential hypertension and hypertensive renal disease,ICD-10,11.0,,,02/17/2026,02/17/2026,2024-03-01,2026-02-17,2026-02-17,False,,11.0,False,False,2024-03
473,2024,3,Occurrence,Race-Ethnicity,American Indian/Alaska Native,INJ,Accidents (unintentional injuries),ICD-10,,2,Cell suppressed for complementary cell,02/17/2026,02/17/2026,2024-03-01,2026-02-17,2026-02-17,True,Cell suppressed for complementary cell,,False,False,2024-03
474,2024,3,Occurrence,Race-Ethnicity,Asian,INJ,Accidents (unintentional injuries),ICD-10,96.0,,,02/17/2026,02/17/2026,2024-03-01,2026-02-17,2026-02-17,False,,96.0,False,False,2024-03
475,2024,3,Occurrence,Race-Ethnicity,Black,INJ,Accidents (unintentional injuries),ICD-10,179.0,,,02/17/2026,02/17/2026,2024-03-01,2026-02-17,2026-02-17,False,,179.0,False,False,2024-03
476,2024,3,Occurrence,Race-Ethnicity,Hawaiian/Pacific Islander,INJ,Accidents (unintentional injuries),ICD-10,,1,Cell suppressed for small numbers,02/17/2026,02/17/2026,2024-03-01,2026-02-17,2026-02-17,True,Cell suppressed for small numbers,,False,False,2024-03
477,2024,3,Occurrence,Race-Ethnicity,Hispanic,INJ,Accidents (unintentional injuries),ICD-10,534.0,,,02/17/2026,02/17/2026,2024-03-01,2026-02-17,2026-02-17,False,,534.0,False,False,2024-03
478,2024,3,Occurrence,Race-Ethnicity,Multi-Race,INJ,Accidents (unintentional injuries),ICD-10,34.0,,,02/17/2026,02/17/2026,2024-03-01,2026-02-17,2026-02-17,False,,34.0,False,False,2024-03
479,2024,3,Occurrence,Race-Ethnicity,White,INJ,Accidents (unintentional injuries),ICD-10,763.0,,,02/17/2026,02/17/2026,2024-03-01,2026-02-17,2026-02-17,False,,763.0,False,False,2024-03
480,2024,3,Occurrence,Race-Ethnicity,Other/Unknown,INJ,Accidents (unintentional injuries),ICD-10,30.0,,,02/17/2026,02/17/2026,2024-03-01,2026-02-17,2026-02-17,False,,30.0,False,False,2024-03
484,2024,3,Occurrence,Race-Ethnicity,American Indian/Alaska Native,LIV,Chronic liver disease and cirrhosis,ICD-10,,1,Cell suppressed for small numbers,02/17/2026,02/17/2026,2024-03-01,2026-02-17,2026-02-17,True,Cell suppressed for small numbers,,False,False,2024-03
485,2024,3,Occurrence,Race-Ethnicity,Asian,LIV,Chronic liver disease and cirrhosis,ICD-10,25.0,,,02/17/2026,02/17/2026,2024-03-01,2026-02-17,2026-02-17,False,,25.0,False,False,2024-03
486,2024,3,Occurrence,Race-Ethnicity,Black,LIV,Chronic liver disease and cirrhosis,ICD-10,23.0,,,02/17/2026,02/17/2026,2024-03-01,2026-02-17,2026-02-17,False,,23.0,False,False,2024-03
487,2024,3,Occurrence,Race-Ethnicity,Hawaiian/Pacific Islander,LIV,Chronic liver disease and cirrhosis,ICD-10,0.0,,,02/17/2026,02/17/2026,2024-03-01,2026-02-17,2026-02-17,False,,0.0,False,False,2024-03
488,2024,3,Occurrence,Race-Ethnicity,Hispanic,LIV,Chronic liver disease and cirrhosis,ICD-10,226.0,,,02/17/2026,02/17/2026,2024-03-01,2026-02-17,2026-02-17,False,,226.0,False,False,2024-03
489,2024,3,Occurrence,Race-Ethnicity,Multi-Race,LIV,Chronic liver disease and cirrhosis,ICD-10,,1,Cell suppressed for small numbers,02/17/2026,02/17/2026,2024-03-01,2026-02-17,2026-02-17,True,Cell suppressed for small numbers,,False,False,2024-03
490,2024,3,Occurrence,Race-Ethnicity,White,LIV,Chronic liver disease and cirrhosis,ICD-10,238.0,,,02/17/2026,02/17/2026,2024-03-01,2026-02-17,2026-02-17,False,,238.0,False,False,2024-03
491,2024,3,Occurrence,Race-Ethnicity,Other/Unknown,LIV,Chronic liver disease and cirrhosis,ICD-10,,1,Cell suppressed for small numbers,02/17/2026,02/17/2026,2024-03-01,2026-02-17,2026-02-17,True,Cell suppressed for small numbers,,False,False,2024-03
495,2024,3,Occurrence,Race-Ethnicity,American Indian/Alaska Native,NEP,"Nephritis, nephrotic syndrome and nephrosis",ICD-10,,1,Cell suppressed for small numbers,02/17/2026,02/17/2026,2024-03-01,2026-02-17,2026-02-17,True,Cell suppressed for small numbers,,False,False,2024-03
496,2024,3,Occurrence,Race-Ethnicity,Asian,NEP,"Nephritis, nephrotic syndrome and nephrosis",ICD-10,76.0,,,02/17/2026,02/17/2026,2024-03-01,2026-02-17,2026-02-17,False,,76.0,False,False,2024-03
497,2024,3,Occurrence,Race-Ethnicity,Black,NEP,"Nephritis, nephrotic syndrome and nephrosis",ICD-10,45.0,,,02/17/2026,02/17/2026,2024-03-01,2026-02-17,2026-02-17,False,,45.0,False,False,2024-03
498,2024,3,Occurrence,Race-Ethnicity,Hawaiian/Pacific Islander,NEP,"Nephritis, nephrotic syndrome and nephrosis",ICD-10,,1,Cell suppressed for small numbers,02/17/2026,02/17/2026,2024-03-01,2026-02-17,2026-02-17,True,Cell suppressed for small numbers,,False,False,2024-03
499,2024,3,Occurrence,Race-Ethnicity,Hispanic,NEP,"Nephritis, nephrotic syndrome and nephrosis",ICD-10,118.0,,,02/17/2026,02/17/2026,2024-03-01,2026-02-17,2026-02-17,False,,118.0,False,False,2024-03
500,2024,3,Occurrence,Race-Ethnicity,Multi-Race,NEP,"Nephritis, nephrotic syndrome and nephrosis",ICD-10,,1,Cell suppressed for small numbers,02/17/2026,02/17/2026,2024-03-01,2026-02-17,2026-02-17,True,Cell suppressed for small numbers,,False,False,2024-03
501,2024,3,Occurrence,Race-Ethnicity,White,NEP,"Nephritis, nephrotic syndrome and nephrosis",ICD-10,192.0,,,02/17/2026,02/17/2026,2024-03-01,2026-02-17,2026-02-17,False,,192.0,False,False,2024-03
502,2024,3,Occurrence,Race-Ethnicity,Other/Unknown,NEP,"Nephritis, nephrotic syndrome and nephrosis",ICD-10,,1,Cell suppressed for small numbers,02/17/2026,02/17/2026,2024-03-01,2026-02-17,2026-02-17,True,Cell suppressed for small numbers,,False,False,2024-03
506,2024,3,Occurrence,Race-Ethnicity,American Indian/Alaska Native,PAR,Parkinson's disease,ICD-10,0.0,,,02/17/2026,02/17/2026,2024-03-01,2026-02-17,2026-02-17,False,,0.0,False,False,2024-03
507,2024,3,Occurrence,Race-Ethnicity,Asian,PAR,Parkinson's disease,ICD-10,53.0,,,02/17/2026,02/17/2026,2024-03-01,2026-02-17,2026-02-17,False,,53.0,False,False,2024-03
508,2024,3,Occurrence,Race-Ethnicity,Black,PAR,Parkinson's disease,ICD-10,,2,Cell suppressed for complementary cell,02/17/2026,02/17/2026,2024-03-01,2026-02-17,2026-02-17,True,Cell suppressed for complementary cell,,False,False,2024-03
509,2024,3,Occurrence,Race-Ethnicity,Hawaiian/Pacific Islander,PAR,Parkinson's disease,ICD-10,0.0,,,02/17/2026,02/17/2026,2024-03-01,2026-02-17,2026-02-17,False,,0.0,False,False,2024-03
510,2024,3,Occurrence,Race-Ethnicity,Hispanic,PAR,Parkinson's disease,ICD-10,51.0,,,02/17/2026,02/17/2026,2024-03-01,2026-02-17,2026-02-17,False,,51.0,False,False,2024-03
511,2024,3,Occurrence,Race-Ethnicity,Multi-Race,PAR,Parkinson's disease,ICD-10,,1,Cell suppressed for small numbers,02/17/2026,02/17/2026,2024-03-01,2026-02-17,2026-02-17,True,Cell suppressed for small numbers,,False,False,2024-03
512,2024,3,Occurrence,Race-Ethnicity,White,PAR,Parkinson's disease,ICD-10,211.0,,,02/17/2026,02/17/2026,2024-03-01,2026-02-17,2026-02-17,False,,211.0,False,False,2024-03
513,2024,3,Occurrence,Race-Ethnicity,Other/Unknown,PAR,Parkinson's disease,ICD-10,0.0,,,02/17/2026,02/17/2026,2024-03-01,2026-02-17,2026-02-17,False,,0.0,False,False,2024-03
517,2024,3,Occurrence,Race-Ethnicity,American Indian/Alaska Native,PNF,Influenza and pneumonia,ICD-10,,1,Cell suppressed for small numbers,02/17/2026,02/17/2026,2024-03-01,2026-02-17,2026-02-17,True,Cell suppressed for small numbers,,False,False,2024-03
518,2024,3,Occurrence,Race-Ethnicity,Asian,PNF,Influenza and pneumonia,ICD-10,62.0,,,02/17/2026,02/17/2026,2024-03-01,2026-02-17,2026-02-17,False,,62.0,False,False,2024-03
519,2024,3,Occurrence,Race-Ethnicity,Black,PNF,Influenza and pneumonia,ICD-10,36.0,,,02/17/2026,02/17/2026,2024-03-01,2026-02-17,2026-02-17,False,,36.0,False,False,2024-03
520,2024,3,Occurrence,Race-Ethnicity,Hawaiian/Pacific Islander,PNF,Influenza and pneumonia,ICD-10,0.0,,,02/17/2026,02/17/2026,2024-03-01,2026-02-17,2026-02-17,False,,0.0,False,False,2024-03
521,2024,3,Occurrence,Race-Ethnicity,Hispanic,PNF,Influenza and pneumonia,ICD-10,127.0,,,02/17/2026,02/17/2026,2024-03-01,2026-02-17,2026-02-17,False,,127.0,False,False,2024-03
522,2024,3,Occurrence,Race-Ethnicity,Multi-Race,PNF,Influenza and pneumonia,ICD-10,,1,Cell suppressed for small numbers,02/17/2026,02/17/2026,2024-03-01,2026-02-17,2026-02-17,True,Cell suppressed for small numbers,,False,False,2024-03
523,2024,3,Occurrence,Race-Ethnicity,White,PNF,Influenza and pneumonia,ICD-10,238.0,,,02/17/2026,02/17/2026,2024-03-01,2026-02-17,2026-02-17,False,,238.0,False,False,2024-03
524,2024,3,Occurrence,Race-Ethnicity,Other/Unknown,PNF,Influenza and pneumonia,ICD-10,,1,Cell suppressed for small numbers,02/17/2026,02/17/2026,2024-03-01,2026-02-17,2026-02-17,True,Cell suppressed for small numbers,,False,False,2024-03
528,2024,3,Occurrence,Race-Ethnicity,American Indian/Alaska Native,STK,Cerebrovascular diseases,ICD-10,,1,Cell suppressed for small numbers,02/17/2026,02/17/2026,2024-03-01,2026-02-17,2026-02-17,True,Cell suppressed for small numbers,,False,False,2024-03
529,2024,3,Occurrence,Race-Ethnicity,Asian,STK,Cerebrovascular diseases,ICD-10,212.0,,,02/17/2026,02/17/2026,2024-03-01,2026-02-17,2026-02-17,False,,212.0,False,False,2024-03
530,2024,3,Occurrence,Race-Ethnicity,Black,STK,Cerebrovascular diseases,ICD-10,109.0,,,02/17/2026,02/17/2026,2024-03-01,2026-02-17,2026-02-17,False,,109.0,False,False,2024-03
531,2024,3,Occurrence,Race-Ethnicity,Hawaiian/Pacific Islander,STK,Cerebrovascular diseases,ICD-10,,1,Cell suppressed for small numbers,02/17/2026,02/17/2026,2024-03-01,2026-02-17,2026-02-17,True,Cell suppressed for small numbers,,False,False,2024-03
532,2024,3,Occurrence,Race-Ethnicity,Hispanic,STK,Cerebrovascular diseases,ICD-10,303.0,,,02/17/2026,02/17/2026,2024-03-01,2026-02-17,2026-02-17,False,,303.0,False,False,2024-03
533,2024,3,Occurrence,Race-Ethnicity,Multi-Race,STK,Cerebrovascular diseases,ICD-10,,1,Cell suppressed for small numbers,02/17/2026,02/17/2026,2024-03-01,2026-02-17,2026-02-17,True,Cell suppressed for small numbers,,False,False,2024-03
534,2024,3,Occurrence,Race-Ethnicity,White,STK,Cerebrovascular diseases,ICD-10,817.0,,,02/17/2026,02/17/2026,2024-03-01,2026-02-17,2026-02-17,False,,817.0,False,False,2024-03
535,2024,3,Occurrence,Race-Ethnicity,Other/Unknown,STK,Cerebrovascular diseases,ICD-10,16.0,,,02/17/2026,02/17/2026,2024-03-01,2026-02-17,2026-02-17,False,,16.0,False,False,2024-03
539,2024,3,Occurrence,Race-Ethnicity,American Indian/Alaska Native,SUI,Intentional self-harm (suicide),ICD-10,0.0,,,02/17/2026,02/17/2026,2024-03-01,2026-02-17,2026-02-17,False,,0.0,False,False,2024-03
540,2024,3,Occurrence,Race-Ethnicity,Asian,SUI,Intentional self-harm (suicide),ICD-10,44.0,,,02/17/2026,02/17/2026,2024-03-01,2026-02-17,2026-02-17,False,,44.0,False,False,2024-03
541,2024,3,Occurrence,Race-Ethnicity,Black,SUI,Intentional self-harm (suicide),ICD-10,14.0,,,02/17/2026,02/17/2026,2024-03-01,2026-02-17,2026-02-17,False,,14.0,False,False,2024-03
542,2024,3,Occurrence,Race-Ethnicity,Hawaiian/Pacific Islander,SUI,Intentional self-harm (suicide),ICD-10,,1,Cell suppressed for small numbers,02/17/2026,02/17/2026,2024-03-01,2026-02-17,2026-02-17,True,Cell suppressed for small numbers,,False,False,2024-03
543,2024,3,Occurrence,Race-Ethnicity,Hispanic,SUI,Intentional self-harm (suicide),ICD-10,75.0,,,02/17/2026,02/17/2026,2024-03-01,2026-02-17,2026-02-17,False,,75.0,False,False,2024-03
544,2024,3,Occurrence,Race-Ethnicity,Multi-Race,SUI,Intentional self-harm (suicide),ICD-10,,1,Cell suppressed for small numbers,02/17/2026,02/17/2026,2024-03-01,2026-02-17,2026-02-17,True,Cell suppressed for small numbers,,False,False,2024-03
545,2024,3,Occurrence,Race-Ethnicity,White,SUI,Intentional self-harm (suicide),ICD-10,215.0,,,02/17/2026,02/17/2026,2024-03-01,2026-02-17,2026-02-17,False,,215.0,False,False,2024-03
546,2024,3,Occurrence,Race-Ethnicity,Other/Unknown,SUI,Intentional self-harm (suicide),ICD-10,,1,Cell suppressed for small numbers,02/17/2026,02/17/2026,2024-03-01,2026-02-17,2026-02-17,True,Cell suppressed for small numbers,,False,False,2024-03
567,2024,4,Occurrence,Race-Ethnicity,American Indian/Alaska Native,ALL,All causes (total),ICD-10,100.0,,,02/17/2026,02/17/2026,2024-04-01,2026-02-17,2026-02-17,False,,100.0,False,True,2024-04
568,2024,4,Occurrence,Race-Ethnicity,Asian,ALL,All causes (total),ICD-10,2632.0,,,02/17/2026,02/17/2026,2024-04-01,2026-02-17,2026-02-17,False,,2632.0,False,True,2024-04
569,2024,4,Occurrence,Race-Ethnicity,Black,ALL,All causes (total),ICD-10,1884.0,,,02/17/2026,02/17/2026,2024-04-01,2026-02-17,2026-02-17,False,,1884.0,False,True,2024-04
570,2024,4,Occurrence,Race-Ethnicity,Hawaiian/Pacific Islander,ALL,All causes (total),ICD-10,92.0,,,02/17/2026,02/17/2026,2024-04-01,2026-02-17,2026-02-17,False,,92.0,False,True,2024-04
571,2024,4,Occurrence,Race-Ethnicity,Hispanic,ALL,All causes (total),ICD-10,5254.0,,,02/17/2026,02/17/2026,2024-04-01,2026-02-17,2026-02-17,False,,5254.0,False,True,2024-04
572,2024,4,Occurrence,Race-Ethnicity,Multi-Race,ALL,All causes (total),ICD-10,296.0,,,02/17/2026,02/17/2026,2024-04-01,2026-02-17,2026-02-17,False,,296.0,False,True,2024-04
573,2024,4,Occurrence,Race-Ethnicity,White,ALL,All causes (total),ICD-10,13091.0,,,02/17/2026,02/17/2026,2024-04-01,2026-02-17,2026-02-17,False,,13091.0,False,True,2024-04
574,2024,4,Occurrence,Race-Ethnicity,Other/Unknown,ALL,All causes (total),ICD-10,229.0,,,02/17/2026,02/17/2026,2024-04-01,2026-02-17,2026-02-17,False,,229.0,False,True,2024-04
578,2024,4,Occurrence,Race-Ethnicity,American Indian/Alaska Native,ALZ,Alzheimer's disease,ICD-10,,1,Cell suppressed for small numbers,02/17/2026,02/17/2026,2024-04-01,2026-02-17,2026-02-17,True,Cell suppressed for small numbers,,False,False,2024-04
579,2024,4,Occurrence,Race-Ethnicity,Asian,ALZ,Alzheimer's disease,ICD-10,148.0,,,02/17/2026,02/17/2026,2024-04-01,2026-02-17,2026-02-17,False,,148.0,False,False,2024-04
580,2024,4,Occurrence,Race-Ethnicity,Black,ALZ,Alzheimer's disease,ICD-10,89.0,,,02/17/2026,02/17/2026,2024-04-01,2026-02-17,2026-02-17,False,,89.0,False,False,2024-04
581,2024,4,Occurrence,Race-Ethnicity,Hawaiian/Pacific Islander,ALZ,Alzheimer's disease,ICD-10,,1,Cell suppressed for small numbers,02/17/2026,02/17/2026,2024-04-01,2026-02-17,2026-02-17,True,Cell suppressed for small numbers,,False,False,2024-04
582,2024,4,Occurrence,Race-Ethnicity,Hispanic,ALZ,Alzheimer's disease,ICD-10,243.0,,,02/17/2026,02/17/2026,2024-04-01,2026-02-17,2026-02-17,False,,243.0,False,False,2024-04
583,2024,4,Occurrence,Race-Ethnicity,Multi-Race,ALZ,Alzheimer's disease,ICD-10,12.0,,,02/17/2026,02/17/2026,2024-04-01,2026-02-17,2026-02-17,False,,12.0,False,False,2024-04
584,2024,4,Occurrence,Race-Ethnicity,White,ALZ,Alzheimer's disease,ICD-10,840.0,,,02/17/2026,02/17/2026,2024-04-01,2026-02-17,2026-02-17,False,,840.0,False,False,2024-04
585,2024,4,Occurrence,Race-Ethnicity,Other/Unknown,ALZ,Alzheimer's disease,ICD-10,,1,Cell suppressed for small numbers,02/17/2026,02/17/2026,2024-04-01,2026-02-17,2026-02-17,True,Cell suppressed for small numbers,,False,False,2024-04
589,2024,4,Occurrence,Race-Ethnicity,American Indian/Alaska Native,CAN,Malignant neoplasms,ICD-10,16.0,,,02/17/2026,02/17/2026,2024-04-01,2026-02-17,2026-02-17,False,,16.0,False,False,2024-04
590,2024,4,Occurrence,Race-Ethnicity,Asian,CAN,Malignant neoplasms,ICD-10,642.0,,,02/17/2026,02/17/2026,2024-04-01,2026-02-17,2026-02-17,False,,642.0,False,False,2024-04
591,2024,4,Occurrence,Race-Ethnicity,Black,CAN,Malignant neoplasms,ICD-10,359.0,,,02/17/2026,02/17/2026,2024-04-01,2026-02-17,2026-02-17,False,,359.0,False,False,2024-04
592,2024,4,Occurrence,Race-Ethnicity,Hawaiian/Pacific Islander,CAN,Malignant neoplasms,ICD-10,24.0,,,02/17/2026,02/17/2026,2024-04-01,2026-02-17,2026-02-17,False,,24.0,False,False,2024-04
593,2024,4,Occurrence,Race-Ethnicity,Hispanic,CAN,Malignant neoplasms,ICD-10,1058.0,,,02/17/2026,02/17/2026,2024-04-01,2026-02-17,2026-02-17,False,,1058.0,False,False,2024-04
594,2024,4,Occurrence,Race-Ethnicity,Multi-Race,CAN,Malignant neoplasms,ICD-10,47.0,,,02/17/2026,02/17/2026,2024-04-01,2026-02-17,2026-02-17,False,,47.0,False,False,2024-04
595,2024,4,Occurrence,Race-Ethnicity,White,CAN,Malignant neoplasms,ICD-10,2824.0,,,02/17/2026,02/17/2026,2024-04-01,2026-02-17,2026-02-17,False,,2824.0,False,False,2024-04
596,2024,4,Occurrence,Race-Ethnicity,Other/Unknown,CAN,Malignant neoplasms,ICD-10,28.0,,,02/17/2026,02/17/2026,2024-04-01,2026-02-17,2026-02-17,False,,28.0,False,False,2024-04
600,2024,4,Occurrence,Race-Ethnicity,American Indian/Alaska Native,CLD,Chronic lower respiratory diseases,ICD-10,,1,Cell suppressed for small numbers,02/17/2026,02/17/2026,2024-04-01,2026-02-17,2026-02-17,True,Cell suppressed for small numbers,,False,False,2024-04
601,2024,4,Occurrence,Race-Ethnicity,Asian,CLD,Chronic lower respiratory diseases,ICD-10,61.0,,,02/17/2026,02/17/2026,2024-04-01,2026-02-17,2026-02-17,False,,61.0,False,False,2024-04
602,2024,4,Occurrence,Race-Ethnicity,Black,CLD,Chronic lower respiratory diseases,ICD-10,54.0,,,02/17/2026,02/17/2026,2024-04-01,2026-02-17,2026-02-17,False,,54.0,False,False,2024-04
603,2024,4,Occurrence,Race-Ethnicity,Hawaiian/Pacific Islander,CLD,Chronic lower respiratory diseases,ICD-10,,1,Cell suppressed for small numbers,02/17/2026,02/17/2026,2024-04-01,2026-02-17,2026-02-17,True,Cell suppressed for small numbers,,False,False,2024-04
604,2024,4,Occurrence,Race-Ethnicity,Hispanic,CLD,Chronic lower respiratory diseases,ICD-10,107.0,,,02/17/2026,02/17/2026,2024-04-01,2026-02-17,2026-02-17,False,,107.0,False,False,2024-04
605,2024,4,Occurrence,Race-Ethnicity,Multi-Race,CLD,Chronic lower respiratory diseases,ICD-10,12.0,,,02/17/2026,02/17/2026,2024-04-01,2026-02-17,2026-02-17,False,,12.0,False,False,2024-04
606,2024,4,Occurrence,Race-Ethnicity,White,CLD,Chronic lower respiratory diseases,ICD-10,731.0,,,02/17/2026,02/17/2026,2024-04-01,2026-02-17,2026-02-17,False,,731.0,False,False,2024-04
607,2024,4,Occurrence,Race-Ethnicity,Other/Unknown,CLD,Chronic lower respiratory diseases,ICD-10,17.0,,,02/17/2026,02/17/2026,2024-04-01,2026-02-17,2026-02-17,False,,17.0,False,False,2024-04
611,2024,4,Occurrence,Race-Ethnicity,American Indian/Alaska Native,DIA,Diabetes mellitus,ICD-10,,1,Cell suppressed for small numbers,02/17/2026,02/17/2026,2024-04-01,2026-02-17,2026-02-17,True,Cell suppressed for small numbers,,False,False,2024-04
612,2024,4,Occurrence,Race-Ethnicity,Asian,DIA,Diabetes mellitus,ICD-10,136.0,,,02/17/2026,02/17/2026,2024-04-01,2026-02-17,2026-02-17,False,,136.0,False,False,2024-04
613,2024,4,Occurrence,Race-Ethnicity,Black,DIA,Diabetes mellitus,ICD-10,94.0,,,02/17/2026,02/17/2026,2024-04-01,2026-02-17,2026-02-17,False,,94.0,False,False,2024-04
614,2024,4,Occurrence,Race-Ethnicity,Hawaiian/Pacific Islander,DIA,Diabetes mellitus,ICD-10,,1,Cell suppressed for small numbers,02/17/2026,02/17/2026,2024-04-01,2026-02-17,2026-02-17,True,Cell suppressed for small numbers,,False,False,2024-04
615,2024,4,Occurrence,Race-Ethnicity,Hispanic,DIA,Diabetes mellitus,ICD-10,253.0,,,02/17/2026,02/17/2026,2024-04-01,2026-02-17,2026-02-17,False,,253.0,False,False,2024-04
616,2024,4,Occurrence,Race-Ethnicity,Multi-Race,DIA,Diabetes mellitus,ICD-10,17.0,,,02/17/2026,02/17/2026,2024-04-01,2026-02-17,2026-02-17,False,,17.0,False,False,2024-04
617,2024,4,Occurrence,Race-Ethnicity,White,DIA,Diabetes mellitus,ICD-10,333.0,,,02/17/2026,02/17/2026,2024-04-01,2026-02-17,2026-02-17,False,,333.0,False,False,2024-04
618,2024,4,Occurrence,Race-Ethnicity,Other/Unknown,DIA,Diabetes mellitus,ICD-10,13.0,,,02/17/2026,02/17/2026,2024-04-01,2026-02-17,2026-02-17,False,,13.0,False,False,2024-04
622,2024,4,Occurrence,Race-Ethnicity,American Indian/Alaska Native,HOM,Assault (homicide),ICD-10,,1,Cell suppressed for small numbers,02/17/2026,02/17/2026,2024-04-01,2026-02-17,2026-02-17,True,Cell suppressed for small numbers,,False,False,2024-04
623,2024,4,Occurrence,Race-Ethnicity,Asian,HOM,Assault (homicide),ICD-10,,1,Cell suppressed for small numbers,02/17/2026,02/17/2026,2024-04-01,2026-02-17,2026-02-17,True,Cell suppressed for small numbers,,False,False,2024-04
624,2024,4,Occurrence,Race-Ethnicity,Black,HOM,Assault (homicide),ICD-10,37.0,,,02/17/2026,02/17/2026,2024-04-01,2026-02-17,2026-02-17,False,,37.0,False,False,2024-04
625,2024,4,Occurrence,Race-Ethnicity,Hawaiian/Pacific Islander,HOM,Assault (homicide),ICD-10,0.0,,,02/17/2026,02/17/2026,2024-04-01,2026-02-17,2026-02-17,False,,0.0,False,False,2024-04
626,2024,4,Occurrence,Race-Ethnicity,Hispanic,HOM,Assault (homicide),ICD-10,67.0,,,02/17/2026,02/17/2026,2024-04-01,2026-02-17,2026-02-17,False,,67.0,False,False,2024-04
627,2024,4,Occurrence,Race-Ethnicity,Multi-Race,HOM,Assault (homicide),ICD-10,,1,Cell suppressed for small numbers,02/17/2026,02/17/2026,2024-04-01,2026-02-17,2026-02-17,True,Cell suppressed for small numbers,,False,False,2024-04
628,2024,4,Occurrence,Race-Ethnicity,White,HOM,Assault (homicide),ICD-10,21.0,,,02/17/2026,02/17/2026,2024-04-01,2026-02-17,2026-02-17,False,,21.0,False,False,2024-04
629,2024,4,Occurrence,Race-Ethnicity,Other/Unknown,HOM,Assault (homicide),ICD-10,,1,Cell suppressed for small numbers,02/17/2026,02/17/2026,2024-04-01,2026-02-17,2026-02-17,True,Cell suppressed for small numbers,,False,False,2024-04
633,2024,4,Occurrence,Race-Ethnicity,American Indian/Alaska Native,HTD,Diseases of heart,ICD-10,22.0,,,02/17/2026,02/17/2026,2024-04-01,2026-02-17,2026-02-17,False,,22.0,False,False,2024-04
634,2024,4,Occurrence,Race-Ethnicity,Asian,HTD,Diseases of heart,ICD-10,569.0,,,02/17/2026,02/17/2026,2024-04-01,2026-02-17,2026-02-17,False,,569.0,False,False,2024-04
635,2024,4,Occurrence,Race-Ethnicity,Black,HTD,Diseases of heart,ICD-10,442.0,,,02/17/2026,02/17/2026,2024-04-01,2026-02-17,2026-02-17,False,,442.0,False,False,2024-04
636,2024,4,Occurrence,Race-Ethnicity,Hawaiian/Pacific Islander,HTD,Diseases of heart,ICD-10,17.0,,,02/17/2026,02/17/2026,2024-04-01,2026-02-17,2026-02-17,False,,17.0,False,False,2024-04
637,2024,4,Occurrence,Race-Ethnicity,Hispanic,HTD,Diseases of heart,ICD-10,964.0,,,02/17/2026,02/17/2026,2024-04-01,2026-02-17,2026-02-17,False,,964.0,False,False,2024-04
638,2024,4,Occurrence,Race-Ethnicity,Multi-Race,HTD,Diseases of heart,ICD-10,66.0,,,02/17/2026,02/17/2026,2024-04-01,2026-02-17,2026-02-17,False,,66.0,False,False,2024-04
639,2024,4,Occurrence,Race-Ethnicity,White,HTD,Diseases of heart,ICD-10,3048.0,,,02/17/2026,02/17/2026,2024-04-01,2026-02-17,2026-02-17,False,,3048.0,False,False,2024-04
640,2024,4,Occurrence,Race-Ethnicity,Other/Unknown,HTD,Diseases of heart,ICD-10,57.0,,,02/17/2026,02/17/2026,2024-04-01,2026-02-17,2026-02-17,False,,57.0,False,False,2024-04
644,2024,4,Occurrence,Race-Ethnicity,American Indian/Alaska Native,HYP,Essential hypertension and hypertensive renal disease,ICD-10,0.0,,,02/17/2026,02/17/2026,2024-04-01,2026-02-17,2026-02-17,False,,0.0,False,False,2024-04
645,2024,4,Occurrence,Race-Ethnicity,Asian,HYP,Essential hypertension and hypertensive renal disease,ICD-10,68.0,,,02/17/2026,02/17/2026,2024-04-01,2026-02-17,2026-02-17,False,,68.0,False,False,2024-04
646,2024,4,Occurrence,Race-Ethnicity,Black,HYP,Essential hypertension and hypertensive renal disease,ICD-10,54.0,,,02/17/2026,02/17/2026,2024-04-01,2026-02-17,2026-02-17,False,,54.0,False,False,2024-04
647,2024,4,Occurrence,Race-Ethnicity,Hawaiian/Pacific Islander,HYP,Essential hypertension and hypertensive renal disease,ICD-10,,1,Cell suppressed for small numbers,02/17/2026,02/17/2026,2024-04-01,2026-02-17,2026-02-17,True,Cell suppressed for small numbers,,False,False,2024-04
648,2024,4,Occurrence,Race-Ethnicity,Hispanic,HYP,Essential hypertension and hypertensive renal disease,ICD-10,114.0,,,02/17/2026,02/17/2026,2024-04-01,2026-02-17,2026-02-17,False,,114.0,False,False,2024-04
649,2024,4,Occurrence,Race-Ethnicity,Multi-Race,HYP,Essential hypertension and hypertensive renal disease,ICD-10,,1,Cell suppressed for small numbers,02/17/2026,02/17/2026,2024-04-01,2026-02-17,2026-02-17,True,Cell suppressed for small numbers,,False,False,2024-04
650,2024,4,Occurrence,Race-Ethnicity,White,HYP,Essential hypertension and hypertensive renal disease,ICD-10,271.0,,,02/17/2026,02/17/2026,2024-04-01,2026-02-17,2026-02-17,False,,271.0,False,False,2024-04
651,2024,4,Occurrence,Race-Ethnicity,Other/Unknown,HYP,Essential hypertension and hypertensive renal disease,ICD-10,,1,Cell suppressed for small numbers,02/17/2026,02/17/2026,2024-04-01,2026-02-17,2026-02-17,True,Cell suppressed for small numbers,,False,False,2024-04
655,2024,4,Occurrence,Race-Ethnicity,American Indian/Alaska Native,INJ,Accidents (unintentional injuries),ICD-10,,2,Cell suppressed for complementary cell,02/17/2026,02/17/2026,2024-04-01,2026-02-17,2026-02-17,True,Cell suppressed for complementary cell,,False,False,2024-04
656,2024,4,Occurrence,Race-Ethnicity,Asian,INJ,Accidents (unintentional injuries),ICD-10,105.0,,,02/17/2026,02/17/2026,2024-04-01,2026-02-17,2026-02-17,False,,105.0,False,False,2024-04
657,2024,4,Occurrence,Race-Ethnicity,Black,INJ,Accidents (unintentional injuries),ICD-10,187.0,,,02/17/2026,02/17/2026,2024-04-01,2026-02-17,2026-02-17,False,,187.0,False,False,2024-04
658,2024,4,Occurrence,Race-Ethnicity,Hawaiian/Pacific Islander,INJ,Accidents (unintentional injuries),ICD-10,,1,Cell suppressed for small numbers,02/17/2026,02/17/2026,2024-04-01,2026-02-17,2026-02-17,True,Cell suppressed for small numbers,,False,False,2024-04
659,2024,4,Occurrence,Race-Ethnicity,Hispanic,INJ,Accidents (unintentional injuries),ICD-10,546.0,,,02/17/2026,02/17/2026,2024-04-01,2026-02-17,2026-02-17,False,,546.0,False,False,2024-04
660,2024,4,Occurrence,Race-Ethnicity,Multi-Race,INJ,Accidents (unintentional injuries),ICD-10,38.0,,,02/17/2026,02/17/2026,2024-04-01,2026-02-17,2026-02-17,False,,38.0,False,False,2024-04
661,2024,4,Occurrence,Race-Ethnicity,White,INJ,Accidents (unintentional injuries),ICD-10,692.0,,,02/17/2026,02/17/2026,2024-04-01,2026-02-17,2026-02-17,False,,692.0,False,False,2024-04
662,2024,4,Occurrence,Race-Ethnicity,Other/Unknown,INJ,Accidents (unintentional injuries),ICD-10,21.0,,,02/17/2026,02/17/2026,2024-04-01,2026-02-17,2026-02-17,False,,21.0,False,False,2024-04
666,2024,4,Occurrence,Race-Ethnicity,American Indian/Alaska Native,LIV,Chronic liver disease and cirrhosis,ICD-10,,1,Cell suppressed for small numbers,02/17/2026,02/17/2026,2024-04-01,2026-02-17,2026-02-17,True,Cell suppressed for small numbers,,False,False,2024-04
667,2024,4,Occurrence,Race-Ethnicity,Asian,LIV,Chronic liver disease and cirrhosis,ICD-10,26.0,,,02/17/2026,02/17/2026,2024-04-01,2026-02-17,2026-02-17,False,,26.0,False,False,2024-04
668,2024,4,Occurrence,Race-Ethnicity,Black,LIV,Chronic liver disease and cirrhosis,ICD-10,21.0,,,02/17/2026,02/17/2026,2024-04-01,2026-02-17,2026-02-17,False,,21.0,False,False,2024-04
669,2024,4,Occurrence,Race-Ethnicity,Hawaiian/Pacific Islander,LIV,Chronic liver disease and cirrhosis,ICD-10,,1,Cell suppressed for small numbers,02/17/2026,02/17/2026,2024-04-01,2026-02-17,2026-02-17,True,Cell suppressed for small numbers,,False,False,2024-04
670,2024,4,Occurrence,Race-Ethnicity,Hispanic,LIV,Chronic liver disease and cirrhosis,ICD-10,239.0,,,02/17/2026,02/17/2026,2024-04-01,2026-02-17,2026-02-17,False,,239.0,False,False,2024-04
671,2024,4,Occurrence,Race-Ethnicity,Multi-Race,LIV,Chronic liver disease and cirrhosis,ICD-10,,1,Cell suppressed for small numbers,02/17/2026,02/17/2026,2024-04-01,2026-02-17,2026-02-17,True,Cell suppressed for small numbers,,False,False,2024-04
672,2024,4,Occurrence,Race-Ethnicity,White,LIV,Chronic liver disease and cirrhosis,ICD-10,233.0,,,02/17/2026,02/17/2026,2024-04-01,2026-02-17,2026-02-17,False,,233.0,False,False,2024-04
673,2024,4,Occurrence,Race-Ethnicity,Other/Unknown,LIV,Chronic liver disease and cirrhosis,ICD-10,,1,Cell suppressed for small numbers,02/17/2026,02/17/2026,2024-04-01,2026-02-17,2026-02-17,True,Cell suppressed for small numbers,,False,False,2024-04
677,2024,4,Occurrence,Race-Ethnicity,American Indian/Alaska Native,NEP,"Nephritis, nephrotic syndrome and nephrosis",ICD-10,,1,Cell suppressed for small numbers,02/17/2026,02/17/2026,2024-04-01,2026-02-17,2026-02-17,True,Cell suppressed for small numbers,,False,False,2024-04
678,2024,4,Occurrence,Race-Ethnicity,Asian,NEP,"Nephritis, nephrotic syndrome and nephrosis",ICD-10,62.0,,,02/17/2026,02/17/2026,2024-04-01,2026-02-17,2026-02-17,False,,62.0,False,False,2024-04
679,2024,4,Occurrence,Race-Ethnicity,Black,NEP,"Nephritis, nephrotic syndrome and nephrosis",ICD-10,46.0,,,02/17/2026,02/17/2026,2024-04-01,2026-02-17,2026-02-17,False,,46.0,False,False,2024-04
680,2024,4,Occurrence,Race-Ethnicity,Hawaiian/Pacific Islander,NEP,"Nephritis, nephrotic syndrome and nephrosis",ICD-10,,1,Cell suppressed for small numbers,02/17/2026,02/17/2026,2024-04-01,2026-02-17,2026-02-17,True,Cell suppressed for small numbers,,False,False,2024-04
681,2024,4,Occurrence,Race-Ethnicity,Hispanic,NEP,"Nephritis, nephrotic syndrome and nephrosis",ICD-10,102.0,,,02/17/2026,02/17/2026,2024-04-01,2026-02-17,2026-02-17,False,,102.0,False,False,2024-04
682,2024,4,Occurrence,Race-Ethnicity,Multi-Race,NEP,"Nephritis, nephrotic syndrome and nephrosis",ICD-10,,1,Cell suppressed for small numbers,02/17/2026,02/17/2026,2024-04-01,2026-02-17,2026-02-17,True,Cell suppressed for small numbers,,False,False,2024-04
683,2024,4,Occurrence,Race-Ethnicity,White,NEP,"Nephritis, nephrotic syndrome and nephrosis",ICD-10,173.0,,,02/17/2026,02/17/2026,2024-04-01,2026-02-17,2026-02-17,False,,173.0,False,False,2024-04
684,2024,4,Occurrence,Race-Ethnicity,Other/Unknown,NEP,"Nephritis, nephrotic syndrome and nephrosis",ICD-10,,1,Cell suppressed for small numbers,02/17/2026,02/17/2026,2024-04-01,2026-02-17,2026-02-17,True,Cell suppressed for small numbers,,False,False,2024-04
688,2024,4,Occurrence,Race-Ethnicity,American Indian/Alaska Native,PAR,Parkinson's disease,ICD-10,0.0,,,02/17/2026,02/17/2026,2024-04-01,2026-02-17,2026-02-17,False,,0.0,False,False,2024-04
689,2024,4,Occurrence,Race-Ethnicity,Asian,PAR,Parkinson's disease,ICD-10,33.0,,,02/17/2026,02/17/2026,2024-04-01,2026-02-17,2026-02-17,False,,33.0,False,False,2024-04
690,2024,4,Occurrence,Race-Ethnicity,Black,PAR,Parkinson's disease,ICD-10,,1,Cell suppressed for small numbers,02/17/2026,02/17/2026,2024-04-01,2026-02-17,2026-02-17,True,Cell suppressed for small numbers,,False,False,2024-04
691,2024,4,Occurrence,Race-Ethnicity,Hawaiian/Pacific Islander,PAR,Parkinson's disease,ICD-10,0.0,,,02/17/2026,02/17/2026,2024-04-01,2026-02-17,2026-02-17,False,,0.0,False,False,2024-04
692,2024,4,Occurrence,Race-Ethnicity,Hispanic,PAR,Parkinson's disease,ICD-10,38.0,,,02/17/2026,02/17/2026,2024-04-01,2026-02-17,2026-02-17,False,,38.0,False,False,2024-04
693,2024,4,Occurrence,Race-Ethnicity,Multi-Race,PAR,Parkinson's disease,ICD-10,,1,Cell suppressed for small numbers,02/17/2026,02/17/2026,2024-04-01,2026-02-17,2026-02-17,True,Cell suppressed for small numbers,,False,False,2024-04
694,2024,4,Occurrence,Race-Ethnicity,White,PAR,Parkinson's disease,ICD-10,231.0,,,02/17/2026,02/17/2026,2024-04-01,2026-02-17,2026-02-17,False,,231.0,False,False,2024-04
695,2024,4,Occurrence,Race-Ethnicity,Other/Unknown,PAR,Parkinson's disease,ICD-10,0.0,,,02/17/2026,02/17/2026,2024-04-01,2026-02-17,2026-02-17,False,,0.0,False,False,2024-04
699,2024,4,Occurrence,Race-Ethnicity,American Indian/Alaska Native,PNF,Influenza and pneumonia,ICD-10,,1,Cell suppressed for small numbers,02/17/2026,02/17/2026,2024-04-01,2026-02-17,2026-02-17,True,Cell suppressed for small numbers,,False,False,2024-04
700,2024,4,Occurrence,Race-Ethnicity,Asian,PNF,Influenza and pneumonia,ICD-10,74.0,,,02/17/2026,02/17/2026,2024-04-01,2026-02-17,2026-02-17,False,,74.0,False,False,2024-04
701,2024,4,Occurrence,Race-Ethnicity,Black,PNF,Influenza and pneumonia,ICD-10,30.0,,,02/17/2026,02/17/2026,2024-04-01,2026-02-17,2026-02-17,False,,30.0,False,False,2024-04
702,2024,4,Occurrence,Race-Ethnicity,Hawaiian/Pacific Islander,PNF,Influenza and pneumonia,ICD-10,,1,Cell suppressed for small numbers,02/17/2026,02/17/2026,2024-04-01,2026-02-17,2026-02-17,True,Cell suppressed for small numbers,,False,False,2024-04
703,2024,4,Occurrence,Race-Ethnicity,Hispanic,PNF,Influenza and pneumonia,ICD-10,100.0,,,02/17/2026,02/17/2026,2024-04-01,2026-02-17,2026-02-17,False,,100.0,False,False,2024-04
704,2024,4,Occurrence,Race-Ethnicity,Multi-Race,PNF,Influenza and pneumonia,ICD-10,,1,Cell suppressed for small numbers,02/17/2026,02/17/2026,2024-04-01,2026-02-17,2026-02-17,True,Cell suppressed for small numbers,,False,False,2024-04
705,2024,4,Occurrence,Race-Ethnicity,White,PNF,Influenza and pneumonia,ICD-10,248.0,,,02/17/2026,02/17/2026,2024-04-01,2026-02-17,2026-02-17,False,,248.0,False,False,2024-04
706,2024,4,Occurrence,Race-Ethnicity,Other/Unknown,PNF,Influenza and pneumonia,ICD-10,,1,Cell suppressed for small numbers,02/17/2026,02/17/2026,2024-04-01,2026-02-17,2026-02-17,True,Cell suppressed for small numbers,,False,False,2024-04
710,2024,4,Occurrence,Race-Ethnicity,American Indian/Alaska Native,STK,Cerebrovascular diseases,ICD-10,,1,Cell suppressed for small numbers,02/17/2026,02/17/2026,2024-04-01,2026-02-17,2026-02-17,True,Cell suppressed for small numbers,,False,False,2024-04
711,2024,4,Occurrence,Race-Ethnicity,Asian,STK,Cerebrovascular diseases,ICD-10,234.0,,,02/17/2026,02/17/2026,2024-04-01,2026-02-17,2026-02-17,False,,234.0,False,False,2024-04
712,2024,4,Occurrence,Race-Ethnicity,Black,STK,Cerebrovascular diseases,ICD-10,127.0,,,02/17/2026,02/17/2026,2024-04-01,2026-02-17,2026-02-17,False,,127.0,False,False,2024-04
713,2024,4,Occurrence,Race-Ethnicity,Hawaiian/Pacific Islander,STK,Cerebrovascular diseases,ICD-10,,1,Cell suppressed for small numbers,02/17/2026,02/17/2026,2024-04-01,2026-02-17,2026-02-17,True,Cell suppressed for small numbers,,False,False,2024-04
714,2024,4,Occurrence,Race-Ethnicity,Hispanic,STK,Cerebrovascular diseases,ICD-10,332.0,,,02/17/2026,02/17/2026,2024-04-01,2026-02-17,2026-02-17,False,,332.0,False,False,2024-04
715,2024,4,Occurrence,Race-Ethnicity,Multi-Race,STK,Cerebrovascular diseases,ICD-10,16.0,,,02/17/2026,02/17/2026,2024-04-01,2026-02-17,2026-02-17,False,,16.0,False,False,2024-04
716,2024,4,Occurrence,Race-Ethnicity,White,STK,Cerebrovascular diseases,ICD-10,740.0,,,02/17/2026,02/17/2026,2024-04-01,2026-02-17,2026-02-17,False,,740.0,False,False,2024-04
717,2024,4,Occurrence,Race-Ethnicity,Other/Unknown,STK,Cerebrovascular diseases,ICD-10,11.0,,,02/17/2026,02/17/2026,2024-04-01,2026-02-17,2026-02-17,False,,11.0,False,False,2024-04
721,2024,4,Occurrence,Race-Ethnicity,American Indian/Alaska Native,SUI,Intentional self-harm (suicide),ICD-10,,1,Cell suppressed for small numbers,02/17/2026,02/17/2026,2024-04-01,2026-02-17,2026-02-17,True,Cell suppressed for small numbers,,False,False,2024-04
722,2024,4,Occurrence,Race-Ethnicity,Asian,SUI,Intentional self-harm (suicide),ICD-10,45.0,,,02/17/2026,02/17/2026,2024-04-01,2026-02-17,2026-02-17,False,,45.0,False,False,2024-04
723,2024,4,Occurrence,Race-Ethnicity,Black,SUI,Intentional self-harm (suicide),ICD-10,23.0,,,02/17/2026,02/17/2026,2024-04-01,2026-02-17,2026-02-17,False,,23.0,False,False,2024-04
724,2024,4,Occurrence,Race-Ethnicity,Hawaiian/Pacific Islander,SUI,Intentional self-harm (suicide),ICD-10,0.0,,,02/17/2026,02/17/2026,2024-04-01,2026-02-17,2026-02-17,False,,0.0,False,False,2024-04
725,2024,4,Occurrence,Race-Ethnicity,Hispanic,SUI,Intentional self-harm (suicide),ICD-10,79.0,,,02/17/2026,02/17/2026,2024-04-01,2026-02-17,2026-02-17,False,,79.0,False,False,2024-04
726,2024,4,Occurrence,Race-Ethnicity,Multi-Race,SUI,Intentional self-harm (suicide),ICD-10,,1,Cell suppressed for small numbers,02/17/2026,02/17/2026,2024-04-01,2026-02-17,2026-02-17,True,Cell suppressed for small numbers,,False,False,2024-04
727,2024,4,Occurrence,Race-Ethnicity,White,SUI,Intentional self-harm (suicide),ICD-10,184.0,,,02/17/2026,02/17/2026,2024-04-01,2026-02-17,2026-02-17,False,,184.0,False,False,2024-04
728,2024,4,Occurrence,Race-Ethnicity,Other/Unknown,SUI,Intentional self-harm (suicide),ICD-10,,1,Cell suppressed for small numbers,02/17/2026,02/17/2026,2024-04-01,2026-02-17,2026-02-17,True,Cell suppressed for small numbers,,False,False,2024-04
749,2024,5,Occurrence,Race-Ethnicity,American Indian/Alaska Native,ALL,All causes (total),ICD-10,116.0,,,02/17/2026,02/17/2026,2024-05-01,2026-02-17,2026-02-17,False,,116.0,False,True,2024-05
750,2024,5,Occurrence,Race-Ethnicity,Asian,ALL,All causes (total),ICD-10,2680.0,,,02/17/2026,02/17/2026,2024-05-01,2026-02-17,2026-02-17,False,,2680.0,False,True,2024-05
751,2024,5,Occurrence,Race-Ethnicity,Black,ALL,All causes (total),ICD-10,1791.0,,,02/17/2026,02/17/2026,2024-05-01,2026-02-17,2026-02-17,False,,1791.0,False,True,2024-05
752,2024,5,Occurrence,Race-Ethnicity,Hawaiian/Pacific Islander,ALL,All causes (total),ICD-10,97.0,,,02/17/2026,02/17/2026,2024-05-01,2026-02-17,2026-02-17,False,,97.0,False,True,2024-05
753,2024,5,Occurrence,Race-Ethnicity,Hispanic,ALL,All causes (total),ICD-10,5362.0,,,02/17/2026,02/17/2026,2024-05-01,2026-02-17,2026-02-17,False,,5362.0,False,True,2024-05
754,2024,5,Occurrence,Race-Ethnicity,Multi-Race,ALL,All causes (total),ICD-10,268.0,,,02/17/2026,02/17/2026,2024-05-01,2026-02-17,2026-02-17,False,,268.0,False,True,2024-05
755,2024,5,Occurrence,Race-Ethnicity,White,ALL,All causes (total),ICD-10,13297.0,,,02/17/2026,02/17/2026,2024-05-01,2026-02-17,2026-02-17,False,,13297.0,False,True,2024-05
756,2024,5,Occurrence,Race-Ethnicity,Other/Unknown,ALL,All causes (total),ICD-10,212.0,,,02/17/2026,02/17/2026,2024-05-01,2026-02-17,2026-02-17,False,,212.0,False,True,2024-05
760,2024,5,Occurrence,Race-Ethnicity,American Indian/Alaska Native,ALZ,Alzheimer's disease,ICD-10,,1,Cell suppressed for small numbers,02/17/2026,02/17/2026,2024-05-01,2026-02-17,2026-02-17,True,Cell suppressed for small numbers,,False,False,2024-05
761,2024,5,Occurrence,Race-Ethnicity,Asian,ALZ,Alzheimer's disease,ICD-10,139.0,,,02/17/2026,02/17/2026,2024-05-01,2026-02-17,2026-02-17,False,,139.0,False,False,2024-05
762,2024,5,Occurrence,Race-Ethnicity,Black,ALZ,Alzheimer's disease,ICD-10,82.0,,,02/17/2026,02/17/2026,2024-05-01,2026-02-17,2026-02-17,False,,82.0,False,False,2024-05
763,2024,5,Occurrence,Race-Ethnicity,Hawaiian/Pacific Islander,ALZ,Alzheimer's disease,ICD-10,,1,Cell suppressed for small numbers,02/17/2026,02/17/2026,2024-05-01,2026-02-17,2026-02-17,True,Cell suppressed for small numbers,,False,False,2024-05
764,2024,5,Occurrence,Race-Ethnicity,Hispanic,ALZ,Alzheimer's disease,ICD-10,225.0,,,02/17/2026,02/17/2026,2024-05-01,2026-02-17,2026-02-17,False,,225.0,False,False,2024-05
765,2024,5,Occurrence,Race-Ethnicity,Multi-Race,ALZ,Alzheimer's disease,ICD-10,,1,Cell suppressed for small numbers,02/17/2026,02/17/2026,2024-05-01,2026-02-17,2026-02-17,True,Cell suppressed for small numbers,,False,False,2024-05
766,2024,5,Occurrence,Race-Ethnicity,White,ALZ,Alzheimer's disease,ICD-10,819.0,,,02/17/2026,02/17/2026,2024-05-01,2026-02-17,2026-02-17,False,,819.0,False,False,2024-05
767,2024,5,Occurrence,Race-Ethnicity,Other/Unknown,ALZ,Alzheimer's disease,ICD-10,,1,Cell suppressed for small numbers,02/17/2026,02/17/2026,2024-05-01,2026-02-17,2026-02-17,True,Cell suppressed for small numbers,,False,False,2024-05
771,2024,5,Occurrence,Race-Ethnicity,American Indian/Alaska Native,CAN,Malignant neoplasms,ICD-10,24.0,,,02/17/2026,02/17/2026,2024-05-01,2026-02-17,2026-02-17,False,,24.0,False,False,2024-05
772,2024,5,Occurrence,Race-Ethnicity,Asian,CAN,Malignant neoplasms,ICD-10,694.0,,,02/17/2026,02/17/2026,2024-05-01,2026-02-17,2026-02-17,False,,694.0,False,False,2024-05
773,2024,5,Occurrence,Race-Ethnicity,Black,CAN,Malignant neoplasms,ICD-10,388.0,,,02/17/2026,02/17/2026,2024-05-01,2026-02-17,2026-02-17,False,,388.0,False,False,2024-05
774,2024,5,Occurrence,Race-Ethnicity,Hawaiian/Pacific Islander,CAN,Malignant neoplasms,ICD-10,17.0,,,02/17/2026,02/17/2026,2024-05-01,2026-02-17,2026-02-17,False,,17.0,False,False,2024-05
775,2024,5,Occurrence,Race-Ethnicity,Hispanic,CAN,Malignant neoplasms,ICD-10,1177.0,,,02/17/2026,02/17/2026,2024-05-01,2026-02-17,2026-02-17,False,,1177.0,False,False,2024-05
776,2024,5,Occurrence,Race-Ethnicity,Multi-Race,CAN,Malignant neoplasms,ICD-10,61.0,,,02/17/2026,02/17/2026,2024-05-01,2026-02-17,2026-02-17,False,,61.0,False,False,2024-05
777,2024,5,Occurrence,Race-Ethnicity,White,CAN,Malignant neoplasms,ICD-10,2796.0,,,02/17/2026,02/17/2026,2024-05-01,2026-02-17,2026-02-17,False,,2796.0,False,False,2024-05
778,2024,5,Occurrence,Race-Ethnicity,Other/Unknown,CAN,Malignant neoplasms,ICD-10,38.0,,,02/17/2026,02/17/2026,2024-05-01,2026-02-17,2026-02-17,False,,38.0,False,False,2024-05
782,2024,5,Occurrence,Race-Ethnicity,American Indian/Alaska Native,CLD,Chronic lower respiratory diseases,ICD-10,,1,Cell suppressed for small numbers,02/17/2026,02/17/2026,2024-05-01,2026-02-17,2026-02-17,True,Cell suppressed for small numbers,,False,False,2024-05
783,2024,5,Occurrence,Race-Ethnicity,Asian,CLD,Chronic lower respiratory diseases,ICD-10,72.0,,,02/17/2026,02/17/2026,2024-05-01,2026-02-17,2026-02-17,False,,72.0,False,False,2024-05
784,2024,5,Occurrence,Race-Ethnicity,Black,CLD,Chronic lower respiratory diseases,ICD-10,69.0,,,02/17/2026,02/17/2026,2024-05-01,2026-02-17,2026-02-17,False,,69.0,False,False,2024-05
785,2024,5,Occurrence,Race-Ethnicity,Hawaiian/Pacific Islander,CLD,Chronic lower respiratory diseases,ICD-10,0.0,,,02/17/2026,02/17/2026,2024-05-01,2026-02-17,2026-02-17,False,,0.0,False,False,2024-05
786,2024,5,Occurrence,Race-Ethnicity,Hispanic,CLD,Chronic lower respiratory diseases,ICD-10,111.0,,,02/17/2026,02/17/2026,2024-05-01,2026-02-17,2026-02-17,False,,111.0,False,False,2024-05
787,2024,5,Occurrence,Race-Ethnicity,Multi-Race,CLD,Chronic lower respiratory diseases,ICD-10,,2,Cell suppressed for complementary cell,02/17/2026,02/17/2026,2024-05-01,2026-02-17,2026-02-17,True,Cell suppressed for complementary cell,,False,False,2024-05
788,2024,5,Occurrence,Race-Ethnicity,White,CLD,Chronic lower respiratory diseases,ICD-10,744.0,,,02/17/2026,02/17/2026,2024-05-01,2026-02-17,2026-02-17,False,,744.0,False,False,2024-05
789,2024,5,Occurrence,Race-Ethnicity,Other/Unknown,CLD,Chronic lower respiratory diseases,ICD-10,,1,Cell suppressed for small numbers,02/17/2026,02/17/2026,2024-05-01,2026-02-17,2026-02-17,True,Cell suppressed for small numbers,,False,False,2024-05
793,2024,5,Occurrence,Race-Ethnicity,American Indian/Alaska Native,DIA,Diabetes mellitus,ICD-10,,1,Cell suppressed for small numbers,02/17/2026,02/17/2026,2024-05-01,2026-02-17,2026-02-17,True,Cell suppressed for small numbers,,False,False,2024-05
794,2024,5,Occurrence,Race-Ethnicity,Asian,DIA,Diabetes mellitus,ICD-10,126.0,,,02/17/2026,02/17/2026,2024-05-01,2026-02-17,2026-02-17,False,,126.0,False,False,2024-05
795,2024,5,Occurrence,Race-Ethnicity,Black,DIA,Diabetes mellitus,ICD-10,89.0,,,02/17/2026,02/17/2026,2024-05-01,2026-02-17,2026-02-17,False,,89.0,False,False,2024-05
796,2024,5,Occurrence,Race-Ethnicity,Hawaiian/Pacific Islander,DIA,Diabetes mellitus,ICD-10,,1,Cell suppressed for small numbers,02/17/2026,02/17/2026,2024-05-01,2026-02-17,2026-02-17,True,Cell suppressed for small numbers,,False,False,2024-05
797,2024,5,Occurrence,Race-Ethnicity,Hispanic,DIA,Diabetes mellitus,ICD-10,295.0,,,02/17/2026,02/17/2026,2024-05-01,2026-02-17,2026-02-17,False,,295.0,False,False,2024-05
798,2024,5,Occurrence,Race-Ethnicity,Multi-Race,DIA,Diabetes mellitus,ICD-10,,1,Cell suppressed for small numbers,02/17/2026,02/17/2026,2024-05-01,2026-02-17,2026-02-17,True,Cell suppressed for small numbers,,False,False,2024-05
799,2024,5,Occurrence,Race-Ethnicity,White,DIA,Diabetes mellitus,ICD-10,321.0,,,02/17/2026,02/17/2026,2024-05-01,2026-02-17,2026-02-17,False,,321.0,False,False,2024-05
800,2024,5,Occurrence,Race-Ethnicity,Other/Unknown,DIA,Diabetes mellitus,ICD-10,,1,Cell suppressed for small numbers,02/17/2026,02/17/2026,2024-05-01,2026-02-17,2026-02-17,True,Cell suppressed for small numbers,,False,False,2024-05
804,2024,5,Occurrence,Race-Ethnicity,American Indian/Alaska Native,HOM,Assault (homicide),ICD-10,,1,Cell suppressed for small numbers,02/17/2026,02/17/2026,2024-05-01,2026-02-17,2026-02-17,True,Cell suppressed for small numbers,,False,False,2024-05
805,2024,5,Occurrence,Race-Ethnicity,Asian,HOM,Assault (homicide),ICD-10,14.0,,,02/17/2026,02/17/2026,2024-05-01,2026-02-17,2026-02-17,False,,14.0,False,False,2024-05
806,2024,5,Occurrence,Race-Ethnicity,Black,HOM,Assault (homicide),ICD-10,32.0,,,02/17/2026,02/17/2026,2024-05-01,2026-02-17,2026-02-17,False,,32.0,False,False,2024-05
807,2024,5,Occurrence,Race-Ethnicity,Hawaiian/Pacific Islander,HOM,Assault (homicide),ICD-10,0.0,,,02/17/2026,02/17/2026,2024-05-01,2026-02-17,2026-02-17,False,,0.0,False,False,2024-05
808,2024,5,Occurrence,Race-Ethnicity,Hispanic,HOM,Assault (homicide),ICD-10,54.0,,,02/17/2026,02/17/2026,2024-05-01,2026-02-17,2026-02-17,False,,54.0,False,False,2024-05
809,2024,5,Occurrence,Race-Ethnicity,Multi-Race,HOM,Assault (homicide),ICD-10,,1,Cell suppressed for small numbers,02/17/2026,02/17/2026,2024-05-01,2026-02-17,2026-02-17,True,Cell suppressed for small numbers,,False,False,2024-05
810,2024,5,Occurrence,Race-Ethnicity,White,HOM,Assault (homicide),ICD-10,33.0,,,02/17/2026,02/17/2026,2024-05-01,2026-02-17,2026-02-17,False,,33.0,False,False,2024-05
811,2024,5,Occurrence,Race-Ethnicity,Other/Unknown,HOM,Assault (homicide),ICD-10,,1,Cell suppressed for small numbers,02/17/2026,02/17/2026,2024-05-01,2026-02-17,2026-02-17,True,Cell suppressed for small numbers,,False,False,2024-05
815,2024,5,Occurrence,Race-Ethnicity,American Indian/Alaska Native,HTD,Diseases of heart,ICD-10,24.0,,,02/17/2026,02/17/2026,2024-05-01,2026-02-17,2026-02-17,False,,24.0,False,False,2024-05
816,2024,5,Occurrence,Race-Ethnicity,Asian,HTD,Diseases of heart,ICD-10,540.0,,,02/17/2026,02/17/2026,2024-05-01,2026-02-17,2026-02-17,False,,540.0,False,False,2024-05
817,2024,5,Occurrence,Race-Ethnicity,Black,HTD,Diseases of heart,ICD-10,410.0,,,02/17/2026,02/17/2026,2024-05-01,2026-02-17,2026-02-17,False,,410.0,False,False,2024-05
818,2024,5,Occurrence,Race-Ethnicity,Hawaiian/Pacific Islander,HTD,Diseases of heart,ICD-10,27.0,,,02/17/2026,02/17/2026,2024-05-01,2026-02-17,2026-02-17,False,,27.0,False,False,2024-05
819,2024,5,Occurrence,Race-Ethnicity,Hispanic,HTD,Diseases of heart,ICD-10,969.0,,,02/17/2026,02/17/2026,2024-05-01,2026-02-17,2026-02-17,False,,969.0,False,False,2024-05
820,2024,5,Occurrence,Race-Ethnicity,Multi-Race,HTD,Diseases of heart,ICD-10,63.0,,,02/17/2026,02/17/2026,2024-05-01,2026-02-17,2026-02-17,False,,63.0,False,False,2024-05
821,2024,5,Occurrence,Race-Ethnicity,White,HTD,Diseases of heart,ICD-10,3151.0,,,02/17/2026,02/17/2026,2024-05-01,2026-02-17,2026-02-17,False,,3151.0,False,False,2024-05
822,2024,5,Occurrence,Race-Ethnicity,Other/Unknown,HTD,Diseases of heart,ICD-10,47.0,,,02/17/2026,02/17/2026,2024-05-01,2026-02-17,2026-02-17,False,,47.0,False,False,2024-05
826,2024,5,Occurrence,Race-Ethnicity,American Indian/Alaska Native,HYP,Essential hypertension and hypertensive renal disease,ICD-10,,1,Cell suppressed for small numbers,02/17/2026,02/17/2026,2024-05-01,2026-02-17,2026-02-17,True,Cell suppressed for small numbers,,False,False,2024-05
827,2024,5,Occurrence,Race-Ethnicity,Asian,HYP,Essential hypertension and hypertensive renal disease,ICD-10,66.0,,,02/17/2026,02/17/2026,2024-05-01,2026-02-17,2026-02-17,False,,66.0,False,False,2024-05
828,2024,5,Occurrence,Race-Ethnicity,Black,HYP,Essential hypertension and hypertensive renal disease,ICD-10,54.0,,,02/17/2026,02/17/2026,2024-05-01,2026-02-17,2026-02-17,False,,54.0,False,False,2024-05
829,2024,5,Occurrence,Race-Ethnicity,Hawaiian/Pacific Islander,HYP,Essential hypertension and hypertensive renal disease,ICD-10,,1,Cell suppressed for small numbers,02/17/2026,02/17/2026,2024-05-01,2026-02-17,2026-02-17,True,Cell suppressed for small numbers,,False,False,2024-05
830,2024,5,Occurrence,Race-Ethnicity,Hispanic,HYP,Essential hypertension and hypertensive renal disease,ICD-10,114.0,,,02/17/2026,02/17/2026,2024-05-01,2026-02-17,2026-02-17,False,,114.0,False,False,2024-05
831,2024,5,Occurrence,Race-Ethnicity,Multi-Race,HYP,Essential hypertension and hypertensive renal disease,ICD-10,,1,Cell suppressed for small numbers,02/17/2026,02/17/2026,2024-05-01,2026-02-17,2026-02-17,True,Cell suppressed for small numbers,,False,False,2024-05
832,2024,5,Occurrence,Race-Ethnicity,White,HYP,Essential hypertension and hypertensive renal disease,ICD-10,263.0,,,02/17/2026,02/17/2026,2024-05-01,2026-02-17,2026-02-17,False,,263.0,False,False,2024-05
833,2024,5,Occurrence,Race-Ethnicity,Other/Unknown,HYP,Essential hypertension and hypertensive renal disease,ICD-10,,1,Cell suppressed for small numbers,02/17/2026,02/17/2026,2024-05-01,2026-02-17,2026-02-17,True,Cell suppressed for small numbers,,False,False,2024-05
837,2024,5,Occurrence,Race-Ethnicity,American Indian/Alaska Native,INJ,Accidents (unintentional injuries),ICD-10,14.0,,,02/17/2026,02/17/2026,2024-05-01,2026-02-17,2026-02-17,False,,14.0,False,False,2024-05
838,2024,5,Occurrence,Race-Ethnicity,Asian,INJ,Accidents (unintentional injuries),ICD-10,103.0,,,02/17/2026,02/17/2026,2024-05-01,2026-02-17,2026-02-17,False,,103.0,False,False,2024-05
839,2024,5,Occurrence,Race-Ethnicity,Black,INJ,Accidents (unintentional injuries),ICD-10,158.0,,,02/17/2026,02/17/2026,2024-05-01,2026-02-17,2026-02-17,False,,158.0,False,False,2024-05
840,2024,5,Occurrence,Race-Ethnicity,Hawaiian/Pacific Islander,INJ,Accidents (unintentional injuries),ICD-10,12.0,,,02/17/2026,02/17/2026,2024-05-01,2026-02-17,2026-02-17,False,,12.0,False,False,2024-05
841,2024,5,Occurrence,Race-Ethnicity,Hispanic,INJ,Accidents (unintentional injuries),ICD-10,526.0,,,02/17/2026,02/17/2026,2024-05-01,2026-02-17,2026-02-17,False,,526.0,False,False,2024-05
842,2024,5,Occurrence,Race-Ethnicity,Multi-Race,INJ,Accidents (unintentional injuries),ICD-10,22.0,,,02/17/2026,02/17/2026,2024-05-01,2026-02-17,2026-02-17,False,,22.0,False,False,2024-05
843,2024,5,Occurrence,Race-Ethnicity,White,INJ,Accidents (unintentional injuries),ICD-10,731.0,,,02/17/2026,02/17/2026,2024-05-01,2026-02-17,2026-02-17,False,,731.0,False,False,2024-05
844,2024,5,Occurrence,Race-Ethnicity,Other/Unknown,INJ,Accidents (unintentional injuries),ICD-10,27.0,,,02/17/2026,02/17/2026,2024-05-01,2026-02-17,2026-02-17,False,,27.0,False,False,2024-05
848,2024,5,Occurrence,Race-Ethnicity,American Indian/Alaska Native,LIV,Chronic liver disease and cirrhosis,ICD-10,,1,Cell suppressed for small numbers,02/17/2026,02/17/2026,2024-05-01,2026-02-17,2026-02-17,True,Cell suppressed for small numbers,,False,False,2024-05
849,2024,5,Occurrence,Race-Ethnicity,Asian,LIV,Chronic liver disease and cirrhosis,ICD-10,24.0,,,02/17/2026,02/17/2026,2024-05-01,2026-02-17,2026-02-17,False,,24.0,False,False,2024-05
850,2024,5,Occurrence,Race-Ethnicity,Black,LIV,Chronic liver disease and cirrhosis,ICD-10,21.0,,,02/17/2026,02/17/2026,2024-05-01,2026-02-17,2026-02-17,False,,21.0,False,False,2024-05
851,2024,5,Occurrence,Race-Ethnicity,Hawaiian/Pacific Islander,LIV,Chronic liver disease and cirrhosis,ICD-10,,1,Cell suppressed for small numbers,02/17/2026,02/17/2026,2024-05-01,2026-02-17,2026-02-17,True,Cell suppressed for small numbers,,False,False,2024-05
852,2024,5,Occurrence,Race-Ethnicity,Hispanic,LIV,Chronic liver disease and cirrhosis,ICD-10,215.0,,,02/17/2026,02/17/2026,2024-05-01,2026-02-17,2026-02-17,False,,215.0,False,False,2024-05
853,2024,5,Occurrence,Race-Ethnicity,Multi-Race,LIV,Chronic liver disease and cirrhosis,ICD-10,,1,Cell suppressed for small numbers,02/17/2026,02/17/2026,2024-05-01,2026-02-17,2026-02-17,True,Cell suppressed for small numbers,,False,False,2024-05
854,2024,5,Occurrence,Race-Ethnicity,White,LIV,Chronic liver disease and cirrhosis,ICD-10,224.0,,,02/17/2026,02/17/2026,2024-05-01,2026-02-17,2026-02-17,False,,224.0,False,False,2024-05
855,2024,5,Occurrence,Race-Ethnicity,Other/Unknown,LIV,Chronic liver disease and cirrhosis,ICD-10,,1,Cell suppressed for small numbers,02/17/2026,02/17/2026,2024-05-01,2026-02-17,2026-02-17,True,Cell suppressed for small numbers,,False,False,2024-05
859,2024,5,Occurrence,Race-Ethnicity,American Indian/Alaska Native,NEP,"Nephritis, nephrotic syndrome and nephrosis",ICD-10,,1,Cell suppressed for small numbers,02/17/2026,02/17/2026,2024-05-01,2026-02-17,2026-02-17,True,Cell suppressed for small numbers,,False,False,2024-05
860,2024,5,Occurrence,Race-Ethnicity,Asian,NEP,"Nephritis, nephrotic syndrome and nephrosis",ICD-10,45.0,,,02/17/2026,02/17/2026,2024-05-01,2026-02-17,2026-02-17,False,,45.0,False,False,2024-05
861,2024,5,Occurrence,Race-Ethnicity,Black,NEP,"Nephritis, nephrotic syndrome and nephrosis",ICD-10,38.0,,,02/17/2026,02/17/2026,2024-05-01,2026-02-17,2026-02-17,False,,38.0,False,False,2024-05
862,2024,5,Occurrence,Race-Ethnicity,Hawaiian/Pacific Islander,NEP,"Nephritis, nephrotic syndrome and nephrosis",ICD-10,,1,Cell suppressed for small numbers,02/17/2026,02/17/2026,2024-05-01,2026-02-17,2026-02-17,True,Cell suppressed for small numbers,,False,False,2024-05
863,2024,5,Occurrence,Race-Ethnicity,Hispanic,NEP,"Nephritis, nephrotic syndrome and nephrosis",ICD-10,133.0,,,02/17/2026,02/17/2026,2024-05-01,2026-02-17,2026-02-17,False,,133.0,False,False,2024-05
864,2024,5,Occurrence,Race-Ethnicity,Multi-Race,NEP,"Nephritis, nephrotic syndrome and nephrosis",ICD-10,,1,Cell suppressed for small numbers,02/17/2026,02/17/2026,2024-05-01,2026-02-17,2026-02-17,True,Cell suppressed for small numbers,,False,False,2024-05
865,2024,5,Occurrence,Race-Ethnicity,White,NEP,"Nephritis, nephrotic syndrome and nephrosis",ICD-10,162.0,,,02/17/2026,02/17/2026,2024-05-01,2026-02-17,2026-02-17,False,,162.0,False,False,2024-05
866,2024,5,Occurrence,Race-Ethnicity,Other/Unknown,NEP,"Nephritis, nephrotic syndrome and nephrosis",ICD-10,,1,Cell suppressed for small numbers,02/17/2026,02/17/2026,2024-05-01,2026-02-17,2026-02-17,True,Cell suppressed for small numbers,,False,False,2024-05
870,2024,5,Occurrence,Race-Ethnicity,American Indian/Alaska Native,PAR,Parkinson's disease,ICD-10,0.0,,,02/17/2026,02/17/2026,2024-05-01,2026-02-17,2026-02-17,False,,0.0,False,False,2024-05
871,2024,5,Occurrence,Race-Ethnicity,Asian,PAR,Parkinson's disease,ICD-10,43.0,,,02/17/2026,02/17/2026,2024-05-01,2026-02-17,2026-02-17,False,,43.0,False,False,2024-05
872,2024,5,Occurrence,Race-Ethnicity,Black,PAR,Parkinson's disease,ICD-10,,1,Cell suppressed for small numbers,02/17/2026,02/17/2026,2024-05-01,2026-02-17,2026-02-17,True,Cell suppressed for small numbers,,False,False,2024-05
873,2024,5,Occurrence,Race-Ethnicity,Hawaiian/Pacific Islander,PAR,Parkinson's disease,ICD-10,0.0,,,02/17/2026,02/17/2026,2024-05-01,2026-02-17,2026-02-17,False,,0.0,False,False,2024-05
874,2024,5,Occurrence,Race-Ethnicity,Hispanic,PAR,Parkinson's disease,ICD-10,46.0,,,02/17/2026,02/17/2026,2024-05-01,2026-02-17,2026-02-17,False,,46.0,False,False,2024-05
875,2024,5,Occurrence,Race-Ethnicity,Multi-Race,PAR,Parkinson's disease,ICD-10,,1,Cell suppressed for small numbers,02/17/2026,02/17/2026,2024-05-01,2026-02-17,2026-02-17,True,Cell suppressed for small numbers,,False,False,2024-05
876,2024,5,Occurrence,Race-Ethnicity,White,PAR,Parkinson's disease,ICD-10,201.0,,,02/17/2026,02/17/2026,2024-05-01,2026-02-17,2026-02-17,False,,201.0,False,False,2024-05
877,2024,5,Occurrence,Race-Ethnicity,Other/Unknown,PAR,Parkinson's disease,ICD-10,,1,Cell suppressed for small numbers,02/17/2026,02/17/2026,2024-05-01,2026-02-17,2026-02-17,True,Cell suppressed for small numbers,,False,False,2024-05
881,2024,5,Occurrence,Race-Ethnicity,American Indian/Alaska Native,PNF,Influenza and pneumonia,ICD-10,,1,Cell suppressed for small numbers,02/17/2026,02/17/2026,2024-05-01,2026-02-17,2026-02-17,True,Cell suppressed for small numbers,,False,False,2024-05
882,2024,5,Occurrence,Race-Ethnicity,Asian,PNF,Influenza and pneumonia,ICD-10,78.0,,,02/17/2026,02/17/2026,2024-05-01,2026-02-17,2026-02-17,False,,78.0,False,False,2024-05
883,2024,5,Occurrence,Race-Ethnicity,Black,PNF,Influenza and pneumonia,ICD-10,23.0,,,02/17/2026,02/17/2026,2024-05-01,2026-02-17,2026-02-17,False,,23.0,False,False,2024-05
884,2024,5,Occurrence,Race-Ethnicity,Hawaiian/Pacific Islander,PNF,Influenza and pneumonia,ICD-10,,1,Cell suppressed for small numbers,02/17/2026,02/17/2026,2024-05-01,2026-02-17,2026-02-17,True,Cell suppressed for small numbers,,False,False,2024-05
885,2024,5,Occurrence,Race-Ethnicity,Hispanic,PNF,Influenza and pneumonia,ICD-10,113.0,,,02/17/2026,02/17/2026,2024-05-01,2026-02-17,2026-02-17,False,,113.0,False,False,2024-05
886,2024,5,Occurrence,Race-Ethnicity,Multi-Race,PNF,Influenza and pneumonia,ICD-10,,1,Cell suppressed for small numbers,02/17/2026,02/17/2026,2024-05-01,2026-02-17,2026-02-17,True,Cell suppressed for small numbers,,False,False,2024-05
887,2024,5,Occurrence,Race-Ethnicity,White,PNF,Influenza and pneumonia,ICD-10,206.0,,,02/17/2026,02/17/2026,2024-05-01,2026-02-17,2026-02-17,False,,206.0,False,False,2024-05
888,2024,5,Occurrence,Race-Ethnicity,Other/Unknown,PNF,Influenza and pneumonia,ICD-10,,1,Cell suppressed for small numbers,02/17/2026,02/17/2026,2024-05-01,2026-02-17,2026-02-17,True,Cell suppressed for small numbers,,False,False,2024-05
892,2024,5,Occurrence,Race-Ethnicity,American Indian/Alaska Native,STK,Cerebrovascular diseases,ICD-10,,1,Cell suppressed for small numbers,02/17/2026,02/17/2026,2024-05-01,2026-02-17,2026-02-17,True,Cell suppressed for small numbers,,False,False,2024-05
893,2024,5,Occurrence,Race-Ethnicity,Asian,STK,Cerebrovascular diseases,ICD-10,238.0,,,02/17/2026,02/17/2026,2024-05-01,2026-02-17,2026-02-17,False,,238.0,False,False,2024-05
894,2024,5,Occurrence,Race-Ethnicity,Black,STK,Cerebrovascular diseases,ICD-10,115.0,,,02/17/2026,02/17/2026,2024-05-01,2026-02-17,2026-02-17,False,,115.0,False,False,2024-05
895,2024,5,Occurrence,Race-Ethnicity,Hawaiian/Pacific Islander,STK,Cerebrovascular diseases,ICD-10,,1,Cell suppressed for small numbers,02/17/2026,02/17/2026,2024-05-01,2026-02-17,2026-02-17,True,Cell suppressed for small numbers,,False,False,2024-05
896,2024,5,Occurrence,Race-Ethnicity,Hispanic,STK,Cerebrovascular diseases,ICD-10,319.0,,,02/17/2026,02/17/2026,2024-05-01,2026-02-17,2026-02-17,False,,319.0,False,False,2024-05
897,2024,5,Occurrence,Race-Ethnicity,Multi-Race,STK,Cerebrovascular diseases,ICD-10,20.0,,,02/17/2026,02/17/2026,2024-05-01,2026-02-17,2026-02-17,False,,20.0,False,False,2024-05
898,2024,5,Occurrence,Race-Ethnicity,White,STK,Cerebrovascular diseases,ICD-10,783.0,,,02/17/2026,02/17/2026,2024-05-01,2026-02-17,2026-02-17,False,,783.0,False,False,2024-05
899,2024,5,Occurrence,Race-Ethnicity,Other/Unknown,STK,Cerebrovascular diseases,ICD-10,11.0,,,02/17/2026,02/17/2026,2024-05-01,2026-02-17,2026-02-17,False,,11.0,False,False,2024-05
903,2024,5,Occurrence,Race-Ethnicity,American Indian/Alaska Native,SUI,Intentional self-harm (suicide),ICD-10,,1,Cell suppressed for small numbers,02/17/2026,02/17/2026,2024-05-01,2026-02-17,2026-02-17,True,Cell suppressed for small numbers,,False,False,2024-05
904,2024,5,Occurrence,Race-Ethnicity,Asian,SUI,Intentional self-harm (suicide),ICD-10,34.0,,,02/17/2026,02/17/2026,2024-05-01,2026-02-17,2026-02-17,False,,34.0,False,False,2024-05
905,2024,5,Occurrence,Race-Ethnicity,Black,SUI,Intentional self-harm (suicide),ICD-10,15.0,,,02/17/2026,02/17/2026,2024-05-01,2026-02-17,2026-02-17,False,,15.0,False,False,2024-05
906,2024,5,Occurrence,Race-Ethnicity,Hawaiian/Pacific Islander,SUI,Intentional self-harm (suicide),ICD-10,,1,Cell suppressed for small numbers,02/17/2026,02/17/2026,2024-05-01,2026-02-17,2026-02-17,True,Cell suppressed for small numbers,,False,False,2024-05
907,2024,5,Occurrence,Race-Ethnicity,Hispanic,SUI,Intentional self-harm (suicide),ICD-10,89.0,,,02/17/2026,02/17/2026,2024-05-01,2026-02-17,2026-02-17,False,,89.0,False,False,2024-05
908,2024,5,Occurrence,Race-Ethnicity,Multi-Race,SUI,Intentional self-harm (suicide),ICD-10,,1,Cell suppressed for small numbers,02/17/2026,02/17/2026,2024-05-01,2026-02-17,2026-02-17,True,Cell suppressed for small numbers,,False,False,2024-05
909,2024,5,Occurrence,Race-Ethnicity,White,SUI,Intentional self-harm (suicide),ICD-10,216.0,,,02/17/2026,02/17/2026,2024-05-01,2026-02-17,2026-02-17,False,,216.0,False,False,2024-05
910,2024,5,Occurrence,Race-Ethnicity,Other/Unknown,SUI,Intentional self-harm (suicide),ICD-10,,1,Cell suppressed for small numbers,02/17/2026,02/17/2026,2024-05-01,2026-02-17,2026-02-17,True,Cell suppressed for small numbers,,False,False,2024-05
931,2024,6,Occurrence,Race-Ethnicity,American Indian/Alaska Native,ALL,All causes (total),ICD-10,107.0,,,02/17/2026,02/17/2026,2024-06-01,2026-02-17,2026-02-17,False,,107.0,False,True,2024-06
932,2024,6,Occurrence,Race-Ethnicity,Asian,ALL,All causes (total),ICD-10,2596.0,,,02/17/2026,02/17/2026,2024-06-01,2026-02-17,2026-02-17,False,,2596.0,False,True,2024-06
933,2024,6,Occurrence,Race-Ethnicity,Black,ALL,All causes (total),ICD-10,1799.0,,,02/17/2026,02/17/2026,2024-06-01,2026-02-17,2026-02-17,False,,1799.0,False,True,2024-06
934,2024,6,Occurrence,Race-Ethnicity,Hawaiian/Pacific Islander,ALL,All causes (total),ICD-10,108.0,,,02/17/2026,02/17/2026,2024-06-01,2026-02-17,2026-02-17,False,,108.0,False,True,2024-06
935,2024,6,Occurrence,Race-Ethnicity,Hispanic,ALL,All causes (total),ICD-10,5379.0,,,02/17/2026,02/17/2026,2024-06-01,2026-02-17,2026-02-17,False,,5379.0,False,True,2024-06
936,2024,6,Occurrence,Race-Ethnicity,Multi-Race,ALL,All causes (total),ICD-10,274.0,,,02/17/2026,02/17/2026,2024-06-01,2026-02-17,2026-02-17,False,,274.0,False,True,2024-06
937,2024,6,Occurrence,Race-Ethnicity,White,ALL,All causes (total),ICD-10,12822.0,,,02/17/2026,02/17/2026,2024-06-01,2026-02-17,2026-02-17,False,,12822.0,False,True,2024-06
938,2024,6,Occurrence,Race-Ethnicity,Other/Unknown,ALL,All causes (total),ICD-10,200.0,,,02/17/2026,02/17/2026,2024-06-01,2026-02-17,2026-02-17,False,,200.0,False,True,2024-06
942,2024,6,Occurrence,Race-Ethnicity,American Indian/Alaska Native,ALZ,Alzheimer's disease,ICD-10,,1,Cell suppressed for small numbers,02/17/2026,02/17/2026,2024-06-01,2026-02-17,2026-02-17,True,Cell suppressed for small numbers,,False,False,2024-06
943,2024,6,Occurrence,Race-Ethnicity,Asian,ALZ,Alzheimer's disease,ICD-10,155.0,,,02/17/2026,02/17/2026,2024-06-01,2026-02-17,2026-02-17,False,,155.0,False,False,2024-06
944,2024,6,Occurrence,Race-Ethnicity,Black,ALZ,Alzheimer's disease,ICD-10,74.0,,,02/17/2026,02/17/2026,2024-06-01,2026-02-17,2026-02-17,False,,74.0,False,False,2024-06
945,2024,6,Occurrence,Race-Ethnicity,Hawaiian/Pacific Islander,ALZ,Alzheimer's disease,ICD-10,,1,Cell suppressed for small numbers,02/17/2026,02/17/2026,2024-06-01,2026-02-17,2026-02-17,True,Cell suppressed for small numbers,,False,False,2024-06
946,2024,6,Occurrence,Race-Ethnicity,Hispanic,ALZ,Alzheimer's disease,ICD-10,239.0,,,02/17/2026,02/17/2026,2024-06-01,2026-02-17,2026-02-17,False,,239.0,False,False,2024-06
947,2024,6,Occurrence,Race-Ethnicity,Multi-Race,ALZ,Alzheimer's disease,ICD-10,,1,Cell suppressed for small numbers,02/17/2026,02/17/2026,2024-06-01,2026-02-17,2026-02-17,True,Cell suppressed for small numbers,,False,False,2024-06
948,2024,6,Occurrence,Race-Ethnicity,White,ALZ,Alzheimer's disease,ICD-10,781.0,,,02/17/2026,02/17/2026,2024-06-01,2026-02-17,2026-02-17,False,,781.0,False,False,2024-06
949,2024,6,Occurrence,Race-Ethnicity,Other/Unknown,ALZ,Alzheimer's disease,ICD-10,,1,Cell suppressed for small numbers,02/17/2026,02/17/2026,2024-06-01,2026-02-17,2026-02-17,True,Cell suppressed for small numbers,,False,False,2024-06
953,2024,6,Occurrence,Race-Ethnicity,American Indian/Alaska Native,CAN,Malignant neoplasms,ICD-10,14.0,,,02/17/2026,02/17/2026,2024-06-01,2026-02-17,2026-02-17,False,,14.0,False,False,2024-06
954,2024,6,Occurrence,Race-Ethnicity,Asian,CAN,Malignant neoplasms,ICD-10,651.0,,,02/17/2026,02/17/2026,2024-06-01,2026-02-17,2026-02-17,False,,651.0,False,False,2024-06
955,2024,6,Occurrence,Race-Ethnicity,Black,CAN,Malignant neoplasms,ICD-10,320.0,,,02/17/2026,02/17/2026,2024-06-01,2026-02-17,2026-02-17,False,,320.0,False,False,2024-06
956,2024,6,Occurrence,Race-Ethnicity,Hawaiian/Pacific Islander,CAN,Malignant neoplasms,ICD-10,17.0,,,02/17/2026,02/17/2026,2024-06-01,2026-02-17,2026-02-17,False,,17.0,False,False,2024-06
957,2024,6,Occurrence,Race-Ethnicity,Hispanic,CAN,Malignant neoplasms,ICD-10,1134.0,,,02/17/2026,02/17/2026,2024-06-01,2026-02-17,2026-02-17,False,,1134.0,False,False,2024-06
958,2024,6,Occurrence,Race-Ethnicity,Multi-Race,CAN,Malignant neoplasms,ICD-10,49.0,,,02/17/2026,02/17/2026,2024-06-01,2026-02-17,2026-02-17,False,,49.0,False,False,2024-06
959,2024,6,Occurrence,Race-Ethnicity,White,CAN,Malignant neoplasms,ICD-10,2770.0,,,02/17/2026,02/17/2026,2024-06-01,2026-02-17,2026-02-17,False,,2770.0,False,False,2024-06
960,2024,6,Occurrence,Race-Ethnicity,Other/Unknown,CAN,Malignant neoplasms,ICD-10,33.0,,,02/17/2026,02/17/2026,2024-06-01,2026-02-17,2026-02-17,False,,33.0,False,False,2024-06
964,2024,6,Occurrence,Race-Ethnicity,American Indian/Alaska Native,CLD,Chronic lower respiratory diseases,ICD-10,,1,Cell suppressed for small numbers,02/17/2026,02/17/2026,2024-06-01,2026-02-17,2026-02-17,True,Cell suppressed for small numbers,,False,False,2024-06
965,2024,6,Occurrence,Race-Ethnicity,Asian,CLD,Chronic lower respiratory diseases,ICD-10,71.0,,,02/17/2026,02/17/2026,2024-06-01,2026-02-17,2026-02-17,False,,71.0,False,False,2024-06
966,2024,6,Occurrence,Race-Ethnicity,Black,CLD,Chronic lower respiratory diseases,ICD-10,65.0,,,02/17/2026,02/17/2026,2024-06-01,2026-02-17,2026-02-17,False,,65.0,False,False,2024-06
967,2024,6,Occurrence,Race-Ethnicity,Hawaiian/Pacific Islander,CLD,Chronic lower respiratory diseases,ICD-10,,1,Cell suppressed for small numbers,02/17/2026,02/17/2026,2024-06-01,2026-02-17,2026-02-17,True,Cell suppressed for small numbers,,False,False,2024-06
968,2024,6,Occurrence,Race-Ethnicity,Hispanic,CLD,Chronic lower respiratory diseases,ICD-10,118.0,,,02/17/2026,02/17/2026,2024-06-01,2026-02-17,2026-02-17,False,,118.0,False,False,2024-06
969,2024,6,Occurrence,Race-Ethnicity,Multi-Race,CLD,Chronic lower respiratory diseases,ICD-10,11.0,,,02/17/2026,02/17/2026,2024-06-01,2026-02-17,2026-02-17,False,,11.0,False,False,2024-06
970,2024,6,Occurrence,Race-Ethnicity,White,CLD,Chronic lower respiratory diseases,ICD-10,639.0,,,02/17/2026,02/17/2026,2024-06-01,2026-02-17,2026-02-17,False,,639.0,False,False,2024-06
971,2024,6,Occurrence,Race-Ethnicity,Other/Unknown,CLD,Chronic lower respiratory diseases,ICD-10,11.0,,,02/17/2026,02/17/2026,2024-06-01,2026-02-17,2026-02-17,False,,11.0,False,False,2024-06
975,2024,6,Occurrence,Race-Ethnicity,American Indian/Alaska Native,DIA,Diabetes mellitus,ICD-10,,1,Cell suppressed for small numbers,02/17/2026,02/17/2026,2024-06-01,2026-02-17,2026-02-17,True,Cell suppressed for small numbers,,False,False,2024-06
976,2024,6,Occurrence,Race-Ethnicity,Asian,DIA,Diabetes mellitus,ICD-10,139.0,,,02/17/2026,02/17/2026,2024-06-01,2026-02-17,2026-02-17,False,,139.0,False,False,2024-06
977,2024,6,Occurrence,Race-Ethnicity,Black,DIA,Diabetes mellitus,ICD-10,83.0,,,02/17/2026,02/17/2026,2024-06-01,2026-02-17,2026-02-17,False,,83.0,False,False,2024-06
978,2024,6,Occurrence,Race-Ethnicity,Hawaiian/Pacific Islander,DIA,Diabetes mellitus,ICD-10,,1,Cell suppressed for small numbers,02/17/2026,02/17/2026,2024-06-01,2026-02-17,2026-02-17,True,Cell suppressed for small numbers,,False,False,2024-06
979,2024,6,Occurrence,Race-Ethnicity,Hispanic,DIA,Diabetes mellitus,ICD-10,310.0,,,02/17/2026,02/17/2026,2024-06-01,2026-02-17,2026-02-17,False,,310.0,False,False,2024-06
980,2024,6,Occurrence,Race-Ethnicity,Multi-Race,DIA,Diabetes mellitus,ICD-10,,1,Cell suppressed for small numbers,02/17/2026,02/17/2026,2024-06-01,2026-02-17,2026-02-17,True,Cell suppressed for small numbers,,False,False,2024-06
981,2024,6,Occurrence,Race-Ethnicity,White,DIA,Diabetes mellitus,ICD-10,287.0,,,02/17/2026,02/17/2026,2024-06-01,2026-02-17,2026-02-17,False,,287.0,False,False,2024-06
982,2024,6,Occurrence,Race-Ethnicity,Other/Unknown,DIA,Diabetes mellitus,ICD-10,,1,Cell suppressed for small numbers,02/17/2026,02/17/2026,2024-06-01,2026-02-17,2026-02-17,True,Cell suppressed for small numbers,,False,False,2024-06
986,2024,6,Occurrence,Race-Ethnicity,American Indian/Alaska Native,HOM,Assault (homicide),ICD-10,0.0,,,02/17/2026,02/17/2026,2024-06-01,2026-02-17,2026-02-17,False,,0.0,False,False,2024-06
987,2024,6,Occurrence,Race-Ethnicity,Asian,HOM,Assault (homicide),ICD-10,12.0,,,02/17/2026,02/17/2026,2024-06-01,2026-02-17,2026-02-17,False,,12.0,False,False,2024-06
988,2024,6,Occurrence,Race-Ethnicity,Black,HOM,Assault (homicide),ICD-10,59.0,,,02/17/2026,02/17/2026,2024-06-01,2026-02-17,2026-02-17,False,,59.0,False,False,2024-06
989,2024,6,Occurrence,Race-Ethnicity,Hawaiian/Pacific Islander,HOM,Assault (homicide),ICD-10,0.0,,,02/17/2026,02/17/2026,2024-06-01,2026-02-17,2026-02-17,False,,0.0,False,False,2024-06
990,2024,6,Occurrence,Race-Ethnicity,Hispanic,HOM,Assault (homicide),ICD-10,83.0,,,02/17/2026,02/17/2026,2024-06-01,2026-02-17,2026-02-17,False,,83.0,False,False,2024-06
991,2024,6,Occurrence,Race-Ethnicity,Multi-Race,HOM,Assault (homicide),ICD-10,,1,Cell suppressed for small numbers,02/17/2026,02/17/2026,2024-06-01,2026-02-17,2026-02-17,True,Cell suppressed for small numbers,,False,False,2024-06
992,2024,6,Occurrence,Race-Ethnicity,White,HOM,Assault (homicide),ICD-10,25.0,,,02/17/2026,02/17/2026,2024-06-01,2026-02-17,2026-02-17,False,,25.0,False,False,2024-06
993,2024,6,Occurrence,Race-Ethnicity,Other/Unknown,HOM,Assault (homicide),ICD-10,,1,Cell suppressed for small numbers,02/17/2026,02/17/2026,2024-06-01,2026-02-17,2026-02-17,True,Cell suppressed for small numbers,,False,False,2024-06
997,2024,6,Occurrence,Race-Ethnicity,American Indian/Alaska Native,HTD,Diseases of heart,ICD-10,27.0,,,02/17/2026,02/17/2026,2024-06-01,2026-02-17,2026-02-17,False,,27.0,False,False,2024-06
998,2024,6,Occurrence,Race-Ethnicity,Asian,HTD,Diseases of heart,ICD-10,512.0,,,02/17/2026,02/17/2026,2024-06-01,2026-02-17,2026-02-17,False,,512.0,False,False,2024-06
999,2024,6,Occurrence,Race-Ethnicity,Black,HTD,Diseases of heart,ICD-10,437.0,,,02/17/2026,02/17/2026,2024-06-01,2026-02-17,2026-02-17,False,,437.0,False,False,2024-06
1000,2024,6,Occurrence,Race-Ethnicity,Hawaiian/Pacific Islander,HTD,Diseases of heart,ICD-10,42.0,,,02/17/2026,02/17/2026,2024-06-01,2026-02-17,2026-02-17,False,,42.0,False,False,2024-06
1001,2024,6,Occurrence,Race-Ethnicity,Hispanic,HTD,Diseases of heart,ICD-10,957.0,,,02/17/2026,02/17/2026,2024-06-01,2026-02-17,2026-02-17,False,,957.0,False,False,2024-06
1002,2024,6,Occurrence,Race-Ethnicity,Multi-Race,HTD,Diseases of heart,ICD-10,65.0,,,02/17/2026,02/17/2026,2024-06-01,2026-02-17,2026-02-17,False,,65.0,False,False,2024-06
1003,2024,6,Occurrence,Race-Ethnicity,White,HTD,Diseases of heart,ICD-10,2977.0,,,02/17/2026,02/17/2026,2024-06-01,2026-02-17,2026-02-17,False,,2977.0,False,False,2024-06
1004,2024,6,Occurrence,Race-Ethnicity,Other/Unknown,HTD,Diseases of heart,ICD-10,39.0,,,02/17/2026,02/17/2026,2024-06-01,2026-02-17,2026-02-17,False,,39.0,False,False,2024-06
1008,2024,6,Occurrence,Race-Ethnicity,American Indian/Alaska Native,HYP,Essential hypertension and hypertensive renal disease,ICD-10,,1,Cell suppressed for small numbers,02/17/2026,02/17/2026,2024-06-01,2026-02-17,2026-02-17,True,Cell suppressed for small numbers,,False,False,2024-06
1009,2024,6,Occurrence,Race-Ethnicity,Asian,HYP,Essential hypertension and hypertensive renal disease,ICD-10,78.0,,,02/17/2026,02/17/2026,2024-06-01,2026-02-17,2026-02-17,False,,78.0,False,False,2024-06
1010,2024,6,Occurrence,Race-Ethnicity,Black,HYP,Essential hypertension and hypertensive renal disease,ICD-10,48.0,,,02/17/2026,02/17/2026,2024-06-01,2026-02-17,2026-02-17,False,,48.0,False,False,2024-06
1011,2024,6,Occurrence,Race-Ethnicity,Hawaiian/Pacific Islander,HYP,Essential hypertension and hypertensive renal disease,ICD-10,,1,Cell suppressed for small numbers,02/17/2026,02/17/2026,2024-06-01,2026-02-17,2026-02-17,True,Cell suppressed for small numbers,,False,False,2024-06
1012,2024,6,Occurrence,Race-Ethnicity,Hispanic,HYP,Essential hypertension and hypertensive renal disease,ICD-10,106.0,,,02/17/2026,02/17/2026,2024-06-01,2026-02-17,2026-02-17,False,,106.0,False,False,2024-06
1013,2024,6,Occurrence,Race-Ethnicity,Multi-Race,HYP,Essential hypertension and hypertensive renal disease,ICD-10,,1,Cell suppressed for small numbers,02/17/2026,02/17/2026,2024-06-01,2026-02-17,2026-02-17,True,Cell suppressed for small numbers,,False,False,2024-06
1014,2024,6,Occurrence,Race-Ethnicity,White,HYP,Essential hypertension and hypertensive renal disease,ICD-10,230.0,,,02/17/2026,02/17/2026,2024-06-01,2026-02-17,2026-02-17,False,,230.0,False,False,2024-06
1015,2024,6,Occurrence,Race-Ethnicity,Other/Unknown,HYP,Essential hypertension and hypertensive renal disease,ICD-10,,1,Cell suppressed for small numbers,02/17/2026,02/17/2026,2024-06-01,2026-02-17,2026-02-17,True,Cell suppressed for small numbers,,False,False,2024-06
1019,2024,6,Occurrence,Race-Ethnicity,American Indian/Alaska Native,INJ,Accidents (unintentional injuries),ICD-10,,2,Cell suppressed for complementary cell,02/17/2026,02/17/2026,2024-06-01,2026-02-17,2026-02-17,True,Cell suppressed for complementary cell,,False,False,2024-06
1020,2024,6,Occurrence,Race-Ethnicity,Asian,INJ,Accidents (unintentional injuries),ICD-10,105.0,,,02/17/2026,02/17/2026,2024-06-01,2026-02-17,2026-02-17,False,,105.0,False,False,2024-06
1021,2024,6,Occurrence,Race-Ethnicity,Black,INJ,Accidents (unintentional injuries),ICD-10,182.0,,,02/17/2026,02/17/2026,2024-06-01,2026-02-17,2026-02-17,False,,182.0,False,False,2024-06
1022,2024,6,Occurrence,Race-Ethnicity,Hawaiian/Pacific Islander,INJ,Accidents (unintentional injuries),ICD-10,,1,Cell suppressed for small numbers,02/17/2026,02/17/2026,2024-06-01,2026-02-17,2026-02-17,True,Cell suppressed for small numbers,,False,False,2024-06
1023,2024,6,Occurrence,Race-Ethnicity,Hispanic,INJ,Accidents (unintentional injuries),ICD-10,546.0,,,02/17/2026,02/17/2026,2024-06-01,2026-02-17,2026-02-17,False,,546.0,False,False,2024-06
1024,2024,6,Occurrence,Race-Ethnicity,Multi-Race,INJ,Accidents (unintentional injuries),ICD-10,30.0,,,02/17/2026,02/17/2026,2024-06-01,2026-02-17,2026-02-17,False,,30.0,False,False,2024-06
1025,2024,6,Occurrence,Race-Ethnicity,White,INJ,Accidents (unintentional injuries),ICD-10,776.0,,,02/17/2026,02/17/2026,2024-06-01,2026-02-17,2026-02-17,False,,776.0,False,False,2024-06
1026,2024,6,Occurrence,Race-Ethnicity,Other/Unknown,INJ,Accidents (unintentional injuries),ICD-10,30.0,,,02/17/2026,02/17/2026,2024-06-01,2026-02-17,2026-02-17,False,,30.0,False,False,2024-06
1030,2024,6,Occurrence,Race-Ethnicity,American Indian/Alaska Native,LIV,Chronic liver disease and cirrhosis,ICD-10,,1,Cell suppressed for small numbers,02/17/2026,02/17/2026,2024-06-01,2026-02-17,2026-02-17,True,Cell suppressed for small numbers,,False,False,2024-06
1031,2024,6,Occurrence,Race-Ethnicity,Asian,LIV,Chronic liver disease and cirrhosis,ICD-10,18.0,,,02/17/2026,02/17/2026,2024-06-01,2026-02-17,2026-02-17,False,,18.0,False,False,2024-06
1032,2024,6,Occurrence,Race-Ethnicity,Black,LIV,Chronic liver disease and cirrhosis,ICD-10,24.0,,,02/17/2026,02/17/2026,2024-06-01,2026-02-17,2026-02-17,False,,24.0,False,False,2024-06
1033,2024,6,Occurrence,Race-Ethnicity,Hawaiian/Pacific Islander,LIV,Chronic liver disease and cirrhosis,ICD-10,0.0,,,02/17/2026,02/17/2026,2024-06-01,2026-02-17,2026-02-17,False,,0.0,False,False,2024-06
1034,2024,6,Occurrence,Race-Ethnicity,Hispanic,LIV,Chronic liver disease and cirrhosis,ICD-10,230.0,,,02/17/2026,02/17/2026,2024-06-01,2026-02-17,2026-02-17,False,,230.0,False,False,2024-06
1035,2024,6,Occurrence,Race-Ethnicity,Multi-Race,LIV,Chronic liver disease and cirrhosis,ICD-10,,1,Cell suppressed for small numbers,02/17/2026,02/17/2026,2024-06-01,2026-02-17,2026-02-17,True,Cell suppressed for small numbers,,False,False,2024-06
1036,2024,6,Occurrence,Race-Ethnicity,White,LIV,Chronic liver disease and cirrhosis,ICD-10,208.0,,,02/17/2026,02/17/2026,2024-06-01,2026-02-17,2026-02-17,False,,208.0,False,False,2024-06
1037,2024,6,Occurrence,Race-Ethnicity,Other/Unknown,LIV,Chronic liver disease and cirrhosis,ICD-10,,1,Cell suppressed for small numbers,02/17/2026,02/17/2026,2024-06-01,2026-02-17,2026-02-17,True,Cell suppressed for small numbers,,False,False,2024-06
1041,2024,6,Occurrence,Race-Ethnicity,American Indian/Alaska Native,NEP,"Nephritis, nephrotic syndrome and nephrosis",ICD-10,,1,Cell suppressed for small numbers,02/17/2026,02/17/2026,2024-06-01,2026-02-17,2026-02-17,True,Cell suppressed for small numbers,,False,False,2024-06
1042,2024,6,Occurrence,Race-Ethnicity,Asian,NEP,"Nephritis, nephrotic syndrome and nephrosis",ICD-10,50.0,,,02/17/2026,02/17/2026,2024-06-01,2026-02-17,2026-02-17,False,,50.0,False,False,2024-06
1043,2024,6,Occurrence,Race-Ethnicity,Black,NEP,"Nephritis, nephrotic syndrome and nephrosis",ICD-10,36.0,,,02/17/2026,02/17/2026,2024-06-01,2026-02-17,2026-02-17,False,,36.0,False,False,2024-06
1044,2024,6,Occurrence,Race-Ethnicity,Hawaiian/Pacific Islander,NEP,"Nephritis, nephrotic syndrome and nephrosis",ICD-10,,1,Cell suppressed for small numbers,02/17/2026,02/17/2026,2024-06-01,2026-02-17,2026-02-17,True,Cell suppressed for small numbers,,False,False,2024-06
1045,2024,6,Occurrence,Race-Ethnicity,Hispanic,NEP,"Nephritis, nephrotic syndrome and nephrosis",ICD-10,100.0,,,02/17/2026,02/17/2026,2024-06-01,2026-02-17,2026-02-17,False,,100.0,False,False,2024-06
1046,2024,6,Occurrence,Race-Ethnicity,Multi-Race,NEP,"Nephritis, nephrotic syndrome and nephrosis",ICD-10,,1,Cell suppressed for small numbers,02/17/2026,02/17/2026,2024-06-01,2026-02-17,2026-02-17,True,Cell suppressed for small numbers,,False,False,2024-06
1047,2024,6,Occurrence,Race-Ethnicity,White,NEP,"Nephritis, nephrotic syndrome and nephrosis",ICD-10,155.0,,,02/17/2026,02/17/2026,2024-06-01,2026-02-17,2026-02-17,False,,155.0,False,False,2024-06
1048,2024,6,Occurrence,Race-Ethnicity,Other/Unknown,NEP,"Nephritis, nephrotic syndrome and nephrosis",ICD-10,,1,Cell suppressed for small numbers,02/17/2026,02/17/2026,2024-06-01,2026-02-17,2026-02-17,True,Cell suppressed for small numbers,,False,False,2024-06
1052,2024,6,Occurrence,Race-Ethnicity,American Indian/Alaska Native,PAR,Parkinson's disease,ICD-10,0.0,,,02/17/2026,02/17/2026,2024-06-01,2026-02-17,2026-02-17,False,,0.0,False,False,2024-06
1053,2024,6,Occurrence,Race-Ethnicity,Asian,PAR,Parkinson's disease,ICD-10,47.0,,,02/17/2026,02/17/2026,2024-06-01,2026-02-17,2026-02-17,False,,47.0,False,False,2024-06
1054,2024,6,Occurrence,Race-Ethnicity,Black,PAR,Parkinson's disease,ICD-10,13.0,,,02/17/2026,02/17/2026,2024-06-01,2026-02-17,2026-02-17,False,,13.0,False,False,2024-06
1055,2024,6,Occurrence,Race-Ethnicity,Hawaiian/Pacific Islander,PAR,Parkinson's disease,ICD-10,,1,Cell suppressed for small numbers,02/17/2026,02/17/2026,2024-06-01,2026-02-17,2026-02-17,True,Cell suppressed for small numbers,,False,False,2024-06
1056,2024,6,Occurrence,Race-Ethnicity,Hispanic,PAR,Parkinson's disease,ICD-10,42.0,,,02/17/2026,02/17/2026,2024-06-01,2026-02-17,2026-02-17,False,,42.0,False,False,2024-06
1057,2024,6,Occurrence,Race-Ethnicity,Multi-Race,PAR,Parkinson's disease,ICD-10,,1,Cell suppressed for small numbers,02/17/2026,02/17/2026,2024-06-01,2026-02-17,2026-02-17,True,Cell suppressed for small numbers,,False,False,2024-06
1058,2024,6,Occurrence,Race-Ethnicity,White,PAR,Parkinson's disease,ICD-10,237.0,,,02/17/2026,02/17/2026,2024-06-01,2026-02-17,2026-02-17,False,,237.0,False,False,2024-06
1059,2024,6,Occurrence,Race-Ethnicity,Other/Unknown,PAR,Parkinson's disease,ICD-10,,1,Cell suppressed for small numbers,02/17/2026,02/17/2026,2024-06-01,2026-02-17,2026-02-17,True,Cell suppressed for small numbers,,False,False,2024-06
1063,2024,6,Occurrence,Race-Ethnicity,American Indian/Alaska Native,PNF,Influenza and pneumonia,ICD-10,,1,Cell suppressed for small numbers,02/17/2026,02/17/2026,2024-06-01,2026-02-17,2026-02-17,True,Cell suppressed for small numbers,,False,False,2024-06
1064,2024,6,Occurrence,Race-Ethnicity,Asian,PNF,Influenza and pneumonia,ICD-10,67.0,,,02/17/2026,02/17/2026,2024-06-01,2026-02-17,2026-02-17,False,,67.0,False,False,2024-06
1065,2024,6,Occurrence,Race-Ethnicity,Black,PNF,Influenza and pneumonia,ICD-10,33.0,,,02/17/2026,02/17/2026,2024-06-01,2026-02-17,2026-02-17,False,,33.0,False,False,2024-06
1066,2024,6,Occurrence,Race-Ethnicity,Hawaiian/Pacific Islander,PNF,Influenza and pneumonia,ICD-10,,1,Cell suppressed for small numbers,02/17/2026,02/17/2026,2024-06-01,2026-02-17,2026-02-17,True,Cell suppressed for small numbers,,False,False,2024-06
1067,2024,6,Occurrence,Race-Ethnicity,Hispanic,PNF,Influenza and pneumonia,ICD-10,83.0,,,02/17/2026,02/17/2026,2024-06-01,2026-02-17,2026-02-17,False,,83.0,False,False,2024-06
1068,2024,6,Occurrence,Race-Ethnicity,Multi-Race,PNF,Influenza and pneumonia,ICD-10,,1,Cell suppressed for small numbers,02/17/2026,02/17/2026,2024-06-01,2026-02-17,2026-02-17,True,Cell suppressed for small numbers,,False,False,2024-06
1069,2024,6,Occurrence,Race-Ethnicity,White,PNF,Influenza and pneumonia,ICD-10,185.0,,,02/17/2026,02/17/2026,2024-06-01,2026-02-17,2026-02-17,False,,185.0,False,False,2024-06
1070,2024,6,Occurrence,Race-Ethnicity,Other/Unknown,PNF,Influenza and pneumonia,ICD-10,,1,Cell suppressed for small numbers,02/17/2026,02/17/2026,2024-06-01,2026-02-17,2026-02-17,True,Cell suppressed for small numbers,,False,False,2024-06
1074,2024,6,Occurrence,Race-Ethnicity,American Indian/Alaska Native,STK,Cerebrovascular diseases,ICD-10,,1,Cell suppressed for small numbers,02/17/2026,02/17/2026,2024-06-01,2026-02-17,2026-02-17,True,Cell suppressed for small numbers,,False,False,2024-06
1075,2024,6,Occurrence,Race-Ethnicity,Asian,STK,Cerebrovascular diseases,ICD-10,209.0,,,02/17/2026,02/17/2026,2024-06-01,2026-02-17,2026-02-17,False,,209.0,False,False,2024-06
1076,2024,6,Occurrence,Race-Ethnicity,Black,STK,Cerebrovascular diseases,ICD-10,100.0,,,02/17/2026,02/17/2026,2024-06-01,2026-02-17,2026-02-17,False,,100.0,False,False,2024-06
1077,2024,6,Occurrence,Race-Ethnicity,Hawaiian/Pacific Islander,STK,Cerebrovascular diseases,ICD-10,,1,Cell suppressed for small numbers,02/17/2026,02/17/2026,2024-06-01,2026-02-17,2026-02-17,True,Cell suppressed for small numbers,,False,False,2024-06
1078,2024,6,Occurrence,Race-Ethnicity,Hispanic,STK,Cerebrovascular diseases,ICD-10,305.0,,,02/17/2026,02/17/2026,2024-06-01,2026-02-17,2026-02-17,False,,305.0,False,False,2024-06
1079,2024,6,Occurrence,Race-Ethnicity,Multi-Race,STK,Cerebrovascular diseases,ICD-10,13.0,,,02/17/2026,02/17/2026,2024-06-01,2026-02-17,2026-02-17,False,,13.0,False,False,2024-06
1080,2024,6,Occurrence,Race-Ethnicity,White,STK,Cerebrovascular diseases,ICD-10,750.0,,,02/17/2026,02/17/2026,2024-06-01,2026-02-17,2026-02-17,False,,750.0,False,False,2024-06
1081,2024,6,Occurrence,Race-Ethnicity,Other/Unknown,STK,Cerebrovascular diseases,ICD-10,,1,Cell suppressed for small numbers,02/17/2026,02/17/2026,2024-06-01,2026-02-17,2026-02-17,True,Cell suppressed for small numbers,,False,False,2024-06
1085,2024,6,Occurrence,Race-Ethnicity,American Indian/Alaska Native,SUI,Intentional self-harm (suicide),ICD-10,,1,Cell suppressed for small numbers,02/17/2026,02/17/2026,2024-06-01,2026-02-17,2026-02-17,True,Cell suppressed for small numbers,,False,False,2024-06
1086,2024,6,Occurrence,Race-Ethnicity,Asian,SUI,Intentional self-harm (suicide),ICD-10,31.0,,,02/17/2026,02/17/2026,2024-06-01,2026-02-17,2026-02-17,False,,31.0,False,False,2024-06
1087,2024,6,Occurrence,Race-Ethnicity,Black,SUI,Intentional self-harm (suicide),ICD-10,18.0,,,02/17/2026,02/17/2026,2024-06-01,2026-02-17,2026-02-17,False,,18.0,False,False,2024-06
1088,2024,6,Occurrence,Race-Ethnicity,Hawaiian/Pacific Islander,SUI,Intentional self-harm (suicide),ICD-10,0.0,,,02/17/2026,02/17/2026,2024-06-01,2026-02-17,2026-02-17,False,,0.0,False,False,2024-06
1089,2024,6,Occurrence,Race-Ethnicity,Hispanic,SUI,Intentional self-harm (suicide),ICD-10,82.0,,,02/17/2026,02/17/2026,2024-06-01,2026-02-17,2026-02-17,False,,82.0,False,False,2024-06
1090,2024,6,Occurrence,Race-Ethnicity,Multi-Race,SUI,Intentional self-harm (suicide),ICD-10,13.0,,,02/17/2026,02/17/2026,2024-06-01,2026-02-17,2026-02-17,False,,13.0,False,False,2024-06
1091,2024,6,Occurrence,Race-Ethnicity,White,SUI,Intentional self-harm (suicide),ICD-10,188.0,,,02/17/2026,02/17/2026,2024-06-01,2026-02-17,2026-02-17,False,,188.0,False,False,2024-06
1092,2024,6,Occurrence,Race-Ethnicity,Other/Unknown,SUI,Intentional self-harm (suicide),ICD-10,,1,Cell suppressed for small numbers,02/17/2026,02/17/2026,2024-06-01,2026-02-17,2026-02-17,True,Cell suppressed for small numbers,,False,False,2024-06
1113,2024,7,Occurrence,Race-Ethnicity,American Indian/Alaska Native,ALL,All causes (total),ICD-10,118.0,,,02/17/2026,02/17/2026,2024-07-01,2026-02-17,2026-02-17,False,,118.0,False,True,2024-07
1114,2024,7,Occurrence,Race-Ethnicity,Asian,ALL,All causes (total),ICD-10,2670.0,,,02/17/2026,02/17/2026,2024-07-01,2026-02-17,2026-02-17,False,,2670.0,False,True,2024-07
1115,2024,7,Occurrence,Race-Ethnicity,Black,ALL,All causes (total),ICD-10,1822.0,,,02/17/2026,02/17/2026,2024-07-01,2026-02-17,2026-02-17,False,,1822.0,False,True,2024-07
1116,2024,7,Occurrence,Race-Ethnicity,Hawaiian/Pacific Islander,ALL,All causes (total),ICD-10,109.0,,,02/17/2026,02/17/2026,2024-07-01,2026-02-17,2026-02-17,False,,109.0,False,True,2024-07
1117,2024,7,Occurrence,Race-Ethnicity,Hispanic,ALL,All causes (total),ICD-10,5506.0,,,02/17/2026,02/17/2026,2024-07-01,2026-02-17,2026-02-17,False,,5506.0,False,True,2024-07
1118,2024,7,Occurrence,Race-Ethnicity,Multi-Race,ALL,All causes (total),ICD-10,242.0,,,02/17/2026,02/17/2026,2024-07-01,2026-02-17,2026-02-17,False,,242.0,False,True,2024-07
1119,2024,7,Occurrence,Race-Ethnicity,White,ALL,All causes (total),ICD-10,13310.0,,,02/17/2026,02/17/2026,2024-07-01,2026-02-17,2026-02-17,False,,13310.0,False,True,2024-07
1120,2024,7,Occurrence,Race-Ethnicity,Other/Unknown,ALL,All causes (total),ICD-10,260.0,,,02/17/2026,02/17/2026,2024-07-01,2026-02-17,2026-02-17,False,,260.0,False,True,2024-07
1124,2024,7,Occurrence,Race-Ethnicity,American Indian/Alaska Native,ALZ,Alzheimer's disease,ICD-10,,1,Cell suppressed for small numbers,02/17/2026,02/17/2026,2024-07-01,2026-02-17,2026-02-17,True,Cell suppressed for small numbers,,False,False,2024-07
1125,2024,7,Occurrence,Race-Ethnicity,Asian,ALZ,Alzheimer's disease,ICD-10,143.0,,,02/17/2026,02/17/2026,2024-07-01,2026-02-17,2026-02-17,False,,143.0,False,False,2024-07
1126,2024,7,Occurrence,Race-Ethnicity,Black,ALZ,Alzheimer's disease,ICD-10,60.0,,,02/17/2026,02/17/2026,2024-07-01,2026-02-17,2026-02-17,False,,60.0,False,False,2024-07
1127,2024,7,Occurrence,Race-Ethnicity,Hawaiian/Pacific Islander,ALZ,Alzheimer's disease,ICD-10,,1,Cell suppressed for small numbers,02/17/2026,02/17/2026,2024-07-01,2026-02-17,2026-02-17,True,Cell suppressed for small numbers,,False,False,2024-07
1128,2024,7,Occurrence,Race-Ethnicity,Hispanic,ALZ,Alzheimer's disease,ICD-10,238.0,,,02/17/2026,02/17/2026,2024-07-01,2026-02-17,2026-02-17,False,,238.0,False,False,2024-07
1129,2024,7,Occurrence,Race-Ethnicity,Multi-Race,ALZ,Alzheimer's disease,ICD-10,,1,Cell suppressed for small numbers,02/17/2026,02/17/2026,2024-07-01,2026-02-17,2026-02-17,True,Cell suppressed for small numbers,,False,False,2024-07
1130,2024,7,Occurrence,Race-Ethnicity,White,ALZ,Alzheimer's disease,ICD-10,854.0,,,02/17/2026,02/17/2026,2024-07-01,2026-02-17,2026-02-17,False,,854.0,False,False,2024-07
1131,2024,7,Occurrence,Race-Ethnicity,Other/Unknown,ALZ,Alzheimer's disease,ICD-10,,1,Cell suppressed for small numbers,02/17/2026,02/17/2026,2024-07-01,2026-02-17,2026-02-17,True,Cell suppressed for small numbers,,False,False,2024-07
1135,2024,7,Occurrence,Race-Ethnicity,American Indian/Alaska Native,CAN,Malignant neoplasms,ICD-10,21.0,,,02/17/2026,02/17/2026,2024-07-01,2026-02-17,2026-02-17,False,,21.0,False,False,2024-07
1136,2024,7,Occurrence,Race-Ethnicity,Asian,CAN,Malignant neoplasms,ICD-10,674.0,,,02/17/2026,02/17/2026,2024-07-01,2026-02-17,2026-02-17,False,,674.0,False,False,2024-07
1137,2024,7,Occurrence,Race-Ethnicity,Black,CAN,Malignant neoplasms,ICD-10,359.0,,,02/17/2026,02/17/2026,2024-07-01,2026-02-17,2026-02-17,False,,359.0,False,False,2024-07
1138,2024,7,Occurrence,Race-Ethnicity,Hawaiian/Pacific Islander,CAN,Malignant neoplasms,ICD-10,25.0,,,02/17/2026,02/17/2026,2024-07-01,2026-02-17,2026-02-17,False,,25.0,False,False,2024-07
1139,2024,7,Occurrence,Race-Ethnicity,Hispanic,CAN,Malignant neoplasms,ICD-10,1137.0,,,02/17/2026,02/17/2026,2024-07-01,2026-02-17,2026-02-17,False,,1137.0,False,False,2024-07
1140,2024,7,Occurrence,Race-Ethnicity,Multi-Race,CAN,Malignant neoplasms,ICD-10,50.0,,,02/17/2026,02/17/2026,2024-07-01,2026-02-17,2026-02-17,False,,50.0,False,False,2024-07
1141,2024,7,Occurrence,Race-Ethnicity,White,CAN,Malignant neoplasms,ICD-10,2842.0,,,02/17/2026,02/17/2026,2024-07-01,2026-02-17,2026-02-17,False,,2842.0,False,False,2024-07
1142,2024,7,Occurrence,Race-Ethnicity,Other/Unknown,CAN,Malignant neoplasms,ICD-10,43.0,,,02/17/2026,02/17/2026,2024-07-01,2026-02-17,2026-02-17,False,,43.0,False,False,2024-07
1146,2024,7,Occurrence,Race-Ethnicity,American Indian/Alaska Native,CLD,Chronic lower respiratory diseases,ICD-10,,1,Cell suppressed for small numbers,02/17/2026,02/17/2026,2024-07-01,2026-02-17,2026-02-17,True,Cell suppressed for small numbers,,False,False,2024-07
1147,2024,7,Occurrence,Race-Ethnicity,Asian,CLD,Chronic lower respiratory diseases,ICD-10,64.0,,,02/17/2026,02/17/2026,2024-07-01,2026-02-17,2026-02-17,False,,64.0,False,False,2024-07
1148,2024,7,Occurrence,Race-Ethnicity,Black,CLD,Chronic lower respiratory diseases,ICD-10,65.0,,,02/17/2026,02/17/2026,2024-07-01,2026-02-17,2026-02-17,False,,65.0,False,False,2024-07
1149,2024,7,Occurrence,Race-Ethnicity,Hawaiian/Pacific Islander,CLD,Chronic lower respiratory diseases,ICD-10,,1,Cell suppressed for small numbers,02/17/2026,02/17/2026,2024-07-01,2026-02-17,2026-02-17,True,Cell suppressed for small numbers,,False,False,2024-07
1150,2024,7,Occurrence,Race-Ethnicity,Hispanic,CLD,Chronic lower respiratory diseases,ICD-10,101.0,,,02/17/2026,02/17/2026,2024-07-01,2026-02-17,2026-02-17,False,,101.0,False,False,2024-07
1151,2024,7,Occurrence,Race-Ethnicity,Multi-Race,CLD,Chronic lower respiratory diseases,ICD-10,13.0,,,02/17/2026,02/17/2026,2024-07-01,2026-02-17,2026-02-17,False,,13.0,False,False,2024-07
1152,2024,7,Occurrence,Race-Ethnicity,White,CLD,Chronic lower respiratory diseases,ICD-10,644.0,,,02/17/2026,02/17/2026,2024-07-01,2026-02-17,2026-02-17,False,,644.0,False,False,2024-07
1153,2024,7,Occurrence,Race-Ethnicity,Other/Unknown,CLD,Chronic lower respiratory diseases,ICD-10,,1,Cell suppressed for small numbers,02/17/2026,02/17/2026,2024-07-01,2026-02-17,2026-02-17,True,Cell suppressed for small numbers,,False,False,2024-07
1157,2024,7,Occurrence,Race-Ethnicity,American Indian/Alaska Native,DIA,Diabetes mellitus,ICD-10,,1,Cell suppressed for small numbers,02/17/2026,02/17/2026,2024-07-01,2026-02-17,2026-02-17,True,Cell suppressed for small numbers,,False,False,2024-07
1158,2024,7,Occurrence,Race-Ethnicity,Asian,DIA,Diabetes mellitus,ICD-10,124.0,,,02/17/2026,02/17/2026,2024-07-01,2026-02-17,2026-02-17,False,,124.0,False,False,2024-07
1159,2024,7,Occurrence,Race-Ethnicity,Black,DIA,Diabetes mellitus,ICD-10,100.0,,,02/17/2026,02/17/2026,2024-07-01,2026-02-17,2026-02-17,False,,100.0,False,False,2024-07
1160,2024,7,Occurrence,Race-Ethnicity,Hawaiian/Pacific Islander,DIA,Diabetes mellitus,ICD-10,,1,Cell suppressed for small numbers,02/17/2026,02/17/2026,2024-07-01,2026-02-17,2026-02-17,True,Cell suppressed for small numbers,,False,False,2024-07
1161,2024,7,Occurrence,Race-Ethnicity,Hispanic,DIA,Diabetes mellitus,ICD-10,299.0,,,02/17/2026,02/17/2026,2024-07-01,2026-02-17,2026-02-17,False,,299.0,False,False,2024-07
1162,2024,7,Occurrence,Race-Ethnicity,Multi-Race,DIA,Diabetes mellitus,ICD-10,,1,Cell suppressed for small numbers,02/17/2026,02/17/2026,2024-07-01,2026-02-17,2026-02-17,True,Cell suppressed for small numbers,,False,False,2024-07
1163,2024,7,Occurrence,Race-Ethnicity,White,DIA,Diabetes mellitus,ICD-10,342.0,,,02/17/2026,02/17/2026,2024-07-01,2026-02-17,2026-02-17,False,,342.0,False,False,2024-07
1164,2024,7,Occurrence,Race-Ethnicity,Other/Unknown,DIA,Diabetes mellitus,ICD-10,12.0,,,02/17/2026,02/17/2026,2024-07-01,2026-02-17,2026-02-17,False,,12.0,False,False,2024-07
1168,2024,7,Occurrence,Race-Ethnicity,American Indian/Alaska Native,HOM,Assault (homicide),ICD-10,,1,Cell suppressed for small numbers,02/17/2026,02/17/2026,2024-07-01,2026-02-17,2026-02-17,True,Cell suppressed for small numbers,,False,False,2024-07
1169,2024,7,Occurrence,Race-Ethnicity,Asian,HOM,Assault (homicide),ICD-10,,1,Cell suppressed for small numbers,02/17/2026,02/17/2026,2024-07-01,2026-02-17,2026-02-17,True,Cell suppressed for small numbers,,False,False,2024-07
1170,2024,7,Occurrence,Race-Ethnicity,Black,HOM,Assault (homicide),ICD-10,49.0,,,02/17/2026,02/17/2026,2024-07-01,2026-02-17,2026-02-17,False,,49.0,False,False,2024-07
1171,2024,7,Occurrence,Race-Ethnicity,Hawaiian/Pacific Islander,HOM,Assault (homicide),ICD-10,0.0,,,02/17/2026,02/17/2026,2024-07-01,2026-02-17,2026-02-17,False,,0.0,False,False,2024-07
1172,2024,7,Occurrence,Race-Ethnicity,Hispanic,HOM,Assault (homicide),ICD-10,85.0,,,02/17/2026,02/17/2026,2024-07-01,2026-02-17,2026-02-17,False,,85.0,False,False,2024-07
1173,2024,7,Occurrence,Race-Ethnicity,Multi-Race,HOM,Assault (homicide),ICD-10,,1,Cell suppressed for small numbers,02/17/2026,02/17/2026,2024-07-01,2026-02-17,2026-02-17,True,Cell suppressed for small numbers,,False,False,2024-07
1174,2024,7,Occurrence,Race-Ethnicity,White,HOM,Assault (homicide),ICD-10,38.0,,,02/17/2026,02/17/2026,2024-07-01,2026-02-17,2026-02-17,False,,38.0,False,False,2024-07
1175,2024,7,Occurrence,Race-Ethnicity,Other/Unknown,HOM,Assault (homicide),ICD-10,0.0,,,02/17/2026,02/17/2026,2024-07-01,2026-02-17,2026-02-17,False,,0.0,False,False,2024-07
1179,2024,7,Occurrence,Race-Ethnicity,American Indian/Alaska Native,HTD,Diseases of heart,ICD-10,16.0,,,02/17/2026,02/17/2026,2024-07-01,2026-02-17,2026-02-17,False,,16.0,False,False,2024-07
1180,2024,7,Occurrence,Race-Ethnicity,Asian,HTD,Diseases of heart,ICD-10,523.0,,,02/17/2026,02/17/2026,2024-07-01,2026-02-17,2026-02-17,False,,523.0,False,False,2024-07
1181,2024,7,Occurrence,Race-Ethnicity,Black,HTD,Diseases of heart,ICD-10,423.0,,,02/17/2026,02/17/2026,2024-07-01,2026-02-17,2026-02-17,False,,423.0,False,False,2024-07
1182,2024,7,Occurrence,Race-Ethnicity,Hawaiian/Pacific Islander,HTD,Diseases of heart,ICD-10,21.0,,,02/17/2026,02/17/2026,2024-07-01,2026-02-17,2026-02-17,False,,21.0,False,False,2024-07
1183,2024,7,Occurrence,Race-Ethnicity,Hispanic,HTD,Diseases of heart,ICD-10,979.0,,,02/17/2026,02/17/2026,2024-07-01,2026-02-17,2026-02-17,False,,979.0,False,False,2024-07
1184,2024,7,Occurrence,Race-Ethnicity,Multi-Race,HTD,Diseases of heart,ICD-10,43.0,,,02/17/2026,02/17/2026,2024-07-01,2026-02-17,2026-02-17,False,,43.0,False,False,2024-07
1185,2024,7,Occurrence,Race-Ethnicity,White,HTD,Diseases of heart,ICD-10,3140.0,,,02/17/2026,02/17/2026,2024-07-01,2026-02-17,2026-02-17,False,,3140.0,False,False,2024-07
1186,2024,7,Occurrence,Race-Ethnicity,Other/Unknown,HTD,Diseases of heart,ICD-10,65.0,,,02/17/2026,02/17/2026,2024-07-01,2026-02-17,2026-02-17,False,,65.0,False,False,2024-07
1190,2024,7,Occurrence,Race-Ethnicity,American Indian/Alaska Native,HYP,Essential hypertension and hypertensive renal disease,ICD-10,,1,Cell suppressed for small numbers,02/17/2026,02/17/2026,2024-07-01,2026-02-17,2026-02-17,True,Cell suppressed for small numbers,,False,False,2024-07
1191,2024,7,Occurrence,Race-Ethnicity,Asian,HYP,Essential hypertension and hypertensive renal disease,ICD-10,86.0,,,02/17/2026,02/17/2026,2024-07-01,2026-02-17,2026-02-17,False,,86.0,False,False,2024-07
1192,2024,7,Occurrence,Race-Ethnicity,Black,HYP,Essential hypertension and hypertensive renal disease,ICD-10,53.0,,,02/17/2026,02/17/2026,2024-07-01,2026-02-17,2026-02-17,False,,53.0,False,False,2024-07
1193,2024,7,Occurrence,Race-Ethnicity,Hawaiian/Pacific Islander,HYP,Essential hypertension and hypertensive renal disease,ICD-10,,1,Cell suppressed for small numbers,02/17/2026,02/17/2026,2024-07-01,2026-02-17,2026-02-17,True,Cell suppressed for small numbers,,False,False,2024-07
1194,2024,7,Occurrence,Race-Ethnicity,Hispanic,HYP,Essential hypertension and hypertensive renal disease,ICD-10,121.0,,,02/17/2026,02/17/2026,2024-07-01,2026-02-17,2026-02-17,False,,121.0,False,False,2024-07
1195,2024,7,Occurrence,Race-Ethnicity,Multi-Race,HYP,Essential hypertension and hypertensive renal disease,ICD-10,,1,Cell suppressed for small numbers,02/17/2026,02/17/2026,2024-07-01,2026-02-17,2026-02-17,True,Cell suppressed for small numbers,,False,False,2024-07
1196,2024,7,Occurrence,Race-Ethnicity,White,HYP,Essential hypertension and hypertensive renal disease,ICD-10,278.0,,,02/17/2026,02/17/2026,2024-07-01,2026-02-17,2026-02-17,False,,278.0,False,False,2024-07
1197,2024,7,Occurrence,Race-Ethnicity,Other/Unknown,HYP,Essential hypertension and hypertensive renal disease,ICD-10,,1,Cell suppressed for small numbers,02/17/2026,02/17/2026,2024-07-01,2026-02-17,2026-02-17,True,Cell suppressed for small numbers,,False,False,2024-07
1201,2024,7,Occurrence,Race-Ethnicity,American Indian/Alaska Native,INJ,Accidents (unintentional injuries),ICD-10,,2,Cell suppressed for complementary cell,02/17/2026,02/17/2026,2024-07-01,2026-02-17,2026-02-17,True,Cell suppressed for complementary cell,,False,False,2024-07
1202,2024,7,Occurrence,Race-Ethnicity,Asian,INJ,Accidents (unintentional injuries),ICD-10,105.0,,,02/17/2026,02/17/2026,2024-07-01,2026-02-17,2026-02-17,False,,105.0,False,False,2024-07
1203,2024,7,Occurrence,Race-Ethnicity,Black,INJ,Accidents (unintentional injuries),ICD-10,165.0,,,02/17/2026,02/17/2026,2024-07-01,2026-02-17,2026-02-17,False,,165.0,False,False,2024-07
1204,2024,7,Occurrence,Race-Ethnicity,Hawaiian/Pacific Islander,INJ,Accidents (unintentional injuries),ICD-10,,1,Cell suppressed for small numbers,02/17/2026,02/17/2026,2024-07-01,2026-02-17,2026-02-17,True,Cell suppressed for small numbers,,False,False,2024-07
1205,2024,7,Occurrence,Race-Ethnicity,Hispanic,INJ,Accidents (unintentional injuries),ICD-10,586.0,,,02/17/2026,02/17/2026,2024-07-01,2026-02-17,2026-02-17,False,,586.0,False,False,2024-07
1206,2024,7,Occurrence,Race-Ethnicity,Multi-Race,INJ,Accidents (unintentional injuries),ICD-10,30.0,,,02/17/2026,02/17/2026,2024-07-01,2026-02-17,2026-02-17,False,,30.0,False,False,2024-07
1207,2024,7,Occurrence,Race-Ethnicity,White,INJ,Accidents (unintentional injuries),ICD-10,765.0,,,02/17/2026,02/17/2026,2024-07-01,2026-02-17,2026-02-17,False,,765.0,False,False,2024-07
1208,2024,7,Occurrence,Race-Ethnicity,Other/Unknown,INJ,Accidents (unintentional injuries),ICD-10,34.0,,,02/17/2026,02/17/2026,2024-07-01,2026-02-17,2026-02-17,False,,34.0,False,False,2024-07
1212,2024,7,Occurrence,Race-Ethnicity,American Indian/Alaska Native,LIV,Chronic liver disease and cirrhosis,ICD-10,,1,Cell suppressed for small numbers,02/17/2026,02/17/2026,2024-07-01,2026-02-17,2026-02-17,True,Cell suppressed for small numbers,,False,False,2024-07
1213,2024,7,Occurrence,Race-Ethnicity,Asian,LIV,Chronic liver disease and cirrhosis,ICD-10,27.0,,,02/17/2026,02/17/2026,2024-07-01,2026-02-17,2026-02-17,False,,27.0,False,False,2024-07
1214,2024,7,Occurrence,Race-Ethnicity,Black,LIV,Chronic liver disease and cirrhosis,ICD-10,21.0,,,02/17/2026,02/17/2026,2024-07-01,2026-02-17,2026-02-17,False,,21.0,False,False,2024-07
1215,2024,7,Occurrence,Race-Ethnicity,Hawaiian/Pacific Islander,LIV,Chronic liver disease and cirrhosis,ICD-10,,1,Cell suppressed for small numbers,02/17/2026,02/17/2026,2024-07-01,2026-02-17,2026-02-17,True,Cell suppressed for small numbers,,False,False,2024-07
1216,2024,7,Occurrence,Race-Ethnicity,Hispanic,LIV,Chronic liver disease and cirrhosis,ICD-10,230.0,,,02/17/2026,02/17/2026,2024-07-01,2026-02-17,2026-02-17,False,,230.0,False,False,2024-07
1217,2024,7,Occurrence,Race-Ethnicity,Multi-Race,LIV,Chronic liver disease and cirrhosis,ICD-10,,1,Cell suppressed for small numbers,02/17/2026,02/17/2026,2024-07-01,2026-02-17,2026-02-17,True,Cell suppressed for small numbers,,False,False,2024-07
1218,2024,7,Occurrence,Race-Ethnicity,White,LIV,Chronic liver disease and cirrhosis,ICD-10,205.0,,,02/17/2026,02/17/2026,2024-07-01,2026-02-17,2026-02-17,False,,205.0,False,False,2024-07
1219,2024,7,Occurrence,Race-Ethnicity,Other/Unknown,LIV,Chronic liver disease and cirrhosis,ICD-10,,1,Cell suppressed for small numbers,02/17/2026,02/17/2026,2024-07-01,2026-02-17,2026-02-17,True,Cell suppressed for small numbers,,False,False,2024-07
1223,2024,7,Occurrence,Race-Ethnicity,American Indian/Alaska Native,NEP,"Nephritis, nephrotic syndrome and nephrosis",ICD-10,0.0,,,02/17/2026,02/17/2026,2024-07-01,2026-02-17,2026-02-17,False,,0.0,False,False,2024-07
1224,2024,7,Occurrence,Race-Ethnicity,Asian,NEP,"Nephritis, nephrotic syndrome and nephrosis",ICD-10,60.0,,,02/17/2026,02/17/2026,2024-07-01,2026-02-17,2026-02-17,False,,60.0,False,False,2024-07
1225,2024,7,Occurrence,Race-Ethnicity,Black,NEP,"Nephritis, nephrotic syndrome and nephrosis",ICD-10,37.0,,,02/17/2026,02/17/2026,2024-07-01,2026-02-17,2026-02-17,False,,37.0,False,False,2024-07
1226,2024,7,Occurrence,Race-Ethnicity,Hawaiian/Pacific Islander,NEP,"Nephritis, nephrotic syndrome and nephrosis",ICD-10,,1,Cell suppressed for small numbers,02/17/2026,02/17/2026,2024-07-01,2026-02-17,2026-02-17,True,Cell suppressed for small numbers,,False,False,2024-07
1227,2024,7,Occurrence,Race-Ethnicity,Hispanic,NEP,"Nephritis, nephrotic syndrome and nephrosis",ICD-10,126.0,,,02/17/2026,02/17/2026,2024-07-01,2026-02-17,2026-02-17,False,,126.0,False,False,2024-07
1228,2024,7,Occurrence,Race-Ethnicity,Multi-Race,NEP,"Nephritis, nephrotic syndrome and nephrosis",ICD-10,,1,Cell suppressed for small numbers,02/17/2026,02/17/2026,2024-07-01,2026-02-17,2026-02-17,True,Cell suppressed for small numbers,,False,False,2024-07
1229,2024,7,Occurrence,Race-Ethnicity,White,NEP,"Nephritis, nephrotic syndrome and nephrosis",ICD-10,162.0,,,02/17/2026,02/17/2026,2024-07-01,2026-02-17,2026-02-17,False,,162.0,False,False,2024-07
1230,2024,7,Occurrence,Race-Ethnicity,Other/Unknown,NEP,"Nephritis, nephrotic syndrome and nephrosis",ICD-10,,1,Cell suppressed for small numbers,02/17/2026,02/17/2026,2024-07-01,2026-02-17,2026-02-17,True,Cell suppressed for small numbers,,False,False,2024-07
1234,2024,7,Occurrence,Race-Ethnicity,American Indian/Alaska Native,PAR,Parkinson's disease,ICD-10,,1,Cell suppressed for small numbers,02/17/2026,02/17/2026,2024-07-01,2026-02-17,2026-02-17,True,Cell suppressed for small numbers,,False,False,2024-07
1235,2024,7,Occurrence,Race-Ethnicity,Asian,PAR,Parkinson's disease,ICD-10,54.0,,,02/17/2026,02/17/2026,2024-07-01,2026-02-17,2026-02-17,False,,54.0,False,False,2024-07
1236,2024,7,Occurrence,Race-Ethnicity,Black,PAR,Parkinson's disease,ICD-10,,1,Cell suppressed for small numbers,02/17/2026,02/17/2026,2024-07-01,2026-02-17,2026-02-17,True,Cell suppressed for small numbers,,False,False,2024-07
1237,2024,7,Occurrence,Race-Ethnicity,Hawaiian/Pacific Islander,PAR,Parkinson's disease,ICD-10,,1,Cell suppressed for small numbers,02/17/2026,02/17/2026,2024-07-01,2026-02-17,2026-02-17,True,Cell suppressed for small numbers,,False,False,2024-07
1238,2024,7,Occurrence,Race-Ethnicity,Hispanic,PAR,Parkinson's disease,ICD-10,44.0,,,02/17/2026,02/17/2026,2024-07-01,2026-02-17,2026-02-17,False,,44.0,False,False,2024-07
1239,2024,7,Occurrence,Race-Ethnicity,Multi-Race,PAR,Parkinson's disease,ICD-10,,1,Cell suppressed for small numbers,02/17/2026,02/17/2026,2024-07-01,2026-02-17,2026-02-17,True,Cell suppressed for small numbers,,False,False,2024-07
1240,2024,7,Occurrence,Race-Ethnicity,White,PAR,Parkinson's disease,ICD-10,254.0,,,02/17/2026,02/17/2026,2024-07-01,2026-02-17,2026-02-17,False,,254.0,False,False,2024-07
1241,2024,7,Occurrence,Race-Ethnicity,Other/Unknown,PAR,Parkinson's disease,ICD-10,,1,Cell suppressed for small numbers,02/17/2026,02/17/2026,2024-07-01,2026-02-17,2026-02-17,True,Cell suppressed for small numbers,,False,False,2024-07
1245,2024,7,Occurrence,Race-Ethnicity,American Indian/Alaska Native,PNF,Influenza and pneumonia,ICD-10,0.0,,,02/17/2026,02/17/2026,2024-07-01,2026-02-17,2026-02-17,False,,0.0,False,False,2024-07
1246,2024,7,Occurrence,Race-Ethnicity,Asian,PNF,Influenza and pneumonia,ICD-10,76.0,,,02/17/2026,02/17/2026,2024-07-01,2026-02-17,2026-02-17,False,,76.0,False,False,2024-07
1247,2024,7,Occurrence,Race-Ethnicity,Black,PNF,Influenza and pneumonia,ICD-10,25.0,,,02/17/2026,02/17/2026,2024-07-01,2026-02-17,2026-02-17,False,,25.0,False,False,2024-07
1248,2024,7,Occurrence,Race-Ethnicity,Hawaiian/Pacific Islander,PNF,Influenza and pneumonia,ICD-10,,1,Cell suppressed for small numbers,02/17/2026,02/17/2026,2024-07-01,2026-02-17,2026-02-17,True,Cell suppressed for small numbers,,False,False,2024-07
1249,2024,7,Occurrence,Race-Ethnicity,Hispanic,PNF,Influenza and pneumonia,ICD-10,87.0,,,02/17/2026,02/17/2026,2024-07-01,2026-02-17,2026-02-17,False,,87.0,False,False,2024-07
1250,2024,7,Occurrence,Race-Ethnicity,Multi-Race,PNF,Influenza and pneumonia,ICD-10,,1,Cell suppressed for small numbers,02/17/2026,02/17/2026,2024-07-01,2026-02-17,2026-02-17,True,Cell suppressed for small numbers,,False,False,2024-07
1251,2024,7,Occurrence,Race-Ethnicity,White,PNF,Influenza and pneumonia,ICD-10,187.0,,,02/17/2026,02/17/2026,2024-07-01,2026-02-17,2026-02-17,False,,187.0,False,False,2024-07
1252,2024,7,Occurrence,Race-Ethnicity,Other/Unknown,PNF,Influenza and pneumonia,ICD-10,,1,Cell suppressed for small numbers,02/17/2026,02/17/2026,2024-07-01,2026-02-17,2026-02-17,True,Cell suppressed for small numbers,,False,False,2024-07
1256,2024,7,Occurrence,Race-Ethnicity,American Indian/Alaska Native,STK,Cerebrovascular diseases,ICD-10,,1,Cell suppressed for small numbers,02/17/2026,02/17/2026,2024-07-01,2026-02-17,2026-02-17,True,Cell suppressed for small numbers,,False,False,2024-07
1257,2024,7,Occurrence,Race-Ethnicity,Asian,STK,Cerebrovascular diseases,ICD-10,208.0,,,02/17/2026,02/17/2026,2024-07-01,2026-02-17,2026-02-17,False,,208.0,False,False,2024-07
1258,2024,7,Occurrence,Race-Ethnicity,Black,STK,Cerebrovascular diseases,ICD-10,100.0,,,02/17/2026,02/17/2026,2024-07-01,2026-02-17,2026-02-17,False,,100.0,False,False,2024-07
1259,2024,7,Occurrence,Race-Ethnicity,Hawaiian/Pacific Islander,STK,Cerebrovascular diseases,ICD-10,,1,Cell suppressed for small numbers,02/17/2026,02/17/2026,2024-07-01,2026-02-17,2026-02-17,True,Cell suppressed for small numbers,,False,False,2024-07
1260,2024,7,Occurrence,Race-Ethnicity,Hispanic,STK,Cerebrovascular diseases,ICD-10,306.0,,,02/17/2026,02/17/2026,2024-07-01,2026-02-17,2026-02-17,False,,306.0,False,False,2024-07
1261,2024,7,Occurrence,Race-Ethnicity,Multi-Race,STK,Cerebrovascular diseases,ICD-10,13.0,,,02/17/2026,02/17/2026,2024-07-01,2026-02-17,2026-02-17,False,,13.0,False,False,2024-07
1262,2024,7,Occurrence,Race-Ethnicity,White,STK,Cerebrovascular diseases,ICD-10,751.0,,,02/17/2026,02/17/2026,2024-07-01,2026-02-17,2026-02-17,False,,751.0,False,False,2024-07
1263,2024,7,Occurrence,Race-Ethnicity,Other/Unknown,STK,Cerebrovascular diseases,ICD-10,12.0,,,02/17/2026,02/17/2026,2024-07-01,2026-02-17,2026-02-17,False,,12.0,False,False,2024-07
1267,2024,7,Occurrence,Race-Ethnicity,American Indian/Alaska Native,SUI,Intentional self-harm (suicide),ICD-10,0.0,,,02/17/2026,02/17/2026,2024-07-01,2026-02-17,2026-02-17,False,,0.0,False,False,2024-07
1268,2024,7,Occurrence,Race-Ethnicity,Asian,SUI,Intentional self-harm (suicide),ICD-10,38.0,,,02/17/2026,02/17/2026,2024-07-01,2026-02-17,2026-02-17,False,,38.0,False,False,2024-07
1269,2024,7,Occurrence,Race-Ethnicity,Black,SUI,Intentional self-harm (suicide),ICD-10,15.0,,,02/17/2026,02/17/2026,2024-07-01,2026-02-17,2026-02-17,False,,15.0,False,False,2024-07
1270,2024,7,Occurrence,Race-Ethnicity,Hawaiian/Pacific Islander,SUI,Intentional self-harm (suicide),ICD-10,,1,Cell suppressed for small numbers,02/17/2026,02/17/2026,2024-07-01,2026-02-17,2026-02-17,True,Cell suppressed for small numbers,,False,False,2024-07
1271,2024,7,Occurrence,Race-Ethnicity,Hispanic,SUI,Intentional self-harm (suicide),ICD-10,100.0,,,02/17/2026,02/17/2026,2024-07-01,2026-02-17,2026-02-17,False,,100.0,False,False,2024-07
1272,2024,7,Occurrence,Race-Ethnicity,Multi-Race,SUI,Intentional self-harm (suicide),ICD-10,,1,Cell suppressed for small numbers,02/17/2026,02/17/2026,2024-07-01,2026-02-17,2026-02-17,True,Cell suppressed for small numbers,,False,False,2024-07
1273,2024,7,Occurrence,Race-Ethnicity,White,SUI,Intentional self-harm (suicide),ICD-10,215.0,,,02/17/2026,02/17/2026,2024-07-01,2026-02-17,2026-02-17,False,,215.0,False,False,2024-07
1274,2024,7,Occurrence,Race-Ethnicity,Other/Unknown,SUI,Intentional self-harm (suicide),ICD-10,,1,Cell suppressed for small numbers,02/17/2026,02/17/2026,2024-07-01,2026-02-17,2026-02-17,True,Cell suppressed for small numbers,,False,False,2024-07
1295,2024,8,Occurrence,Race-Ethnicity,American Indian/Alaska Native,ALL,All causes (total),ICD-10,126.0,,,02/17/2026,02/17/2026,2024-08-01,2026-02-17,2026-02-17,False,,126.0,False,True,2024-08
1296,2024,8,Occurrence,Race-Ethnicity,Asian,ALL,All causes (total),ICD-10,2598.0,,,02/17/2026,02/17/2026,2024-08-01,2026-02-17,2026-02-17,False,,2598.0,False,True,2024-08
1297,2024,8,Occurrence,Race-Ethnicity,Black,ALL,All causes (total),ICD-10,1851.0,,,02/17/2026,02/17/2026,2024-08-01,2026-02-17,2026-02-17,False,,1851.0,False,True,2024-08
1298,2024,8,Occurrence,Race-Ethnicity,Hawaiian/Pacific Islander,ALL,All causes (total),ICD-10,95.0,,,02/17/2026,02/17/2026,2024-08-01,2026-02-17,2026-02-17,False,,95.0,False,True,2024-08
1299,2024,8,Occurrence,Race-Ethnicity,Hispanic,ALL,All causes (total),ICD-10,5313.0,,,02/17/2026,02/17/2026,2024-08-01,2026-02-17,2026-02-17,False,,5313.0,False,True,2024-08
1300,2024,8,Occurrence,Race-Ethnicity,Multi-Race,ALL,All causes (total),ICD-10,272.0,,,02/17/2026,02/17/2026,2024-08-01,2026-02-17,2026-02-17,False,,272.0,False,True,2024-08
1301,2024,8,Occurrence,Race-Ethnicity,White,ALL,All causes (total),ICD-10,13077.0,,,02/17/2026,02/17/2026,2024-08-01,2026-02-17,2026-02-17,False,,13077.0,False,True,2024-08
1302,2024,8,Occurrence,Race-Ethnicity,Other/Unknown,ALL,All causes (total),ICD-10,187.0,,,02/17/2026,02/17/2026,2024-08-01,2026-02-17,2026-02-17,False,,187.0,False,True,2024-08
1306,2024,8,Occurrence,Race-Ethnicity,American Indian/Alaska Native,ALZ,Alzheimer's disease,ICD-10,,1,Cell suppressed for small numbers,02/17/2026,02/17/2026,2024-08-01,2026-02-17,2026-02-17,True,Cell suppressed for small numbers,,False,False,2024-08
1307,2024,8,Occurrence,Race-Ethnicity,Asian,ALZ,Alzheimer's disease,ICD-10,148.0,,,02/17/2026,02/17/2026,2024-08-01,2026-02-17,2026-02-17,False,,148.0,False,False,2024-08
1308,2024,8,Occurrence,Race-Ethnicity,Black,ALZ,Alzheimer's disease,ICD-10,74.0,,,02/17/2026,02/17/2026,2024-08-01,2026-02-17,2026-02-17,False,,74.0,False,False,2024-08
1309,2024,8,Occurrence,Race-Ethnicity,Hawaiian/Pacific Islander,ALZ,Alzheimer's disease,ICD-10,,1,Cell suppressed for small numbers,02/17/2026,02/17/2026,2024-08-01,2026-02-17,2026-02-17,True,Cell suppressed for small numbers,,False,False,2024-08
1310,2024,8,Occurrence,Race-Ethnicity,Hispanic,ALZ,Alzheimer's disease,ICD-10,251.0,,,02/17/2026,02/17/2026,2024-08-01,2026-02-17,2026-02-17,False,,251.0,False,False,2024-08
1311,2024,8,Occurrence,Race-Ethnicity,Multi-Race,ALZ,Alzheimer's disease,ICD-10,,1,Cell suppressed for small numbers,02/17/2026,02/17/2026,2024-08-01,2026-02-17,2026-02-17,True,Cell suppressed for small numbers,,False,False,2024-08
1312,2024,8,Occurrence,Race-Ethnicity,White,ALZ,Alzheimer's disease,ICD-10,852.0,,,02/17/2026,02/17/2026,2024-08-01,2026-02-17,2026-02-17,False,,852.0,False,False,2024-08
1313,2024,8,Occurrence,Race-Ethnicity,Other/Unknown,ALZ,Alzheimer's disease,ICD-10,,1,Cell suppressed for small numbers,02/17/2026,02/17/2026,2024-08-01,2026-02-17,2026-02-17,True,Cell suppressed for small numbers,,False,False,2024-08
1317,2024,8,Occurrence,Race-Ethnicity,American Indian/Alaska Native,CAN,Malignant neoplasms,ICD-10,24.0,,,02/17/2026,02/17/2026,2024-08-01,2026-02-17,2026-02-17,False,,24.0,False,False,2024-08
1318,2024,8,Occurrence,Race-Ethnicity,Asian,CAN,Malignant neoplasms,ICD-10,663.0,,,02/17/2026,02/17/2026,2024-08-01,2026-02-17,2026-02-17,False,,663.0,False,False,2024-08
1319,2024,8,Occurrence,Race-Ethnicity,Black,CAN,Malignant neoplasms,ICD-10,380.0,,,02/17/2026,02/17/2026,2024-08-01,2026-02-17,2026-02-17,False,,380.0,False,False,2024-08
1320,2024,8,Occurrence,Race-Ethnicity,Hawaiian/Pacific Islander,CAN,Malignant neoplasms,ICD-10,23.0,,,02/17/2026,02/17/2026,2024-08-01,2026-02-17,2026-02-17,False,,23.0,False,False,2024-08
1321,2024,8,Occurrence,Race-Ethnicity,Hispanic,CAN,Malignant neoplasms,ICD-10,1120.0,,,02/17/2026,02/17/2026,2024-08-01,2026-02-17,2026-02-17,False,,1120.0,False,False,2024-08
1322,2024,8,Occurrence,Race-Ethnicity,Multi-Race,CAN,Malignant neoplasms,ICD-10,59.0,,,02/17/2026,02/17/2026,2024-08-01,2026-02-17,2026-02-17,False,,59.0,False,False,2024-08
1323,2024,8,Occurrence,Race-Ethnicity,White,CAN,Malignant neoplasms,ICD-10,2875.0,,,02/17/2026,02/17/2026,2024-08-01,2026-02-17,2026-02-17,False,,2875.0,False,False,2024-08
1324,2024,8,Occurrence,Race-Ethnicity,Other/Unknown,CAN,Malignant neoplasms,ICD-10,20.0,,,02/17/2026,02/17/2026,2024-08-01,2026-02-17,2026-02-17,False,,20.0,False,False,2024-08
1328,2024,8,Occurrence,Race-Ethnicity,American Indian/Alaska Native,CLD,Chronic lower respiratory diseases,ICD-10,,1,Cell suppressed for small numbers,02/17/2026,02/17/2026,2024-08-01,2026-02-17,2026-02-17,True,Cell suppressed for small numbers,,False,False,2024-08
1329,2024,8,Occurrence,Race-Ethnicity,Asian,CLD,Chronic lower respiratory diseases,ICD-10,56.0,,,02/17/2026,02/17/2026,2024-08-01,2026-02-17,2026-02-17,False,,56.0,False,False,2024-08
1330,2024,8,Occurrence,Race-Ethnicity,Black,CLD,Chronic lower respiratory diseases,ICD-10,77.0,,,02/17/2026,02/17/2026,2024-08-01,2026-02-17,2026-02-17,False,,77.0,False,False,2024-08
1331,2024,8,Occurrence,Race-Ethnicity,Hawaiian/Pacific Islander,CLD,Chronic lower respiratory diseases,ICD-10,,1,Cell suppressed for small numbers,02/17/2026,02/17/2026,2024-08-01,2026-02-17,2026-02-17,True,Cell suppressed for small numbers,,False,False,2024-08
1332,2024,8,Occurrence,Race-Ethnicity,Hispanic,CLD,Chronic lower respiratory diseases,ICD-10,101.0,,,02/17/2026,02/17/2026,2024-08-01,2026-02-17,2026-02-17,False,,101.0,False,False,2024-08
1333,2024,8,Occurrence,Race-Ethnicity,Multi-Race,CLD,Chronic lower respiratory diseases,ICD-10,11.0,,,02/17/2026,02/17/2026,2024-08-01,2026-02-17,2026-02-17,False,,11.0,False,False,2024-08
1334,2024,8,Occurrence,Race-Ethnicity,White,CLD,Chronic lower respiratory diseases,ICD-10,662.0,,,02/17/2026,02/17/2026,2024-08-01,2026-02-17,2026-02-17,False,,662.0,False,False,2024-08
1335,2024,8,Occurrence,Race-Ethnicity,Other/Unknown,CLD,Chronic lower respiratory diseases,ICD-10,,1,Cell suppressed for small numbers,02/17/2026,02/17/2026,2024-08-01,2026-02-17,2026-02-17,True,Cell suppressed for small numbers,,False,False,2024-08
1339,2024,8,Occurrence,Race-Ethnicity,American Indian/Alaska Native,DIA,Diabetes mellitus,ICD-10,,1,Cell suppressed for small numbers,02/17/2026,02/17/2026,2024-08-01,2026-02-17,2026-02-17,True,Cell suppressed for small numbers,,False,False,2024-08
1340,2024,8,Occurrence,Race-Ethnicity,Asian,DIA,Diabetes mellitus,ICD-10,135.0,,,02/17/2026,02/17/2026,2024-08-01,2026-02-17,2026-02-17,False,,135.0,False,False,2024-08
1341,2024,8,Occurrence,Race-Ethnicity,Black,DIA,Diabetes mellitus,ICD-10,101.0,,,02/17/2026,02/17/2026,2024-08-01,2026-02-17,2026-02-17,False,,101.0,False,False,2024-08
1342,2024,8,Occurrence,Race-Ethnicity,Hawaiian/Pacific Islander,DIA,Diabetes mellitus,ICD-10,,1,Cell suppressed for small numbers,02/17/2026,02/17/2026,2024-08-01,2026-02-17,2026-02-17,True,Cell suppressed for small numbers,,False,False,2024-08
1343,2024,8,Occurrence,Race-Ethnicity,Hispanic,DIA,Diabetes mellitus,ICD-10,294.0,,,02/17/2026,02/17/2026,2024-08-01,2026-02-17,2026-02-17,False,,294.0,False,False,2024-08
1344,2024,8,Occurrence,Race-Ethnicity,Multi-Race,DIA,Diabetes mellitus,ICD-10,12.0,,,02/17/2026,02/17/2026,2024-08-01,2026-02-17,2026-02-17,False,,12.0,False,False,2024-08
1345,2024,8,Occurrence,Race-Ethnicity,White,DIA,Diabetes mellitus,ICD-10,334.0,,,02/17/2026,02/17/2026,2024-08-01,2026-02-17,2026-02-17,False,,334.0,False,False,2024-08
1346,2024,8,Occurrence,Race-Ethnicity,Other/Unknown,DIA,Diabetes mellitus,ICD-10,,1,Cell suppressed for small numbers,02/17/2026,02/17/2026,2024-08-01,2026-02-17,2026-02-17,True,Cell suppressed for small numbers,,False,False,2024-08
1350,2024,8,Occurrence,Race-Ethnicity,American Indian/Alaska Native,HOM,Assault (homicide),ICD-10,0.0,,,02/17/2026,02/17/2026,2024-08-01,2026-02-17,2026-02-17,False,,0.0,False,False,2024-08
1351,2024,8,Occurrence,Race-Ethnicity,Asian,HOM,Assault (homicide),ICD-10,,1,Cell suppressed for small numbers,02/17/2026,02/17/2026,2024-08-01,2026-02-17,2026-02-17,True,Cell suppressed for small numbers,,False,False,2024-08
1352,2024,8,Occurrence,Race-Ethnicity,Black,HOM,Assault (homicide),ICD-10,40.0,,,02/17/2026,02/17/2026,2024-08-01,2026-02-17,2026-02-17,False,,40.0,False,False,2024-08
1353,2024,8,Occurrence,Race-Ethnicity,Hawaiian/Pacific Islander,HOM,Assault (homicide),ICD-10,,1,Cell suppressed for small numbers,02/17/2026,02/17/2026,2024-08-01,2026-02-17,2026-02-17,True,Cell suppressed for small numbers,,False,False,2024-08
1354,2024,8,Occurrence,Race-Ethnicity,Hispanic,HOM,Assault (homicide),ICD-10,73.0,,,02/17/2026,02/17/2026,2024-08-01,2026-02-17,2026-02-17,False,,73.0,False,False,2024-08
1355,2024,8,Occurrence,Race-Ethnicity,Multi-Race,HOM,Assault (homicide),ICD-10,,1,Cell suppressed for small numbers,02/17/2026,02/17/2026,2024-08-01,2026-02-17,2026-02-17,True,Cell suppressed for small numbers,,False,False,2024-08
1356,2024,8,Occurrence,Race-Ethnicity,White,HOM,Assault (homicide),ICD-10,34.0,,,02/17/2026,02/17/2026,2024-08-01,2026-02-17,2026-02-17,False,,34.0,False,False,2024-08
1357,2024,8,Occurrence,Race-Ethnicity,Other/Unknown,HOM,Assault (homicide),ICD-10,0.0,,,02/17/2026,02/17/2026,2024-08-01,2026-02-17,2026-02-17,False,,0.0,False,False,2024-08
1361,2024,8,Occurrence,Race-Ethnicity,American Indian/Alaska Native,HTD,Diseases of heart,ICD-10,31.0,,,02/17/2026,02/17/2026,2024-08-01,2026-02-17,2026-02-17,False,,31.0,False,False,2024-08
1362,2024,8,Occurrence,Race-Ethnicity,Asian,HTD,Diseases of heart,ICD-10,499.0,,,02/17/2026,02/17/2026,2024-08-01,2026-02-17,2026-02-17,False,,499.0,False,False,2024-08
1363,2024,8,Occurrence,Race-Ethnicity,Black,HTD,Diseases of heart,ICD-10,420.0,,,02/17/2026,02/17/2026,2024-08-01,2026-02-17,2026-02-17,False,,420.0,False,False,2024-08
1364,2024,8,Occurrence,Race-Ethnicity,Hawaiian/Pacific Islander,HTD,Diseases of heart,ICD-10,16.0,,,02/17/2026,02/17/2026,2024-08-01,2026-02-17,2026-02-17,False,,16.0,False,False,2024-08
1365,2024,8,Occurrence,Race-Ethnicity,Hispanic,HTD,Diseases of heart,ICD-10,913.0,,,02/17/2026,02/17/2026,2024-08-01,2026-02-17,2026-02-17,False,,913.0,False,False,2024-08
1366,2024,8,Occurrence,Race-Ethnicity,Multi-Race,HTD,Diseases of heart,ICD-10,59.0,,,02/17/2026,02/17/2026,2024-08-01,2026-02-17,2026-02-17,False,,59.0,False,False,2024-08
1367,2024,8,Occurrence,Race-Ethnicity,White,HTD,Diseases of heart,ICD-10,2874.0,,,02/17/2026,02/17/2026,2024-08-01,2026-02-17,2026-02-17,False,,2874.0,False,False,2024-08
1368,2024,8,Occurrence,Race-Ethnicity,Other/Unknown,HTD,Diseases of heart,ICD-10,51.0,,,02/17/2026,02/17/2026,2024-08-01,2026-02-17,2026-02-17,False,,51.0,False,False,2024-08
1372,2024,8,Occurrence,Race-Ethnicity,American Indian/Alaska Native,HYP,Essential hypertension and hypertensive renal disease,ICD-10,,1,Cell suppressed for small numbers,02/17/2026,02/17/2026,2024-08-01,2026-02-17,2026-02-17,True,Cell suppressed for small numbers,,False,False,2024-08
1373,2024,8,Occurrence,Race-Ethnicity,Asian,HYP,Essential hypertension and hypertensive renal disease,ICD-10,89.0,,,02/17/2026,02/17/2026,2024-08-01,2026-02-17,2026-02-17,False,,89.0,False,False,2024-08
1374,2024,8,Occurrence,Race-Ethnicity,Black,HYP,Essential hypertension and hypertensive renal disease,ICD-10,37.0,,,02/17/2026,02/17/2026,2024-08-01,2026-02-17,2026-02-17,False,,37.0,False,False,2024-08
1375,2024,8,Occurrence,Race-Ethnicity,Hawaiian/Pacific Islander,HYP,Essential hypertension and hypertensive renal disease,ICD-10,,1,Cell suppressed for small numbers,02/17/2026,02/17/2026,2024-08-01,2026-02-17,2026-02-17,True,Cell suppressed for small numbers,,False,False,2024-08
1376,2024,8,Occurrence,Race-Ethnicity,Hispanic,HYP,Essential hypertension and hypertensive renal disease,ICD-10,114.0,,,02/17/2026,02/17/2026,2024-08-01,2026-02-17,2026-02-17,False,,114.0,False,False,2024-08
1377,2024,8,Occurrence,Race-Ethnicity,Multi-Race,HYP,Essential hypertension and hypertensive renal disease,ICD-10,,1,Cell suppressed for small numbers,02/17/2026,02/17/2026,2024-08-01,2026-02-17,2026-02-17,True,Cell suppressed for small numbers,,False,False,2024-08
1378,2024,8,Occurrence,Race-Ethnicity,White,HYP,Essential hypertension and hypertensive renal disease,ICD-10,235.0,,,02/17/2026,02/17/2026,2024-08-01,2026-02-17,2026-02-17,False,,235.0,False,False,2024-08
1379,2024,8,Occurrence,Race-Ethnicity,Other/Unknown,HYP,Essential hypertension and hypertensive renal disease,ICD-10,,1,Cell suppressed for small numbers,02/17/2026,02/17/2026,2024-08-01,2026-02-17,2026-02-17,True,Cell suppressed for small numbers,,False,False,2024-08
1383,2024,8,Occurrence,Race-Ethnicity,American Indian/Alaska Native,INJ,Accidents (unintentional injuries),ICD-10,,2,Cell suppressed for complementary cell,02/17/2026,02/17/2026,2024-08-01,2026-02-17,2026-02-17,True,Cell suppressed for complementary cell,,False,False,2024-08
1384,2024,8,Occurrence,Race-Ethnicity,Asian,INJ,Accidents (unintentional injuries),ICD-10,107.0,,,02/17/2026,02/17/2026,2024-08-01,2026-02-17,2026-02-17,False,,107.0,False,False,2024-08
1385,2024,8,Occurrence,Race-Ethnicity,Black,INJ,Accidents (unintentional injuries),ICD-10,166.0,,,02/17/2026,02/17/2026,2024-08-01,2026-02-17,2026-02-17,False,,166.0,False,False,2024-08
1386,2024,8,Occurrence,Race-Ethnicity,Hawaiian/Pacific Islander,INJ,Accidents (unintentional injuries),ICD-10,,1,Cell suppressed for small numbers,02/17/2026,02/17/2026,2024-08-01,2026-02-17,2026-02-17,True,Cell suppressed for small numbers,,False,False,2024-08
1387,2024,8,Occurrence,Race-Ethnicity,Hispanic,INJ,Accidents (unintentional injuries),ICD-10,528.0,,,02/17/2026,02/17/2026,2024-08-01,2026-02-17,2026-02-17,False,,528.0,False,False,2024-08
1388,2024,8,Occurrence,Race-Ethnicity,Multi-Race,INJ,Accidents (unintentional injuries),ICD-10,32.0,,,02/17/2026,02/17/2026,2024-08-01,2026-02-17,2026-02-17,False,,32.0,False,False,2024-08
1389,2024,8,Occurrence,Race-Ethnicity,White,INJ,Accidents (unintentional injuries),ICD-10,753.0,,,02/17/2026,02/17/2026,2024-08-01,2026-02-17,2026-02-17,False,,753.0,False,False,2024-08
1390,2024,8,Occurrence,Race-Ethnicity,Other/Unknown,INJ,Accidents (unintentional injuries),ICD-10,,2,Cell suppressed for complementary cell,02/17/2026,02/17/2026,2024-08-01,2026-02-17,2026-02-17,True,Cell suppressed for complementary cell,,False,False,2024-08
1394,2024,8,Occurrence,Race-Ethnicity,American Indian/Alaska Native,LIV,Chronic liver disease and cirrhosis,ICD-10,,1,Cell suppressed for small numbers,02/17/2026,02/17/2026,2024-08-01,2026-02-17,2026-02-17,True,Cell suppressed for small numbers,,False,False,2024-08
1395,2024,8,Occurrence,Race-Ethnicity,Asian,LIV,Chronic liver disease and cirrhosis,ICD-10,21.0,,,02/17/2026,02/17/2026,2024-08-01,2026-02-17,2026-02-17,False,,21.0,False,False,2024-08
1396,2024,8,Occurrence,Race-Ethnicity,Black,LIV,Chronic liver disease and cirrhosis,ICD-10,26.0,,,02/17/2026,02/17/2026,2024-08-01,2026-02-17,2026-02-17,False,,26.0,False,False,2024-08
1397,2024,8,Occurrence,Race-Ethnicity,Hawaiian/Pacific Islander,LIV,Chronic liver disease and cirrhosis,ICD-10,,1,Cell suppressed for small numbers,02/17/2026,02/17/2026,2024-08-01,2026-02-17,2026-02-17,True,Cell suppressed for small numbers,,False,False,2024-08
1398,2024,8,Occurrence,Race-Ethnicity,Hispanic,LIV,Chronic liver disease and cirrhosis,ICD-10,214.0,,,02/17/2026,02/17/2026,2024-08-01,2026-02-17,2026-02-17,False,,214.0,False,False,2024-08
1399,2024,8,Occurrence,Race-Ethnicity,Multi-Race,LIV,Chronic liver disease and cirrhosis,ICD-10,,1,Cell suppressed for small numbers,02/17/2026,02/17/2026,2024-08-01,2026-02-17,2026-02-17,True,Cell suppressed for small numbers,,False,False,2024-08
1400,2024,8,Occurrence,Race-Ethnicity,White,LIV,Chronic liver disease and cirrhosis,ICD-10,194.0,,,02/17/2026,02/17/2026,2024-08-01,2026-02-17,2026-02-17,False,,194.0,False,False,2024-08
1401,2024,8,Occurrence,Race-Ethnicity,Other/Unknown,LIV,Chronic liver disease and cirrhosis,ICD-10,,1,Cell suppressed for small numbers,02/17/2026,02/17/2026,2024-08-01,2026-02-17,2026-02-17,True,Cell suppressed for small numbers,,False,False,2024-08
1405,2024,8,Occurrence,Race-Ethnicity,American Indian/Alaska Native,NEP,"Nephritis, nephrotic syndrome and nephrosis",ICD-10,,1,Cell suppressed for small numbers,02/17/2026,02/17/2026,2024-08-01,2026-02-17,2026-02-17,True,Cell suppressed for small numbers,,False,False,2024-08
1406,2024,8,Occurrence,Race-Ethnicity,Asian,NEP,"Nephritis, nephrotic syndrome and nephrosis",ICD-10,54.0,,,02/17/2026,02/17/2026,2024-08-01,2026-02-17,2026-02-17,False,,54.0,False,False,2024-08
1407,2024,8,Occurrence,Race-Ethnicity,Black,NEP,"Nephritis, nephrotic syndrome and nephrosis",ICD-10,35.0,,,02/17/2026,02/17/2026,2024-08-01,2026-02-17,2026-02-17,False,,35.0,False,False,2024-08
1408,2024,8,Occurrence,Race-Ethnicity,Hawaiian/Pacific Islander,NEP,"Nephritis, nephrotic syndrome and nephrosis",ICD-10,,1,Cell suppressed for small numbers,02/17/2026,02/17/2026,2024-08-01,2026-02-17,2026-02-17,True,Cell suppressed for small numbers,,False,False,2024-08
1409,2024,8,Occurrence,Race-Ethnicity,Hispanic,NEP,"Nephritis, nephrotic syndrome and nephrosis",ICD-10,116.0,,,02/17/2026,02/17/2026,2024-08-01,2026-02-17,2026-02-17,False,,116.0,False,False,2024-08
1410,2024,8,Occurrence,Race-Ethnicity,Multi-Race,NEP,"Nephritis, nephrotic syndrome and nephrosis",ICD-10,,1,Cell suppressed for small numbers,02/17/2026,02/17/2026,2024-08-01,2026-02-17,2026-02-17,True,Cell suppressed for small numbers,,False,False,2024-08
1411,2024,8,Occurrence,Race-Ethnicity,White,NEP,"Nephritis, nephrotic syndrome and nephrosis",ICD-10,175.0,,,02/17/2026,02/17/2026,2024-08-01,2026-02-17,2026-02-17,False,,175.0,False,False,2024-08
1412,2024,8,Occurrence,Race-Ethnicity,Other/Unknown,NEP,"Nephritis, nephrotic syndrome and nephrosis",ICD-10,,1,Cell suppressed for small numbers,02/17/2026,02/17/2026,2024-08-01,2026-02-17,2026-02-17,True,Cell suppressed for small numbers,,False,False,2024-08
1416,2024,8,Occurrence,Race-Ethnicity,American Indian/Alaska Native,PAR,Parkinson's disease,ICD-10,,1,Cell suppressed for small numbers,02/17/2026,02/17/2026,2024-08-01,2026-02-17,2026-02-17,True,Cell suppressed for small numbers,,False,False,2024-08
1417,2024,8,Occurrence,Race-Ethnicity,Asian,PAR,Parkinson's disease,ICD-10,45.0,,,02/17/2026,02/17/2026,2024-08-01,2026-02-17,2026-02-17,False,,45.0,False,False,2024-08
1418,2024,8,Occurrence,Race-Ethnicity,Black,PAR,Parkinson's disease,ICD-10,12.0,,,02/17/2026,02/17/2026,2024-08-01,2026-02-17,2026-02-17,False,,12.0,False,False,2024-08
1419,2024,8,Occurrence,Race-Ethnicity,Hawaiian/Pacific Islander,PAR,Parkinson's disease,ICD-10,,1,Cell suppressed for small numbers,02/17/2026,02/17/2026,2024-08-01,2026-02-17,2026-02-17,True,Cell suppressed for small numbers,,False,False,2024-08
1420,2024,8,Occurrence,Race-Ethnicity,Hispanic,PAR,Parkinson's disease,ICD-10,65.0,,,02/17/2026,02/17/2026,2024-08-01,2026-02-17,2026-02-17,False,,65.0,False,False,2024-08
1421,2024,8,Occurrence,Race-Ethnicity,Multi-Race,PAR,Parkinson's disease,ICD-10,,1,Cell suppressed for small numbers,02/17/2026,02/17/2026,2024-08-01,2026-02-17,2026-02-17,True,Cell suppressed for small numbers,,False,False,2024-08
1422,2024,8,Occurrence,Race-Ethnicity,White,PAR,Parkinson's disease,ICD-10,228.0,,,02/17/2026,02/17/2026,2024-08-01,2026-02-17,2026-02-17,False,,228.0,False,False,2024-08
1423,2024,8,Occurrence,Race-Ethnicity,Other/Unknown,PAR,Parkinson's disease,ICD-10,,1,Cell suppressed for small numbers,02/17/2026,02/17/2026,2024-08-01,2026-02-17,2026-02-17,True,Cell suppressed for small numbers,,False,False,2024-08
1427,2024,8,Occurrence,Race-Ethnicity,American Indian/Alaska Native,PNF,Influenza and pneumonia,ICD-10,,1,Cell suppressed for small numbers,02/17/2026,02/17/2026,2024-08-01,2026-02-17,2026-02-17,True,Cell suppressed for small numbers,,False,False,2024-08
1428,2024,8,Occurrence,Race-Ethnicity,Asian,PNF,Influenza and pneumonia,ICD-10,38.0,,,02/17/2026,02/17/2026,2024-08-01,2026-02-17,2026-02-17,False,,38.0,False,False,2024-08
1429,2024,8,Occurrence,Race-Ethnicity,Black,PNF,Influenza and pneumonia,ICD-10,25.0,,,02/17/2026,02/17/2026,2024-08-01,2026-02-17,2026-02-17,False,,25.0,False,False,2024-08
1430,2024,8,Occurrence,Race-Ethnicity,Hawaiian/Pacific Islander,PNF,Influenza and pneumonia,ICD-10,0.0,,,02/17/2026,02/17/2026,2024-08-01,2026-02-17,2026-02-17,False,,0.0,False,False,2024-08
1431,2024,8,Occurrence,Race-Ethnicity,Hispanic,PNF,Influenza and pneumonia,ICD-10,87.0,,,02/17/2026,02/17/2026,2024-08-01,2026-02-17,2026-02-17,False,,87.0,False,False,2024-08
1432,2024,8,Occurrence,Race-Ethnicity,Multi-Race,PNF,Influenza and pneumonia,ICD-10,,1,Cell suppressed for small numbers,02/17/2026,02/17/2026,2024-08-01,2026-02-17,2026-02-17,True,Cell suppressed for small numbers,,False,False,2024-08
1433,2024,8,Occurrence,Race-Ethnicity,White,PNF,Influenza and pneumonia,ICD-10,187.0,,,02/17/2026,02/17/2026,2024-08-01,2026-02-17,2026-02-17,False,,187.0,False,False,2024-08
1434,2024,8,Occurrence,Race-Ethnicity,Other/Unknown,PNF,Influenza and pneumonia,ICD-10,,1,Cell suppressed for small numbers,02/17/2026,02/17/2026,2024-08-01,2026-02-17,2026-02-17,True,Cell suppressed for small numbers,,False,False,2024-08
1438,2024,8,Occurrence,Race-Ethnicity,American Indian/Alaska Native,STK,Cerebrovascular diseases,ICD-10,,1,Cell suppressed for small numbers,02/17/2026,02/17/2026,2024-08-01,2026-02-17,2026-02-17,True,Cell suppressed for small numbers,,False,False,2024-08
1439,2024,8,Occurrence,Race-Ethnicity,Asian,STK,Cerebrovascular diseases,ICD-10,204.0,,,02/17/2026,02/17/2026,2024-08-01,2026-02-17,2026-02-17,False,,204.0,False,False,2024-08
1440,2024,8,Occurrence,Race-Ethnicity,Black,STK,Cerebrovascular diseases,ICD-10,123.0,,,02/17/2026,02/17/2026,2024-08-01,2026-02-17,2026-02-17,False,,123.0,False,False,2024-08
1441,2024,8,Occurrence,Race-Ethnicity,Hawaiian/Pacific Islander,STK,Cerebrovascular diseases,ICD-10,,1,Cell suppressed for small numbers,02/17/2026,02/17/2026,2024-08-01,2026-02-17,2026-02-17,True,Cell suppressed for small numbers,,False,False,2024-08
1442,2024,8,Occurrence,Race-Ethnicity,Hispanic,STK,Cerebrovascular diseases,ICD-10,312.0,,,02/17/2026,02/17/2026,2024-08-01,2026-02-17,2026-02-17,False,,312.0,False,False,2024-08
1443,2024,8,Occurrence,Race-Ethnicity,Multi-Race,STK,Cerebrovascular diseases,ICD-10,,1,Cell suppressed for small numbers,02/17/2026,02/17/2026,2024-08-01,2026-02-17,2026-02-17,True,Cell suppressed for small numbers,,False,False,2024-08
1444,2024,8,Occurrence,Race-Ethnicity,White,STK,Cerebrovascular diseases,ICD-10,750.0,,,02/17/2026,02/17/2026,2024-08-01,2026-02-17,2026-02-17,False,,750.0,False,False,2024-08
1445,2024,8,Occurrence,Race-Ethnicity,Other/Unknown,STK,Cerebrovascular diseases,ICD-10,11.0,,,02/17/2026,02/17/2026,2024-08-01,2026-02-17,2026-02-17,False,,11.0,False,False,2024-08
1449,2024,8,Occurrence,Race-Ethnicity,American Indian/Alaska Native,SUI,Intentional self-harm (suicide),ICD-10,,1,Cell suppressed for small numbers,02/17/2026,02/17/2026,2024-08-01,2026-02-17,2026-02-17,True,Cell suppressed for small numbers,,False,False,2024-08
1450,2024,8,Occurrence,Race-Ethnicity,Asian,SUI,Intentional self-harm (suicide),ICD-10,34.0,,,02/17/2026,02/17/2026,2024-08-01,2026-02-17,2026-02-17,False,,34.0,False,False,2024-08
1451,2024,8,Occurrence,Race-Ethnicity,Black,SUI,Intentional self-harm (suicide),ICD-10,21.0,,,02/17/2026,02/17/2026,2024-08-01,2026-02-17,2026-02-17,False,,21.0,False,False,2024-08
1452,2024,8,Occurrence,Race-Ethnicity,Hawaiian/Pacific Islander,SUI,Intentional self-harm (suicide),ICD-10,,1,Cell suppressed for small numbers,02/17/2026,02/17/2026,2024-08-01,2026-02-17,2026-02-17,True,Cell suppressed for small numbers,,False,False,2024-08
1453,2024,8,Occurrence,Race-Ethnicity,Hispanic,SUI,Intentional self-harm (suicide),ICD-10,84.0,,,02/17/2026,02/17/2026,2024-08-01,2026-02-17,2026-02-17,False,,84.0,False,False,2024-08
1454,2024,8,Occurrence,Race-Ethnicity,Multi-Race,SUI,Intentional self-harm (suicide),ICD-10,,1,Cell suppressed for small numbers,02/17/2026,02/17/2026,2024-08-01,2026-02-17,2026-02-17,True,Cell suppressed for small numbers,,False,False,2024-08
1455,2024,8,Occurrence,Race-Ethnicity,White,SUI,Intentional self-harm (suicide),ICD-10,228.0,,,02/17/2026,02/17/2026,2024-08-01,2026-02-17,2026-02-17,False,,228.0,False,False,2024-08
1456,2024,8,Occurrence,Race-Ethnicity,Other/Unknown,SUI,Intentional self-harm (suicide),ICD-10,,1,Cell suppressed for small numbers,02/17/2026,02/17/2026,2024-08-01,2026-02-17,2026-02-17,True,Cell suppressed for small numbers,,False,False,2024-08
1477,2024,9,Occurrence,Race-Ethnicity,American Indian/Alaska Native,ALL,All causes (total),ICD-10,93.0,,,02/17/2026,02/17/2026,2024-09-01,2026-02-17,2026-02-17,False,,93.0,False,True,2024-09
1478,2024,9,Occurrence,Race-Ethnicity,Asian,ALL,All causes (total),ICD-10,2530.0,,,02/17/2026,02/17/2026,2024-09-01,2026-02-17,2026-02-17,False,,2530.0,False,True,2024-09
1479,2024,9,Occurrence,Race-Ethnicity,Black,ALL,All causes (total),ICD-10,1736.0,,,02/17/2026,02/17/2026,2024-09-01,2026-02-17,2026-02-17,False,,1736.0,False,True,2024-09
1480,2024,9,Occurrence,Race-Ethnicity,Hawaiian/Pacific Islander,ALL,All causes (total),ICD-10,86.0,,,02/17/2026,02/17/2026,2024-09-01,2026-02-17,2026-02-17,False,,86.0,False,True,2024-09
1481,2024,9,Occurrence,Race-Ethnicity,Hispanic,ALL,All causes (total),ICD-10,5287.0,,,02/17/2026,02/17/2026,2024-09-01,2026-02-17,2026-02-17,False,,5287.0,False,True,2024-09
1482,2024,9,Occurrence,Race-Ethnicity,Multi-Race,ALL,All causes (total),ICD-10,250.0,,,02/17/2026,02/17/2026,2024-09-01,2026-02-17,2026-02-17,False,,250.0,False,True,2024-09
1483,2024,9,Occurrence,Race-Ethnicity,White,ALL,All causes (total),ICD-10,12362.0,,,02/17/2026,02/17/2026,2024-09-01,2026-02-17,2026-02-17,False,,12362.0,False,True,2024-09
1484,2024,9,Occurrence,Race-Ethnicity,Other/Unknown,ALL,All causes (total),ICD-10,195.0,,,02/17/2026,02/17/2026,2024-09-01,2026-02-17,2026-02-17,False,,195.0,False,True,2024-09
1488,2024,9,Occurrence,Race-Ethnicity,American Indian/Alaska Native,ALZ,Alzheimer's disease,ICD-10,,1,Cell suppressed for small numbers,02/17/2026,02/17/2026,2024-09-01,2026-02-17,2026-02-17,True,Cell suppressed for small numbers,,False,False,2024-09
1489,2024,9,Occurrence,Race-Ethnicity,Asian,ALZ,Alzheimer's disease,ICD-10,139.0,,,02/17/2026,02/17/2026,2024-09-01,2026-02-17,2026-02-17,False,,139.0,False,False,2024-09
1490,2024,9,Occurrence,Race-Ethnicity,Black,ALZ,Alzheimer's disease,ICD-10,62.0,,,02/17/2026,02/17/2026,2024-09-01,2026-02-17,2026-02-17,False,,62.0,False,False,2024-09
1491,2024,9,Occurrence,Race-Ethnicity,Hawaiian/Pacific Islander,ALZ,Alzheimer's disease,ICD-10,,1,Cell suppressed for small numbers,02/17/2026,02/17/2026,2024-09-01,2026-02-17,2026-02-17,True,Cell suppressed for small numbers,,False,False,2024-09
1492,2024,9,Occurrence,Race-Ethnicity,Hispanic,ALZ,Alzheimer's disease,ICD-10,232.0,,,02/17/2026,02/17/2026,2024-09-01,2026-02-17,2026-02-17,False,,232.0,False,False,2024-09
1493,2024,9,Occurrence,Race-Ethnicity,Multi-Race,ALZ,Alzheimer's disease,ICD-10,,1,Cell suppressed for small numbers,02/17/2026,02/17/2026,2024-09-01,2026-02-17,2026-02-17,True,Cell suppressed for small numbers,,False,False,2024-09
1494,2024,9,Occurrence,Race-Ethnicity,White,ALZ,Alzheimer's disease,ICD-10,823.0,,,02/17/2026,02/17/2026,2024-09-01,2026-02-17,2026-02-17,False,,823.0,False,False,2024-09
1495,2024,9,Occurrence,Race-Ethnicity,Other/Unknown,ALZ,Alzheimer's disease,ICD-10,,1,Cell suppressed for small numbers,02/17/2026,02/17/2026,2024-09-01,2026-02-17,2026-02-17,True,Cell suppressed for small numbers,,False,False,2024-09
1499,2024,9,Occurrence,Race-Ethnicity,American Indian/Alaska Native,CAN,Malignant neoplasms,ICD-10,15.0,,,02/17/2026,02/17/2026,2024-09-01,2026-02-17,2026-02-17,False,,15.0,False,False,2024-09
1500,2024,9,Occurrence,Race-Ethnicity,Asian,CAN,Malignant neoplasms,ICD-10,606.0,,,02/17/2026,02/17/2026,2024-09-01,2026-02-17,2026-02-17,False,,606.0,False,False,2024-09
1501,2024,9,Occurrence,Race-Ethnicity,Black,CAN,Malignant neoplasms,ICD-10,350.0,,,02/17/2026,02/17/2026,2024-09-01,2026-02-17,2026-02-17,False,,350.0,False,False,2024-09
1502,2024,9,Occurrence,Race-Ethnicity,Hawaiian/Pacific Islander,CAN,Malignant neoplasms,ICD-10,16.0,,,02/17/2026,02/17/2026,2024-09-01,2026-02-17,2026-02-17,False,,16.0,False,False,2024-09
1503,2024,9,Occurrence,Race-Ethnicity,Hispanic,CAN,Malignant neoplasms,ICD-10,1137.0,,,02/17/2026,02/17/2026,2024-09-01,2026-02-17,2026-02-17,False,,1137.0,False,False,2024-09
1504,2024,9,Occurrence,Race-Ethnicity,Multi-Race,CAN,Malignant neoplasms,ICD-10,47.0,,,02/17/2026,02/17/2026,2024-09-01,2026-02-17,2026-02-17,False,,47.0,False,False,2024-09
1505,2024,9,Occurrence,Race-Ethnicity,White,CAN,Malignant neoplasms,ICD-10,2725.0,,,02/17/2026,02/17/2026,2024-09-01,2026-02-17,2026-02-17,False,,2725.0,False,False,2024-09
1506,2024,9,Occurrence,Race-Ethnicity,Other/Unknown,CAN,Malignant neoplasms,ICD-10,33.0,,,02/17/2026,02/17/2026,2024-09-01,2026-02-17,2026-02-17,False,,33.0,False,False,2024-09
1510,2024,9,Occurrence,Race-Ethnicity,American Indian/Alaska Native,CLD,Chronic lower respiratory diseases,ICD-10,,1,Cell suppressed for small numbers,02/17/2026,02/17/2026,2024-09-01,2026-02-17,2026-02-17,True,Cell suppressed for small numbers,,False,False,2024-09
1511,2024,9,Occurrence,Race-Ethnicity,Asian,CLD,Chronic lower respiratory diseases,ICD-10,63.0,,,02/17/2026,02/17/2026,2024-09-01,2026-02-17,2026-02-17,False,,63.0,False,False,2024-09
1512,2024,9,Occurrence,Race-Ethnicity,Black,CLD,Chronic lower respiratory diseases,ICD-10,61.0,,,02/17/2026,02/17/2026,2024-09-01,2026-02-17,2026-02-17,False,,61.0,False,False,2024-09
1513,2024,9,Occurrence,Race-Ethnicity,Hawaiian/Pacific Islander,CLD,Chronic lower respiratory diseases,ICD-10,,1,Cell suppressed for small numbers,02/17/2026,02/17/2026,2024-09-01,2026-02-17,2026-02-17,True,Cell suppressed for small numbers,,False,False,2024-09
1514,2024,9,Occurrence,Race-Ethnicity,Hispanic,CLD,Chronic lower respiratory diseases,ICD-10,93.0,,,02/17/2026,02/17/2026,2024-09-01,2026-02-17,2026-02-17,False,,93.0,False,False,2024-09
1515,2024,9,Occurrence,Race-Ethnicity,Multi-Race,CLD,Chronic lower respiratory diseases,ICD-10,,1,Cell suppressed for small numbers,02/17/2026,02/17/2026,2024-09-01,2026-02-17,2026-02-17,True,Cell suppressed for small numbers,,False,False,2024-09
1516,2024,9,Occurrence,Race-Ethnicity,White,CLD,Chronic lower respiratory diseases,ICD-10,585.0,,,02/17/2026,02/17/2026,2024-09-01,2026-02-17,2026-02-17,False,,585.0,False,False,2024-09
1517,2024,9,Occurrence,Race-Ethnicity,Other/Unknown,CLD,Chronic lower respiratory diseases,ICD-10,,1,Cell suppressed for small numbers,02/17/2026,02/17/2026,2024-09-01,2026-02-17,2026-02-17,True,Cell suppressed for small numbers,,False,False,2024-09
1521,2024,9,Occurrence,Race-Ethnicity,American Indian/Alaska Native,DIA,Diabetes mellitus,ICD-10,,1,Cell suppressed for small numbers,02/17/2026,02/17/2026,2024-09-01,2026-02-17,2026-02-17,True,Cell suppressed for small numbers,,False,False,2024-09
1522,2024,9,Occurrence,Race-Ethnicity,Asian,DIA,Diabetes mellitus,ICD-10,146.0,,,02/17/2026,02/17/2026,2024-09-01,2026-02-17,2026-02-17,False,,146.0,False,False,2024-09
1523,2024,9,Occurrence,Race-Ethnicity,Black,DIA,Diabetes mellitus,ICD-10,97.0,,,02/17/2026,02/17/2026,2024-09-01,2026-02-17,2026-02-17,False,,97.0,False,False,2024-09
1524,2024,9,Occurrence,Race-Ethnicity,Hawaiian/Pacific Islander,DIA,Diabetes mellitus,ICD-10,,1,Cell suppressed for small numbers,02/17/2026,02/17/2026,2024-09-01,2026-02-17,2026-02-17,True,Cell suppressed for small numbers,,False,False,2024-09
1525,2024,9,Occurrence,Race-Ethnicity,Hispanic,DIA,Diabetes mellitus,ICD-10,308.0,,,02/17/2026,02/17/2026,2024-09-01,2026-02-17,2026-02-17,False,,308.0,False,False,2024-09
1526,2024,9,Occurrence,Race-Ethnicity,Multi-Race,DIA,Diabetes mellitus,ICD-10,13.0,,,02/17/2026,02/17/2026,2024-09-01,2026-02-17,2026-02-17,False,,13.0,False,False,2024-09
1527,2024,9,Occurrence,Race-Ethnicity,White,DIA,Diabetes mellitus,ICD-10,285.0,,,02/17/2026,02/17/2026,2024-09-01,2026-02-17,2026-02-17,False,,285.0,False,False,2024-09
1528,2024,9,Occurrence,Race-Ethnicity,Other/Unknown,DIA,Diabetes mellitus,ICD-10,11.0,,,02/17/2026,02/17/2026,2024-09-01,2026-02-17,2026-02-17,False,,11.0,False,False,2024-09
1532,2024,9,Occurrence,Race-Ethnicity,American Indian/Alaska Native,HOM,Assault (homicide),ICD-10,0.0,,,02/17/2026,02/17/2026,2024-09-01,2026-02-17,2026-02-17,False,,0.0,False,False,2024-09
1533,2024,9,Occurrence,Race-Ethnicity,Asian,HOM,Assault (homicide),ICD-10,,1,Cell suppressed for small numbers,02/17/2026,02/17/2026,2024-09-01,2026-02-17,2026-02-17,True,Cell suppressed for small numbers,,False,False,2024-09
1534,2024,9,Occurrence,Race-Ethnicity,Black,HOM,Assault (homicide),ICD-10,40.0,,,02/17/2026,02/17/2026,2024-09-01,2026-02-17,2026-02-17,False,,40.0,False,False,2024-09
1535,2024,9,Occurrence,Race-Ethnicity,Hawaiian/Pacific Islander,HOM,Assault (homicide),ICD-10,0.0,,,02/17/2026,02/17/2026,2024-09-01,2026-02-17,2026-02-17,False,,0.0,False,False,2024-09
1536,2024,9,Occurrence,Race-Ethnicity,Hispanic,HOM,Assault (homicide),ICD-10,81.0,,,02/17/2026,02/17/2026,2024-09-01,2026-02-17,2026-02-17,False,,81.0,False,False,2024-09
1537,2024,9,Occurrence,Race-Ethnicity,Multi-Race,HOM,Assault (homicide),ICD-10,,1,Cell suppressed for small numbers,02/17/2026,02/17/2026,2024-09-01,2026-02-17,2026-02-17,True,Cell suppressed for small numbers,,False,False,2024-09
1538,2024,9,Occurrence,Race-Ethnicity,White,HOM,Assault (homicide),ICD-10,26.0,,,02/17/2026,02/17/2026,2024-09-01,2026-02-17,2026-02-17,False,,26.0,False,False,2024-09
1539,2024,9,Occurrence,Race-Ethnicity,Other/Unknown,HOM,Assault (homicide),ICD-10,0.0,,,02/17/2026,02/17/2026,2024-09-01,2026-02-17,2026-02-17,False,,0.0,False,False,2024-09
1543,2024,9,Occurrence,Race-Ethnicity,American Indian/Alaska Native,HTD,Diseases of heart,ICD-10,16.0,,,02/17/2026,02/17/2026,2024-09-01,2026-02-17,2026-02-17,False,,16.0,False,False,2024-09
1544,2024,9,Occurrence,Race-Ethnicity,Asian,HTD,Diseases of heart,ICD-10,539.0,,,02/17/2026,02/17/2026,2024-09-01,2026-02-17,2026-02-17,False,,539.0,False,False,2024-09
1545,2024,9,Occurrence,Race-Ethnicity,Black,HTD,Diseases of heart,ICD-10,408.0,,,02/17/2026,02/17/2026,2024-09-01,2026-02-17,2026-02-17,False,,408.0,False,False,2024-09
1546,2024,9,Occurrence,Race-Ethnicity,Hawaiian/Pacific Islander,HTD,Diseases of heart,ICD-10,25.0,,,02/17/2026,02/17/2026,2024-09-01,2026-02-17,2026-02-17,False,,25.0,False,False,2024-09
1547,2024,9,Occurrence,Race-Ethnicity,Hispanic,HTD,Diseases of heart,ICD-10,912.0,,,02/17/2026,02/17/2026,2024-09-01,2026-02-17,2026-02-17,False,,912.0,False,False,2024-09
1548,2024,9,Occurrence,Race-Ethnicity,Multi-Race,HTD,Diseases of heart,ICD-10,39.0,,,02/17/2026,02/17/2026,2024-09-01,2026-02-17,2026-02-17,False,,39.0,False,False,2024-09
1549,2024,9,Occurrence,Race-Ethnicity,White,HTD,Diseases of heart,ICD-10,2771.0,,,02/17/2026,02/17/2026,2024-09-01,2026-02-17,2026-02-17,False,,2771.0,False,False,2024-09
1550,2024,9,Occurrence,Race-Ethnicity,Other/Unknown,HTD,Diseases of heart,ICD-10,40.0,,,02/17/2026,02/17/2026,2024-09-01,2026-02-17,2026-02-17,False,,40.0,False,False,2024-09
1554,2024,9,Occurrence,Race-Ethnicity,American Indian/Alaska Native,HYP,Essential hypertension and hypertensive renal disease,ICD-10,,1,Cell suppressed for small numbers,02/17/2026,02/17/2026,2024-09-01,2026-02-17,2026-02-17,True,Cell suppressed for small numbers,,False,False,2024-09
1555,2024,9,Occurrence,Race-Ethnicity,Asian,HYP,Essential hypertension and hypertensive renal disease,ICD-10,57.0,,,02/17/2026,02/17/2026,2024-09-01,2026-02-17,2026-02-17,False,,57.0,False,False,2024-09
1556,2024,9,Occurrence,Race-Ethnicity,Black,HYP,Essential hypertension and hypertensive renal disease,ICD-10,54.0,,,02/17/2026,02/17/2026,2024-09-01,2026-02-17,2026-02-17,False,,54.0,False,False,2024-09
1557,2024,9,Occurrence,Race-Ethnicity,Hawaiian/Pacific Islander,HYP,Essential hypertension and hypertensive renal disease,ICD-10,,1,Cell suppressed for small numbers,02/17/2026,02/17/2026,2024-09-01,2026-02-17,2026-02-17,True,Cell suppressed for small numbers,,False,False,2024-09
1558,2024,9,Occurrence,Race-Ethnicity,Hispanic,HYP,Essential hypertension and hypertensive renal disease,ICD-10,96.0,,,02/17/2026,02/17/2026,2024-09-01,2026-02-17,2026-02-17,False,,96.0,False,False,2024-09
1559,2024,9,Occurrence,Race-Ethnicity,Multi-Race,HYP,Essential hypertension and hypertensive renal disease,ICD-10,,1,Cell suppressed for small numbers,02/17/2026,02/17/2026,2024-09-01,2026-02-17,2026-02-17,True,Cell suppressed for small numbers,,False,False,2024-09
1560,2024,9,Occurrence,Race-Ethnicity,White,HYP,Essential hypertension and hypertensive renal disease,ICD-10,254.0,,,02/17/2026,02/17/2026,2024-09-01,2026-02-17,2026-02-17,False,,254.0,False,False,2024-09
1561,2024,9,Occurrence,Race-Ethnicity,Other/Unknown,HYP,Essential hypertension and hypertensive renal disease,ICD-10,,1,Cell suppressed for small numbers,02/17/2026,02/17/2026,2024-09-01,2026-02-17,2026-02-17,True,Cell suppressed for small numbers,,False,False,2024-09
1565,2024,9,Occurrence,Race-Ethnicity,American Indian/Alaska Native,INJ,Accidents (unintentional injuries),ICD-10,,1,Cell suppressed for small numbers,02/17/2026,02/17/2026,2024-09-01,2026-02-17,2026-02-17,True,Cell suppressed for small numbers,,False,False,2024-09
1566,2024,9,Occurrence,Race-Ethnicity,Asian,INJ,Accidents (unintentional injuries),ICD-10,105.0,,,02/17/2026,02/17/2026,2024-09-01,2026-02-17,2026-02-17,False,,105.0,False,False,2024-09
1567,2024,9,Occurrence,Race-Ethnicity,Black,INJ,Accidents (unintentional injuries),ICD-10,162.0,,,02/17/2026,02/17/2026,2024-09-01,2026-02-17,2026-02-17,False,,162.0,False,False,2024-09
1568,2024,9,Occurrence,Race-Ethnicity,Hawaiian/Pacific Islander,INJ,Accidents (unintentional injuries),ICD-10,,1,Cell suppressed for small numbers,02/17/2026,02/17/2026,2024-09-01,2026-02-17,2026-02-17,True,Cell suppressed for small numbers,,False,False,2024-09
1569,2024,9,Occurrence,Race-Ethnicity,Hispanic,INJ,Accidents (unintentional injuries),ICD-10,552.0,,,02/17/2026,02/17/2026,2024-09-01,2026-02-17,2026-02-17,False,,552.0,False,False,2024-09
1570,2024,9,Occurrence,Race-Ethnicity,Multi-Race,INJ,Accidents (unintentional injuries),ICD-10,37.0,,,02/17/2026,02/17/2026,2024-09-01,2026-02-17,2026-02-17,False,,37.0,False,False,2024-09
1571,2024,9,Occurrence,Race-Ethnicity,White,INJ,Accidents (unintentional injuries),ICD-10,638.0,,,02/17/2026,02/17/2026,2024-09-01,2026-02-17,2026-02-17,False,,638.0,False,False,2024-09
1572,2024,9,Occurrence,Race-Ethnicity,Other/Unknown,INJ,Accidents (unintentional injuries),ICD-10,26.0,,,02/17/2026,02/17/2026,2024-09-01,2026-02-17,2026-02-17,False,,26.0,False,False,2024-09
1576,2024,9,Occurrence,Race-Ethnicity,American Indian/Alaska Native,LIV,Chronic liver disease and cirrhosis,ICD-10,,1,Cell suppressed for small numbers,02/17/2026,02/17/2026,2024-09-01,2026-02-17,2026-02-17,True,Cell suppressed for small numbers,,False,False,2024-09
1577,2024,9,Occurrence,Race-Ethnicity,Asian,LIV,Chronic liver disease and cirrhosis,ICD-10,30.0,,,02/17/2026,02/17/2026,2024-09-01,2026-02-17,2026-02-17,False,,30.0,False,False,2024-09
1578,2024,9,Occurrence,Race-Ethnicity,Black,LIV,Chronic liver disease and cirrhosis,ICD-10,21.0,,,02/17/2026,02/17/2026,2024-09-01,2026-02-17,2026-02-17,False,,21.0,False,False,2024-09
1579,2024,9,Occurrence,Race-Ethnicity,Hawaiian/Pacific Islander,LIV,Chronic liver disease and cirrhosis,ICD-10,,1,Cell suppressed for small numbers,02/17/2026,02/17/2026,2024-09-01,2026-02-17,2026-02-17,True,Cell suppressed for small numbers,,False,False,2024-09
1580,2024,9,Occurrence,Race-Ethnicity,Hispanic,LIV,Chronic liver disease and cirrhosis,ICD-10,243.0,,,02/17/2026,02/17/2026,2024-09-01,2026-02-17,2026-02-17,False,,243.0,False,False,2024-09
1581,2024,9,Occurrence,Race-Ethnicity,Multi-Race,LIV,Chronic liver disease and cirrhosis,ICD-10,,1,Cell suppressed for small numbers,02/17/2026,02/17/2026,2024-09-01,2026-02-17,2026-02-17,True,Cell suppressed for small numbers,,False,False,2024-09
1582,2024,9,Occurrence,Race-Ethnicity,White,LIV,Chronic liver disease and cirrhosis,ICD-10,192.0,,,02/17/2026,02/17/2026,2024-09-01,2026-02-17,2026-02-17,False,,192.0,False,False,2024-09
1583,2024,9,Occurrence,Race-Ethnicity,Other/Unknown,LIV,Chronic liver disease and cirrhosis,ICD-10,,1,Cell suppressed for small numbers,02/17/2026,02/17/2026,2024-09-01,2026-02-17,2026-02-17,True,Cell suppressed for small numbers,,False,False,2024-09
1587,2024,9,Occurrence,Race-Ethnicity,American Indian/Alaska Native,NEP,"Nephritis, nephrotic syndrome and nephrosis",ICD-10,,1,Cell suppressed for small numbers,02/17/2026,02/17/2026,2024-09-01,2026-02-17,2026-02-17,True,Cell suppressed for small numbers,,False,False,2024-09
1588,2024,9,Occurrence,Race-Ethnicity,Asian,NEP,"Nephritis, nephrotic syndrome and nephrosis",ICD-10,55.0,,,02/17/2026,02/17/2026,2024-09-01,2026-02-17,2026-02-17,False,,55.0,False,False,2024-09
1589,2024,9,Occurrence,Race-Ethnicity,Black,NEP,"Nephritis, nephrotic syndrome and nephrosis",ICD-10,49.0,,,02/17/2026,02/17/2026,2024-09-01,2026-02-17,2026-02-17,False,,49.0,False,False,2024-09
1590,2024,9,Occurrence,Race-Ethnicity,Hawaiian/Pacific Islander,NEP,"Nephritis, nephrotic syndrome and nephrosis",ICD-10,,1,Cell suppressed for small numbers,02/17/2026,02/17/2026,2024-09-01,2026-02-17,2026-02-17,True,Cell suppressed for small numbers,,False,False,2024-09
1591,2024,9,Occurrence,Race-Ethnicity,Hispanic,NEP,"Nephritis, nephrotic syndrome and nephrosis",ICD-10,105.0,,,02/17/2026,02/17/2026,2024-09-01,2026-02-17,2026-02-17,False,,105.0,False,False,2024-09
1592,2024,9,Occurrence,Race-Ethnicity,Multi-Race,NEP,"Nephritis, nephrotic syndrome and nephrosis",ICD-10,,1,Cell suppressed for small numbers,02/17/2026,02/17/2026,2024-09-01,2026-02-17,2026-02-17,True,Cell suppressed for small numbers,,False,False,2024-09
1593,2024,9,Occurrence,Race-Ethnicity,White,NEP,"Nephritis, nephrotic syndrome and nephrosis",ICD-10,150.0,,,02/17/2026,02/17/2026,2024-09-01,2026-02-17,2026-02-17,False,,150.0,False,False,2024-09
1594,2024,9,Occurrence,Race-Ethnicity,Other/Unknown,NEP,"Nephritis, nephrotic syndrome and nephrosis",ICD-10,0.0,,,02/17/2026,02/17/2026,2024-09-01,2026-02-17,2026-02-17,False,,0.0,False,False,2024-09
1598,2024,9,Occurrence,Race-Ethnicity,American Indian/Alaska Native,PAR,Parkinson's disease,ICD-10,,1,Cell suppressed for small numbers,02/17/2026,02/17/2026,2024-09-01,2026-02-17,2026-02-17,True,Cell suppressed for small numbers,,False,False,2024-09
1599,2024,9,Occurrence,Race-Ethnicity,Asian,PAR,Parkinson's disease,ICD-10,53.0,,,02/17/2026,02/17/2026,2024-09-01,2026-02-17,2026-02-17,False,,53.0,False,False,2024-09
1600,2024,9,Occurrence,Race-Ethnicity,Black,PAR,Parkinson's disease,ICD-10,15.0,,,02/17/2026,02/17/2026,2024-09-01,2026-02-17,2026-02-17,False,,15.0,False,False,2024-09
1601,2024,9,Occurrence,Race-Ethnicity,Hawaiian/Pacific Islander,PAR,Parkinson's disease,ICD-10,0.0,,,02/17/2026,02/17/2026,2024-09-01,2026-02-17,2026-02-17,False,,0.0,False,False,2024-09
1602,2024,9,Occurrence,Race-Ethnicity,Hispanic,PAR,Parkinson's disease,ICD-10,46.0,,,02/17/2026,02/17/2026,2024-09-01,2026-02-17,2026-02-17,False,,46.0,False,False,2024-09
1603,2024,9,Occurrence,Race-Ethnicity,Multi-Race,PAR,Parkinson's disease,ICD-10,,1,Cell suppressed for small numbers,02/17/2026,02/17/2026,2024-09-01,2026-02-17,2026-02-17,True,Cell suppressed for small numbers,,False,False,2024-09
1604,2024,9,Occurrence,Race-Ethnicity,White,PAR,Parkinson's disease,ICD-10,212.0,,,02/17/2026,02/17/2026,2024-09-01,2026-02-17,2026-02-17,False,,212.0,False,False,2024-09
1605,2024,9,Occurrence,Race-Ethnicity,Other/Unknown,PAR,Parkinson's disease,ICD-10,,1,Cell suppressed for small numbers,02/17/2026,02/17/2026,2024-09-01,2026-02-17,2026-02-17,True,Cell suppressed for small numbers,,False,False,2024-09
1609,2024,9,Occurrence,Race-Ethnicity,American Indian/Alaska Native,PNF,Influenza and pneumonia,ICD-10,,1,Cell suppressed for small numbers,02/17/2026,02/17/2026,2024-09-01,2026-02-17,2026-02-17,True,Cell suppressed for small numbers,,False,False,2024-09
1610,2024,9,Occurrence,Race-Ethnicity,Asian,PNF,Influenza and pneumonia,ICD-10,38.0,,,02/17/2026,02/17/2026,2024-09-01,2026-02-17,2026-02-17,False,,38.0,False,False,2024-09
1611,2024,9,Occurrence,Race-Ethnicity,Black,PNF,Influenza and pneumonia,ICD-10,26.0,,,02/17/2026,02/17/2026,2024-09-01,2026-02-17,2026-02-17,False,,26.0,False,False,2024-09
1612,2024,9,Occurrence,Race-Ethnicity,Hawaiian/Pacific Islander,PNF,Influenza and pneumonia,ICD-10,0.0,,,02/17/2026,02/17/2026,2024-09-01,2026-02-17,2026-02-17,False,,0.0,False,False,2024-09
1613,2024,9,Occurrence,Race-Ethnicity,Hispanic,PNF,Influenza and pneumonia,ICD-10,76.0,,,02/17/2026,02/17/2026,2024-09-01,2026-02-17,2026-02-17,False,,76.0,False,False,2024-09
1614,2024,9,Occurrence,Race-Ethnicity,Multi-Race,PNF,Influenza and pneumonia,ICD-10,,1,Cell suppressed for small numbers,02/17/2026,02/17/2026,2024-09-01,2026-02-17,2026-02-17,True,Cell suppressed for small numbers,,False,False,2024-09
1615,2024,9,Occurrence,Race-Ethnicity,White,PNF,Influenza and pneumonia,ICD-10,168.0,,,02/17/2026,02/17/2026,2024-09-01,2026-02-17,2026-02-17,False,,168.0,False,False,2024-09
1616,2024,9,Occurrence,Race-Ethnicity,Other/Unknown,PNF,Influenza and pneumonia,ICD-10,,1,Cell suppressed for small numbers,02/17/2026,02/17/2026,2024-09-01,2026-02-17,2026-02-17,True,Cell suppressed for small numbers,,False,False,2024-09
1620,2024,9,Occurrence,Race-Ethnicity,American Indian/Alaska Native,STK,Cerebrovascular diseases,ICD-10,,1,Cell suppressed for small numbers,02/17/2026,02/17/2026,2024-09-01,2026-02-17,2026-02-17,True,Cell suppressed for small numbers,,False,False,2024-09
1621,2024,9,Occurrence,Race-Ethnicity,Asian,STK,Cerebrovascular diseases,ICD-10,206.0,,,02/17/2026,02/17/2026,2024-09-01,2026-02-17,2026-02-17,False,,206.0,False,False,2024-09
1622,2024,9,Occurrence,Race-Ethnicity,Black,STK,Cerebrovascular diseases,ICD-10,98.0,,,02/17/2026,02/17/2026,2024-09-01,2026-02-17,2026-02-17,False,,98.0,False,False,2024-09
1623,2024,9,Occurrence,Race-Ethnicity,Hawaiian/Pacific Islander,STK,Cerebrovascular diseases,ICD-10,,1,Cell suppressed for small numbers,02/17/2026,02/17/2026,2024-09-01,2026-02-17,2026-02-17,True,Cell suppressed for small numbers,,False,False,2024-09
1624,2024,9,Occurrence,Race-Ethnicity,Hispanic,STK,Cerebrovascular diseases,ICD-10,314.0,,,02/17/2026,02/17/2026,2024-09-01,2026-02-17,2026-02-17,False,,314.0,False,False,2024-09
1625,2024,9,Occurrence,Race-Ethnicity,Multi-Race,STK,Cerebrovascular diseases,ICD-10,12.0,,,02/17/2026,02/17/2026,2024-09-01,2026-02-17,2026-02-17,False,,12.0,False,False,2024-09
1626,2024,9,Occurrence,Race-Ethnicity,White,STK,Cerebrovascular diseases,ICD-10,772.0,,,02/17/2026,02/17/2026,2024-09-01,2026-02-17,2026-02-17,False,,772.0,False,False,2024-09
1627,2024,9,Occurrence,Race-Ethnicity,Other/Unknown,STK,Cerebrovascular diseases,ICD-10,,1,Cell suppressed for small numbers,02/17/2026,02/17/2026,2024-09-01,2026-02-17,2026-02-17,True,Cell suppressed for small numbers,,False,False,2024-09
1631,2024,9,Occurrence,Race-Ethnicity,American Indian/Alaska Native,SUI,Intentional self-harm (suicide),ICD-10,,1,Cell suppressed for small numbers,02/17/2026,02/17/2026,2024-09-01,2026-02-17,2026-02-17,True,Cell suppressed for small numbers,,False,False,2024-09
1632,2024,9,Occurrence,Race-Ethnicity,Asian,SUI,Intentional self-harm (suicide),ICD-10,33.0,,,02/17/2026,02/17/2026,2024-09-01,2026-02-17,2026-02-17,False,,33.0,False,False,2024-09
1633,2024,9,Occurrence,Race-Ethnicity,Black,SUI,Intentional self-harm (suicide),ICD-10,25.0,,,02/17/2026,02/17/2026,2024-09-01,2026-02-17,2026-02-17,False,,25.0,False,False,2024-09
1634,2024,9,Occurrence,Race-Ethnicity,Hawaiian/Pacific Islander,SUI,Intentional self-harm (suicide),ICD-10,,1,Cell suppressed for small numbers,02/17/2026,02/17/2026,2024-09-01,2026-02-17,2026-02-17,True,Cell suppressed for small numbers,,False,False,2024-09
1635,2024,9,Occurrence,Race-Ethnicity,Hispanic,SUI,Intentional self-harm (suicide),ICD-10,79.0,,,02/17/2026,02/17/2026,2024-09-01,2026-02-17,2026-02-17,False,,79.0,False,False,2024-09
1636,2024,9,Occurrence,Race-Ethnicity,Multi-Race,SUI,Intentional self-harm (suicide),ICD-10,15.0,,,02/17/2026,02/17/2026,2024-09-01,2026-02-17,2026-02-17,False,,15.0,False,False,2024-09
1637,2024,9,Occurrence,Race-Ethnicity,White,SUI,Intentional self-harm (suicide),ICD-10,192.0,,,02/17/2026,02/17/2026,2024-09-01,2026-02-17,2026-02-17,False,,192.0,False,False,2024-09
1638,2024,9,Occurrence,Race-Ethnicity,Other/Unknown,SUI,Intentional self-harm (suicide),ICD-10,0.0,,,02/17/2026,02/17/2026,2024-09-01,2026-02-17,2026-02-17,False,,0.0,False,False,2024-09
1659,2024,10,Occurrence,Race-Ethnicity,American Indian/Alaska Native,ALL,All causes (total),ICD-10,99.0,,,02/17/2026,02/17/2026,2024-10-01,2026-02-17,2026-02-17,False,,99.0,False,True,2024-10
1660,2024,10,Occurrence,Race-Ethnicity,Asian,ALL,All causes (total),ICD-10,2641.0,,,02/17/2026,02/17/2026,2024-10-01,2026-02-17,2026-02-17,False,,2641.0,False,True,2024-10
1661,2024,10,Occurrence,Race-Ethnicity,Black,ALL,All causes (total),ICD-10,1886.0,,,02/17/2026,02/17/2026,2024-10-01,2026-02-17,2026-02-17,False,,1886.0,False,True,2024-10
1662,2024,10,Occurrence,Race-Ethnicity,Hawaiian/Pacific Islander,ALL,All causes (total),ICD-10,99.0,,,02/17/2026,02/17/2026,2024-10-01,2026-02-17,2026-02-17,False,,99.0,False,True,2024-10
1663,2024,10,Occurrence,Race-Ethnicity,Hispanic,ALL,All causes (total),ICD-10,5320.0,,,02/17/2026,02/17/2026,2024-10-01,2026-02-17,2026-02-17,False,,5320.0,False,True,2024-10
1664,2024,10,Occurrence,Race-Ethnicity,Multi-Race,ALL,All causes (total),ICD-10,285.0,,,02/17/2026,02/17/2026,2024-10-01,2026-02-17,2026-02-17,False,,285.0,False,True,2024-10
1665,2024,10,Occurrence,Race-Ethnicity,White,ALL,All causes (total),ICD-10,12823.0,,,02/17/2026,02/17/2026,2024-10-01,2026-02-17,2026-02-17,False,,12823.0,False,True,2024-10
1666,2024,10,Occurrence,Race-Ethnicity,Other/Unknown,ALL,All causes (total),ICD-10,220.0,,,02/17/2026,02/17/2026,2024-10-01,2026-02-17,2026-02-17,False,,220.0,False,True,2024-10
1670,2024,10,Occurrence,Race-Ethnicity,American Indian/Alaska Native,ALZ,Alzheimer's disease,ICD-10,,1,Cell suppressed for small numbers,02/17/2026,02/17/2026,2024-10-01,2026-02-17,2026-02-17,True,Cell suppressed for small numbers,,False,False,2024-10
1671,2024,10,Occurrence,Race-Ethnicity,Asian,ALZ,Alzheimer's disease,ICD-10,159.0,,,02/17/2026,02/17/2026,2024-10-01,2026-02-17,2026-02-17,False,,159.0,False,False,2024-10
1672,2024,10,Occurrence,Race-Ethnicity,Black,ALZ,Alzheimer's disease,ICD-10,71.0,,,02/17/2026,02/17/2026,2024-10-01,2026-02-17,2026-02-17,False,,71.0,False,False,2024-10
1673,2024,10,Occurrence,Race-Ethnicity,Hawaiian/Pacific Islander,ALZ,Alzheimer's disease,ICD-10,,1,Cell suppressed for small numbers,02/17/2026,02/17/2026,2024-10-01,2026-02-17,2026-02-17,True,Cell suppressed for small numbers,,False,False,2024-10
1674,2024,10,Occurrence,Race-Ethnicity,Hispanic,ALZ,Alzheimer's disease,ICD-10,239.0,,,02/17/2026,02/17/2026,2024-10-01,2026-02-17,2026-02-17,False,,239.0,False,False,2024-10
1675,2024,10,Occurrence,Race-Ethnicity,Multi-Race,ALZ,Alzheimer's disease,ICD-10,,1,Cell suppressed for small numbers,02/17/2026,02/17/2026,2024-10-01,2026-02-17,2026-02-17,True,Cell suppressed for small numbers,,False,False,2024-10
1676,2024,10,Occurrence,Race-Ethnicity,White,ALZ,Alzheimer's disease,ICD-10,809.0,,,02/17/2026,02/17/2026,2024-10-01,2026-02-17,2026-02-17,False,,809.0,False,False,2024-10
1677,2024,10,Occurrence,Race-Ethnicity,Other/Unknown,ALZ,Alzheimer's disease,ICD-10,,1,Cell suppressed for small numbers,02/17/2026,02/17/2026,2024-10-01,2026-02-17,2026-02-17,True,Cell suppressed for small numbers,,False,False,2024-10
1681,2024,10,Occurrence,Race-Ethnicity,American Indian/Alaska Native,CAN,Malignant neoplasms,ICD-10,20.0,,,02/17/2026,02/17/2026,2024-10-01,2026-02-17,2026-02-17,False,,20.0,False,False,2024-10
1682,2024,10,Occurrence,Race-Ethnicity,Asian,CAN,Malignant neoplasms,ICD-10,636.0,,,02/17/2026,02/17/2026,2024-10-01,2026-02-17,2026-02-17,False,,636.0,False,False,2024-10
1683,2024,10,Occurrence,Race-Ethnicity,Black,CAN,Malignant neoplasms,ICD-10,379.0,,,02/17/2026,02/17/2026,2024-10-01,2026-02-17,2026-02-17,False,,379.0,False,False,2024-10
1684,2024,10,Occurrence,Race-Ethnicity,Hawaiian/Pacific Islander,CAN,Malignant neoplasms,ICD-10,23.0,,,02/17/2026,02/17/2026,2024-10-01,2026-02-17,2026-02-17,False,,23.0,False,False,2024-10
1685,2024,10,Occurrence,Race-Ethnicity,Hispanic,CAN,Malignant neoplasms,ICD-10,1145.0,,,02/17/2026,02/17/2026,2024-10-01,2026-02-17,2026-02-17,False,,1145.0,False,False,2024-10
1686,2024,10,Occurrence,Race-Ethnicity,Multi-Race,CAN,Malignant neoplasms,ICD-10,58.0,,,02/17/2026,02/17/2026,2024-10-01,2026-02-17,2026-02-17,False,,58.0,False,False,2024-10
1687,2024,10,Occurrence,Race-Ethnicity,White,CAN,Malignant neoplasms,ICD-10,2901.0,,,02/17/2026,02/17/2026,2024-10-01,2026-02-17,2026-02-17,False,,2901.0,False,False,2024-10
1688,2024,10,Occurrence,Race-Ethnicity,Other/Unknown,CAN,Malignant neoplasms,ICD-10,42.0,,,02/17/2026,02/17/2026,2024-10-01,2026-02-17,2026-02-17,False,,42.0,False,False,2024-10
1692,2024,10,Occurrence,Race-Ethnicity,American Indian/Alaska Native,CLD,Chronic lower respiratory diseases,ICD-10,,1,Cell suppressed for small numbers,02/17/2026,02/17/2026,2024-10-01,2026-02-17,2026-02-17,True,Cell suppressed for small numbers,,False,False,2024-10
1693,2024,10,Occurrence,Race-Ethnicity,Asian,CLD,Chronic lower respiratory diseases,ICD-10,64.0,,,02/17/2026,02/17/2026,2024-10-01,2026-02-17,2026-02-17,False,,64.0,False,False,2024-10
1694,2024,10,Occurrence,Race-Ethnicity,Black,CLD,Chronic lower respiratory diseases,ICD-10,61.0,,,02/17/2026,02/17/2026,2024-10-01,2026-02-17,2026-02-17,False,,61.0,False,False,2024-10
1695,2024,10,Occurrence,Race-Ethnicity,Hawaiian/Pacific Islander,CLD,Chronic lower respiratory diseases,ICD-10,0.0,,,02/17/2026,02/17/2026,2024-10-01,2026-02-17,2026-02-17,False,,0.0,False,False,2024-10
1696,2024,10,Occurrence,Race-Ethnicity,Hispanic,CLD,Chronic lower respiratory diseases,ICD-10,104.0,,,02/17/2026,02/17/2026,2024-10-01,2026-02-17,2026-02-17,False,,104.0,False,False,2024-10
1697,2024,10,Occurrence,Race-Ethnicity,Multi-Race,CLD,Chronic lower respiratory diseases,ICD-10,14.0,,,02/17/2026,02/17/2026,2024-10-01,2026-02-17,2026-02-17,False,,14.0,False,False,2024-10
1698,2024,10,Occurrence,Race-Ethnicity,White,CLD,Chronic lower respiratory diseases,ICD-10,644.0,,,02/17/2026,02/17/2026,2024-10-01,2026-02-17,2026-02-17,False,,644.0,False,False,2024-10
1699,2024,10,Occurrence,Race-Ethnicity,Other/Unknown,CLD,Chronic lower respiratory diseases,ICD-10,,1,Cell suppressed for small numbers,02/17/2026,02/17/2026,2024-10-01,2026-02-17,2026-02-17,True,Cell suppressed for small numbers,,False,False,2024-10
1703,2024,10,Occurrence,Race-Ethnicity,American Indian/Alaska Native,DIA,Diabetes mellitus,ICD-10,,1,Cell suppressed for small numbers,02/17/2026,02/17/2026,2024-10-01,2026-02-17,2026-02-17,True,Cell suppressed for small numbers,,False,False,2024-10
1704,2024,10,Occurrence,Race-Ethnicity,Asian,DIA,Diabetes mellitus,ICD-10,132.0,,,02/17/2026,02/17/2026,2024-10-01,2026-02-17,2026-02-17,False,,132.0,False,False,2024-10
1705,2024,10,Occurrence,Race-Ethnicity,Black,DIA,Diabetes mellitus,ICD-10,90.0,,,02/17/2026,02/17/2026,2024-10-01,2026-02-17,2026-02-17,False,,90.0,False,False,2024-10
1706,2024,10,Occurrence,Race-Ethnicity,Hawaiian/Pacific Islander,DIA,Diabetes mellitus,ICD-10,,1,Cell suppressed for small numbers,02/17/2026,02/17/2026,2024-10-01,2026-02-17,2026-02-17,True,Cell suppressed for small numbers,,False,False,2024-10
1707,2024,10,Occurrence,Race-Ethnicity,Hispanic,DIA,Diabetes mellitus,ICD-10,313.0,,,02/17/2026,02/17/2026,2024-10-01,2026-02-17,2026-02-17,False,,313.0,False,False,2024-10
1708,2024,10,Occurrence,Race-Ethnicity,Multi-Race,DIA,Diabetes mellitus,ICD-10,,1,Cell suppressed for small numbers,02/17/2026,02/17/2026,2024-10-01,2026-02-17,2026-02-17,True,Cell suppressed for small numbers,,False,False,2024-10
1709,2024,10,Occurrence,Race-Ethnicity,White,DIA,Diabetes mellitus,ICD-10,331.0,,,02/17/2026,02/17/2026,2024-10-01,2026-02-17,2026-02-17,False,,331.0,False,False,2024-10
1710,2024,10,Occurrence,Race-Ethnicity,Other/Unknown,DIA,Diabetes mellitus,ICD-10,12.0,,,02/17/2026,02/17/2026,2024-10-01,2026-02-17,2026-02-17,False,,12.0,False,False,2024-10
1714,2024,10,Occurrence,Race-Ethnicity,American Indian/Alaska Native,HOM,Assault (homicide),ICD-10,,1,Cell suppressed for small numbers,02/17/2026,02/17/2026,2024-10-01,2026-02-17,2026-02-17,True,Cell suppressed for small numbers,,False,False,2024-10
1715,2024,10,Occurrence,Race-Ethnicity,Asian,HOM,Assault (homicide),ICD-10,,1,Cell suppressed for small numbers,02/17/2026,02/17/2026,2024-10-01,2026-02-17,2026-02-17,True,Cell suppressed for small numbers,,False,False,2024-10
1716,2024,10,Occurrence,Race-Ethnicity,Black,HOM,Assault (homicide),ICD-10,38.0,,,02/17/2026,02/17/2026,2024-10-01,2026-02-17,2026-02-17,False,,38.0,False,False,2024-10
1717,2024,10,Occurrence,Race-Ethnicity,Hawaiian/Pacific Islander,HOM,Assault (homicide),ICD-10,0.0,,,02/17/2026,02/17/2026,2024-10-01,2026-02-17,2026-02-17,False,,0.0,False,False,2024-10
1718,2024,10,Occurrence,Race-Ethnicity,Hispanic,HOM,Assault (homicide),ICD-10,66.0,,,02/17/2026,02/17/2026,2024-10-01,2026-02-17,2026-02-17,False,,66.0,False,False,2024-10
1719,2024,10,Occurrence,Race-Ethnicity,Multi-Race,HOM,Assault (homicide),ICD-10,,1,Cell suppressed for small numbers,02/17/2026,02/17/2026,2024-10-01,2026-02-17,2026-02-17,True,Cell suppressed for small numbers,,False,False,2024-10
1720,2024,10,Occurrence,Race-Ethnicity,White,HOM,Assault (homicide),ICD-10,37.0,,,02/17/2026,02/17/2026,2024-10-01,2026-02-17,2026-02-17,False,,37.0,False,False,2024-10
1721,2024,10,Occurrence,Race-Ethnicity,Other/Unknown,HOM,Assault (homicide),ICD-10,,1,Cell suppressed for small numbers,02/17/2026,02/17/2026,2024-10-01,2026-02-17,2026-02-17,True,Cell suppressed for small numbers,,False,False,2024-10
1725,2024,10,Occurrence,Race-Ethnicity,American Indian/Alaska Native,HTD,Diseases of heart,ICD-10,17.0,,,02/17/2026,02/17/2026,2024-10-01,2026-02-17,2026-02-17,False,,17.0,False,False,2024-10
1726,2024,10,Occurrence,Race-Ethnicity,Asian,HTD,Diseases of heart,ICD-10,516.0,,,02/17/2026,02/17/2026,2024-10-01,2026-02-17,2026-02-17,False,,516.0,False,False,2024-10
1727,2024,10,Occurrence,Race-Ethnicity,Black,HTD,Diseases of heart,ICD-10,454.0,,,02/17/2026,02/17/2026,2024-10-01,2026-02-17,2026-02-17,False,,454.0,False,False,2024-10
1728,2024,10,Occurrence,Race-Ethnicity,Hawaiian/Pacific Islander,HTD,Diseases of heart,ICD-10,22.0,,,02/17/2026,02/17/2026,2024-10-01,2026-02-17,2026-02-17,False,,22.0,False,False,2024-10
1729,2024,10,Occurrence,Race-Ethnicity,Hispanic,HTD,Diseases of heart,ICD-10,954.0,,,02/17/2026,02/17/2026,2024-10-01,2026-02-17,2026-02-17,False,,954.0,False,False,2024-10
1730,2024,10,Occurrence,Race-Ethnicity,Multi-Race,HTD,Diseases of heart,ICD-10,63.0,,,02/17/2026,02/17/2026,2024-10-01,2026-02-17,2026-02-17,False,,63.0,False,False,2024-10
1731,2024,10,Occurrence,Race-Ethnicity,White,HTD,Diseases of heart,ICD-10,2899.0,,,02/17/2026,02/17/2026,2024-10-01,2026-02-17,2026-02-17,False,,2899.0,False,False,2024-10
1732,2024,10,Occurrence,Race-Ethnicity,Other/Unknown,HTD,Diseases of heart,ICD-10,46.0,,,02/17/2026,02/17/2026,2024-10-01,2026-02-17,2026-02-17,False,,46.0,False,False,2024-10
1736,2024,10,Occurrence,Race-Ethnicity,American Indian/Alaska Native,HYP,Essential hypertension and hypertensive renal disease,ICD-10,,1,Cell suppressed for small numbers,02/17/2026,02/17/2026,2024-10-01,2026-02-17,2026-02-17,True,Cell suppressed for small numbers,,False,False,2024-10
1737,2024,10,Occurrence,Race-Ethnicity,Asian,HYP,Essential hypertension and hypertensive renal disease,ICD-10,75.0,,,02/17/2026,02/17/2026,2024-10-01,2026-02-17,2026-02-17,False,,75.0,False,False,2024-10
1738,2024,10,Occurrence,Race-Ethnicity,Black,HYP,Essential hypertension and hypertensive renal disease,ICD-10,62.0,,,02/17/2026,02/17/2026,2024-10-01,2026-02-17,2026-02-17,False,,62.0,False,False,2024-10
1739,2024,10,Occurrence,Race-Ethnicity,Hawaiian/Pacific Islander,HYP,Essential hypertension and hypertensive renal disease,ICD-10,,1,Cell suppressed for small numbers,02/17/2026,02/17/2026,2024-10-01,2026-02-17,2026-02-17,True,Cell suppressed for small numbers,,False,False,2024-10
1740,2024,10,Occurrence,Race-Ethnicity,Hispanic,HYP,Essential hypertension and hypertensive renal disease,ICD-10,89.0,,,02/17/2026,02/17/2026,2024-10-01,2026-02-17,2026-02-17,False,,89.0,False,False,2024-10
1741,2024,10,Occurrence,Race-Ethnicity,Multi-Race,HYP,Essential hypertension and hypertensive renal disease,ICD-10,,1,Cell suppressed for small numbers,02/17/2026,02/17/2026,2024-10-01,2026-02-17,2026-02-17,True,Cell suppressed for small numbers,,False,False,2024-10
1742,2024,10,Occurrence,Race-Ethnicity,White,HYP,Essential hypertension and hypertensive renal disease,ICD-10,255.0,,,02/17/2026,02/17/2026,2024-10-01,2026-02-17,2026-02-17,False,,255.0,False,False,2024-10
1743,2024,10,Occurrence,Race-Ethnicity,Other/Unknown,HYP,Essential hypertension and hypertensive renal disease,ICD-10,,1,Cell suppressed for small numbers,02/17/2026,02/17/2026,2024-10-01,2026-02-17,2026-02-17,True,Cell suppressed for small numbers,,False,False,2024-10
1747,2024,10,Occurrence,Race-Ethnicity,American Indian/Alaska Native,INJ,Accidents (unintentional injuries),ICD-10,,2,Cell suppressed for complementary cell,02/17/2026,02/17/2026,2024-10-01,2026-02-17,2026-02-17,True,Cell suppressed for complementary cell,,False,False,2024-10
1748,2024,10,Occurrence,Race-Ethnicity,Asian,INJ,Accidents (unintentional injuries),ICD-10,118.0,,,02/17/2026,02/17/2026,2024-10-01,2026-02-17,2026-02-17,False,,118.0,False,False,2024-10
1749,2024,10,Occurrence,Race-Ethnicity,Black,INJ,Accidents (unintentional injuries),ICD-10,152.0,,,02/17/2026,02/17/2026,2024-10-01,2026-02-17,2026-02-17,False,,152.0,False,False,2024-10
1750,2024,10,Occurrence,Race-Ethnicity,Hawaiian/Pacific Islander,INJ,Accidents (unintentional injuries),ICD-10,,1,Cell suppressed for small numbers,02/17/2026,02/17/2026,2024-10-01,2026-02-17,2026-02-17,True,Cell suppressed for small numbers,,False,False,2024-10
1751,2024,10,Occurrence,Race-Ethnicity,Hispanic,INJ,Accidents (unintentional injuries),ICD-10,494.0,,,02/17/2026,02/17/2026,2024-10-01,2026-02-17,2026-02-17,False,,494.0,False,False,2024-10
1752,2024,10,Occurrence,Race-Ethnicity,Multi-Race,INJ,Accidents (unintentional injuries),ICD-10,42.0,,,02/17/2026,02/17/2026,2024-10-01,2026-02-17,2026-02-17,False,,42.0,False,False,2024-10
1753,2024,10,Occurrence,Race-Ethnicity,White,INJ,Accidents (unintentional injuries),ICD-10,672.0,,,02/17/2026,02/17/2026,2024-10-01,2026-02-17,2026-02-17,False,,672.0,False,False,2024-10
1754,2024,10,Occurrence,Race-Ethnicity,Other/Unknown,INJ,Accidents (unintentional injuries),ICD-10,25.0,,,02/17/2026,02/17/2026,2024-10-01,2026-02-17,2026-02-17,False,,25.0,False,False,2024-10
1758,2024,10,Occurrence,Race-Ethnicity,American Indian/Alaska Native,LIV,Chronic liver disease and cirrhosis,ICD-10,,1,Cell suppressed for small numbers,02/17/2026,02/17/2026,2024-10-01,2026-02-17,2026-02-17,True,Cell suppressed for small numbers,,False,False,2024-10
1759,2024,10,Occurrence,Race-Ethnicity,Asian,LIV,Chronic liver disease and cirrhosis,ICD-10,31.0,,,02/17/2026,02/17/2026,2024-10-01,2026-02-17,2026-02-17,False,,31.0,False,False,2024-10
1760,2024,10,Occurrence,Race-Ethnicity,Black,LIV,Chronic liver disease and cirrhosis,ICD-10,17.0,,,02/17/2026,02/17/2026,2024-10-01,2026-02-17,2026-02-17,False,,17.0,False,False,2024-10
1761,2024,10,Occurrence,Race-Ethnicity,Hawaiian/Pacific Islander,LIV,Chronic liver disease and cirrhosis,ICD-10,,1,Cell suppressed for small numbers,02/17/2026,02/17/2026,2024-10-01,2026-02-17,2026-02-17,True,Cell suppressed for small numbers,,False,False,2024-10
1762,2024,10,Occurrence,Race-Ethnicity,Hispanic,LIV,Chronic liver disease and cirrhosis,ICD-10,239.0,,,02/17/2026,02/17/2026,2024-10-01,2026-02-17,2026-02-17,False,,239.0,False,False,2024-10
1763,2024,10,Occurrence,Race-Ethnicity,Multi-Race,LIV,Chronic liver disease and cirrhosis,ICD-10,,1,Cell suppressed for small numbers,02/17/2026,02/17/2026,2024-10-01,2026-02-17,2026-02-17,True,Cell suppressed for small numbers,,False,False,2024-10
1764,2024,10,Occurrence,Race-Ethnicity,White,LIV,Chronic liver disease and cirrhosis,ICD-10,236.0,,,02/17/2026,02/17/2026,2024-10-01,2026-02-17,2026-02-17,False,,236.0,False,False,2024-10
1765,2024,10,Occurrence,Race-Ethnicity,Other/Unknown,LIV,Chronic liver disease and cirrhosis,ICD-10,,1,Cell suppressed for small numbers,02/17/2026,02/17/2026,2024-10-01,2026-02-17,2026-02-17,True,Cell suppressed for small numbers,,False,False,2024-10
1769,2024,10,Occurrence,Race-Ethnicity,American Indian/Alaska Native,NEP,"Nephritis, nephrotic syndrome and nephrosis",ICD-10,,1,Cell suppressed for small numbers,02/17/2026,02/17/2026,2024-10-01,2026-02-17,2026-02-17,True,Cell suppressed for small numbers,,False,False,2024-10
1770,2024,10,Occurrence,Race-Ethnicity,Asian,NEP,"Nephritis, nephrotic syndrome and nephrosis",ICD-10,56.0,,,02/17/2026,02/17/2026,2024-10-01,2026-02-17,2026-02-17,False,,56.0,False,False,2024-10
1771,2024,10,Occurrence,Race-Ethnicity,Black,NEP,"Nephritis, nephrotic syndrome and nephrosis",ICD-10,50.0,,,02/17/2026,02/17/2026,2024-10-01,2026-02-17,2026-02-17,False,,50.0,False,False,2024-10
1772,2024,10,Occurrence,Race-Ethnicity,Hawaiian/Pacific Islander,NEP,"Nephritis, nephrotic syndrome and nephrosis",ICD-10,,1,Cell suppressed for small numbers,02/17/2026,02/17/2026,2024-10-01,2026-02-17,2026-02-17,True,Cell suppressed for small numbers,,False,False,2024-10
1773,2024,10,Occurrence,Race-Ethnicity,Hispanic,NEP,"Nephritis, nephrotic syndrome and nephrosis",ICD-10,125.0,,,02/17/2026,02/17/2026,2024-10-01,2026-02-17,2026-02-17,False,,125.0,False,False,2024-10
1774,2024,10,Occurrence,Race-Ethnicity,Multi-Race,NEP,"Nephritis, nephrotic syndrome and nephrosis",ICD-10,,1,Cell suppressed for small numbers,02/17/2026,02/17/2026,2024-10-01,2026-02-17,2026-02-17,True,Cell suppressed for small numbers,,False,False,2024-10
1775,2024,10,Occurrence,Race-Ethnicity,White,NEP,"Nephritis, nephrotic syndrome and nephrosis",ICD-10,156.0,,,02/17/2026,02/17/2026,2024-10-01,2026-02-17,2026-02-17,False,,156.0,False,False,2024-10
1776,2024,10,Occurrence,Race-Ethnicity,Other/Unknown,NEP,"Nephritis, nephrotic syndrome and nephrosis",ICD-10,,1,Cell suppressed for small numbers,02/17/2026,02/17/2026,2024-10-01,2026-02-17,2026-02-17,True,Cell suppressed for small numbers,,False,False,2024-10
1780,2024,10,Occurrence,Race-Ethnicity,American Indian/Alaska Native,PAR,Parkinson's disease,ICD-10,0.0,,,02/17/2026,02/17/2026,2024-10-01,2026-02-17,2026-02-17,False,,0.0,False,False,2024-10
1781,2024,10,Occurrence,Race-Ethnicity,Asian,PAR,Parkinson's disease,ICD-10,38.0,,,02/17/2026,02/17/2026,2024-10-01,2026-02-17,2026-02-17,False,,38.0,False,False,2024-10
1782,2024,10,Occurrence,Race-Ethnicity,Black,PAR,Parkinson's disease,ICD-10,11.0,,,02/17/2026,02/17/2026,2024-10-01,2026-02-17,2026-02-17,False,,11.0,False,False,2024-10
1783,2024,10,Occurrence,Race-Ethnicity,Hawaiian/Pacific Islander,PAR,Parkinson's disease,ICD-10,0.0,,,02/17/2026,02/17/2026,2024-10-01,2026-02-17,2026-02-17,False,,0.0,False,False,2024-10
1784,2024,10,Occurrence,Race-Ethnicity,Hispanic,PAR,Parkinson's disease,ICD-10,48.0,,,02/17/2026,02/17/2026,2024-10-01,2026-02-17,2026-02-17,False,,48.0,False,False,2024-10
1785,2024,10,Occurrence,Race-Ethnicity,Multi-Race,PAR,Parkinson's disease,ICD-10,,1,Cell suppressed for small numbers,02/17/2026,02/17/2026,2024-10-01,2026-02-17,2026-02-17,True,Cell suppressed for small numbers,,False,False,2024-10
1786,2024,10,Occurrence,Race-Ethnicity,White,PAR,Parkinson's disease,ICD-10,238.0,,,02/17/2026,02/17/2026,2024-10-01,2026-02-17,2026-02-17,False,,238.0,False,False,2024-10
1787,2024,10,Occurrence,Race-Ethnicity,Other/Unknown,PAR,Parkinson's disease,ICD-10,,1,Cell suppressed for small numbers,02/17/2026,02/17/2026,2024-10-01,2026-02-17,2026-02-17,True,Cell suppressed for small numbers,,False,False,2024-10
1791,2024,10,Occurrence,Race-Ethnicity,American Indian/Alaska Native,PNF,Influenza and pneumonia,ICD-10,,1,Cell suppressed for small numbers,02/17/2026,02/17/2026,2024-10-01,2026-02-17,2026-02-17,True,Cell suppressed for small numbers,,False,False,2024-10
1792,2024,10,Occurrence,Race-Ethnicity,Asian,PNF,Influenza and pneumonia,ICD-10,55.0,,,02/17/2026,02/17/2026,2024-10-01,2026-02-17,2026-02-17,False,,55.0,False,False,2024-10
1793,2024,10,Occurrence,Race-Ethnicity,Black,PNF,Influenza and pneumonia,ICD-10,27.0,,,02/17/2026,02/17/2026,2024-10-01,2026-02-17,2026-02-17,False,,27.0,False,False,2024-10
1794,2024,10,Occurrence,Race-Ethnicity,Hawaiian/Pacific Islander,PNF,Influenza and pneumonia,ICD-10,0.0,,,02/17/2026,02/17/2026,2024-10-01,2026-02-17,2026-02-17,False,,0.0,False,False,2024-10
1795,2024,10,Occurrence,Race-Ethnicity,Hispanic,PNF,Influenza and pneumonia,ICD-10,90.0,,,02/17/2026,02/17/2026,2024-10-01,2026-02-17,2026-02-17,False,,90.0,False,False,2024-10
1796,2024,10,Occurrence,Race-Ethnicity,Multi-Race,PNF,Influenza and pneumonia,ICD-10,,1,Cell suppressed for small numbers,02/17/2026,02/17/2026,2024-10-01,2026-02-17,2026-02-17,True,Cell suppressed for small numbers,,False,False,2024-10
1797,2024,10,Occurrence,Race-Ethnicity,White,PNF,Influenza and pneumonia,ICD-10,178.0,,,02/17/2026,02/17/2026,2024-10-01,2026-02-17,2026-02-17,False,,178.0,False,False,2024-10
1798,2024,10,Occurrence,Race-Ethnicity,Other/Unknown,PNF,Influenza and pneumonia,ICD-10,,1,Cell suppressed for small numbers,02/17/2026,02/17/2026,2024-10-01,2026-02-17,2026-02-17,True,Cell suppressed for small numbers,,False,False,2024-10
1802,2024,10,Occurrence,Race-Ethnicity,American Indian/Alaska Native,STK,Cerebrovascular diseases,ICD-10,,1,Cell suppressed for small numbers,02/17/2026,02/17/2026,2024-10-01,2026-02-17,2026-02-17,True,Cell suppressed for small numbers,,False,False,2024-10
1803,2024,10,Occurrence,Race-Ethnicity,Asian,STK,Cerebrovascular diseases,ICD-10,241.0,,,02/17/2026,02/17/2026,2024-10-01,2026-02-17,2026-02-17,False,,241.0,False,False,2024-10
1804,2024,10,Occurrence,Race-Ethnicity,Black,STK,Cerebrovascular diseases,ICD-10,120.0,,,02/17/2026,02/17/2026,2024-10-01,2026-02-17,2026-02-17,False,,120.0,False,False,2024-10
1805,2024,10,Occurrence,Race-Ethnicity,Hawaiian/Pacific Islander,STK,Cerebrovascular diseases,ICD-10,,1,Cell suppressed for small numbers,02/17/2026,02/17/2026,2024-10-01,2026-02-17,2026-02-17,True,Cell suppressed for small numbers,,False,False,2024-10
1806,2024,10,Occurrence,Race-Ethnicity,Hispanic,STK,Cerebrovascular diseases,ICD-10,279.0,,,02/17/2026,02/17/2026,2024-10-01,2026-02-17,2026-02-17,False,,279.0,False,False,2024-10
1807,2024,10,Occurrence,Race-Ethnicity,Multi-Race,STK,Cerebrovascular diseases,ICD-10,,1,Cell suppressed for small numbers,02/17/2026,02/17/2026,2024-10-01,2026-02-17,2026-02-17,True,Cell suppressed for small numbers,,False,False,2024-10
1808,2024,10,Occurrence,Race-Ethnicity,White,STK,Cerebrovascular diseases,ICD-10,747.0,,,02/17/2026,02/17/2026,2024-10-01,2026-02-17,2026-02-17,False,,747.0,False,False,2024-10
1809,2024,10,Occurrence,Race-Ethnicity,Other/Unknown,STK,Cerebrovascular diseases,ICD-10,,1,Cell suppressed for small numbers,02/17/2026,02/17/2026,2024-10-01,2026-02-17,2026-02-17,True,Cell suppressed for small numbers,,False,False,2024-10
1813,2024,10,Occurrence,Race-Ethnicity,American Indian/Alaska Native,SUI,Intentional self-harm (suicide),ICD-10,0.0,,,02/17/2026,02/17/2026,2024-10-01,2026-02-17,2026-02-17,False,,0.0,False,False,2024-10
1814,2024,10,Occurrence,Race-Ethnicity,Asian,SUI,Intentional self-harm (suicide),ICD-10,39.0,,,02/17/2026,02/17/2026,2024-10-01,2026-02-17,2026-02-17,False,,39.0,False,False,2024-10
1815,2024,10,Occurrence,Race-Ethnicity,Black,SUI,Intentional self-harm (suicide),ICD-10,22.0,,,02/17/2026,02/17/2026,2024-10-01,2026-02-17,2026-02-17,False,,22.0,False,False,2024-10
1816,2024,10,Occurrence,Race-Ethnicity,Hawaiian/Pacific Islander,SUI,Intentional self-harm (suicide),ICD-10,0.0,,,02/17/2026,02/17/2026,2024-10-01,2026-02-17,2026-02-17,False,,0.0,False,False,2024-10
1817,2024,10,Occurrence,Race-Ethnicity,Hispanic,SUI,Intentional self-harm (suicide),ICD-10,89.0,,,02/17/2026,02/17/2026,2024-10-01,2026-02-17,2026-02-17,False,,89.0,False,False,2024-10
1818,2024,10,Occurrence,Race-Ethnicity,Multi-Race,SUI,Intentional self-harm (suicide),ICD-10,,2,Cell suppressed for complementary cell,02/17/2026,02/17/2026,2024-10-01,2026-02-17,2026-02-17,True,Cell suppressed for complementary cell,,False,False,2024-10
1819,2024,10,Occurrence,Race-Ethnicity,White,SUI,Intentional self-harm (suicide),ICD-10,172.0,,,02/17/2026,02/17/2026,2024-10-01,2026-02-17,2026-02-17,False,,172.0,False,False,2024-10
1820,2024,10,Occurrence,Race-Ethnicity,Other/Unknown,SUI,Intentional self-harm (suicide),ICD-10,,1,Cell suppressed for small numbers,02/17/2026,02/17/2026,2024-10-01,2026-02-17,2026-02-17,True,Cell suppressed for small numbers,,False,False,2024-10
1841,2024,11,Occurrence,Race-Ethnicity,American Indian/Alaska Native,ALL,All causes (total),ICD-10,145.0,,,02/17/2026,02/17/2026,2024-11-01,2026-02-17,2026-02-17,False,,145.0,False,True,2024-11
1842,2024,11,Occurrence,Race-Ethnicity,Asian,ALL,All causes (total),ICD-10,2667.0,,,02/17/2026,02/17/2026,2024-11-01,2026-02-17,2026-02-17,False,,2667.0,False,True,2024-11
1843,2024,11,Occurrence,Race-Ethnicity,Black,ALL,All causes (total),ICD-10,1871.0,,,02/17/2026,02/17/2026,2024-11-01,2026-02-17,2026-02-17,False,,1871.0,False,True,2024-11
1844,2024,11,Occurrence,Race-Ethnicity,Hawaiian/Pacific Islander,ALL,All causes (total),ICD-10,106.0,,,02/17/2026,02/17/2026,2024-11-01,2026-02-17,2026-02-17,False,,106.0,False,True,2024-11
1845,2024,11,Occurrence,Race-Ethnicity,Hispanic,ALL,All causes (total),ICD-10,5690.0,,,02/17/2026,02/17/2026,2024-11-01,2026-02-17,2026-02-17,False,,5690.0,False,True,2024-11
1846,2024,11,Occurrence,Race-Ethnicity,Multi-Race,ALL,All causes (total),ICD-10,277.0,,,02/17/2026,02/17/2026,2024-11-01,2026-02-17,2026-02-17,False,,277.0,False,True,2024-11
1847,2024,11,Occurrence,Race-Ethnicity,White,ALL,All causes (total),ICD-10,13102.0,,,02/17/2026,02/17/2026,2024-11-01,2026-02-17,2026-02-17,False,,13102.0,False,True,2024-11
1848,2024,11,Occurrence,Race-Ethnicity,Other/Unknown,ALL,All causes (total),ICD-10,231.0,,,02/17/2026,02/17/2026,2024-11-01,2026-02-17,2026-02-17,False,,231.0,False,True,2024-11
1852,2024,11,Occurrence,Race-Ethnicity,American Indian/Alaska Native,ALZ,Alzheimer's disease,ICD-10,,1,Cell suppressed for small numbers,02/17/2026,02/17/2026,2024-11-01,2026-02-17,2026-02-17,True,Cell suppressed for small numbers,,False,False,2024-11
1853,2024,11,Occurrence,Race-Ethnicity,Asian,ALZ,Alzheimer's disease,ICD-10,133.0,,,02/17/2026,02/17/2026,2024-11-01,2026-02-17,2026-02-17,False,,133.0,False,False,2024-11
1854,2024,11,Occurrence,Race-Ethnicity,Black,ALZ,Alzheimer's disease,ICD-10,90.0,,,02/17/2026,02/17/2026,2024-11-01,2026-02-17,2026-02-17,False,,90.0,False,False,2024-11
1855,2024,11,Occurrence,Race-Ethnicity,Hawaiian/Pacific Islander,ALZ,Alzheimer's disease,ICD-10,,1,Cell suppressed for small numbers,02/17/2026,02/17/2026,2024-11-01,2026-02-17,2026-02-17,True,Cell suppressed for small numbers,,False,False,2024-11
1856,2024,11,Occurrence,Race-Ethnicity,Hispanic,ALZ,Alzheimer's disease,ICD-10,287.0,,,02/17/2026,02/17/2026,2024-11-01,2026-02-17,2026-02-17,False,,287.0,False,False,2024-11
1857,2024,11,Occurrence,Race-Ethnicity,Multi-Race,ALZ,Alzheimer's disease,ICD-10,,1,Cell suppressed for small numbers,02/17/2026,02/17/2026,2024-11-01,2026-02-17,2026-02-17,True,Cell suppressed for small numbers,,False,False,2024-11
1858,2024,11,Occurrence,Race-Ethnicity,White,ALZ,Alzheimer's disease,ICD-10,882.0,,,02/17/2026,02/17/2026,2024-11-01,2026-02-17,2026-02-17,False,,882.0,False,False,2024-11
1859,2024,11,Occurrence,Race-Ethnicity,Other/Unknown,ALZ,Alzheimer's disease,ICD-10,,1,Cell suppressed for small numbers,02/17/2026,02/17/2026,2024-11-01,2026-02-17,2026-02-17,True,Cell suppressed for small numbers,,False,False,2024-11
1863,2024,11,Occurrence,Race-Ethnicity,American Indian/Alaska Native,CAN,Malignant neoplasms,ICD-10,27.0,,,02/17/2026,02/17/2026,2024-11-01,2026-02-17,2026-02-17,False,,27.0,False,False,2024-11
1864,2024,11,Occurrence,Race-Ethnicity,Asian,CAN,Malignant neoplasms,ICD-10,636.0,,,02/17/2026,02/17/2026,2024-11-01,2026-02-17,2026-02-17,False,,636.0,False,False,2024-11
1865,2024,11,Occurrence,Race-Ethnicity,Black,CAN,Malignant neoplasms,ICD-10,385.0,,,02/17/2026,02/17/2026,2024-11-01,2026-02-17,2026-02-17,False,,385.0,False,False,2024-11
1866,2024,11,Occurrence,Race-Ethnicity,Hawaiian/Pacific Islander,CAN,Malignant neoplasms,ICD-10,27.0,,,02/17/2026,02/17/2026,2024-11-01,2026-02-17,2026-02-17,False,,27.0,False,False,2024-11
1867,2024,11,Occurrence,Race-Ethnicity,Hispanic,CAN,Malignant neoplasms,ICD-10,1179.0,,,02/17/2026,02/17/2026,2024-11-01,2026-02-17,2026-02-17,False,,1179.0,False,False,2024-11
1868,2024,11,Occurrence,Race-Ethnicity,Multi-Race,CAN,Malignant neoplasms,ICD-10,60.0,,,02/17/2026,02/17/2026,2024-11-01,2026-02-17,2026-02-17,False,,60.0,False,False,2024-11
1869,2024,11,Occurrence,Race-Ethnicity,White,CAN,Malignant neoplasms,ICD-10,2817.0,,,02/17/2026,02/17/2026,2024-11-01,2026-02-17,2026-02-17,False,,2817.0,False,False,2024-11
1870,2024,11,Occurrence,Race-Ethnicity,Other/Unknown,CAN,Malignant neoplasms,ICD-10,43.0,,,02/17/2026,02/17/2026,2024-11-01,2026-02-17,2026-02-17,False,,43.0,False,False,2024-11
1874,2024,11,Occurrence,Race-Ethnicity,American Indian/Alaska Native,CLD,Chronic lower respiratory diseases,ICD-10,,1,Cell suppressed for small numbers,02/17/2026,02/17/2026,2024-11-01,2026-02-17,2026-02-17,True,Cell suppressed for small numbers,,False,False,2024-11
1875,2024,11,Occurrence,Race-Ethnicity,Asian,CLD,Chronic lower respiratory diseases,ICD-10,59.0,,,02/17/2026,02/17/2026,2024-11-01,2026-02-17,2026-02-17,False,,59.0,False,False,2024-11
1876,2024,11,Occurrence,Race-Ethnicity,Black,CLD,Chronic lower respiratory diseases,ICD-10,64.0,,,02/17/2026,02/17/2026,2024-11-01,2026-02-17,2026-02-17,False,,64.0,False,False,2024-11
1877,2024,11,Occurrence,Race-Ethnicity,Hawaiian/Pacific Islander,CLD,Chronic lower respiratory diseases,ICD-10,,1,Cell suppressed for small numbers,02/17/2026,02/17/2026,2024-11-01,2026-02-17,2026-02-17,True,Cell suppressed for small numbers,,False,False,2024-11
1878,2024,11,Occurrence,Race-Ethnicity,Hispanic,CLD,Chronic lower respiratory diseases,ICD-10,108.0,,,02/17/2026,02/17/2026,2024-11-01,2026-02-17,2026-02-17,False,,108.0,False,False,2024-11
1879,2024,11,Occurrence,Race-Ethnicity,Multi-Race,CLD,Chronic lower respiratory diseases,ICD-10,,1,Cell suppressed for small numbers,02/17/2026,02/17/2026,2024-11-01,2026-02-17,2026-02-17,True,Cell suppressed for small numbers,,False,False,2024-11
1880,2024,11,Occurrence,Race-Ethnicity,White,CLD,Chronic lower respiratory diseases,ICD-10,630.0,,,02/17/2026,02/17/2026,2024-11-01,2026-02-17,2026-02-17,False,,630.0,False,False,2024-11
1881,2024,11,Occurrence,Race-Ethnicity,Other/Unknown,CLD,Chronic lower respiratory diseases,ICD-10,,1,Cell suppressed for small numbers,02/17/2026,02/17/2026,2024-11-01,2026-02-17,2026-02-17,True,Cell suppressed for small numbers,,False,False,2024-11
1885,2024,11,Occurrence,Race-Ethnicity,American Indian/Alaska Native,DIA,Diabetes mellitus,ICD-10,,2,Cell suppressed for complementary cell,02/17/2026,02/17/2026,2024-11-01,2026-02-17,2026-02-17,True,Cell suppressed for complementary cell,,False,False,2024-11
1886,2024,11,Occurrence,Race-Ethnicity,Asian,DIA,Diabetes mellitus,ICD-10,154.0,,,02/17/2026,02/17/2026,2024-11-01,2026-02-17,2026-02-17,False,,154.0,False,False,2024-11
1887,2024,11,Occurrence,Race-Ethnicity,Black,DIA,Diabetes mellitus,ICD-10,85.0,,,02/17/2026,02/17/2026,2024-11-01,2026-02-17,2026-02-17,False,,85.0,False,False,2024-11
1888,2024,11,Occurrence,Race-Ethnicity,Hawaiian/Pacific Islander,DIA,Diabetes mellitus,ICD-10,,1,Cell suppressed for small numbers,02/17/2026,02/17/2026,2024-11-01,2026-02-17,2026-02-17,True,Cell suppressed for small numbers,,False,False,2024-11
1889,2024,11,Occurrence,Race-Ethnicity,Hispanic,DIA,Diabetes mellitus,ICD-10,343.0,,,02/17/2026,02/17/2026,2024-11-01,2026-02-17,2026-02-17,False,,343.0,False,False,2024-11
1890,2024,11,Occurrence,Race-Ethnicity,Multi-Race,DIA,Diabetes mellitus,ICD-10,13.0,,,02/17/2026,02/17/2026,2024-11-01,2026-02-17,2026-02-17,False,,13.0,False,False,2024-11
1891,2024,11,Occurrence,Race-Ethnicity,White,DIA,Diabetes mellitus,ICD-10,322.0,,,02/17/2026,02/17/2026,2024-11-01,2026-02-17,2026-02-17,False,,322.0,False,False,2024-11
1892,2024,11,Occurrence,Race-Ethnicity,Other/Unknown,DIA,Diabetes mellitus,ICD-10,13.0,,,02/17/2026,02/17/2026,2024-11-01,2026-02-17,2026-02-17,False,,13.0,False,False,2024-11
1896,2024,11,Occurrence,Race-Ethnicity,American Indian/Alaska Native,HOM,Assault (homicide),ICD-10,,1,Cell suppressed for small numbers,02/17/2026,02/17/2026,2024-11-01,2026-02-17,2026-02-17,True,Cell suppressed for small numbers,,False,False,2024-11
1897,2024,11,Occurrence,Race-Ethnicity,Asian,HOM,Assault (homicide),ICD-10,,1,Cell suppressed for small numbers,02/17/2026,02/17/2026,2024-11-01,2026-02-17,2026-02-17,True,Cell suppressed for small numbers,,False,False,2024-11
1898,2024,11,Occurrence,Race-Ethnicity,Black,HOM,Assault (homicide),ICD-10,40.0,,,02/17/2026,02/17/2026,2024-11-01,2026-02-17,2026-02-17,False,,40.0,False,False,2024-11
1899,2024,11,Occurrence,Race-Ethnicity,Hawaiian/Pacific Islander,HOM,Assault (homicide),ICD-10,0.0,,,02/17/2026,02/17/2026,2024-11-01,2026-02-17,2026-02-17,False,,0.0,False,False,2024-11
1900,2024,11,Occurrence,Race-Ethnicity,Hispanic,HOM,Assault (homicide),ICD-10,70.0,,,02/17/2026,02/17/2026,2024-11-01,2026-02-17,2026-02-17,False,,70.0,False,False,2024-11
1901,2024,11,Occurrence,Race-Ethnicity,Multi-Race,HOM,Assault (homicide),ICD-10,,1,Cell suppressed for small numbers,02/17/2026,02/17/2026,2024-11-01,2026-02-17,2026-02-17,True,Cell suppressed for small numbers,,False,False,2024-11
1902,2024,11,Occurrence,Race-Ethnicity,White,HOM,Assault (homicide),ICD-10,26.0,,,02/17/2026,02/17/2026,2024-11-01,2026-02-17,2026-02-17,False,,26.0,False,False,2024-11
1903,2024,11,Occurrence,Race-Ethnicity,Other/Unknown,HOM,Assault (homicide),ICD-10,,1,Cell suppressed for small numbers,02/17/2026,02/17/2026,2024-11-01,2026-02-17,2026-02-17,True,Cell suppressed for small numbers,,False,False,2024-11
1907,2024,11,Occurrence,Race-Ethnicity,American Indian/Alaska Native,HTD,Diseases of heart,ICD-10,25.0,,,02/17/2026,02/17/2026,2024-11-01,2026-02-17,2026-02-17,False,,25.0,False,False,2024-11
1908,2024,11,Occurrence,Race-Ethnicity,Asian,HTD,Diseases of heart,ICD-10,530.0,,,02/17/2026,02/17/2026,2024-11-01,2026-02-17,2026-02-17,False,,530.0,False,False,2024-11
1909,2024,11,Occurrence,Race-Ethnicity,Black,HTD,Diseases of heart,ICD-10,438.0,,,02/17/2026,02/17/2026,2024-11-01,2026-02-17,2026-02-17,False,,438.0,False,False,2024-11
1910,2024,11,Occurrence,Race-Ethnicity,Hawaiian/Pacific Islander,HTD,Diseases of heart,ICD-10,23.0,,,02/17/2026,02/17/2026,2024-11-01,2026-02-17,2026-02-17,False,,23.0,False,False,2024-11
1911,2024,11,Occurrence,Race-Ethnicity,Hispanic,HTD,Diseases of heart,ICD-10,1070.0,,,02/17/2026,02/17/2026,2024-11-01,2026-02-17,2026-02-17,False,,1070.0,False,False,2024-11
1912,2024,11,Occurrence,Race-Ethnicity,Multi-Race,HTD,Diseases of heart,ICD-10,67.0,,,02/17/2026,02/17/2026,2024-11-01,2026-02-17,2026-02-17,False,,67.0,False,False,2024-11
1913,2024,11,Occurrence,Race-Ethnicity,White,HTD,Diseases of heart,ICD-10,3043.0,,,02/17/2026,02/17/2026,2024-11-01,2026-02-17,2026-02-17,False,,3043.0,False,False,2024-11
1914,2024,11,Occurrence,Race-Ethnicity,Other/Unknown,HTD,Diseases of heart,ICD-10,60.0,,,02/17/2026,02/17/2026,2024-11-01,2026-02-17,2026-02-17,False,,60.0,False,False,2024-11
1918,2024,11,Occurrence,Race-Ethnicity,American Indian/Alaska Native,HYP,Essential hypertension and hypertensive renal disease,ICD-10,,1,Cell suppressed for small numbers,02/17/2026,02/17/2026,2024-11-01,2026-02-17,2026-02-17,True,Cell suppressed for small numbers,,False,False,2024-11
1919,2024,11,Occurrence,Race-Ethnicity,Asian,HYP,Essential hypertension and hypertensive renal disease,ICD-10,89.0,,,02/17/2026,02/17/2026,2024-11-01,2026-02-17,2026-02-17,False,,89.0,False,False,2024-11
1920,2024,11,Occurrence,Race-Ethnicity,Black,HYP,Essential hypertension and hypertensive renal disease,ICD-10,57.0,,,02/17/2026,02/17/2026,2024-11-01,2026-02-17,2026-02-17,False,,57.0,False,False,2024-11
1921,2024,11,Occurrence,Race-Ethnicity,Hawaiian/Pacific Islander,HYP,Essential hypertension and hypertensive renal disease,ICD-10,,1,Cell suppressed for small numbers,02/17/2026,02/17/2026,2024-11-01,2026-02-17,2026-02-17,True,Cell suppressed for small numbers,,False,False,2024-11
1922,2024,11,Occurrence,Race-Ethnicity,Hispanic,HYP,Essential hypertension and hypertensive renal disease,ICD-10,128.0,,,02/17/2026,02/17/2026,2024-11-01,2026-02-17,2026-02-17,False,,128.0,False,False,2024-11
1923,2024,11,Occurrence,Race-Ethnicity,Multi-Race,HYP,Essential hypertension and hypertensive renal disease,ICD-10,,1,Cell suppressed for small numbers,02/17/2026,02/17/2026,2024-11-01,2026-02-17,2026-02-17,True,Cell suppressed for small numbers,,False,False,2024-11
1924,2024,11,Occurrence,Race-Ethnicity,White,HYP,Essential hypertension and hypertensive renal disease,ICD-10,288.0,,,02/17/2026,02/17/2026,2024-11-01,2026-02-17,2026-02-17,False,,288.0,False,False,2024-11
1925,2024,11,Occurrence,Race-Ethnicity,Other/Unknown,HYP,Essential hypertension and hypertensive renal disease,ICD-10,,1,Cell suppressed for small numbers,02/17/2026,02/17/2026,2024-11-01,2026-02-17,2026-02-17,True,Cell suppressed for small numbers,,False,False,2024-11
1929,2024,11,Occurrence,Race-Ethnicity,American Indian/Alaska Native,INJ,Accidents (unintentional injuries),ICD-10,17.0,,,02/17/2026,02/17/2026,2024-11-01,2026-02-17,2026-02-17,False,,17.0,False,False,2024-11
1930,2024,11,Occurrence,Race-Ethnicity,Asian,INJ,Accidents (unintentional injuries),ICD-10,102.0,,,02/17/2026,02/17/2026,2024-11-01,2026-02-17,2026-02-17,False,,102.0,False,False,2024-11
1931,2024,11,Occurrence,Race-Ethnicity,Black,INJ,Accidents (unintentional injuries),ICD-10,148.0,,,02/17/2026,02/17/2026,2024-11-01,2026-02-17,2026-02-17,False,,148.0,False,False,2024-11
1932,2024,11,Occurrence,Race-Ethnicity,Hawaiian/Pacific Islander,INJ,Accidents (unintentional injuries),ICD-10,,1,Cell suppressed for small numbers,02/17/2026,02/17/2026,2024-11-01,2026-02-17,2026-02-17,True,Cell suppressed for small numbers,,False,False,2024-11
1933,2024,11,Occurrence,Race-Ethnicity,Hispanic,INJ,Accidents (unintentional injuries),ICD-10,541.0,,,02/17/2026,02/17/2026,2024-11-01,2026-02-17,2026-02-17,False,,541.0,False,False,2024-11
1934,2024,11,Occurrence,Race-Ethnicity,Multi-Race,INJ,Accidents (unintentional injuries),ICD-10,23.0,,,02/17/2026,02/17/2026,2024-11-01,2026-02-17,2026-02-17,False,,23.0,False,False,2024-11
1935,2024,11,Occurrence,Race-Ethnicity,White,INJ,Accidents (unintentional injuries),ICD-10,645.0,,,02/17/2026,02/17/2026,2024-11-01,2026-02-17,2026-02-17,False,,645.0,False,False,2024-11
1936,2024,11,Occurrence,Race-Ethnicity,Other/Unknown,INJ,Accidents (unintentional injuries),ICD-10,,2,Cell suppressed for complementary cell,02/17/2026,02/17/2026,2024-11-01,2026-02-17,2026-02-17,True,Cell suppressed for complementary cell,,False,False,2024-11
1940,2024,11,Occurrence,Race-Ethnicity,American Indian/Alaska Native,LIV,Chronic liver disease and cirrhosis,ICD-10,,1,Cell suppressed for small numbers,02/17/2026,02/17/2026,2024-11-01,2026-02-17,2026-02-17,True,Cell suppressed for small numbers,,False,False,2024-11
1941,2024,11,Occurrence,Race-Ethnicity,Asian,LIV,Chronic liver disease and cirrhosis,ICD-10,31.0,,,02/17/2026,02/17/2026,2024-11-01,2026-02-17,2026-02-17,False,,31.0,False,False,2024-11
1942,2024,11,Occurrence,Race-Ethnicity,Black,LIV,Chronic liver disease and cirrhosis,ICD-10,17.0,,,02/17/2026,02/17/2026,2024-11-01,2026-02-17,2026-02-17,False,,17.0,False,False,2024-11
1943,2024,11,Occurrence,Race-Ethnicity,Hawaiian/Pacific Islander,LIV,Chronic liver disease and cirrhosis,ICD-10,,1,Cell suppressed for small numbers,02/17/2026,02/17/2026,2024-11-01,2026-02-17,2026-02-17,True,Cell suppressed for small numbers,,False,False,2024-11
1944,2024,11,Occurrence,Race-Ethnicity,Hispanic,LIV,Chronic liver disease and cirrhosis,ICD-10,240.0,,,02/17/2026,02/17/2026,2024-11-01,2026-02-17,2026-02-17,False,,240.0,False,False,2024-11
1945,2024,11,Occurrence,Race-Ethnicity,Multi-Race,LIV,Chronic liver disease and cirrhosis,ICD-10,,1,Cell suppressed for small numbers,02/17/2026,02/17/2026,2024-11-01,2026-02-17,2026-02-17,True,Cell suppressed for small numbers,,False,False,2024-11
1946,2024,11,Occurrence,Race-Ethnicity,White,LIV,Chronic liver disease and cirrhosis,ICD-10,220.0,,,02/17/2026,02/17/2026,2024-11-01,2026-02-17,2026-02-17,False,,220.0,False,False,2024-11
1947,2024,11,Occurrence,Race-Ethnicity,Other/Unknown,LIV,Chronic liver disease and cirrhosis,ICD-10,,1,Cell suppressed for small numbers,02/17/2026,02/17/2026,2024-11-01,2026-02-17,2026-02-17,True,Cell suppressed for small numbers,,False,False,2024-11
1951,2024,11,Occurrence,Race-Ethnicity,American Indian/Alaska Native,NEP,"Nephritis, nephrotic syndrome and nephrosis",ICD-10,,1,Cell suppressed for small numbers,02/17/2026,02/17/2026,2024-11-01,2026-02-17,2026-02-17,True,Cell suppressed for small numbers,,False,False,2024-11
1952,2024,11,Occurrence,Race-Ethnicity,Asian,NEP,"Nephritis, nephrotic syndrome and nephrosis",ICD-10,54.0,,,02/17/2026,02/17/2026,2024-11-01,2026-02-17,2026-02-17,False,,54.0,False,False,2024-11
1953,2024,11,Occurrence,Race-Ethnicity,Black,NEP,"Nephritis, nephrotic syndrome and nephrosis",ICD-10,52.0,,,02/17/2026,02/17/2026,2024-11-01,2026-02-17,2026-02-17,False,,52.0,False,False,2024-11
1954,2024,11,Occurrence,Race-Ethnicity,Hawaiian/Pacific Islander,NEP,"Nephritis, nephrotic syndrome and nephrosis",ICD-10,,1,Cell suppressed for small numbers,02/17/2026,02/17/2026,2024-11-01,2026-02-17,2026-02-17,True,Cell suppressed for small numbers,,False,False,2024-11
1955,2024,11,Occurrence,Race-Ethnicity,Hispanic,NEP,"Nephritis, nephrotic syndrome and nephrosis",ICD-10,126.0,,,02/17/2026,02/17/2026,2024-11-01,2026-02-17,2026-02-17,False,,126.0,False,False,2024-11
1956,2024,11,Occurrence,Race-Ethnicity,Multi-Race,NEP,"Nephritis, nephrotic syndrome and nephrosis",ICD-10,,1,Cell suppressed for small numbers,02/17/2026,02/17/2026,2024-11-01,2026-02-17,2026-02-17,True,Cell suppressed for small numbers,,False,False,2024-11
1957,2024,11,Occurrence,Race-Ethnicity,White,NEP,"Nephritis, nephrotic syndrome and nephrosis",ICD-10,192.0,,,02/17/2026,02/17/2026,2024-11-01,2026-02-17,2026-02-17,False,,192.0,False,False,2024-11
1958,2024,11,Occurrence,Race-Ethnicity,Other/Unknown,NEP,"Nephritis, nephrotic syndrome and nephrosis",ICD-10,,1,Cell suppressed for small numbers,02/17/2026,02/17/2026,2024-11-01,2026-02-17,2026-02-17,True,Cell suppressed for small numbers,,False,False,2024-11
1962,2024,11,Occurrence,Race-Ethnicity,American Indian/Alaska Native,PAR,Parkinson's disease,ICD-10,,1,Cell suppressed for small numbers,02/17/2026,02/17/2026,2024-11-01,2026-02-17,2026-02-17,True,Cell suppressed for small numbers,,False,False,2024-11
1963,2024,11,Occurrence,Race-Ethnicity,Asian,PAR,Parkinson's disease,ICD-10,39.0,,,02/17/2026,02/17/2026,2024-11-01,2026-02-17,2026-02-17,False,,39.0,False,False,2024-11
1964,2024,11,Occurrence,Race-Ethnicity,Black,PAR,Parkinson's disease,ICD-10,,1,Cell suppressed for small numbers,02/17/2026,02/17/2026,2024-11-01,2026-02-17,2026-02-17,True,Cell suppressed for small numbers,,False,False,2024-11
1965,2024,11,Occurrence,Race-Ethnicity,Hawaiian/Pacific Islander,PAR,Parkinson's disease,ICD-10,,1,Cell suppressed for small numbers,02/17/2026,02/17/2026,2024-11-01,2026-02-17,2026-02-17,True,Cell suppressed for small numbers,,False,False,2024-11
1966,2024,11,Occurrence,Race-Ethnicity,Hispanic,PAR,Parkinson's disease,ICD-10,56.0,,,02/17/2026,02/17/2026,2024-11-01,2026-02-17,2026-02-17,False,,56.0,False,False,2024-11
1967,2024,11,Occurrence,Race-Ethnicity,Multi-Race,PAR,Parkinson's disease,ICD-10,0.0,,,02/17/2026,02/17/2026,2024-11-01,2026-02-17,2026-02-17,False,,0.0,False,False,2024-11
1968,2024,11,Occurrence,Race-Ethnicity,White,PAR,Parkinson's disease,ICD-10,271.0,,,02/17/2026,02/17/2026,2024-11-01,2026-02-17,2026-02-17,False,,271.0,False,False,2024-11
1969,2024,11,Occurrence,Race-Ethnicity,Other/Unknown,PAR,Parkinson's disease,ICD-10,,1,Cell suppressed for small numbers,02/17/2026,02/17/2026,2024-11-01,2026-02-17,2026-02-17,True,Cell suppressed for small numbers,,False,False,2024-11
1973,2024,11,Occurrence,Race-Ethnicity,American Indian/Alaska Native,PNF,Influenza and pneumonia,ICD-10,,1,Cell suppressed for small numbers,02/17/2026,02/17/2026,2024-11-01,2026-02-17,2026-02-17,True,Cell suppressed for small numbers,,False,False,2024-11
1974,2024,11,Occurrence,Race-Ethnicity,Asian,PNF,Influenza and pneumonia,ICD-10,53.0,,,02/17/2026,02/17/2026,2024-11-01,2026-02-17,2026-02-17,False,,53.0,False,False,2024-11
1975,2024,11,Occurrence,Race-Ethnicity,Black,PNF,Influenza and pneumonia,ICD-10,37.0,,,02/17/2026,02/17/2026,2024-11-01,2026-02-17,2026-02-17,False,,37.0,False,False,2024-11
1976,2024,11,Occurrence,Race-Ethnicity,Hawaiian/Pacific Islander,PNF,Influenza and pneumonia,ICD-10,,1,Cell suppressed for small numbers,02/17/2026,02/17/2026,2024-11-01,2026-02-17,2026-02-17,True,Cell suppressed for small numbers,,False,False,2024-11
1977,2024,11,Occurrence,Race-Ethnicity,Hispanic,PNF,Influenza and pneumonia,ICD-10,109.0,,,02/17/2026,02/17/2026,2024-11-01,2026-02-17,2026-02-17,False,,109.0,False,False,2024-11
1978,2024,11,Occurrence,Race-Ethnicity,Multi-Race,PNF,Influenza and pneumonia,ICD-10,,1,Cell suppressed for small numbers,02/17/2026,02/17/2026,2024-11-01,2026-02-17,2026-02-17,True,Cell suppressed for small numbers,,False,False,2024-11
1979,2024,11,Occurrence,Race-Ethnicity,White,PNF,Influenza and pneumonia,ICD-10,214.0,,,02/17/2026,02/17/2026,2024-11-01,2026-02-17,2026-02-17,False,,214.0,False,False,2024-11
1980,2024,11,Occurrence,Race-Ethnicity,Other/Unknown,PNF,Influenza and pneumonia,ICD-10,,1,Cell suppressed for small numbers,02/17/2026,02/17/2026,2024-11-01,2026-02-17,2026-02-17,True,Cell suppressed for small numbers,,False,False,2024-11
1984,2024,11,Occurrence,Race-Ethnicity,American Indian/Alaska Native,STK,Cerebrovascular diseases,ICD-10,,1,Cell suppressed for small numbers,02/17/2026,02/17/2026,2024-11-01,2026-02-17,2026-02-17,True,Cell suppressed for small numbers,,False,False,2024-11
1985,2024,11,Occurrence,Race-Ethnicity,Asian,STK,Cerebrovascular diseases,ICD-10,219.0,,,02/17/2026,02/17/2026,2024-11-01,2026-02-17,2026-02-17,False,,219.0,False,False,2024-11
1986,2024,11,Occurrence,Race-Ethnicity,Black,STK,Cerebrovascular diseases,ICD-10,130.0,,,02/17/2026,02/17/2026,2024-11-01,2026-02-17,2026-02-17,False,,130.0,False,False,2024-11
1987,2024,11,Occurrence,Race-Ethnicity,Hawaiian/Pacific Islander,STK,Cerebrovascular diseases,ICD-10,,1,Cell suppressed for small numbers,02/17/2026,02/17/2026,2024-11-01,2026-02-17,2026-02-17,True,Cell suppressed for small numbers,,False,False,2024-11
1988,2024,11,Occurrence,Race-Ethnicity,Hispanic,STK,Cerebrovascular diseases,ICD-10,346.0,,,02/17/2026,02/17/2026,2024-11-01,2026-02-17,2026-02-17,False,,346.0,False,False,2024-11
1989,2024,11,Occurrence,Race-Ethnicity,Multi-Race,STK,Cerebrovascular diseases,ICD-10,11.0,,,02/17/2026,02/17/2026,2024-11-01,2026-02-17,2026-02-17,False,,11.0,False,False,2024-11
1990,2024,11,Occurrence,Race-Ethnicity,White,STK,Cerebrovascular diseases,ICD-10,759.0,,,02/17/2026,02/17/2026,2024-11-01,2026-02-17,2026-02-17,False,,759.0,False,False,2024-11
1991,2024,11,Occurrence,Race-Ethnicity,Other/Unknown,STK,Cerebrovascular diseases,ICD-10,11.0,,,02/17/2026,02/17/2026,2024-11-01,2026-02-17,2026-02-17,False,,11.0,False,False,2024-11
1995,2024,11,Occurrence,Race-Ethnicity,American Indian/Alaska Native,SUI,Intentional self-harm (suicide),ICD-10,,1,Cell suppressed for small numbers,02/17/2026,02/17/2026,2024-11-01,2026-02-17,2026-02-17,True,Cell suppressed for small numbers,,False,False,2024-11
1996,2024,11,Occurrence,Race-Ethnicity,Asian,SUI,Intentional self-harm (suicide),ICD-10,32.0,,,02/17/2026,02/17/2026,2024-11-01,2026-02-17,2026-02-17,False,,32.0,False,False,2024-11
1997,2024,11,Occurrence,Race-Ethnicity,Black,SUI,Intentional self-harm (suicide),ICD-10,,2,Cell suppressed for complementary cell,02/17/2026,02/17/2026,2024-11-01,2026-02-17,2026-02-17,True,Cell suppressed for complementary cell,,False,False,2024-11
1998,2024,11,Occurrence,Race-Ethnicity,Hawaiian/Pacific Islander,SUI,Intentional self-harm (suicide),ICD-10,,1,Cell suppressed for small numbers,02/17/2026,02/17/2026,2024-11-01,2026-02-17,2026-02-17,True,Cell suppressed for small numbers,,False,False,2024-11
1999,2024,11,Occurrence,Race-Ethnicity,Hispanic,SUI,Intentional self-harm (suicide),ICD-10,65.0,,,02/17/2026,02/17/2026,2024-11-01,2026-02-17,2026-02-17,False,,65.0,False,False,2024-11
2000,2024,11,Occurrence,Race-Ethnicity,Multi-Race,SUI,Intentional self-harm (suicide),ICD-10,,1,Cell suppressed for small numbers,02/17/2026,02/17/2026,2024-11-01,2026-02-17,2026-02-17,True,Cell suppressed for small numbers,,False,False,2024-11
2001,2024,11,Occurrence,Race-Ethnicity,White,SUI,Intentional self-harm (suicide),ICD-10,154.0,,,02/17/2026,02/17/2026,2024-11-01,2026-02-17,2026-02-17,False,,154.0,False,False,2024-11
2002,2024,11,Occurrence,Race-Ethnicity,Other/Unknown,SUI,Intentional self-harm (suicide),ICD-10,,1,Cell suppressed for small numbers,02/17/2026,02/17/2026,2024-11-01,2026-02-17,2026-02-17,True,Cell suppressed for small numbers,,False,False,2024-11
2023,2024,12,Occurrence,Race-Ethnicity,American Indian/Alaska Native,ALL,All causes (total),ICD-10,147.0,,,02/17/2026,02/17/2026,2024-12-01,2026-02-17,2026-02-17,False,,147.0,False,True,2024-12
2024,2024,12,Occurrence,Race-Ethnicity,Asian,ALL,All causes (total),ICD-10,3033.0,,,02/17/2026,02/17/2026,2024-12-01,2026-02-17,2026-02-17,False,,3033.0,False,True,2024-12
2025,2024,12,Occurrence,Race-Ethnicity,Black,ALL,All causes (total),ICD-10,2037.0,,,02/17/2026,02/17/2026,2024-12-01,2026-02-17,2026-02-17,False,,2037.0,False,True,2024-12
2026,2024,12,Occurrence,Race-Ethnicity,Hawaiian/Pacific Islander,ALL,All causes (total),ICD-10,130.0,,,02/17/2026,02/17/2026,2024-12-01,2026-02-17,2026-02-17,False,,130.0,False,True,2024-12
2027,2024,12,Occurrence,Race-Ethnicity,Hispanic,ALL,All causes (total),ICD-10,6050.0,,,02/17/2026,02/17/2026,2024-12-01,2026-02-17,2026-02-17,False,,6050.0,False,True,2024-12
2028,2024,12,Occurrence,Race-Ethnicity,Multi-Race,ALL,All causes (total),ICD-10,264.0,,,02/17/2026,02/17/2026,2024-12-01,2026-02-17,2026-02-17,False,,264.0,False,True,2024-12
2029,2024,12,Occurrence,Race-Ethnicity,White,ALL,All causes (total),ICD-10,14398.0,,,02/17/2026,02/17/2026,2024-12-01,2026-02-17,2026-02-17,False,,14398.0,False,True,2024-12
2030,2024,12,Occurrence,Race-Ethnicity,Other/Unknown,ALL,All causes (total),ICD-10,242.0,,,02/17/2026,02/17/2026,2024-12-01,2026-02-17,2026-02-17,False,,242.0,False,True,2024-12
2034,2024,12,Occurrence,Race-Ethnicity,American Indian/Alaska Native,ALZ,Alzheimer's disease,ICD-10,,1,Cell suppressed for small numbers,02/17/2026,02/17/2026,2024-12-01,2026-02-17,2026-02-17,True,Cell suppressed for small numbers,,False,False,2024-12
2035,2024,12,Occurrence,Race-Ethnicity,Asian,ALZ,Alzheimer's disease,ICD-10,161.0,,,02/17/2026,02/17/2026,2024-12-01,2026-02-17,2026-02-17,False,,161.0,False,False,2024-12
2036,2024,12,Occurrence,Race-Ethnicity,Black,ALZ,Alzheimer's disease,ICD-10,101.0,,,02/17/2026,02/17/2026,2024-12-01,2026-02-17,2026-02-17,False,,101.0,False,False,2024-12
2037,2024,12,Occurrence,Race-Ethnicity,Hawaiian/Pacific Islander,ALZ,Alzheimer's disease,ICD-10,,1,Cell suppressed for small numbers,02/17/2026,02/17/2026,2024-12-01,2026-02-17,2026-02-17,True,Cell suppressed for small numbers,,False,False,2024-12
2038,2024,12,Occurrence,Race-Ethnicity,Hispanic,ALZ,Alzheimer's disease,ICD-10,265.0,,,02/17/2026,02/17/2026,2024-12-01,2026-02-17,2026-02-17,False,,265.0,False,False,2024-12
2039,2024,12,Occurrence,Race-Ethnicity,Multi-Race,ALZ,Alzheimer's disease,ICD-10,17.0,,,02/17/2026,02/17/2026,2024-12-01,2026-02-17,2026-02-17,False,,17.0,False,False,2024-12
2040,2024,12,Occurrence,Race-Ethnicity,White,ALZ,Alzheimer's disease,ICD-10,902.0,,,02/17/2026,02/17/2026,2024-12-01,2026-02-17,2026-02-17,False,,902.0,False,False,2024-12
2041,2024,12,Occurrence,Race-Ethnicity,Other/Unknown,ALZ,Alzheimer's disease,ICD-10,,1,Cell suppressed for small numbers,02/17/2026,02/17/2026,2024-12-01,2026-02-17,2026-02-17,True,Cell suppressed for small numbers,,False,False,2024-12
2045,2024,12,Occurrence,Race-Ethnicity,American Indian/Alaska Native,CAN,Malignant neoplasms,ICD-10,28.0,,,02/17/2026,02/17/2026,2024-12-01,2026-02-17,2026-02-17,False,,28.0,False,False,2024-12
2046,2024,12,Occurrence,Race-Ethnicity,Asian,CAN,Malignant neoplasms,ICD-10,696.0,,,02/17/2026,02/17/2026,2024-12-01,2026-02-17,2026-02-17,False,,696.0,False,False,2024-12
2047,2024,12,Occurrence,Race-Ethnicity,Black,CAN,Malignant neoplasms,ICD-10,407.0,,,02/17/2026,02/17/2026,2024-12-01,2026-02-17,2026-02-17,False,,407.0,False,False,2024-12
2048,2024,12,Occurrence,Race-Ethnicity,Hawaiian/Pacific Islander,CAN,Malignant neoplasms,ICD-10,19.0,,,02/17/2026,02/17/2026,2024-12-01,2026-02-17,2026-02-17,False,,19.0,False,False,2024-12
2049,2024,12,Occurrence,Race-Ethnicity,Hispanic,CAN,Malignant neoplasms,ICD-10,1143.0,,,02/17/2026,02/17/2026,2024-12-01,2026-02-17,2026-02-17,False,,1143.0,False,False,2024-12
2050,2024,12,Occurrence,Race-Ethnicity,Multi-Race,CAN,Malignant neoplasms,ICD-10,45.0,,,02/17/2026,02/17/2026,2024-12-01,2026-02-17,2026-02-17,False,,45.0,False,False,2024-12
2051,2024,12,Occurrence,Race-Ethnicity,White,CAN,Malignant neoplasms,ICD-10,2912.0,,,02/17/2026,02/17/2026,2024-12-01,2026-02-17,2026-02-17,False,,2912.0,False,False,2024-12
2052,2024,12,Occurrence,Race-Ethnicity,Other/Unknown,CAN,Malignant neoplasms,ICD-10,39.0,,,02/17/2026,02/17/2026,2024-12-01,2026-02-17,2026-02-17,False,,39.0,False,False,2024-12
2056,2024,12,Occurrence,Race-Ethnicity,American Indian/Alaska Native,CLD,Chronic lower respiratory diseases,ICD-10,,1,Cell suppressed for small numbers,02/17/2026,02/17/2026,2024-12-01,2026-02-17,2026-02-17,True,Cell suppressed for small numbers,,False,False,2024-12
2057,2024,12,Occurrence,Race-Ethnicity,Asian,CLD,Chronic lower respiratory diseases,ICD-10,73.0,,,02/17/2026,02/17/2026,2024-12-01,2026-02-17,2026-02-17,False,,73.0,False,False,2024-12
2058,2024,12,Occurrence,Race-Ethnicity,Black,CLD,Chronic lower respiratory diseases,ICD-10,84.0,,,02/17/2026,02/17/2026,2024-12-01,2026-02-17,2026-02-17,False,,84.0,False,False,2024-12
2059,2024,12,Occurrence,Race-Ethnicity,Hawaiian/Pacific Islander,CLD,Chronic lower respiratory diseases,ICD-10,,1,Cell suppressed for small numbers,02/17/2026,02/17/2026,2024-12-01,2026-02-17,2026-02-17,True,Cell suppressed for small numbers,,False,False,2024-12
2060,2024,12,Occurrence,Race-Ethnicity,Hispanic,CLD,Chronic lower respiratory diseases,ICD-10,121.0,,,02/17/2026,02/17/2026,2024-12-01,2026-02-17,2026-02-17,False,,121.0,False,False,2024-12
2061,2024,12,Occurrence,Race-Ethnicity,Multi-Race,CLD,Chronic lower respiratory diseases,ICD-10,12.0,,,02/17/2026,02/17/2026,2024-12-01,2026-02-17,2026-02-17,False,,12.0,False,False,2024-12
2062,2024,12,Occurrence,Race-Ethnicity,White,CLD,Chronic lower respiratory diseases,ICD-10,741.0,,,02/17/2026,02/17/2026,2024-12-01,2026-02-17,2026-02-17,False,,741.0,False,False,2024-12
2063,2024,12,Occurrence,Race-Ethnicity,Other/Unknown,CLD,Chronic lower respiratory diseases,ICD-10,18.0,,,02/17/2026,02/17/2026,2024-12-01,2026-02-17,2026-02-17,False,,18.0,False,False,2024-12
2067,2024,12,Occurrence,Race-Ethnicity,American Indian/Alaska Native,DIA,Diabetes mellitus,ICD-10,,1,Cell suppressed for small numbers,02/17/2026,02/17/2026,2024-12-01,2026-02-17,2026-02-17,True,Cell suppressed for small numbers,,False,False,2024-12
2068,2024,12,Occurrence,Race-Ethnicity,Asian,DIA,Diabetes mellitus,ICD-10,164.0,,,02/17/2026,02/17/2026,2024-12-01,2026-02-17,2026-02-17,False,,164.0,False,False,2024-12
2069,2024,12,Occurrence,Race-Ethnicity,Black,DIA,Diabetes mellitus,ICD-10,106.0,,,02/17/2026,02/17/2026,2024-12-01,2026-02-17,2026-02-17,False,,106.0,False,False,2024-12
2070,2024,12,Occurrence,Race-Ethnicity,Hawaiian/Pacific Islander,DIA,Diabetes mellitus,ICD-10,14.0,,,02/17/2026,02/17/2026,2024-12-01,2026-02-17,2026-02-17,False,,14.0,False,False,2024-12
2071,2024,12,Occurrence,Race-Ethnicity,Hispanic,DIA,Diabetes mellitus,ICD-10,372.0,,,02/17/2026,02/17/2026,2024-12-01,2026-02-17,2026-02-17,False,,372.0,False,False,2024-12
2072,2024,12,Occurrence,Race-Ethnicity,Multi-Race,DIA,Diabetes mellitus,ICD-10,12.0,,,02/17/2026,02/17/2026,2024-12-01,2026-02-17,2026-02-17,False,,12.0,False,False,2024-12
2073,2024,12,Occurrence,Race-Ethnicity,White,DIA,Diabetes mellitus,ICD-10,402.0,,,02/17/2026,02/17/2026,2024-12-01,2026-02-17,2026-02-17,False,,402.0,False,False,2024-12
2074,2024,12,Occurrence,Race-Ethnicity,Other/Unknown,DIA,Diabetes mellitus,ICD-10,,1,Cell suppressed for small numbers,02/17/2026,02/17/2026,2024-12-01,2026-02-17,2026-02-17,True,Cell suppressed for small numbers,,False,False,2024-12
2078,2024,12,Occurrence,Race-Ethnicity,American Indian/Alaska Native,HOM,Assault (homicide),ICD-10,,1,Cell suppressed for small numbers,02/17/2026,02/17/2026,2024-12-01,2026-02-17,2026-02-17,True,Cell suppressed for small numbers,,False,False,2024-12
2079,2024,12,Occurrence,Race-Ethnicity,Asian,HOM,Assault (homicide),ICD-10,11.0,,,02/17/2026,02/17/2026,2024-12-01,2026-02-17,2026-02-17,False,,11.0,False,False,2024-12
2080,2024,12,Occurrence,Race-Ethnicity,Black,HOM,Assault (homicide),ICD-10,35.0,,,02/17/2026,02/17/2026,2024-12-01,2026-02-17,2026-02-17,False,,35.0,False,False,2024-12
2081,2024,12,Occurrence,Race-Ethnicity,Hawaiian/Pacific Islander,HOM,Assault (homicide),ICD-10,,1,Cell suppressed for small numbers,02/17/2026,02/17/2026,2024-12-01,2026-02-17,2026-02-17,True,Cell suppressed for small numbers,,False,False,2024-12
2082,2024,12,Occurrence,Race-Ethnicity,Hispanic,HOM,Assault (homicide),ICD-10,56.0,,,02/17/2026,02/17/2026,2024-12-01,2026-02-17,2026-02-17,False,,56.0,False,False,2024-12
2083,2024,12,Occurrence,Race-Ethnicity,Multi-Race,HOM,Assault (homicide),ICD-10,,1,Cell suppressed for small numbers,02/17/2026,02/17/2026,2024-12-01,2026-02-17,2026-02-17,True,Cell suppressed for small numbers,,False,False,2024-12
2084,2024,12,Occurrence,Race-Ethnicity,White,HOM,Assault (homicide),ICD-10,29.0,,,02/17/2026,02/17/2026,2024-12-01,2026-02-17,2026-02-17,False,,29.0,False,False,2024-12
2085,2024,12,Occurrence,Race-Ethnicity,Other/Unknown,HOM,Assault (homicide),ICD-10,,1,Cell suppressed for small numbers,02/17/2026,02/17/2026,2024-12-01,2026-02-17,2026-02-17,True,Cell suppressed for small numbers,,False,False,2024-12
2089,2024,12,Occurrence,Race-Ethnicity,American Indian/Alaska Native,HTD,Diseases of heart,ICD-10,24.0,,,02/17/2026,02/17/2026,2024-12-01,2026-02-17,2026-02-17,False,,24.0,False,False,2024-12
2090,2024,12,Occurrence,Race-Ethnicity,Asian,HTD,Diseases of heart,ICD-10,628.0,,,02/17/2026,02/17/2026,2024-12-01,2026-02-17,2026-02-17,False,,628.0,False,False,2024-12
2091,2024,12,Occurrence,Race-Ethnicity,Black,HTD,Diseases of heart,ICD-10,498.0,,,02/17/2026,02/17/2026,2024-12-01,2026-02-17,2026-02-17,False,,498.0,False,False,2024-12
2092,2024,12,Occurrence,Race-Ethnicity,Hawaiian/Pacific Islander,HTD,Diseases of heart,ICD-10,42.0,,,02/17/2026,02/17/2026,2024-12-01,2026-02-17,2026-02-17,False,,42.0,False,False,2024-12
2093,2024,12,Occurrence,Race-Ethnicity,Hispanic,HTD,Diseases of heart,ICD-10,1191.0,,,02/17/2026,02/17/2026,2024-12-01,2026-02-17,2026-02-17,False,,1191.0,False,False,2024-12
2094,2024,12,Occurrence,Race-Ethnicity,Multi-Race,HTD,Diseases of heart,ICD-10,45.0,,,02/17/2026,02/17/2026,2024-12-01,2026-02-17,2026-02-17,False,,45.0,False,False,2024-12
2095,2024,12,Occurrence,Race-Ethnicity,White,HTD,Diseases of heart,ICD-10,3401.0,,,02/17/2026,02/17/2026,2024-12-01,2026-02-17,2026-02-17,False,,3401.0,False,False,2024-12
2096,2024,12,Occurrence,Race-Ethnicity,Other/Unknown,HTD,Diseases of heart,ICD-10,58.0,,,02/17/2026,02/17/2026,2024-12-01,2026-02-17,2026-02-17,False,,58.0,False,False,2024-12
2100,2024,12,Occurrence,Race-Ethnicity,American Indian/Alaska Native,HYP,Essential hypertension and hypertensive renal disease,ICD-10,,1,Cell suppressed for small numbers,02/17/2026,02/17/2026,2024-12-01,2026-02-17,2026-02-17,True,Cell suppressed for small numbers,,False,False,2024-12
2101,2024,12,Occurrence,Race-Ethnicity,Asian,HYP,Essential hypertension and hypertensive renal disease,ICD-10,92.0,,,02/17/2026,02/17/2026,2024-12-01,2026-02-17,2026-02-17,False,,92.0,False,False,2024-12
2102,2024,12,Occurrence,Race-Ethnicity,Black,HYP,Essential hypertension and hypertensive renal disease,ICD-10,60.0,,,02/17/2026,02/17/2026,2024-12-01,2026-02-17,2026-02-17,False,,60.0,False,False,2024-12
2103,2024,12,Occurrence,Race-Ethnicity,Hawaiian/Pacific Islander,HYP,Essential hypertension and hypertensive renal disease,ICD-10,,1,Cell suppressed for small numbers,02/17/2026,02/17/2026,2024-12-01,2026-02-17,2026-02-17,True,Cell suppressed for small numbers,,False,False,2024-12
2104,2024,12,Occurrence,Race-Ethnicity,Hispanic,HYP,Essential hypertension and hypertensive renal disease,ICD-10,147.0,,,02/17/2026,02/17/2026,2024-12-01,2026-02-17,2026-02-17,False,,147.0,False,False,2024-12
2105,2024,12,Occurrence,Race-Ethnicity,Multi-Race,HYP,Essential hypertension and hypertensive renal disease,ICD-10,,1,Cell suppressed for small numbers,02/17/2026,02/17/2026,2024-12-01,2026-02-17,2026-02-17,True,Cell suppressed for small numbers,,False,False,2024-12
2106,2024,12,Occurrence,Race-Ethnicity,White,HYP,Essential hypertension and hypertensive renal disease,ICD-10,296.0,,,02/17/2026,02/17/2026,2024-12-01,2026-02-17,2026-02-17,False,,296.0,False,False,2024-12
2107,2024,12,Occurrence,Race-Ethnicity,Other/Unknown,HYP,Essential hypertension and hypertensive renal disease,ICD-10,,1,Cell suppressed for small numbers,02/17/2026,02/17/2026,2024-12-01,2026-02-17,2026-02-17,True,Cell suppressed for small numbers,,False,False,2024-12
2111,2024,12,Occurrence,Race-Ethnicity,American Indian/Alaska Native,INJ,Accidents (unintentional injuries),ICD-10,,2,Cell suppressed for complementary cell,02/17/2026,02/17/2026,2024-12-01,2026-02-17,2026-02-17,True,Cell suppressed for complementary cell,,False,False,2024-12
2112,2024,12,Occurrence,Race-Ethnicity,Asian,INJ,Accidents (unintentional injuries),ICD-10,124.0,,,02/17/2026,02/17/2026,2024-12-01,2026-02-17,2026-02-17,False,,124.0,False,False,2024-12
2113,2024,12,Occurrence,Race-Ethnicity,Black,INJ,Accidents (unintentional injuries),ICD-10,155.0,,,02/17/2026,02/17/2026,2024-12-01,2026-02-17,2026-02-17,False,,155.0,False,False,2024-12
2114,2024,12,Occurrence,Race-Ethnicity,Hawaiian/Pacific Islander,INJ,Accidents (unintentional injuries),ICD-10,,1,Cell suppressed for small numbers,02/17/2026,02/17/2026,2024-12-01,2026-02-17,2026-02-17,True,Cell suppressed for small numbers,,False,False,2024-12
2115,2024,12,Occurrence,Race-Ethnicity,Hispanic,INJ,Accidents (unintentional injuries),ICD-10,488.0,,,02/17/2026,02/17/2026,2024-12-01,2026-02-17,2026-02-17,False,,488.0,False,False,2024-12
2116,2024,12,Occurrence,Race-Ethnicity,Multi-Race,INJ,Accidents (unintentional injuries),ICD-10,29.0,,,02/17/2026,02/17/2026,2024-12-01,2026-02-17,2026-02-17,False,,29.0,False,False,2024-12
2117,2024,12,Occurrence,Race-Ethnicity,White,INJ,Accidents (unintentional injuries),ICD-10,735.0,,,02/17/2026,02/17/2026,2024-12-01,2026-02-17,2026-02-17,False,,735.0,False,False,2024-12
2118,2024,12,Occurrence,Race-Ethnicity,Other/Unknown,INJ,Accidents (unintentional injuries),ICD-10,24.0,,,02/17/2026,02/17/2026,2024-12-01,2026-02-17,2026-02-17,False,,24.0,False,False,2024-12
2122,2024,12,Occurrence,Race-Ethnicity,American Indian/Alaska Native,LIV,Chronic liver disease and cirrhosis,ICD-10,15.0,,,02/17/2026,02/17/2026,2024-12-01,2026-02-17,2026-02-17,False,,15.0,False,False,2024-12
2123,2024,12,Occurrence,Race-Ethnicity,Asian,LIV,Chronic liver disease and cirrhosis,ICD-10,25.0,,,02/17/2026,02/17/2026,2024-12-01,2026-02-17,2026-02-17,False,,25.0,False,False,2024-12
2124,2024,12,Occurrence,Race-Ethnicity,Black,LIV,Chronic liver disease and cirrhosis,ICD-10,28.0,,,02/17/2026,02/17/2026,2024-12-01,2026-02-17,2026-02-17,False,,28.0,False,False,2024-12
2125,2024,12,Occurrence,Race-Ethnicity,Hawaiian/Pacific Islander,LIV,Chronic liver disease and cirrhosis,ICD-10,,1,Cell suppressed for small numbers,02/17/2026,02/17/2026,2024-12-01,2026-02-17,2026-02-17,True,Cell suppressed for small numbers,,False,False,2024-12
2126,2024,12,Occurrence,Race-Ethnicity,Hispanic,LIV,Chronic liver disease and cirrhosis,ICD-10,304.0,,,02/17/2026,02/17/2026,2024-12-01,2026-02-17,2026-02-17,False,,304.0,False,False,2024-12
2127,2024,12,Occurrence,Race-Ethnicity,Multi-Race,LIV,Chronic liver disease and cirrhosis,ICD-10,,1,Cell suppressed for small numbers,02/17/2026,02/17/2026,2024-12-01,2026-02-17,2026-02-17,True,Cell suppressed for small numbers,,False,False,2024-12
2128,2024,12,Occurrence,Race-Ethnicity,White,LIV,Chronic liver disease and cirrhosis,ICD-10,241.0,,,02/17/2026,02/17/2026,2024-12-01,2026-02-17,2026-02-17,False,,241.0,False,False,2024-12
2129,2024,12,Occurrence,Race-Ethnicity,Other/Unknown,LIV,Chronic liver disease and cirrhosis,ICD-10,12.0,,,02/17/2026,02/17/2026,2024-12-01,2026-02-17,2026-02-17,False,,12.0,False,False,2024-12
2133,2024,12,Occurrence,Race-Ethnicity,American Indian/Alaska Native,NEP,"Nephritis, nephrotic syndrome and nephrosis",ICD-10,,1,Cell suppressed for small numbers,02/17/2026,02/17/2026,2024-12-01,2026-02-17,2026-02-17,True,Cell suppressed for small numbers,,False,False,2024-12
2134,2024,12,Occurrence,Race-Ethnicity,Asian,NEP,"Nephritis, nephrotic syndrome and nephrosis",ICD-10,79.0,,,02/17/2026,02/17/2026,2024-12-01,2026-02-17,2026-02-17,False,,79.0,False,False,2024-12
2135,2024,12,Occurrence,Race-Ethnicity,Black,NEP,"Nephritis, nephrotic syndrome and nephrosis",ICD-10,43.0,,,02/17/2026,02/17/2026,2024-12-01,2026-02-17,2026-02-17,False,,43.0,False,False,2024-12
2136,2024,12,Occurrence,Race-Ethnicity,Hawaiian/Pacific Islander,NEP,"Nephritis, nephrotic syndrome and nephrosis",ICD-10,,1,Cell suppressed for small numbers,02/17/2026,02/17/2026,2024-12-01,2026-02-17,2026-02-17,True,Cell suppressed for small numbers,,False,False,2024-12
2137,2024,12,Occurrence,Race-Ethnicity,Hispanic,NEP,"Nephritis, nephrotic syndrome and nephrosis",ICD-10,131.0,,,02/17/2026,02/17/2026,2024-12-01,2026-02-17,2026-02-17,False,,131.0,False,False,2024-12
2138,2024,12,Occurrence,Race-Ethnicity,Multi-Race,NEP,"Nephritis, nephrotic syndrome and nephrosis",ICD-10,,1,Cell suppressed for small numbers,02/17/2026,02/17/2026,2024-12-01,2026-02-17,2026-02-17,True,Cell suppressed for small numbers,,False,False,2024-12
2139,2024,12,Occurrence,Race-Ethnicity,White,NEP,"Nephritis, nephrotic syndrome and nephrosis",ICD-10,189.0,,,02/17/2026,02/17/2026,2024-12-01,2026-02-17,2026-02-17,False,,189.0,False,False,2024-12
2140,2024,12,Occurrence,Race-Ethnicity,Other/Unknown,NEP,"Nephritis, nephrotic syndrome and nephrosis",ICD-10,,1,Cell suppressed for small numbers,02/17/2026,02/17/2026,2024-12-01,2026-02-17,2026-02-17,True,Cell suppressed for small numbers,,False,False,2024-12
2144,2024,12,Occurrence,Race-Ethnicity,American Indian/Alaska Native,PAR,Parkinson's disease,ICD-10,0.0,,,02/17/2026,02/17/2026,2024-12-01,2026-02-17,2026-02-17,False,,0.0,False,False,2024-12
2145,2024,12,Occurrence,Race-Ethnicity,Asian,PAR,Parkinson's disease,ICD-10,47.0,,,02/17/2026,02/17/2026,2024-12-01,2026-02-17,2026-02-17,False,,47.0,False,False,2024-12
2146,2024,12,Occurrence,Race-Ethnicity,Black,PAR,Parkinson's disease,ICD-10,,1,Cell suppressed for small numbers,02/17/2026,02/17/2026,2024-12-01,2026-02-17,2026-02-17,True,Cell suppressed for small numbers,,False,False,2024-12
2147,2024,12,Occurrence,Race-Ethnicity,Hawaiian/Pacific Islander,PAR,Parkinson's disease,ICD-10,0.0,,,02/17/2026,02/17/2026,2024-12-01,2026-02-17,2026-02-17,False,,0.0,False,False,2024-12
2148,2024,12,Occurrence,Race-Ethnicity,Hispanic,PAR,Parkinson's disease,ICD-10,56.0,,,02/17/2026,02/17/2026,2024-12-01,2026-02-17,2026-02-17,False,,56.0,False,False,2024-12
2149,2024,12,Occurrence,Race-Ethnicity,Multi-Race,PAR,Parkinson's disease,ICD-10,,1,Cell suppressed for small numbers,02/17/2026,02/17/2026,2024-12-01,2026-02-17,2026-02-17,True,Cell suppressed for small numbers,,False,False,2024-12
2150,2024,12,Occurrence,Race-Ethnicity,White,PAR,Parkinson's disease,ICD-10,260.0,,,02/17/2026,02/17/2026,2024-12-01,2026-02-17,2026-02-17,False,,260.0,False,False,2024-12
2151,2024,12,Occurrence,Race-Ethnicity,Other/Unknown,PAR,Parkinson's disease,ICD-10,,1,Cell suppressed for small numbers,02/17/2026,02/17/2026,2024-12-01,2026-02-17,2026-02-17,True,Cell suppressed for small numbers,,False,False,2024-12
2155,2024,12,Occurrence,Race-Ethnicity,American Indian/Alaska Native,PNF,Influenza and pneumonia,ICD-10,,1,Cell suppressed for small numbers,02/17/2026,02/17/2026,2024-12-01,2026-02-17,2026-02-17,True,Cell suppressed for small numbers,,False,False,2024-12
2156,2024,12,Occurrence,Race-Ethnicity,Asian,PNF,Influenza and pneumonia,ICD-10,99.0,,,02/17/2026,02/17/2026,2024-12-01,2026-02-17,2026-02-17,False,,99.0,False,False,2024-12
2157,2024,12,Occurrence,Race-Ethnicity,Black,PNF,Influenza and pneumonia,ICD-10,44.0,,,02/17/2026,02/17/2026,2024-12-01,2026-02-17,2026-02-17,False,,44.0,False,False,2024-12
2158,2024,12,Occurrence,Race-Ethnicity,Hawaiian/Pacific Islander,PNF,Influenza and pneumonia,ICD-10,,1,Cell suppressed for small numbers,02/17/2026,02/17/2026,2024-12-01,2026-02-17,2026-02-17,True,Cell suppressed for small numbers,,False,False,2024-12
2159,2024,12,Occurrence,Race-Ethnicity,Hispanic,PNF,Influenza and pneumonia,ICD-10,188.0,,,02/17/2026,02/17/2026,2024-12-01,2026-02-17,2026-02-17,False,,188.0,False,False,2024-12
2160,2024,12,Occurrence,Race-Ethnicity,Multi-Race,PNF,Influenza and pneumonia,ICD-10,,1,Cell suppressed for small numbers,02/17/2026,02/17/2026,2024-12-01,2026-02-17,2026-02-17,True,Cell suppressed for small numbers,,False,False,2024-12
2161,2024,12,Occurrence,Race-Ethnicity,White,PNF,Influenza and pneumonia,ICD-10,328.0,,,02/17/2026,02/17/2026,2024-12-01,2026-02-17,2026-02-17,False,,328.0,False,False,2024-12
2162,2024,12,Occurrence,Race-Ethnicity,Other/Unknown,PNF,Influenza and pneumonia,ICD-10,,1,Cell suppressed for small numbers,02/17/2026,02/17/2026,2024-12-01,2026-02-17,2026-02-17,True,Cell suppressed for small numbers,,False,False,2024-12
2166,2024,12,Occurrence,Race-Ethnicity,American Indian/Alaska Native,STK,Cerebrovascular diseases,ICD-10,,1,Cell suppressed for small numbers,02/17/2026,02/17/2026,2024-12-01,2026-02-17,2026-02-17,True,Cell suppressed for small numbers,,False,False,2024-12
2167,2024,12,Occurrence,Race-Ethnicity,Asian,STK,Cerebrovascular diseases,ICD-10,244.0,,,02/17/2026,02/17/2026,2024-12-01,2026-02-17,2026-02-17,False,,244.0,False,False,2024-12
2168,2024,12,Occurrence,Race-Ethnicity,Black,STK,Cerebrovascular diseases,ICD-10,122.0,,,02/17/2026,02/17/2026,2024-12-01,2026-02-17,2026-02-17,False,,122.0,False,False,2024-12
2169,2024,12,Occurrence,Race-Ethnicity,Hawaiian/Pacific Islander,STK,Cerebrovascular diseases,ICD-10,,1,Cell suppressed for small numbers,02/17/2026,02/17/2026,2024-12-01,2026-02-17,2026-02-17,True,Cell suppressed for small numbers,,False,False,2024-12
2170,2024,12,Occurrence,Race-Ethnicity,Hispanic,STK,Cerebrovascular diseases,ICD-10,353.0,,,02/17/2026,02/17/2026,2024-12-01,2026-02-17,2026-02-17,False,,353.0,False,False,2024-12
2171,2024,12,Occurrence,Race-Ethnicity,Multi-Race,STK,Cerebrovascular diseases,ICD-10,12.0,,,02/17/2026,02/17/2026,2024-12-01,2026-02-17,2026-02-17,False,,12.0,False,False,2024-12
2172,2024,12,Occurrence,Race-Ethnicity,White,STK,Cerebrovascular diseases,ICD-10,890.0,,,02/17/2026,02/17/2026,2024-12-01,2026-02-17,2026-02-17,False,,890.0,False,False,2024-12
2173,2024,12,Occurrence,Race-Ethnicity,Other/Unknown,STK,Cerebrovascular diseases,ICD-10,14.0,,,02/17/2026,02/17/2026,2024-12-01,2026-02-17,2026-02-17,False,,14.0,False,False,2024-12
2177,2024,12,Occurrence,Race-Ethnicity,American Indian/Alaska Native,SUI,Intentional self-harm (suicide),ICD-10,,1,Cell suppressed for small numbers,02/17/2026,02/17/2026,2024-12-01,2026-02-17,2026-02-17,True,Cell suppressed for small numbers,,False,False,2024-12
2178,2024,12,Occurrence,Race-Ethnicity,Asian,SUI,Intentional self-harm (suicide),ICD-10,46.0,,,02/17/2026,02/17/2026,2024-12-01,2026-02-17,2026-02-17,False,,46.0,False,False,2024-12
2179,2024,12,Occurrence,Race-Ethnicity,Black,SUI,Intentional self-harm (suicide),ICD-10,,1,Cell suppressed for small numbers,02/17/2026,02/17/2026,2024-12-01,2026-02-17,2026-02-17,True,Cell suppressed for small numbers,,False,False,2024-12
2180,2024,12,Occurrence,Race-Ethnicity,Hawaiian/Pacific Islander,SUI,Intentional self-harm (suicide),ICD-10,,1,Cell suppressed for small numbers,02/17/2026,02/17/2026,2024-12-01,2026-02-17,2026-02-17,True,Cell suppressed for small numbers,,False,False,2024-12
2181,2024,12,Occurrence,Race-Ethnicity,Hispanic,SUI,Intentional self-harm (suicide),ICD-10,73.0,,,02/17/2026,02/17/2026,2024-12-01,2026-02-17,2026-02-17,False,,73.0,False,False,2024-12
2182,2024,12,Occurrence,Race-Ethnicity,Multi-Race,SUI,Intentional self-harm (suicide),ICD-10,11.0,,,02/17/2026,02/17/2026,2024-12-01,2026-02-17,2026-02-17,False,,11.0,False,False,2024-12
2183,2024,12,Occurrence,Race-Ethnicity,White,SUI,Intentional self-harm (suicide),ICD-10,182.0,,,02/17/2026,02/17/2026,2024-12-01,2026-02-17,2026-02-17,False,,182.0,False,False,2024-12
2184,2024,12,Occurrence,Race-Ethnicity,Other/Unknown,SUI,Intentional self-harm (suicide),ICD-10,0.0,,,02/17/2026,02/17/2026,2024-12-01,2026-02-17,2026-02-17,False,,0.0,False,False,2024-12
2205,2025,1,Occurrence,Race-Ethnicity,American Indian/Alaska Native,ALL,All causes (total),ICD-10,116.0,,,02/17/2026,02/17/2026,2025-01-01,2026-02-17,2026-02-17,False,,116.0,False,True,2025-01
2206,2025,1,Occurrence,Race-Ethnicity,Asian,ALL,All causes (total),ICD-10,3416.0,,,02/17/2026,02/17/2026,2025-01-01,2026-02-17,2026-02-17,False,,3416.0,False,True,2025-01
2207,2025,1,Occurrence,Race-Ethnicity,Black,ALL,All causes (total),ICD-10,2269.0,,,02/17/2026,02/17/2026,2025-01-01,2026-02-17,2026-02-17,False,,2269.0,False,True,2025-01
2208,2025,1,Occurrence,Race-Ethnicity,Hawaiian/Pacific Islander,ALL,All causes (total),ICD-10,120.0,,,02/17/2026,02/17/2026,2025-01-01,2026-02-17,2026-02-17,False,,120.0,False,True,2025-01
2209,2025,1,Occurrence,Race-Ethnicity,Hispanic,ALL,All causes (total),ICD-10,6657.0,,,02/17/2026,02/17/2026,2025-01-01,2026-02-17,2026-02-17,False,,6657.0,False,True,2025-01
2210,2025,1,Occurrence,Race-Ethnicity,Multi-Race,ALL,All causes (total),ICD-10,311.0,,,02/17/2026,02/17/2026,2025-01-01,2026-02-17,2026-02-17,False,,311.0,False,True,2025-01
2211,2025,1,Occurrence,Race-Ethnicity,White,ALL,All causes (total),ICD-10,15749.0,,,02/17/2026,02/17/2026,2025-01-01,2026-02-17,2026-02-17,False,,15749.0,False,True,2025-01
2212,2025,1,Occurrence,Race-Ethnicity,Other/Unknown,ALL,All causes (total),ICD-10,317.0,,,02/17/2026,02/17/2026,2025-01-01,2026-02-17,2026-02-17,False,,317.0,False,True,2025-01
2216,2025,1,Occurrence,Race-Ethnicity,American Indian/Alaska Native,ALZ,Alzheimer's disease,ICD-10,,1,Cell suppressed for small numbers,02/17/2026,02/17/2026,2025-01-01,2026-02-17,2026-02-17,True,Cell suppressed for small numbers,,False,False,2025-01
2217,2025,1,Occurrence,Race-Ethnicity,Asian,ALZ,Alzheimer's disease,ICD-10,158.0,,,02/17/2026,02/17/2026,2025-01-01,2026-02-17,2026-02-17,False,,158.0,False,False,2025-01
2218,2025,1,Occurrence,Race-Ethnicity,Black,ALZ,Alzheimer's disease,ICD-10,106.0,,,02/17/2026,02/17/2026,2025-01-01,2026-02-17,2026-02-17,False,,106.0,False,False,2025-01
2219,2025,1,Occurrence,Race-Ethnicity,Hawaiian/Pacific Islander,ALZ,Alzheimer's disease,ICD-10,,1,Cell suppressed for small numbers,02/17/2026,02/17/2026,2025-01-01,2026-02-17,2026-02-17,True,Cell suppressed for small numbers,,False,False,2025-01
2220,2025,1,Occurrence,Race-Ethnicity,Hispanic,ALZ,Alzheimer's disease,ICD-10,315.0,,,02/17/2026,02/17/2026,2025-01-01,2026-02-17,2026-02-17,False,,315.0,False,False,2025-01
2221,2025,1,Occurrence,Race-Ethnicity,Multi-Race,ALZ,Alzheimer's disease,ICD-10,14.0,,,02/17/2026,02/17/2026,2025-01-01,2026-02-17,2026-02-17,False,,14.0,False,False,2025-01
2222,2025,1,Occurrence,Race-Ethnicity,White,ALZ,Alzheimer's disease,ICD-10,1047.0,,,02/17/2026,02/17/2026,2025-01-01,2026-02-17,2026-02-17,False,,1047.0,False,False,2025-01
2223,2025,1,Occurrence,Race-Ethnicity,Other/Unknown,ALZ,Alzheimer's disease,ICD-10,14.0,,,02/17/2026,02/17/2026,2025-01-01,2026-02-17,2026-02-17,False,,14.0,False,False,2025-01
2227,2025,1,Occurrence,Race-Ethnicity,American Indian/Alaska Native,CAN,Malignant neoplasms,ICD-10,21.0,,,02/17/2026,02/17/2026,2025-01-01,2026-02-17,2026-02-17,False,,21.0,False,False,2025-01
2228,2025,1,Occurrence,Race-Ethnicity,Asian,CAN,Malignant neoplasms,ICD-10,738.0,,,02/17/2026,02/17/2026,2025-01-01,2026-02-17,2026-02-17,False,,738.0,False,False,2025-01
2229,2025,1,Occurrence,Race-Ethnicity,Black,CAN,Malignant neoplasms,ICD-10,361.0,,,02/17/2026,02/17/2026,2025-01-01,2026-02-17,2026-02-17,False,,361.0,False,False,2025-01
2230,2025,1,Occurrence,Race-Ethnicity,Hawaiian/Pacific Islander,CAN,Malignant neoplasms,ICD-10,20.0,,,02/17/2026,02/17/2026,2025-01-01,2026-02-17,2026-02-17,False,,20.0,False,False,2025-01
2231,2025,1,Occurrence,Race-Ethnicity,Hispanic,CAN,Malignant neoplasms,ICD-10,1245.0,,,02/17/2026,02/17/2026,2025-01-01,2026-02-17,2026-02-17,False,,1245.0,False,False,2025-01
2232,2025,1,Occurrence,Race-Ethnicity,Multi-Race,CAN,Malignant neoplasms,ICD-10,59.0,,,02/17/2026,02/17/2026,2025-01-01,2026-02-17,2026-02-17,False,,59.0,False,False,2025-01
2233,2025,1,Occurrence,Race-Ethnicity,White,CAN,Malignant neoplasms,ICD-10,2987.0,,,02/17/2026,02/17/2026,2025-01-01,2026-02-17,2026-02-17,False,,2987.0,False,False,2025-01
2234,2025,1,Occurrence,Race-Ethnicity,Other/Unknown,CAN,Malignant neoplasms,ICD-10,44.0,,,02/17/2026,02/17/2026,2025-01-01,2026-02-17,2026-02-17,False,,44.0,False,False,2025-01
2238,2025,1,Occurrence,Race-Ethnicity,American Indian/Alaska Native,CLD,Chronic lower respiratory diseases,ICD-10,,1,Cell suppressed for small numbers,02/17/2026,02/17/2026,2025-01-01,2026-02-17,2026-02-17,True,Cell suppressed for small numbers,,False,False,2025-01
2239,2025,1,Occurrence,Race-Ethnicity,Asian,CLD,Chronic lower respiratory diseases,ICD-10,85.0,,,02/17/2026,02/17/2026,2025-01-01,2026-02-17,2026-02-17,False,,85.0,False,False,2025-01
2240,2025,1,Occurrence,Race-Ethnicity,Black,CLD,Chronic lower respiratory diseases,ICD-10,87.0,,,02/17/2026,02/17/2026,2025-01-01,2026-02-17,2026-02-17,False,,87.0,False,False,2025-01
2241,2025,1,Occurrence,Race-Ethnicity,Hawaiian/Pacific Islander,CLD,Chronic lower respiratory diseases,ICD-10,,1,Cell suppressed for small numbers,02/17/2026,02/17/2026,2025-01-01,2026-02-17,2026-02-17,True,Cell suppressed for small numbers,,False,False,2025-01
2242,2025,1,Occurrence,Race-Ethnicity,Hispanic,CLD,Chronic lower respiratory diseases,ICD-10,123.0,,,02/17/2026,02/17/2026,2025-01-01,2026-02-17,2026-02-17,False,,123.0,False,False,2025-01
2243,2025,1,Occurrence,Race-Ethnicity,Multi-Race,CLD,Chronic lower respiratory diseases,ICD-10,12.0,,,02/17/2026,02/17/2026,2025-01-01,2026-02-17,2026-02-17,False,,12.0,False,False,2025-01
2244,2025,1,Occurrence,Race-Ethnicity,White,CLD,Chronic lower respiratory diseases,ICD-10,882.0,,,02/17/2026,02/17/2026,2025-01-01,2026-02-17,2026-02-17,False,,882.0,False,False,2025-01
2245,2025,1,Occurrence,Race-Ethnicity,Other/Unknown,CLD,Chronic lower respiratory diseases,ICD-10,12.0,,,02/17/2026,02/17/2026,2025-01-01,2026-02-17,2026-02-17,False,,12.0,False,False,2025-01
2249,2025,1,Occurrence,Race-Ethnicity,American Indian/Alaska Native,DIA,Diabetes mellitus,ICD-10,,1,Cell suppressed for small numbers,02/17/2026,02/17/2026,2025-01-01,2026-02-17,2026-02-17,True,Cell suppressed for small numbers,,False,False,2025-01
2250,2025,1,Occurrence,Race-Ethnicity,Asian,DIA,Diabetes mellitus,ICD-10,191.0,,,02/17/2026,02/17/2026,2025-01-01,2026-02-17,2026-02-17,False,,191.0,False,False,2025-01
2251,2025,1,Occurrence,Race-Ethnicity,Black,DIA,Diabetes mellitus,ICD-10,128.0,,,02/17/2026,02/17/2026,2025-01-01,2026-02-17,2026-02-17,False,,128.0,False,False,2025-01
2252,2025,1,Occurrence,Race-Ethnicity,Hawaiian/Pacific Islander,DIA,Diabetes mellitus,ICD-10,,1,Cell suppressed for small numbers,02/17/2026,02/17/2026,2025-01-01,2026-02-17,2026-02-17,True,Cell suppressed for small numbers,,False,False,2025-01
2253,2025,1,Occurrence,Race-Ethnicity,Hispanic,DIA,Diabetes mellitus,ICD-10,420.0,,,02/17/2026,02/17/2026,2025-01-01,2026-02-17,2026-02-17,False,,420.0,False,False,2025-01
2254,2025,1,Occurrence,Race-Ethnicity,Multi-Race,DIA,Diabetes mellitus,ICD-10,21.0,,,02/17/2026,02/17/2026,2025-01-01,2026-02-17,2026-02-17,False,,21.0,False,False,2025-01
2255,2025,1,Occurrence,Race-Ethnicity,White,DIA,Diabetes mellitus,ICD-10,377.0,,,02/17/2026,02/17/2026,2025-01-01,2026-02-17,2026-02-17,False,,377.0,False,False,2025-01
2256,2025,1,Occurrence,Race-Ethnicity,Other/Unknown,DIA,Diabetes mellitus,ICD-10,14.0,,,02/17/2026,02/17/2026,2025-01-01,2026-02-17,2026-02-17,False,,14.0,False,False,2025-01
2260,2025,1,Occurrence,Race-Ethnicity,American Indian/Alaska Native,HOM,Assault (homicide),ICD-10,,1,Cell suppressed for small numbers,02/17/2026,02/17/2026,2025-01-01,2026-02-17,2026-02-17,True,Cell suppressed for small numbers,,False,False,2025-01
2261,2025,1,Occurrence,Race-Ethnicity,Asian,HOM,Assault (homicide),ICD-10,,1,Cell suppressed for small numbers,02/17/2026,02/17/2026,2025-01-01,2026-02-17,2026-02-17,True,Cell suppressed for small numbers,,False,False,2025-01
2262,2025,1,Occurrence,Race-Ethnicity,Black,HOM,Assault (homicide),ICD-10,33.0,,,02/17/2026,02/17/2026,2025-01-01,2026-02-17,2026-02-17,False,,33.0,False,False,2025-01
2263,2025,1,Occurrence,Race-Ethnicity,Hawaiian/Pacific Islander,HOM,Assault (homicide),ICD-10,0.0,,,02/17/2026,02/17/2026,2025-01-01,2026-02-17,2026-02-17,False,,0.0,False,False,2025-01
2264,2025,1,Occurrence,Race-Ethnicity,Hispanic,HOM,Assault (homicide),ICD-10,62.0,,,02/17/2026,02/17/2026,2025-01-01,2026-02-17,2026-02-17,False,,62.0,False,False,2025-01
2265,2025,1,Occurrence,Race-Ethnicity,Multi-Race,HOM,Assault (homicide),ICD-10,,1,Cell suppressed for small numbers,02/17/2026,02/17/2026,2025-01-01,2026-02-17,2026-02-17,True,Cell suppressed for small numbers,,False,False,2025-01
2266,2025,1,Occurrence,Race-Ethnicity,White,HOM,Assault (homicide),ICD-10,24.0,,,02/17/2026,02/17/2026,2025-01-01,2026-02-17,2026-02-17,False,,24.0,False,False,2025-01
2267,2025,1,Occurrence,Race-Ethnicity,Other/Unknown,HOM,Assault (homicide),ICD-10,0.0,,,02/17/2026,02/17/2026,2025-01-01,2026-02-17,2026-02-17,False,,0.0,False,False,2025-01
2271,2025,1,Occurrence,Race-Ethnicity,American Indian/Alaska Native,HTD,Diseases of heart,ICD-10,24.0,,,02/17/2026,02/17/2026,2025-01-01,2026-02-17,2026-02-17,False,,24.0,False,False,2025-01
2272,2025,1,Occurrence,Race-Ethnicity,Asian,HTD,Diseases of heart,ICD-10,723.0,,,02/17/2026,02/17/2026,2025-01-01,2026-02-17,2026-02-17,False,,723.0,False,False,2025-01
2273,2025,1,Occurrence,Race-Ethnicity,Black,HTD,Diseases of heart,ICD-10,567.0,,,02/17/2026,02/17/2026,2025-01-01,2026-02-17,2026-02-17,False,,567.0,False,False,2025-01
2274,2025,1,Occurrence,Race-Ethnicity,Hawaiian/Pacific Islander,HTD,Diseases of heart,ICD-10,38.0,,,02/17/2026,02/17/2026,2025-01-01,2026-02-17,2026-02-17,False,,38.0,False,False,2025-01
2275,2025,1,Occurrence,Race-Ethnicity,Hispanic,HTD,Diseases of heart,ICD-10,1335.0,,,02/17/2026,02/17/2026,2025-01-01,2026-02-17,2026-02-17,False,,1335.0,False,False,2025-01
2276,2025,1,Occurrence,Race-Ethnicity,Multi-Race,HTD,Diseases of heart,ICD-10,52.0,,,02/17/2026,02/17/2026,2025-01-01,2026-02-17,2026-02-17,False,,52.0,False,False,2025-01
2277,2025,1,Occurrence,Race-Ethnicity,White,HTD,Diseases of heart,ICD-10,3740.0,,,02/17/2026,02/17/2026,2025-01-01,2026-02-17,2026-02-17,False,,3740.0,False,False,2025-01
2278,2025,1,Occurrence,Race-Ethnicity,Other/Unknown,HTD,Diseases of heart,ICD-10,70.0,,,02/17/2026,02/17/2026,2025-01-01,2026-02-17,2026-02-17,False,,70.0,False,False,2025-01
2282,2025,1,Occurrence,Race-Ethnicity,American Indian/Alaska Native,HYP,Essential hypertension and hypertensive renal disease,ICD-10,,1,Cell suppressed for small numbers,02/17/2026,02/17/2026,2025-01-01,2026-02-17,2026-02-17,True,Cell suppressed for small numbers,,False,False,2025-01
2283,2025,1,Occurrence,Race-Ethnicity,Asian,HYP,Essential hypertension and hypertensive renal disease,ICD-10,116.0,,,02/17/2026,02/17/2026,2025-01-01,2026-02-17,2026-02-17,False,,116.0,False,False,2025-01
2284,2025,1,Occurrence,Race-Ethnicity,Black,HYP,Essential hypertension and hypertensive renal disease,ICD-10,77.0,,,02/17/2026,02/17/2026,2025-01-01,2026-02-17,2026-02-17,False,,77.0,False,False,2025-01
2285,2025,1,Occurrence,Race-Ethnicity,Hawaiian/Pacific Islander,HYP,Essential hypertension and hypertensive renal disease,ICD-10,,1,Cell suppressed for small numbers,02/17/2026,02/17/2026,2025-01-01,2026-02-17,2026-02-17,True,Cell suppressed for small numbers,,False,False,2025-01
2286,2025,1,Occurrence,Race-Ethnicity,Hispanic,HYP,Essential hypertension and hypertensive renal disease,ICD-10,144.0,,,02/17/2026,02/17/2026,2025-01-01,2026-02-17,2026-02-17,False,,144.0,False,False,2025-01
2287,2025,1,Occurrence,Race-Ethnicity,Multi-Race,HYP,Essential hypertension and hypertensive renal disease,ICD-10,,1,Cell suppressed for small numbers,02/17/2026,02/17/2026,2025-01-01,2026-02-17,2026-02-17,True,Cell suppressed for small numbers,,False,False,2025-01
2288,2025,1,Occurrence,Race-Ethnicity,White,HYP,Essential hypertension and hypertensive renal disease,ICD-10,304.0,,,02/17/2026,02/17/2026,2025-01-01,2026-02-17,2026-02-17,False,,304.0,False,False,2025-01
2289,2025,1,Occurrence,Race-Ethnicity,Other/Unknown,HYP,Essential hypertension and hypertensive renal disease,ICD-10,13.0,,,02/17/2026,02/17/2026,2025-01-01,2026-02-17,2026-02-17,False,,13.0,False,False,2025-01
2293,2025,1,Occurrence,Race-Ethnicity,American Indian/Alaska Native,INJ,Accidents (unintentional injuries),ICD-10,,2,Cell suppressed for complementary cell,02/17/2026,02/17/2026,2025-01-01,2026-02-17,2026-02-17,True,Cell suppressed for complementary cell,,False,False,2025-01
2294,2025,1,Occurrence,Race-Ethnicity,Asian,INJ,Accidents (unintentional injuries),ICD-10,111.0,,,02/17/2026,02/17/2026,2025-01-01,2026-02-17,2026-02-17,False,,111.0,False,False,2025-01
2295,2025,1,Occurrence,Race-Ethnicity,Black,INJ,Accidents (unintentional injuries),ICD-10,189.0,,,02/17/2026,02/17/2026,2025-01-01,2026-02-17,2026-02-17,False,,189.0,False,False,2025-01
2296,2025,1,Occurrence,Race-Ethnicity,Hawaiian/Pacific Islander,INJ,Accidents (unintentional injuries),ICD-10,,1,Cell suppressed for small numbers,02/17/2026,02/17/2026,2025-01-01,2026-02-17,2026-02-17,True,Cell suppressed for small numbers,,False,False,2025-01
2297,2025,1,Occurrence,Race-Ethnicity,Hispanic,INJ,Accidents (unintentional injuries),ICD-10,509.0,,,02/17/2026,02/17/2026,2025-01-01,2026-02-17,2026-02-17,False,,509.0,False,False,2025-01
2298,2025,1,Occurrence,Race-Ethnicity,Multi-Race,INJ,Accidents (unintentional injuries),ICD-10,29.0,,,02/17/2026,02/17/2026,2025-01-01,2026-02-17,2026-02-17,False,,29.0,False,False,2025-01
2299,2025,1,Occurrence,Race-Ethnicity,White,INJ,Accidents (unintentional injuries),ICD-10,799.0,,,02/17/2026,02/17/2026,2025-01-01,2026-02-17,2026-02-17,False,,799.0,False,False,2025-01
2300,2025,1,Occurrence,Race-Ethnicity,Other/Unknown,INJ,Accidents (unintentional injuries),ICD-10,42.0,,,02/17/2026,02/17/2026,2025-01-01,2026-02-17,2026-02-17,False,,42.0,False,False,2025-01
2304,2025,1,Occurrence,Race-Ethnicity,American Indian/Alaska Native,LIV,Chronic liver disease and cirrhosis,ICD-10,,1,Cell suppressed for small numbers,02/17/2026,02/17/2026,2025-01-01,2026-02-17,2026-02-17,True,Cell suppressed for small numbers,,False,False,2025-01
2305,2025,1,Occurrence,Race-Ethnicity,Asian,LIV,Chronic liver disease and cirrhosis,ICD-10,29.0,,,02/17/2026,02/17/2026,2025-01-01,2026-02-17,2026-02-17,False,,29.0,False,False,2025-01
2306,2025,1,Occurrence,Race-Ethnicity,Black,LIV,Chronic liver disease and cirrhosis,ICD-10,31.0,,,02/17/2026,02/17/2026,2025-01-01,2026-02-17,2026-02-17,False,,31.0,False,False,2025-01
2307,2025,1,Occurrence,Race-Ethnicity,Hawaiian/Pacific Islander,LIV,Chronic liver disease and cirrhosis,ICD-10,,1,Cell suppressed for small numbers,02/17/2026,02/17/2026,2025-01-01,2026-02-17,2026-02-17,True,Cell suppressed for small numbers,,False,False,2025-01
2308,2025,1,Occurrence,Race-Ethnicity,Hispanic,LIV,Chronic liver disease and cirrhosis,ICD-10,302.0,,,02/17/2026,02/17/2026,2025-01-01,2026-02-17,2026-02-17,False,,302.0,False,False,2025-01
2309,2025,1,Occurrence,Race-Ethnicity,Multi-Race,LIV,Chronic liver disease and cirrhosis,ICD-10,,1,Cell suppressed for small numbers,02/17/2026,02/17/2026,2025-01-01,2026-02-17,2026-02-17,True,Cell suppressed for small numbers,,False,False,2025-01
2310,2025,1,Occurrence,Race-Ethnicity,White,LIV,Chronic liver disease and cirrhosis,ICD-10,251.0,,,02/17/2026,02/17/2026,2025-01-01,2026-02-17,2026-02-17,False,,251.0,False,False,2025-01
2311,2025,1,Occurrence,Race-Ethnicity,Other/Unknown,LIV,Chronic liver disease and cirrhosis,ICD-10,,1,Cell suppressed for small numbers,02/17/2026,02/17/2026,2025-01-01,2026-02-17,2026-02-17,True,Cell suppressed for small numbers,,False,False,2025-01
2315,2025,1,Occurrence,Race-Ethnicity,American Indian/Alaska Native,NEP,"Nephritis, nephrotic syndrome and nephrosis",ICD-10,,1,Cell suppressed for small numbers,02/17/2026,02/17/2026,2025-01-01,2026-02-17,2026-02-17,True,Cell suppressed for small numbers,,False,False,2025-01
2316,2025,1,Occurrence,Race-Ethnicity,Asian,NEP,"Nephritis, nephrotic syndrome and nephrosis",ICD-10,75.0,,,02/17/2026,02/17/2026,2025-01-01,2026-02-17,2026-02-17,False,,75.0,False,False,2025-01
2317,2025,1,Occurrence,Race-Ethnicity,Black,NEP,"Nephritis, nephrotic syndrome and nephrosis",ICD-10,55.0,,,02/17/2026,02/17/2026,2025-01-01,2026-02-17,2026-02-17,False,,55.0,False,False,2025-01
2318,2025,1,Occurrence,Race-Ethnicity,Hawaiian/Pacific Islander,NEP,"Nephritis, nephrotic syndrome and nephrosis",ICD-10,,1,Cell suppressed for small numbers,02/17/2026,02/17/2026,2025-01-01,2026-02-17,2026-02-17,True,Cell suppressed for small numbers,,False,False,2025-01
2319,2025,1,Occurrence,Race-Ethnicity,Hispanic,NEP,"Nephritis, nephrotic syndrome and nephrosis",ICD-10,149.0,,,02/17/2026,02/17/2026,2025-01-01,2026-02-17,2026-02-17,False,,149.0,False,False,2025-01
2320,2025,1,Occurrence,Race-Ethnicity,Multi-Race,NEP,"Nephritis, nephrotic syndrome and nephrosis",ICD-10,,1,Cell suppressed for small numbers,02/17/2026,02/17/2026,2025-01-01,2026-02-17,2026-02-17,True,Cell suppressed for small numbers,,False,False,2025-01
2321,2025,1,Occurrence,Race-Ethnicity,White,NEP,"Nephritis, nephrotic syndrome and nephrosis",ICD-10,195.0,,,02/17/2026,02/17/2026,2025-01-01,2026-02-17,2026-02-17,False,,195.0,False,False,2025-01
2322,2025,1,Occurrence,Race-Ethnicity,Other/Unknown,NEP,"Nephritis, nephrotic syndrome and nephrosis",ICD-10,,1,Cell suppressed for small numbers,02/17/2026,02/17/2026,2025-01-01,2026-02-17,2026-02-17,True,Cell suppressed for small numbers,,False,False,2025-01
2326,2025,1,Occurrence,Race-Ethnicity,American Indian/Alaska Native,PAR,Parkinson's disease,ICD-10,,1,Cell suppressed for small numbers,02/17/2026,02/17/2026,2025-01-01,2026-02-17,2026-02-17,True,Cell suppressed for small numbers,,False,False,2025-01
2327,2025,1,Occurrence,Race-Ethnicity,Asian,PAR,Parkinson's disease,ICD-10,57.0,,,02/17/2026,02/17/2026,2025-01-01,2026-02-17,2026-02-17,False,,57.0,False,False,2025-01
2328,2025,1,Occurrence,Race-Ethnicity,Black,PAR,Parkinson's disease,ICD-10,16.0,,,02/17/2026,02/17/2026,2025-01-01,2026-02-17,2026-02-17,False,,16.0,False,False,2025-01
2329,2025,1,Occurrence,Race-Ethnicity,Hawaiian/Pacific Islander,PAR,Parkinson's disease,ICD-10,0.0,,,02/17/2026,02/17/2026,2025-01-01,2026-02-17,2026-02-17,False,,0.0,False,False,2025-01
2330,2025,1,Occurrence,Race-Ethnicity,Hispanic,PAR,Parkinson's disease,ICD-10,63.0,,,02/17/2026,02/17/2026,2025-01-01,2026-02-17,2026-02-17,False,,63.0,False,False,2025-01
2331,2025,1,Occurrence,Race-Ethnicity,Multi-Race,PAR,Parkinson's disease,ICD-10,,1,Cell suppressed for small numbers,02/17/2026,02/17/2026,2025-01-01,2026-02-17,2026-02-17,True,Cell suppressed for small numbers,,False,False,2025-01
2332,2025,1,Occurrence,Race-Ethnicity,White,PAR,Parkinson's disease,ICD-10,285.0,,,02/17/2026,02/17/2026,2025-01-01,2026-02-17,2026-02-17,False,,285.0,False,False,2025-01
2333,2025,1,Occurrence,Race-Ethnicity,Other/Unknown,PAR,Parkinson's disease,ICD-10,,1,Cell suppressed for small numbers,02/17/2026,02/17/2026,2025-01-01,2026-02-17,2026-02-17,True,Cell suppressed for small numbers,,False,False,2025-01
2337,2025,1,Occurrence,Race-Ethnicity,American Indian/Alaska Native,PNF,Influenza and pneumonia,ICD-10,,1,Cell suppressed for small numbers,02/17/2026,02/17/2026,2025-01-01,2026-02-17,2026-02-17,True,Cell suppressed for small numbers,,False,False,2025-01
2338,2025,1,Occurrence,Race-Ethnicity,Asian,PNF,Influenza and pneumonia,ICD-10,176.0,,,02/17/2026,02/17/2026,2025-01-01,2026-02-17,2026-02-17,False,,176.0,False,False,2025-01
2339,2025,1,Occurrence,Race-Ethnicity,Black,PNF,Influenza and pneumonia,ICD-10,68.0,,,02/17/2026,02/17/2026,2025-01-01,2026-02-17,2026-02-17,False,,68.0,False,False,2025-01
2340,2025,1,Occurrence,Race-Ethnicity,Hawaiian/Pacific Islander,PNF,Influenza and pneumonia,ICD-10,,1,Cell suppressed for small numbers,02/17/2026,02/17/2026,2025-01-01,2026-02-17,2026-02-17,True,Cell suppressed for small numbers,,False,False,2025-01
2341,2025,1,Occurrence,Race-Ethnicity,Hispanic,PNF,Influenza and pneumonia,ICD-10,306.0,,,02/17/2026,02/17/2026,2025-01-01,2026-02-17,2026-02-17,False,,306.0,False,False,2025-01
2342,2025,1,Occurrence,Race-Ethnicity,Multi-Race,PNF,Influenza and pneumonia,ICD-10,,1,Cell suppressed for small numbers,02/17/2026,02/17/2026,2025-01-01,2026-02-17,2026-02-17,True,Cell suppressed for small numbers,,False,False,2025-01
2343,2025,1,Occurrence,Race-Ethnicity,White,PNF,Influenza and pneumonia,ICD-10,593.0,,,02/17/2026,02/17/2026,2025-01-01,2026-02-17,2026-02-17,False,,593.0,False,False,2025-01
2344,2025,1,Occurrence,Race-Ethnicity,Other/Unknown,PNF,Influenza and pneumonia,ICD-10,23.0,,,02/17/2026,02/17/2026,2025-01-01,2026-02-17,2026-02-17,False,,23.0,False,False,2025-01
2348,2025,1,Occurrence,Race-Ethnicity,American Indian/Alaska Native,STK,Cerebrovascular diseases,ICD-10,,1,Cell suppressed for small numbers,02/17/2026,02/17/2026,2025-01-01,2026-02-17,2026-02-17,True,Cell suppressed for small numbers,,False,False,2025-01
2349,2025,1,Occurrence,Race-Ethnicity,Asian,STK,Cerebrovascular diseases,ICD-10,266.0,,,02/17/2026,02/17/2026,2025-01-01,2026-02-17,2026-02-17,False,,266.0,False,False,2025-01
2350,2025,1,Occurrence,Race-Ethnicity,Black,STK,Cerebrovascular diseases,ICD-10,124.0,,,02/17/2026,02/17/2026,2025-01-01,2026-02-17,2026-02-17,False,,124.0,False,False,2025-01
2351,2025,1,Occurrence,Race-Ethnicity,Hawaiian/Pacific Islander,STK,Cerebrovascular diseases,ICD-10,,1,Cell suppressed for small numbers,02/17/2026,02/17/2026,2025-01-01,2026-02-17,2026-02-17,True,Cell suppressed for small numbers,,False,False,2025-01
2352,2025,1,Occurrence,Race-Ethnicity,Hispanic,STK,Cerebrovascular diseases,ICD-10,374.0,,,02/17/2026,02/17/2026,2025-01-01,2026-02-17,2026-02-17,False,,374.0,False,False,2025-01
2353,2025,1,Occurrence,Race-Ethnicity,Multi-Race,STK,Cerebrovascular diseases,ICD-10,15.0,,,02/17/2026,02/17/2026,2025-01-01,2026-02-17,2026-02-17,False,,15.0,False,False,2025-01
2354,2025,1,Occurrence,Race-Ethnicity,White,STK,Cerebrovascular diseases,ICD-10,890.0,,,02/17/2026,02/17/2026,2025-01-01,2026-02-17,2026-02-17,False,,890.0,False,False,2025-01
2355,2025,1,Occurrence,Race-Ethnicity,Other/Unknown,STK,Cerebrovascular diseases,ICD-10,15.0,,,02/17/2026,02/17/2026,2025-01-01,2026-02-17,2026-02-17,False,,15.0,False,False,2025-01
2359,2025,1,Occurrence,Race-Ethnicity,American Indian/Alaska Native,SUI,Intentional self-harm (suicide),ICD-10,,1,Cell suppressed for small numbers,02/17/2026,02/17/2026,2025-01-01,2026-02-17,2026-02-17,True,Cell suppressed for small numbers,,False,False,2025-01
2360,2025,1,Occurrence,Race-Ethnicity,Asian,SUI,Intentional self-harm (suicide),ICD-10,36.0,,,02/17/2026,02/17/2026,2025-01-01,2026-02-17,2026-02-17,False,,36.0,False,False,2025-01
2361,2025,1,Occurrence,Race-Ethnicity,Black,SUI,Intentional self-harm (suicide),ICD-10,18.0,,,02/17/2026,02/17/2026,2025-01-01,2026-02-17,2026-02-17,False,,18.0,False,False,2025-01
2362,2025,1,Occurrence,Race-Ethnicity,Hawaiian/Pacific Islander,SUI,Intentional self-harm (suicide),ICD-10,0.0,,,02/17/2026,02/17/2026,2025-01-01,2026-02-17,2026-02-17,False,,0.0,False,False,2025-01
2363,2025,1,Occurrence,Race-Ethnicity,Hispanic,SUI,Intentional self-harm (suicide),ICD-10,93.0,,,02/17/2026,02/17/2026,2025-01-01,2026-02-17,2026-02-17,False,,93.0,False,False,2025-01
2364,2025,1,Occurrence,Race-Ethnicity,Multi-Race,SUI,Intentional self-harm (suicide),ICD-10,14.0,,,02/17/2026,02/17/2026,2025-01-01,2026-02-17,2026-02-17,False,,14.0,False,False,2025-01
2365,2025,1,Occurrence,Race-Ethnicity,White,SUI,Intentional self-harm (suicide),ICD-10,175.0,,,02/17/2026,02/17/2026,2025-01-01,2026-02-17,2026-02-17,False,,175.0,False,False,2025-01
2366,2025,1,Occurrence,Race-Ethnicity,Other/Unknown,SUI,Intentional self-harm (suicide),ICD-10,,1,Cell suppressed for small numbers,02/17/2026,02/17/2026,2025-01-01,2026-02-17,2026-02-17,True,Cell suppressed for small numbers,,False,False,2025-01
2387,2025,2,Occurrence,Race-Ethnicity,American Indian/Alaska Native,ALL,All causes (total),ICD-10,105.0,,,02/17/2026,02/17/2026,2025-02-01,2026-02-17,2026-02-17,False,,105.0,False,True,2025-02
2388,2025,2,Occurrence,Race-Ethnicity,Asian,ALL,All causes (total),ICD-10,3032.0,,,02/17/2026,02/17/2026,2025-02-01,2026-02-17,2026-02-17,False,,3032.0,False,True,2025-02
2389,2025,2,Occurrence,Race-Ethnicity,Black,ALL,All causes (total),ICD-10,1814.0,,,02/17/2026,02/17/2026,2025-02-01,2026-02-17,2026-02-17,False,,1814.0,False,True,2025-02
2390,2025,2,Occurrence,Race-Ethnicity,Hawaiian/Pacific Islander,ALL,All causes (total),ICD-10,110.0,,,02/17/2026,02/17/2026,2025-02-01,2026-02-17,2026-02-17,False,,110.0,False,True,2025-02
2391,2025,2,Occurrence,Race-Ethnicity,Hispanic,ALL,All causes (total),ICD-10,5680.0,,,02/17/2026,02/17/2026,2025-02-01,2026-02-17,2026-02-17,False,,5680.0,False,True,2025-02
2392,2025,2,Occurrence,Race-Ethnicity,Multi-Race,ALL,All causes (total),ICD-10,244.0,,,02/17/2026,02/17/2026,2025-02-01,2026-02-17,2026-02-17,False,,244.0,False,True,2025-02
2393,2025,2,Occurrence,Race-Ethnicity,White,ALL,All causes (total),ICD-10,13803.0,,,02/17/2026,02/17/2026,2025-02-01,2026-02-17,2026-02-17,False,,13803.0,False,True,2025-02
2394,2025,2,Occurrence,Race-Ethnicity,Other/Unknown,ALL,All causes (total),ICD-10,239.0,,,02/17/2026,02/17/2026,2025-02-01,2026-02-17,2026-02-17,False,,239.0,False,True,2025-02
2398,2025,2,Occurrence,Race-Ethnicity,American Indian/Alaska Native,ALZ,Alzheimer's disease,ICD-10,,1,Cell suppressed for small numbers,02/17/2026,02/17/2026,2025-02-01,2026-02-17,2026-02-17,True,Cell suppressed for small numbers,,False,False,2025-02
2399,2025,2,Occurrence,Race-Ethnicity,Asian,ALZ,Alzheimer's disease,ICD-10,167.0,,,02/17/2026,02/17/2026,2025-02-01,2026-02-17,2026-02-17,False,,167.0,False,False,2025-02
2400,2025,2,Occurrence,Race-Ethnicity,Black,ALZ,Alzheimer's disease,ICD-10,72.0,,,02/17/2026,02/17/2026,2025-02-01,2026-02-17,2026-02-17,False,,72.0,False,False,2025-02
2401,2025,2,Occurrence,Race-Ethnicity,Hawaiian/Pacific Islander,ALZ,Alzheimer's disease,ICD-10,,1,Cell suppressed for small numbers,02/17/2026,02/17/2026,2025-02-01,2026-02-17,2026-02-17,True,Cell suppressed for small numbers,,False,False,2025-02
2402,2025,2,Occurrence,Race-Ethnicity,Hispanic,ALZ,Alzheimer's disease,ICD-10,246.0,,,02/17/2026,02/17/2026,2025-02-01,2026-02-17,2026-02-17,False,,246.0,False,False,2025-02
2403,2025,2,Occurrence,Race-Ethnicity,Multi-Race,ALZ,Alzheimer's disease,ICD-10,16.0,,,02/17/2026,02/17/2026,2025-02-01,2026-02-17,2026-02-17,False,,16.0,False,False,2025-02
2404,2025,2,Occurrence,Race-Ethnicity,White,ALZ,Alzheimer's disease,ICD-10,927.0,,,02/17/2026,02/17/2026,2025-02-01,2026-02-17,2026-02-17,False,,927.0,False,False,2025-02
2405,2025,2,Occurrence,Race-Ethnicity,Other/Unknown,ALZ,Alzheimer's disease,ICD-10,,1,Cell suppressed for small numbers,02/17/2026,02/17/2026,2025-02-01,2026-02-17,2026-02-17,True,Cell suppressed for small numbers,,False,False,2025-02
2409,2025,2,Occurrence,Race-Ethnicity,American Indian/Alaska Native,CAN,Malignant neoplasms,ICD-10,21.0,,,02/17/2026,02/17/2026,2025-02-01,2026-02-17,2026-02-17,False,,21.0,False,False,2025-02
2410,2025,2,Occurrence,Race-Ethnicity,Asian,CAN,Malignant neoplasms,ICD-10,626.0,,,02/17/2026,02/17/2026,2025-02-01,2026-02-17,2026-02-17,False,,626.0,False,False,2025-02
2411,2025,2,Occurrence,Race-Ethnicity,Black,CAN,Malignant neoplasms,ICD-10,326.0,,,02/17/2026,02/17/2026,2025-02-01,2026-02-17,2026-02-17,False,,326.0,False,False,2025-02
2412,2025,2,Occurrence,Race-Ethnicity,Hawaiian/Pacific Islander,CAN,Malignant neoplasms,ICD-10,13.0,,,02/17/2026,02/17/2026,2025-02-01,2026-02-17,2026-02-17,False,,13.0,False,False,2025-02
2413,2025,2,Occurrence,Race-Ethnicity,Hispanic,CAN,Malignant neoplasms,ICD-10,1058.0,,,02/17/2026,02/17/2026,2025-02-01,2026-02-17,2026-02-17,False,,1058.0,False,False,2025-02
2414,2025,2,Occurrence,Race-Ethnicity,Multi-Race,CAN,Malignant neoplasms,ICD-10,51.0,,,02/17/2026,02/17/2026,2025-02-01,2026-02-17,2026-02-17,False,,51.0,False,False,2025-02
2415,2025,2,Occurrence,Race-Ethnicity,White,CAN,Malignant neoplasms,ICD-10,2682.0,,,02/17/2026,02/17/2026,2025-02-01,2026-02-17,2026-02-17,False,,2682.0,False,False,2025-02
2416,2025,2,Occurrence,Race-Ethnicity,Other/Unknown,CAN,Malignant neoplasms,ICD-10,37.0,,,02/17/2026,02/17/2026,2025-02-01,2026-02-17,2026-02-17,False,,37.0,False,False,2025-02
2420,2025,2,Occurrence,Race-Ethnicity,American Indian/Alaska Native,CLD,Chronic lower respiratory diseases,ICD-10,,1,Cell suppressed for small numbers,02/17/2026,02/17/2026,2025-02-01,2026-02-17,2026-02-17,True,Cell suppressed for small numbers,,False,False,2025-02
2421,2025,2,Occurrence,Race-Ethnicity,Asian,CLD,Chronic lower respiratory diseases,ICD-10,85.0,,,02/17/2026,02/17/2026,2025-02-01,2026-02-17,2026-02-17,False,,85.0,False,False,2025-02
2422,2025,2,Occurrence,Race-Ethnicity,Black,CLD,Chronic lower respiratory diseases,ICD-10,66.0,,,02/17/2026,02/17/2026,2025-02-01,2026-02-17,2026-02-17,False,,66.0,False,False,2025-02
2423,2025,2,Occurrence,Race-Ethnicity,Hawaiian/Pacific Islander,CLD,Chronic lower respiratory diseases,ICD-10,,1,Cell suppressed for small numbers,02/17/2026,02/17/2026,2025-02-01,2026-02-17,2026-02-17,True,Cell suppressed for small numbers,,False,False,2025-02
2424,2025,2,Occurrence,Race-Ethnicity,Hispanic,CLD,Chronic lower respiratory diseases,ICD-10,147.0,,,02/17/2026,02/17/2026,2025-02-01,2026-02-17,2026-02-17,False,,147.0,False,False,2025-02
2425,2025,2,Occurrence,Race-Ethnicity,Multi-Race,CLD,Chronic lower respiratory diseases,ICD-10,14.0,,,02/17/2026,02/17/2026,2025-02-01,2026-02-17,2026-02-17,False,,14.0,False,False,2025-02
2426,2025,2,Occurrence,Race-Ethnicity,White,CLD,Chronic lower respiratory diseases,ICD-10,768.0,,,02/17/2026,02/17/2026,2025-02-01,2026-02-17,2026-02-17,False,,768.0,False,False,2025-02
2427,2025,2,Occurrence,Race-Ethnicity,Other/Unknown,CLD,Chronic lower respiratory diseases,ICD-10,21.0,,,02/17/2026,02/17/2026,2025-02-01,2026-02-17,2026-02-17,False,,21.0,False,False,2025-02
2431,2025,2,Occurrence,Race-Ethnicity,American Indian/Alaska Native,DIA,Diabetes mellitus,ICD-10,,1,Cell suppressed for small numbers,02/17/2026,02/17/2026,2025-02-01,2026-02-17,2026-02-17,True,Cell suppressed for small numbers,,False,False,2025-02
2432,2025,2,Occurrence,Race-Ethnicity,Asian,DIA,Diabetes mellitus,ICD-10,157.0,,,02/17/2026,02/17/2026,2025-02-01,2026-02-17,2026-02-17,False,,157.0,False,False,2025-02
2433,2025,2,Occurrence,Race-Ethnicity,Black,DIA,Diabetes mellitus,ICD-10,85.0,,,02/17/2026,02/17/2026,2025-02-01,2026-02-17,2026-02-17,False,,85.0,False,False,2025-02
2434,2025,2,Occurrence,Race-Ethnicity,Hawaiian/Pacific Islander,DIA,Diabetes mellitus,ICD-10,,1,Cell suppressed for small numbers,02/17/2026,02/17/2026,2025-02-01,2026-02-17,2026-02-17,True,Cell suppressed for small numbers,,False,False,2025-02
2435,2025,2,Occurrence,Race-Ethnicity,Hispanic,DIA,Diabetes mellitus,ICD-10,361.0,,,02/17/2026,02/17/2026,2025-02-01,2026-02-17,2026-02-17,False,,361.0,False,False,2025-02
2436,2025,2,Occurrence,Race-Ethnicity,Multi-Race,DIA,Diabetes mellitus,ICD-10,,1,Cell suppressed for small numbers,02/17/2026,02/17/2026,2025-02-01,2026-02-17,2026-02-17,True,Cell suppressed for small numbers,,False,False,2025-02
2437,2025,2,Occurrence,Race-Ethnicity,White,DIA,Diabetes mellitus,ICD-10,379.0,,,02/17/2026,02/17/2026,2025-02-01,2026-02-17,2026-02-17,False,,379.0,False,False,2025-02
2438,2025,2,Occurrence,Race-Ethnicity,Other/Unknown,DIA,Diabetes mellitus,ICD-10,11.0,,,02/17/2026,02/17/2026,2025-02-01,2026-02-17,2026-02-17,False,,11.0,False,False,2025-02
2442,2025,2,Occurrence,Race-Ethnicity,American Indian/Alaska Native,HOM,Assault (homicide),ICD-10,,1,Cell suppressed for small numbers,02/17/2026,02/17/2026,2025-02-01,2026-02-17,2026-02-17,True,Cell suppressed for small numbers,,False,False,2025-02
2443,2025,2,Occurrence,Race-Ethnicity,Asian,HOM,Assault (homicide),ICD-10,,1,Cell suppressed for small numbers,02/17/2026,02/17/2026,2025-02-01,2026-02-17,2026-02-17,True,Cell suppressed for small numbers,,False,False,2025-02
2444,2025,2,Occurrence,Race-Ethnicity,Black,HOM,Assault (homicide),ICD-10,25.0,,,02/17/2026,02/17/2026,2025-02-01,2026-02-17,2026-02-17,False,,25.0,False,False,2025-02
2445,2025,2,Occurrence,Race-Ethnicity,Hawaiian/Pacific Islander,HOM,Assault (homicide),ICD-10,0.0,,,02/17/2026,02/17/2026,2025-02-01,2026-02-17,2026-02-17,False,,0.0,False,False,2025-02
2446,2025,2,Occurrence,Race-Ethnicity,Hispanic,HOM,Assault (homicide),ICD-10,59.0,,,02/17/2026,02/17/2026,2025-02-01,2026-02-17,2026-02-17,False,,59.0,False,False,2025-02
2447,2025,2,Occurrence,Race-Ethnicity,Multi-Race,HOM,Assault (homicide),ICD-10,,1,Cell suppressed for small numbers,02/17/2026,02/17/2026,2025-02-01,2026-02-17,2026-02-17,True,Cell suppressed for small numbers,,False,False,2025-02
2448,2025,2,Occurrence,Race-Ethnicity,White,HOM,Assault (homicide),ICD-10,20.0,,,02/17/2026,02/17/2026,2025-02-01,2026-02-17,2026-02-17,False,,20.0,False,False,2025-02
2449,2025,2,Occurrence,Race-Ethnicity,Other/Unknown,HOM,Assault (homicide),ICD-10,0.0,,,02/17/2026,02/17/2026,2025-02-01,2026-02-17,2026-02-17,False,,0.0,False,False,2025-02
2453,2025,2,Occurrence,Race-Ethnicity,American Indian/Alaska Native,HTD,Diseases of heart,ICD-10,19.0,,,02/17/2026,02/17/2026,2025-02-01,2026-02-17,2026-02-17,False,,19.0,False,False,2025-02
2454,2025,2,Occurrence,Race-Ethnicity,Asian,HTD,Diseases of heart,ICD-10,676.0,,,02/17/2026,02/17/2026,2025-02-01,2026-02-17,2026-02-17,False,,676.0,False,False,2025-02
2455,2025,2,Occurrence,Race-Ethnicity,Black,HTD,Diseases of heart,ICD-10,447.0,,,02/17/2026,02/17/2026,2025-02-01,2026-02-17,2026-02-17,False,,447.0,False,False,2025-02
2456,2025,2,Occurrence,Race-Ethnicity,Hawaiian/Pacific Islander,HTD,Diseases of heart,ICD-10,29.0,,,02/17/2026,02/17/2026,2025-02-01,2026-02-17,2026-02-17,False,,29.0,False,False,2025-02
2457,2025,2,Occurrence,Race-Ethnicity,Hispanic,HTD,Diseases of heart,ICD-10,1074.0,,,02/17/2026,02/17/2026,2025-02-01,2026-02-17,2026-02-17,False,,1074.0,False,False,2025-02
2458,2025,2,Occurrence,Race-Ethnicity,Multi-Race,HTD,Diseases of heart,ICD-10,46.0,,,02/17/2026,02/17/2026,2025-02-01,2026-02-17,2026-02-17,False,,46.0,False,False,2025-02
2459,2025,2,Occurrence,Race-Ethnicity,White,HTD,Diseases of heart,ICD-10,3248.0,,,02/17/2026,02/17/2026,2025-02-01,2026-02-17,2026-02-17,False,,3248.0,False,False,2025-02
2460,2025,2,Occurrence,Race-Ethnicity,Other/Unknown,HTD,Diseases of heart,ICD-10,62.0,,,02/17/2026,02/17/2026,2025-02-01,2026-02-17,2026-02-17,False,,62.0,False,False,2025-02
2464,2025,2,Occurrence,Race-Ethnicity,American Indian/Alaska Native,HYP,Essential hypertension and hypertensive renal disease,ICD-10,,1,Cell suppressed for small numbers,02/17/2026,02/17/2026,2025-02-01,2026-02-17,2026-02-17,True,Cell suppressed for small numbers,,False,False,2025-02
2465,2025,2,Occurrence,Race-Ethnicity,Asian,HYP,Essential hypertension and hypertensive renal disease,ICD-10,89.0,,,02/17/2026,02/17/2026,2025-02-01,2026-02-17,2026-02-17,False,,89.0,False,False,2025-02
2466,2025,2,Occurrence,Race-Ethnicity,Black,HYP,Essential hypertension and hypertensive renal disease,ICD-10,63.0,,,02/17/2026,02/17/2026,2025-02-01,2026-02-17,2026-02-17,False,,63.0,False,False,2025-02
2467,2025,2,Occurrence,Race-Ethnicity,Hawaiian/Pacific Islander,HYP,Essential hypertension and hypertensive renal disease,ICD-10,,1,Cell suppressed for small numbers,02/17/2026,02/17/2026,2025-02-01,2026-02-17,2026-02-17,True,Cell suppressed for small numbers,,False,False,2025-02
2468,2025,2,Occurrence,Race-Ethnicity,Hispanic,HYP,Essential hypertension and hypertensive renal disease,ICD-10,108.0,,,02/17/2026,02/17/2026,2025-02-01,2026-02-17,2026-02-17,False,,108.0,False,False,2025-02
2469,2025,2,Occurrence,Race-Ethnicity,Multi-Race,HYP,Essential hypertension and hypertensive renal disease,ICD-10,,1,Cell suppressed for small numbers,02/17/2026,02/17/2026,2025-02-01,2026-02-17,2026-02-17,True,Cell suppressed for small numbers,,False,False,2025-02
2470,2025,2,Occurrence,Race-Ethnicity,White,HYP,Essential hypertension and hypertensive renal disease,ICD-10,294.0,,,02/17/2026,02/17/2026,2025-02-01,2026-02-17,2026-02-17,False,,294.0,False,False,2025-02
2471,2025,2,Occurrence,Race-Ethnicity,Other/Unknown,HYP,Essential hypertension and hypertensive renal disease,ICD-10,,1,Cell suppressed for small numbers,02/17/2026,02/17/2026,2025-02-01,2026-02-17,2026-02-17,True,Cell suppressed for small numbers,,False,False,2025-02
2475,2025,2,Occurrence,Race-Ethnicity,American Indian/Alaska Native,INJ,Accidents (unintentional injuries),ICD-10,,1,Cell suppressed for small numbers,02/17/2026,02/17/2026,2025-02-01,2026-02-17,2026-02-17,True,Cell suppressed for small numbers,,False,False,2025-02
2476,2025,2,Occurrence,Race-Ethnicity,Asian,INJ,Accidents (unintentional injuries),ICD-10,98.0,,,02/17/2026,02/17/2026,2025-02-01,2026-02-17,2026-02-17,False,,98.0,False,False,2025-02
2477,2025,2,Occurrence,Race-Ethnicity,Black,INJ,Accidents (unintentional injuries),ICD-10,151.0,,,02/17/2026,02/17/2026,2025-02-01,2026-02-17,2026-02-17,False,,151.0,False,False,2025-02
2478,2025,2,Occurrence,Race-Ethnicity,Hawaiian/Pacific Islander,INJ,Accidents (unintentional injuries),ICD-10,,1,Cell suppressed for small numbers,02/17/2026,02/17/2026,2025-02-01,2026-02-17,2026-02-17,True,Cell suppressed for small numbers,,False,False,2025-02
2479,2025,2,Occurrence,Race-Ethnicity,Hispanic,INJ,Accidents (unintentional injuries),ICD-10,496.0,,,02/17/2026,02/17/2026,2025-02-01,2026-02-17,2026-02-17,False,,496.0,False,False,2025-02
2480,2025,2,Occurrence,Race-Ethnicity,Multi-Race,INJ,Accidents (unintentional injuries),ICD-10,28.0,,,02/17/2026,02/17/2026,2025-02-01,2026-02-17,2026-02-17,False,,28.0,False,False,2025-02
2481,2025,2,Occurrence,Race-Ethnicity,White,INJ,Accidents (unintentional injuries),ICD-10,647.0,,,02/17/2026,02/17/2026,2025-02-01,2026-02-17,2026-02-17,False,,647.0,False,False,2025-02
2482,2025,2,Occurrence,Race-Ethnicity,Other/Unknown,INJ,Accidents (unintentional injuries),ICD-10,23.0,,,02/17/2026,02/17/2026,2025-02-01,2026-02-17,2026-02-17,False,,23.0,False,False,2025-02
2486,2025,2,Occurrence,Race-Ethnicity,American Indian/Alaska Native,LIV,Chronic liver disease and cirrhosis,ICD-10,,1,Cell suppressed for small numbers,02/17/2026,02/17/2026,2025-02-01,2026-02-17,2026-02-17,True,Cell suppressed for small numbers,,False,False,2025-02
2487,2025,2,Occurrence,Race-Ethnicity,Asian,LIV,Chronic liver disease and cirrhosis,ICD-10,25.0,,,02/17/2026,02/17/2026,2025-02-01,2026-02-17,2026-02-17,False,,25.0,False,False,2025-02
2488,2025,2,Occurrence,Race-Ethnicity,Black,LIV,Chronic liver disease and cirrhosis,ICD-10,17.0,,,02/17/2026,02/17/2026,2025-02-01,2026-02-17,2026-02-17,False,,17.0,False,False,2025-02
2489,2025,2,Occurrence,Race-Ethnicity,Hawaiian/Pacific Islander,LIV,Chronic liver disease and cirrhosis,ICD-10,,1,Cell suppressed for small numbers,02/17/2026,02/17/2026,2025-02-01,2026-02-17,2026-02-17,True,Cell suppressed for small numbers,,False,False,2025-02
2490,2025,2,Occurrence,Race-Ethnicity,Hispanic,LIV,Chronic liver disease and cirrhosis,ICD-10,227.0,,,02/17/2026,02/17/2026,2025-02-01,2026-02-17,2026-02-17,False,,227.0,False,False,2025-02
2491,2025,2,Occurrence,Race-Ethnicity,Multi-Race,LIV,Chronic liver disease and cirrhosis,ICD-10,,1,Cell suppressed for small numbers,02/17/2026,02/17/2026,2025-02-01,2026-02-17,2026-02-17,True,Cell suppressed for small numbers,,False,False,2025-02
2492,2025,2,Occurrence,Race-Ethnicity,White,LIV,Chronic liver disease and cirrhosis,ICD-10,217.0,,,02/17/2026,02/17/2026,2025-02-01,2026-02-17,2026-02-17,False,,217.0,False,False,2025-02
2493,2025,2,Occurrence,Race-Ethnicity,Other/Unknown,LIV,Chronic liver disease and cirrhosis,ICD-10,,1,Cell suppressed for small numbers,02/17/2026,02/17/2026,2025-02-01,2026-02-17,2026-02-17,True,Cell suppressed for small numbers,,False,False,2025-02
2497,2025,2,Occurrence,Race-Ethnicity,American Indian/Alaska Native,NEP,"Nephritis, nephrotic syndrome and nephrosis",ICD-10,,1,Cell suppressed for small numbers,02/17/2026,02/17/2026,2025-02-01,2026-02-17,2026-02-17,True,Cell suppressed for small numbers,,False,False,2025-02
2498,2025,2,Occurrence,Race-Ethnicity,Asian,NEP,"Nephritis, nephrotic syndrome and nephrosis",ICD-10,85.0,,,02/17/2026,02/17/2026,2025-02-01,2026-02-17,2026-02-17,False,,85.0,False,False,2025-02
2499,2025,2,Occurrence,Race-Ethnicity,Black,NEP,"Nephritis, nephrotic syndrome and nephrosis",ICD-10,44.0,,,02/17/2026,02/17/2026,2025-02-01,2026-02-17,2026-02-17,False,,44.0,False,False,2025-02
2500,2025,2,Occurrence,Race-Ethnicity,Hawaiian/Pacific Islander,NEP,"Nephritis, nephrotic syndrome and nephrosis",ICD-10,,1,Cell suppressed for small numbers,02/17/2026,02/17/2026,2025-02-01,2026-02-17,2026-02-17,True,Cell suppressed for small numbers,,False,False,2025-02
2501,2025,2,Occurrence,Race-Ethnicity,Hispanic,NEP,"Nephritis, nephrotic syndrome and nephrosis",ICD-10,151.0,,,02/17/2026,02/17/2026,2025-02-01,2026-02-17,2026-02-17,False,,151.0,False,False,2025-02
2502,2025,2,Occurrence,Race-Ethnicity,Multi-Race,NEP,"Nephritis, nephrotic syndrome and nephrosis",ICD-10,,1,Cell suppressed for small numbers,02/17/2026,02/17/2026,2025-02-01,2026-02-17,2026-02-17,True,Cell suppressed for small numbers,,False,False,2025-02
2503,2025,2,Occurrence,Race-Ethnicity,White,NEP,"Nephritis, nephrotic syndrome and nephrosis",ICD-10,211.0,,,02/17/2026,02/17/2026,2025-02-01,2026-02-17,2026-02-17,False,,211.0,False,False,2025-02
2504,2025,2,Occurrence,Race-Ethnicity,Other/Unknown,NEP,"Nephritis, nephrotic syndrome and nephrosis",ICD-10,,1,Cell suppressed for small numbers,02/17/2026,02/17/2026,2025-02-01,2026-02-17,2026-02-17,True,Cell suppressed for small numbers,,False,False,2025-02
2508,2025,2,Occurrence,Race-Ethnicity,American Indian/Alaska Native,PAR,Parkinson's disease,ICD-10,,1,Cell suppressed for small numbers,02/17/2026,02/17/2026,2025-02-01,2026-02-17,2026-02-17,True,Cell suppressed for small numbers,,False,False,2025-02
2509,2025,2,Occurrence,Race-Ethnicity,Asian,PAR,Parkinson's disease,ICD-10,50.0,,,02/17/2026,02/17/2026,2025-02-01,2026-02-17,2026-02-17,False,,50.0,False,False,2025-02
2510,2025,2,Occurrence,Race-Ethnicity,Black,PAR,Parkinson's disease,ICD-10,,1,Cell suppressed for small numbers,02/17/2026,02/17/2026,2025-02-01,2026-02-17,2026-02-17,True,Cell suppressed for small numbers,,False,False,2025-02
2511,2025,2,Occurrence,Race-Ethnicity,Hawaiian/Pacific Islander,PAR,Parkinson's disease,ICD-10,,1,Cell suppressed for small numbers,02/17/2026,02/17/2026,2025-02-01,2026-02-17,2026-02-17,True,Cell suppressed for small numbers,,False,False,2025-02
2512,2025,2,Occurrence,Race-Ethnicity,Hispanic,PAR,Parkinson's disease,ICD-10,43.0,,,02/17/2026,02/17/2026,2025-02-01,2026-02-17,2026-02-17,False,,43.0,False,False,2025-02
2513,2025,2,Occurrence,Race-Ethnicity,Multi-Race,PAR,Parkinson's disease,ICD-10,,1,Cell suppressed for small numbers,02/17/2026,02/17/2026,2025-02-01,2026-02-17,2026-02-17,True,Cell suppressed for small numbers,,False,False,2025-02
2514,2025,2,Occurrence,Race-Ethnicity,White,PAR,Parkinson's disease,ICD-10,207.0,,,02/17/2026,02/17/2026,2025-02-01,2026-02-17,2026-02-17,False,,207.0,False,False,2025-02
2515,2025,2,Occurrence,Race-Ethnicity,Other/Unknown,PAR,Parkinson's disease,ICD-10,,1,Cell suppressed for small numbers,02/17/2026,02/17/2026,2025-02-01,2026-02-17,2026-02-17,True,Cell suppressed for small numbers,,False,False,2025-02
2519,2025,2,Occurrence,Race-Ethnicity,American Indian/Alaska Native,PNF,Influenza and pneumonia,ICD-10,,1,Cell suppressed for small numbers,02/17/2026,02/17/2026,2025-02-01,2026-02-17,2026-02-17,True,Cell suppressed for small numbers,,False,False,2025-02
2520,2025,2,Occurrence,Race-Ethnicity,Asian,PNF,Influenza and pneumonia,ICD-10,149.0,,,02/17/2026,02/17/2026,2025-02-01,2026-02-17,2026-02-17,False,,149.0,False,False,2025-02
2521,2025,2,Occurrence,Race-Ethnicity,Black,PNF,Influenza and pneumonia,ICD-10,65.0,,,02/17/2026,02/17/2026,2025-02-01,2026-02-17,2026-02-17,False,,65.0,False,False,2025-02
2522,2025,2,Occurrence,Race-Ethnicity,Hawaiian/Pacific Islander,PNF,Influenza and pneumonia,ICD-10,,1,Cell suppressed for small numbers,02/17/2026,02/17/2026,2025-02-01,2026-02-17,2026-02-17,True,Cell suppressed for small numbers,,False,False,2025-02
2523,2025,2,Occurrence,Race-Ethnicity,Hispanic,PNF,Influenza and pneumonia,ICD-10,230.0,,,02/17/2026,02/17/2026,2025-02-01,2026-02-17,2026-02-17,False,,230.0,False,False,2025-02
2524,2025,2,Occurrence,Race-Ethnicity,Multi-Race,PNF,Influenza and pneumonia,ICD-10,,1,Cell suppressed for small numbers,02/17/2026,02/17/2026,2025-02-01,2026-02-17,2026-02-17,True,Cell suppressed for small numbers,,False,False,2025-02
2525,2025,2,Occurrence,Race-Ethnicity,White,PNF,Influenza and pneumonia,ICD-10,506.0,,,02/17/2026,02/17/2026,2025-02-01,2026-02-17,2026-02-17,False,,506.0,False,False,2025-02
2526,2025,2,Occurrence,Race-Ethnicity,Other/Unknown,PNF,Influenza and pneumonia,ICD-10,,1,Cell suppressed for small numbers,02/17/2026,02/17/2026,2025-02-01,2026-02-17,2026-02-17,True,Cell suppressed for small numbers,,False,False,2025-02
2530,2025,2,Occurrence,Race-Ethnicity,American Indian/Alaska Native,STK,Cerebrovascular diseases,ICD-10,,1,Cell suppressed for small numbers,02/17/2026,02/17/2026,2025-02-01,2026-02-17,2026-02-17,True,Cell suppressed for small numbers,,False,False,2025-02
2531,2025,2,Occurrence,Race-Ethnicity,Asian,STK,Cerebrovascular diseases,ICD-10,251.0,,,02/17/2026,02/17/2026,2025-02-01,2026-02-17,2026-02-17,False,,251.0,False,False,2025-02
2532,2025,2,Occurrence,Race-Ethnicity,Black,STK,Cerebrovascular diseases,ICD-10,118.0,,,02/17/2026,02/17/2026,2025-02-01,2026-02-17,2026-02-17,False,,118.0,False,False,2025-02
2533,2025,2,Occurrence,Race-Ethnicity,Hawaiian/Pacific Islander,STK,Cerebrovascular diseases,ICD-10,,1,Cell suppressed for small numbers,02/17/2026,02/17/2026,2025-02-01,2026-02-17,2026-02-17,True,Cell suppressed for small numbers,,False,False,2025-02
2534,2025,2,Occurrence,Race-Ethnicity,Hispanic,STK,Cerebrovascular diseases,ICD-10,307.0,,,02/17/2026,02/17/2026,2025-02-01,2026-02-17,2026-02-17,False,,307.0,False,False,2025-02
2535,2025,2,Occurrence,Race-Ethnicity,Multi-Race,STK,Cerebrovascular diseases,ICD-10,,1,Cell suppressed for small numbers,02/17/2026,02/17/2026,2025-02-01,2026-02-17,2026-02-17,True,Cell suppressed for small numbers,,False,False,2025-02
2536,2025,2,Occurrence,Race-Ethnicity,White,STK,Cerebrovascular diseases,ICD-10,815.0,,,02/17/2026,02/17/2026,2025-02-01,2026-02-17,2026-02-17,False,,815.0,False,False,2025-02
2537,2025,2,Occurrence,Race-Ethnicity,Other/Unknown,STK,Cerebrovascular diseases,ICD-10,,1,Cell suppressed for small numbers,02/17/2026,02/17/2026,2025-02-01,2026-02-17,2026-02-17,True,Cell suppressed for small numbers,,False,False,2025-02
2541,2025,2,Occurrence,Race-Ethnicity,American Indian/Alaska Native,SUI,Intentional self-harm (suicide),ICD-10,0.0,,,02/17/2026,02/17/2026,2025-02-01,2026-02-17,2026-02-17,False,,0.0,False,False,2025-02
2542,2025,2,Occurrence,Race-Ethnicity,Asian,SUI,Intentional self-harm (suicide),ICD-10,28.0,,,02/17/2026,02/17/2026,2025-02-01,2026-02-17,2026-02-17,False,,28.0,False,False,2025-02
2543,2025,2,Occurrence,Race-Ethnicity,Black,SUI,Intentional self-harm (suicide),ICD-10,17.0,,,02/17/2026,02/17/2026,2025-02-01,2026-02-17,2026-02-17,False,,17.0,False,False,2025-02
2544,2025,2,Occurrence,Race-Ethnicity,Hawaiian/Pacific Islander,SUI,Intentional self-harm (suicide),ICD-10,0.0,,,02/17/2026,02/17/2026,2025-02-01,2026-02-17,2026-02-17,False,,0.0,False,False,2025-02
2545,2025,2,Occurrence,Race-Ethnicity,Hispanic,SUI,Intentional self-harm (suicide),ICD-10,78.0,,,02/17/2026,02/17/2026,2025-02-01,2026-02-17,2026-02-17,False,,78.0,False,False,2025-02
2546,2025,2,Occurrence,Race-Ethnicity,Multi-Race,SUI,Intentional self-harm (suicide),ICD-10,,1,Cell suppressed for small numbers,02/17/2026,02/17/2026,2025-02-01,2026-02-17,2026-02-17,True,Cell suppressed for small numbers,,False,False,2025-02
2547,2025,2,Occurrence,Race-Ethnicity,White,SUI,Intentional self-harm (suicide),ICD-10,163.0,,,02/17/2026,02/17/2026,2025-02-01,2026-02-17,2026-02-17,False,,163.0,False,False,2025-02
2548,2025,2,Occurrence,Race-Ethnicity,Other/Unknown,SUI,Intentional self-harm (suicide),ICD-10,,1,Cell suppressed for small numbers,02/17/2026,02/17/2026,2025-02-01,2026-02-17,2026-02-17,True,Cell suppressed for small numbers,,False,False,2025-02
2569,2025,3,Occurrence,Race-Ethnicity,American Indian/Alaska Native,ALL,All causes (total),ICD-10,137.0,,,02/17/2026,02/17/2026,2025-03-01,2026-02-17,2026-02-17,False,,137.0,False,True,2025-03
2570,2025,3,Occurrence,Race-Ethnicity,Asian,ALL,All causes (total),ICD-10,2900.0,,,02/17/2026,02/17/2026,2025-03-01,2026-02-17,2026-02-17,False,,2900.0,False,True,2025-03
2571,2025,3,Occurrence,Race-Ethnicity,Black,ALL,All causes (total),ICD-10,1967.0,,,02/17/2026,02/17/2026,2025-03-01,2026-02-17,2026-02-17,False,,1967.0,False,True,2025-03
2572,2025,3,Occurrence,Race-Ethnicity,Hawaiian/Pacific Islander,ALL,All causes (total),ICD-10,109.0,,,02/17/2026,02/17/2026,2025-03-01,2026-02-17,2026-02-17,False,,109.0,False,True,2025-03
2573,2025,3,Occurrence,Race-Ethnicity,Hispanic,ALL,All causes (total),ICD-10,5804.0,,,02/17/2026,02/17/2026,2025-03-01,2026-02-17,2026-02-17,False,,5804.0,False,True,2025-03
2574,2025,3,Occurrence,Race-Ethnicity,Multi-Race,ALL,All causes (total),ICD-10,290.0,,,02/17/2026,02/17/2026,2025-03-01,2026-02-17,2026-02-17,False,,290.0,False,True,2025-03
2575,2025,3,Occurrence,Race-Ethnicity,White,ALL,All causes (total),ICD-10,13723.0,,,02/17/2026,02/17/2026,2025-03-01,2026-02-17,2026-02-17,False,,13723.0,False,True,2025-03
2576,2025,3,Occurrence,Race-Ethnicity,Other/Unknown,ALL,All causes (total),ICD-10,226.0,,,02/17/2026,02/17/2026,2025-03-01,2026-02-17,2026-02-17,False,,226.0,False,True,2025-03
2580,2025,3,Occurrence,Race-Ethnicity,American Indian/Alaska Native,ALZ,Alzheimer's disease,ICD-10,,1,Cell suppressed for small numbers,02/17/2026,02/17/2026,2025-03-01,2026-02-17,2026-02-17,True,Cell suppressed for small numbers,,False,False,2025-03
2581,2025,3,Occurrence,Race-Ethnicity,Asian,ALZ,Alzheimer's disease,ICD-10,162.0,,,02/17/2026,02/17/2026,2025-03-01,2026-02-17,2026-02-17,False,,162.0,False,False,2025-03
2582,2025,3,Occurrence,Race-Ethnicity,Black,ALZ,Alzheimer's disease,ICD-10,80.0,,,02/17/2026,02/17/2026,2025-03-01,2026-02-17,2026-02-17,False,,80.0,False,False,2025-03
2583,2025,3,Occurrence,Race-Ethnicity,Hawaiian/Pacific Islander,ALZ,Alzheimer's disease,ICD-10,,1,Cell suppressed for small numbers,02/17/2026,02/17/2026,2025-03-01,2026-02-17,2026-02-17,True,Cell suppressed for small numbers,,False,False,2025-03
2584,2025,3,Occurrence,Race-Ethnicity,Hispanic,ALZ,Alzheimer's disease,ICD-10,270.0,,,02/17/2026,02/17/2026,2025-03-01,2026-02-17,2026-02-17,False,,270.0,False,False,2025-03
2585,2025,3,Occurrence,Race-Ethnicity,Multi-Race,ALZ,Alzheimer's disease,ICD-10,,1,Cell suppressed for small numbers,02/17/2026,02/17/2026,2025-03-01,2026-02-17,2026-02-17,True,Cell suppressed for small numbers,,False,False,2025-03
2586,2025,3,Occurrence,Race-Ethnicity,White,ALZ,Alzheimer's disease,ICD-10,812.0,,,02/17/2026,02/17/2026,2025-03-01,2026-02-17,2026-02-17,False,,812.0,False,False,2025-03
2587,2025,3,Occurrence,Race-Ethnicity,Other/Unknown,ALZ,Alzheimer's disease,ICD-10,,1,Cell suppressed for small numbers,02/17/2026,02/17/2026,2025-03-01,2026-02-17,2026-02-17,True,Cell suppressed for small numbers,,False,False,2025-03
2591,2025,3,Occurrence,Race-Ethnicity,American Indian/Alaska Native,CAN,Malignant neoplasms,ICD-10,24.0,,,02/17/2026,02/17/2026,2025-03-01,2026-02-17,2026-02-17,False,,24.0,False,False,2025-03
2592,2025,3,Occurrence,Race-Ethnicity,Asian,CAN,Malignant neoplasms,ICD-10,668.0,,,02/17/2026,02/17/2026,2025-03-01,2026-02-17,2026-02-17,False,,668.0,False,False,2025-03
2593,2025,3,Occurrence,Race-Ethnicity,Black,CAN,Malignant neoplasms,ICD-10,351.0,,,02/17/2026,02/17/2026,2025-03-01,2026-02-17,2026-02-17,False,,351.0,False,False,2025-03
2594,2025,3,Occurrence,Race-Ethnicity,Hawaiian/Pacific Islander,CAN,Malignant neoplasms,ICD-10,21.0,,,02/17/2026,02/17/2026,2025-03-01,2026-02-17,2026-02-17,False,,21.0,False,False,2025-03
2595,2025,3,Occurrence,Race-Ethnicity,Hispanic,CAN,Malignant neoplasms,ICD-10,1126.0,,,02/17/2026,02/17/2026,2025-03-01,2026-02-17,2026-02-17,False,,1126.0,False,False,2025-03
2596,2025,3,Occurrence,Race-Ethnicity,Multi-Race,CAN,Malignant neoplasms,ICD-10,71.0,,,02/17/2026,02/17/2026,2025-03-01,2026-02-17,2026-02-17,False,,71.0,False,False,2025-03
2597,2025,3,Occurrence,Race-Ethnicity,White,CAN,Malignant neoplasms,ICD-10,2838.0,,,02/17/2026,02/17/2026,2025-03-01,2026-02-17,2026-02-17,False,,2838.0,False,False,2025-03
2598,2025,3,Occurrence,Race-Ethnicity,Other/Unknown,CAN,Malignant neoplasms,ICD-10,37.0,,,02/17/2026,02/17/2026,2025-03-01,2026-02-17,2026-02-17,False,,37.0,False,False,2025-03
2602,2025,3,Occurrence,Race-Ethnicity,American Indian/Alaska Native,CLD,Chronic lower respiratory diseases,ICD-10,13.0,,,02/17/2026,02/17/2026,2025-03-01,2026-02-17,2026-02-17,False,,13.0,False,False,2025-03
2603,2025,3,Occurrence,Race-Ethnicity,Asian,CLD,Chronic lower respiratory diseases,ICD-10,93.0,,,02/17/2026,02/17/2026,2025-03-01,2026-02-17,2026-02-17,False,,93.0,False,False,2025-03
2604,2025,3,Occurrence,Race-Ethnicity,Black,CLD,Chronic lower respiratory diseases,ICD-10,80.0,,,02/17/2026,02/17/2026,2025-03-01,2026-02-17,2026-02-17,False,,80.0,False,False,2025-03
2605,2025,3,Occurrence,Race-Ethnicity,Hawaiian/Pacific Islander,CLD,Chronic lower respiratory diseases,ICD-10,,1,Cell suppressed for small numbers,02/17/2026,02/17/2026,2025-03-01,2026-02-17,2026-02-17,True,Cell suppressed for small numbers,,False,False,2025-03
2606,2025,3,Occurrence,Race-Ethnicity,Hispanic,CLD,Chronic lower respiratory diseases,ICD-10,119.0,,,02/17/2026,02/17/2026,2025-03-01,2026-02-17,2026-02-17,False,,119.0,False,False,2025-03
2607,2025,3,Occurrence,Race-Ethnicity,Multi-Race,CLD,Chronic lower respiratory diseases,ICD-10,21.0,,,02/17/2026,02/17/2026,2025-03-01,2026-02-17,2026-02-17,False,,21.0,False,False,2025-03
2608,2025,3,Occurrence,Race-Ethnicity,White,CLD,Chronic lower respiratory diseases,ICD-10,819.0,,,02/17/2026,02/17/2026,2025-03-01,2026-02-17,2026-02-17,False,,819.0,False,False,2025-03
2609,2025,3,Occurrence,Race-Ethnicity,Other/Unknown,CLD,Chronic lower respiratory diseases,ICD-10,,2,Cell suppressed for complementary cell,02/17/2026,02/17/2026,2025-03-01,2026-02-17,2026-02-17,True,Cell suppressed for complementary cell,,False,False,2025-03
2613,2025,3,Occurrence,Race-Ethnicity,American Indian/Alaska Native,DIA,Diabetes mellitus,ICD-10,,1,Cell suppressed for small numbers,02/17/2026,02/17/2026,2025-03-01,2026-02-17,2026-02-17,True,Cell suppressed for small numbers,,False,False,2025-03
2614,2025,3,Occurrence,Race-Ethnicity,Asian,DIA,Diabetes mellitus,ICD-10,146.0,,,02/17/2026,02/17/2026,2025-03-01,2026-02-17,2026-02-17,False,,146.0,False,False,2025-03
2615,2025,3,Occurrence,Race-Ethnicity,Black,DIA,Diabetes mellitus,ICD-10,102.0,,,02/17/2026,02/17/2026,2025-03-01,2026-02-17,2026-02-17,False,,102.0,False,False,2025-03
2616,2025,3,Occurrence,Race-Ethnicity,Hawaiian/Pacific Islander,DIA,Diabetes mellitus,ICD-10,,1,Cell suppressed for small numbers,02/17/2026,02/17/2026,2025-03-01,2026-02-17,2026-02-17,True,Cell suppressed for small numbers,,False,False,2025-03
2617,2025,3,Occurrence,Race-Ethnicity,Hispanic,DIA,Diabetes mellitus,ICD-10,319.0,,,02/17/2026,02/17/2026,2025-03-01,2026-02-17,2026-02-17,False,,319.0,False,False,2025-03
2618,2025,3,Occurrence,Race-Ethnicity,Multi-Race,DIA,Diabetes mellitus,ICD-10,,1,Cell suppressed for small numbers,02/17/2026,02/17/2026,2025-03-01,2026-02-17,2026-02-17,True,Cell suppressed for small numbers,,False,False,2025-03
2619,2025,3,Occurrence,Race-Ethnicity,White,DIA,Diabetes mellitus,ICD-10,330.0,,,02/17/2026,02/17/2026,2025-03-01,2026-02-17,2026-02-17,False,,330.0,False,False,2025-03
2620,2025,3,Occurrence,Race-Ethnicity,Other/Unknown,DIA,Diabetes mellitus,ICD-10,,1,Cell suppressed for small numbers,02/17/2026,02/17/2026,2025-03-01,2026-02-17,2026-02-17,True,Cell suppressed for small numbers,,False,False,2025-03
2624,2025,3,Occurrence,Race-Ethnicity,American Indian/Alaska Native,HOM,Assault (homicide),ICD-10,0.0,,,02/17/2026,02/17/2026,2025-03-01,2026-02-17,2026-02-17,False,,0.0,False,False,2025-03
2625,2025,3,Occurrence,Race-Ethnicity,Asian,HOM,Assault (homicide),ICD-10,,1,Cell suppressed for small numbers,02/17/2026,02/17/2026,2025-03-01,2026-02-17,2026-02-17,True,Cell suppressed for small numbers,,False,False,2025-03
2626,2025,3,Occurrence,Race-Ethnicity,Black,HOM,Assault (homicide),ICD-10,27.0,,,02/17/2026,02/17/2026,2025-03-01,2026-02-17,2026-02-17,False,,27.0,False,False,2025-03
2627,2025,3,Occurrence,Race-Ethnicity,Hawaiian/Pacific Islander,HOM,Assault (homicide),ICD-10,0.0,,,02/17/2026,02/17/2026,2025-03-01,2026-02-17,2026-02-17,False,,0.0,False,False,2025-03
2628,2025,3,Occurrence,Race-Ethnicity,Hispanic,HOM,Assault (homicide),ICD-10,61.0,,,02/17/2026,02/17/2026,2025-03-01,2026-02-17,2026-02-17,False,,61.0,False,False,2025-03
2629,2025,3,Occurrence,Race-Ethnicity,Multi-Race,HOM,Assault (homicide),ICD-10,,1,Cell suppressed for small numbers,02/17/2026,02/17/2026,2025-03-01,2026-02-17,2026-02-17,True,Cell suppressed for small numbers,,False,False,2025-03
2630,2025,3,Occurrence,Race-Ethnicity,White,HOM,Assault (homicide),ICD-10,26.0,,,02/17/2026,02/17/2026,2025-03-01,2026-02-17,2026-02-17,False,,26.0,False,False,2025-03
2631,2025,3,Occurrence,Race-Ethnicity,Other/Unknown,HOM,Assault (homicide),ICD-10,0.0,,,02/17/2026,02/17/2026,2025-03-01,2026-02-17,2026-02-17,False,,0.0,False,False,2025-03
2635,2025,3,Occurrence,Race-Ethnicity,American Indian/Alaska Native,HTD,Diseases of heart,ICD-10,20.0,,,02/17/2026,02/17/2026,2025-03-01,2026-02-17,2026-02-17,False,,20.0,False,False,2025-03
2636,2025,3,Occurrence,Race-Ethnicity,Asian,HTD,Diseases of heart,ICD-10,593.0,,,02/17/2026,02/17/2026,2025-03-01,2026-02-17,2026-02-17,False,,593.0,False,False,2025-03
2637,2025,3,Occurrence,Race-Ethnicity,Black,HTD,Diseases of heart,ICD-10,486.0,,,02/17/2026,02/17/2026,2025-03-01,2026-02-17,2026-02-17,False,,486.0,False,False,2025-03
2638,2025,3,Occurrence,Race-Ethnicity,Hawaiian/Pacific Islander,HTD,Diseases of heart,ICD-10,33.0,,,02/17/2026,02/17/2026,2025-03-01,2026-02-17,2026-02-17,False,,33.0,False,False,2025-03
2639,2025,3,Occurrence,Race-Ethnicity,Hispanic,HTD,Diseases of heart,ICD-10,1146.0,,,02/17/2026,02/17/2026,2025-03-01,2026-02-17,2026-02-17,False,,1146.0,False,False,2025-03
2640,2025,3,Occurrence,Race-Ethnicity,Multi-Race,HTD,Diseases of heart,ICD-10,49.0,,,02/17/2026,02/17/2026,2025-03-01,2026-02-17,2026-02-17,False,,49.0,False,False,2025-03
2641,2025,3,Occurrence,Race-Ethnicity,White,HTD,Diseases of heart,ICD-10,3153.0,,,02/17/2026,02/17/2026,2025-03-01,2026-02-17,2026-02-17,False,,3153.0,False,False,2025-03
2642,2025,3,Occurrence,Race-Ethnicity,Other/Unknown,HTD,Diseases of heart,ICD-10,57.0,,,02/17/2026,02/17/2026,2025-03-01,2026-02-17,2026-02-17,False,,57.0,False,False,2025-03
2646,2025,3,Occurrence,Race-Ethnicity,American Indian/Alaska Native,HYP,Essential hypertension and hypertensive renal disease,ICD-10,,1,Cell suppressed for small numbers,02/17/2026,02/17/2026,2025-03-01,2026-02-17,2026-02-17,True,Cell suppressed for small numbers,,False,False,2025-03
2647,2025,3,Occurrence,Race-Ethnicity,Asian,HYP,Essential hypertension and hypertensive renal disease,ICD-10,80.0,,,02/17/2026,02/17/2026,2025-03-01,2026-02-17,2026-02-17,False,,80.0,False,False,2025-03
2648,2025,3,Occurrence,Race-Ethnicity,Black,HYP,Essential hypertension and hypertensive renal disease,ICD-10,51.0,,,02/17/2026,02/17/2026,2025-03-01,2026-02-17,2026-02-17,False,,51.0,False,False,2025-03
2649,2025,3,Occurrence,Race-Ethnicity,Hawaiian/Pacific Islander,HYP,Essential hypertension and hypertensive renal disease,ICD-10,,1,Cell suppressed for small numbers,02/17/2026,02/17/2026,2025-03-01,2026-02-17,2026-02-17,True,Cell suppressed for small numbers,,False,False,2025-03
2650,2025,3,Occurrence,Race-Ethnicity,Hispanic,HYP,Essential hypertension and hypertensive renal disease,ICD-10,128.0,,,02/17/2026,02/17/2026,2025-03-01,2026-02-17,2026-02-17,False,,128.0,False,False,2025-03
2651,2025,3,Occurrence,Race-Ethnicity,Multi-Race,HYP,Essential hypertension and hypertensive renal disease,ICD-10,,1,Cell suppressed for small numbers,02/17/2026,02/17/2026,2025-03-01,2026-02-17,2026-02-17,True,Cell suppressed for small numbers,,False,False,2025-03
2652,2025,3,Occurrence,Race-Ethnicity,White,HYP,Essential hypertension and hypertensive renal disease,ICD-10,287.0,,,02/17/2026,02/17/2026,2025-03-01,2026-02-17,2026-02-17,False,,287.0,False,False,2025-03
2653,2025,3,Occurrence,Race-Ethnicity,Other/Unknown,HYP,Essential hypertension and hypertensive renal disease,ICD-10,,1,Cell suppressed for small numbers,02/17/2026,02/17/2026,2025-03-01,2026-02-17,2026-02-17,True,Cell suppressed for small numbers,,False,False,2025-03
2657,2025,3,Occurrence,Race-Ethnicity,American Indian/Alaska Native,INJ,Accidents (unintentional injuries),ICD-10,,2,Cell suppressed for complementary cell,02/17/2026,02/17/2026,2025-03-01,2026-02-17,2026-02-17,True,Cell suppressed for complementary cell,,False,False,2025-03
2658,2025,3,Occurrence,Race-Ethnicity,Asian,INJ,Accidents (unintentional injuries),ICD-10,122.0,,,02/17/2026,02/17/2026,2025-03-01,2026-02-17,2026-02-17,False,,122.0,False,False,2025-03
2659,2025,3,Occurrence,Race-Ethnicity,Black,INJ,Accidents (unintentional injuries),ICD-10,170.0,,,02/17/2026,02/17/2026,2025-03-01,2026-02-17,2026-02-17,False,,170.0,False,False,2025-03
2660,2025,3,Occurrence,Race-Ethnicity,Hawaiian/Pacific Islander,INJ,Accidents (unintentional injuries),ICD-10,,1,Cell suppressed for small numbers,02/17/2026,02/17/2026,2025-03-01,2026-02-17,2026-02-17,True,Cell suppressed for small numbers,,False,False,2025-03
2661,2025,3,Occurrence,Race-Ethnicity,Hispanic,INJ,Accidents (unintentional injuries),ICD-10,508.0,,,02/17/2026,02/17/2026,2025-03-01,2026-02-17,2026-02-17,False,,508.0,False,False,2025-03
2662,2025,3,Occurrence,Race-Ethnicity,Multi-Race,INJ,Accidents (unintentional injuries),ICD-10,31.0,,,02/17/2026,02/17/2026,2025-03-01,2026-02-17,2026-02-17,False,,31.0,False,False,2025-03
2663,2025,3,Occurrence,Race-Ethnicity,White,INJ,Accidents (unintentional injuries),ICD-10,665.0,,,02/17/2026,02/17/2026,2025-03-01,2026-02-17,2026-02-17,False,,665.0,False,False,2025-03
2664,2025,3,Occurrence,Race-Ethnicity,Other/Unknown,INJ,Accidents (unintentional injuries),ICD-10,27.0,,,02/17/2026,02/17/2026,2025-03-01,2026-02-17,2026-02-17,False,,27.0,False,False,2025-03
2668,2025,3,Occurrence,Race-Ethnicity,American Indian/Alaska Native,LIV,Chronic liver disease and cirrhosis,ICD-10,,1,Cell suppressed for small numbers,02/17/2026,02/17/2026,2025-03-01,2026-02-17,2026-02-17,True,Cell suppressed for small numbers,,False,False,2025-03
2669,2025,3,Occurrence,Race-Ethnicity,Asian,LIV,Chronic liver disease and cirrhosis,ICD-10,39.0,,,02/17/2026,02/17/2026,2025-03-01,2026-02-17,2026-02-17,False,,39.0,False,False,2025-03
2670,2025,3,Occurrence,Race-Ethnicity,Black,LIV,Chronic liver disease and cirrhosis,ICD-10,27.0,,,02/17/2026,02/17/2026,2025-03-01,2026-02-17,2026-02-17,False,,27.0,False,False,2025-03
2671,2025,3,Occurrence,Race-Ethnicity,Hawaiian/Pacific Islander,LIV,Chronic liver disease and cirrhosis,ICD-10,0.0,,,02/17/2026,02/17/2026,2025-03-01,2026-02-17,2026-02-17,False,,0.0,False,False,2025-03
2672,2025,3,Occurrence,Race-Ethnicity,Hispanic,LIV,Chronic liver disease and cirrhosis,ICD-10,240.0,,,02/17/2026,02/17/2026,2025-03-01,2026-02-17,2026-02-17,False,,240.0,False,False,2025-03
2673,2025,3,Occurrence,Race-Ethnicity,Multi-Race,LIV,Chronic liver disease and cirrhosis,ICD-10,,1,Cell suppressed for small numbers,02/17/2026,02/17/2026,2025-03-01,2026-02-17,2026-02-17,True,Cell suppressed for small numbers,,False,False,2025-03
2674,2025,3,Occurrence,Race-Ethnicity,White,LIV,Chronic liver disease and cirrhosis,ICD-10,246.0,,,02/17/2026,02/17/2026,2025-03-01,2026-02-17,2026-02-17,False,,246.0,False,False,2025-03
2675,2025,3,Occurrence,Race-Ethnicity,Other/Unknown,LIV,Chronic liver disease and cirrhosis,ICD-10,,1,Cell suppressed for small numbers,02/17/2026,02/17/2026,2025-03-01,2026-02-17,2026-02-17,True,Cell suppressed for small numbers,,False,False,2025-03
2679,2025,3,Occurrence,Race-Ethnicity,American Indian/Alaska Native,NEP,"Nephritis, nephrotic syndrome and nephrosis",ICD-10,,1,Cell suppressed for small numbers,02/17/2026,02/17/2026,2025-03-01,2026-02-17,2026-02-17,True,Cell suppressed for small numbers,,False,False,2025-03
2680,2025,3,Occurrence,Race-Ethnicity,Asian,NEP,"Nephritis, nephrotic syndrome and nephrosis",ICD-10,61.0,,,02/17/2026,02/17/2026,2025-03-01,2026-02-17,2026-02-17,False,,61.0,False,False,2025-03
2681,2025,3,Occurrence,Race-Ethnicity,Black,NEP,"Nephritis, nephrotic syndrome and nephrosis",ICD-10,54.0,,,02/17/2026,02/17/2026,2025-03-01,2026-02-17,2026-02-17,False,,54.0,False,False,2025-03
2682,2025,3,Occurrence,Race-Ethnicity,Hawaiian/Pacific Islander,NEP,"Nephritis, nephrotic syndrome and nephrosis",ICD-10,,1,Cell suppressed for small numbers,02/17/2026,02/17/2026,2025-03-01,2026-02-17,2026-02-17,True,Cell suppressed for small numbers,,False,False,2025-03
2683,2025,3,Occurrence,Race-Ethnicity,Hispanic,NEP,"Nephritis, nephrotic syndrome and nephrosis",ICD-10,131.0,,,02/17/2026,02/17/2026,2025-03-01,2026-02-17,2026-02-17,False,,131.0,False,False,2025-03
2684,2025,3,Occurrence,Race-Ethnicity,Multi-Race,NEP,"Nephritis, nephrotic syndrome and nephrosis",ICD-10,,1,Cell suppressed for small numbers,02/17/2026,02/17/2026,2025-03-01,2026-02-17,2026-02-17,True,Cell suppressed for small numbers,,False,False,2025-03
2685,2025,3,Occurrence,Race-Ethnicity,White,NEP,"Nephritis, nephrotic syndrome and nephrosis",ICD-10,198.0,,,02/17/2026,02/17/2026,2025-03-01,2026-02-17,2026-02-17,False,,198.0,False,False,2025-03
2686,2025,3,Occurrence,Race-Ethnicity,Other/Unknown,NEP,"Nephritis, nephrotic syndrome and nephrosis",ICD-10,,1,Cell suppressed for small numbers,02/17/2026,02/17/2026,2025-03-01,2026-02-17,2026-02-17,True,Cell suppressed for small numbers,,False,False,2025-03
2690,2025,3,Occurrence,Race-Ethnicity,American Indian/Alaska Native,PAR,Parkinson's disease,ICD-10,0.0,,,02/17/2026,02/17/2026,2025-03-01,2026-02-17,2026-02-17,False,,0.0,False,False,2025-03
2691,2025,3,Occurrence,Race-Ethnicity,Asian,PAR,Parkinson's disease,ICD-10,42.0,,,02/17/2026,02/17/2026,2025-03-01,2026-02-17,2026-02-17,False,,42.0,False,False,2025-03
2692,2025,3,Occurrence,Race-Ethnicity,Black,PAR,Parkinson's disease,ICD-10,,1,Cell suppressed for small numbers,02/17/2026,02/17/2026,2025-03-01,2026-02-17,2026-02-17,True,Cell suppressed for small numbers,,False,False,2025-03
2693,2025,3,Occurrence,Race-Ethnicity,Hawaiian/Pacific Islander,PAR,Parkinson's disease,ICD-10,0.0,,,02/17/2026,02/17/2026,2025-03-01,2026-02-17,2026-02-17,False,,0.0,False,False,2025-03
2694,2025,3,Occurrence,Race-Ethnicity,Hispanic,PAR,Parkinson's disease,ICD-10,65.0,,,02/17/2026,02/17/2026,2025-03-01,2026-02-17,2026-02-17,False,,65.0,False,False,2025-03
2695,2025,3,Occurrence,Race-Ethnicity,Multi-Race,PAR,Parkinson's disease,ICD-10,,1,Cell suppressed for small numbers,02/17/2026,02/17/2026,2025-03-01,2026-02-17,2026-02-17,True,Cell suppressed for small numbers,,False,False,2025-03
2696,2025,3,Occurrence,Race-Ethnicity,White,PAR,Parkinson's disease,ICD-10,267.0,,,02/17/2026,02/17/2026,2025-03-01,2026-02-17,2026-02-17,False,,267.0,False,False,2025-03
2697,2025,3,Occurrence,Race-Ethnicity,Other/Unknown,PAR,Parkinson's disease,ICD-10,,1,Cell suppressed for small numbers,02/17/2026,02/17/2026,2025-03-01,2026-02-17,2026-02-17,True,Cell suppressed for small numbers,,False,False,2025-03
2701,2025,3,Occurrence,Race-Ethnicity,American Indian/Alaska Native,PNF,Influenza and pneumonia,ICD-10,,1,Cell suppressed for small numbers,02/17/2026,02/17/2026,2025-03-01,2026-02-17,2026-02-17,True,Cell suppressed for small numbers,,False,False,2025-03
2702,2025,3,Occurrence,Race-Ethnicity,Asian,PNF,Influenza and pneumonia,ICD-10,93.0,,,02/17/2026,02/17/2026,2025-03-01,2026-02-17,2026-02-17,False,,93.0,False,False,2025-03
2703,2025,3,Occurrence,Race-Ethnicity,Black,PNF,Influenza and pneumonia,ICD-10,43.0,,,02/17/2026,02/17/2026,2025-03-01,2026-02-17,2026-02-17,False,,43.0,False,False,2025-03
2704,2025,3,Occurrence,Race-Ethnicity,Hawaiian/Pacific Islander,PNF,Influenza and pneumonia,ICD-10,,1,Cell suppressed for small numbers,02/17/2026,02/17/2026,2025-03-01,2026-02-17,2026-02-17,True,Cell suppressed for small numbers,,False,False,2025-03
2705,2025,3,Occurrence,Race-Ethnicity,Hispanic,PNF,Influenza and pneumonia,ICD-10,141.0,,,02/17/2026,02/17/2026,2025-03-01,2026-02-17,2026-02-17,False,,141.0,False,False,2025-03
2706,2025,3,Occurrence,Race-Ethnicity,Multi-Race,PNF,Influenza and pneumonia,ICD-10,,1,Cell suppressed for small numbers,02/17/2026,02/17/2026,2025-03-01,2026-02-17,2026-02-17,True,Cell suppressed for small numbers,,False,False,2025-03
2707,2025,3,Occurrence,Race-Ethnicity,White,PNF,Influenza and pneumonia,ICD-10,329.0,,,02/17/2026,02/17/2026,2025-03-01,2026-02-17,2026-02-17,False,,329.0,False,False,2025-03
2708,2025,3,Occurrence,Race-Ethnicity,Other/Unknown,PNF,Influenza and pneumonia,ICD-10,,1,Cell suppressed for small numbers,02/17/2026,02/17/2026,2025-03-01,2026-02-17,2026-02-17,True,Cell suppressed for small numbers,,False,False,2025-03
2712,2025,3,Occurrence,Race-Ethnicity,American Indian/Alaska Native,STK,Cerebrovascular diseases,ICD-10,,1,Cell suppressed for small numbers,02/17/2026,02/17/2026,2025-03-01,2026-02-17,2026-02-17,True,Cell suppressed for small numbers,,False,False,2025-03
2713,2025,3,Occurrence,Race-Ethnicity,Asian,STK,Cerebrovascular diseases,ICD-10,219.0,,,02/17/2026,02/17/2026,2025-03-01,2026-02-17,2026-02-17,False,,219.0,False,False,2025-03
2714,2025,3,Occurrence,Race-Ethnicity,Black,STK,Cerebrovascular diseases,ICD-10,120.0,,,02/17/2026,02/17/2026,2025-03-01,2026-02-17,2026-02-17,False,,120.0,False,False,2025-03
2715,2025,3,Occurrence,Race-Ethnicity,Hawaiian/Pacific Islander,STK,Cerebrovascular diseases,ICD-10,,1,Cell suppressed for small numbers,02/17/2026,02/17/2026,2025-03-01,2026-02-17,2026-02-17,True,Cell suppressed for small numbers,,False,False,2025-03
2716,2025,3,Occurrence,Race-Ethnicity,Hispanic,STK,Cerebrovascular diseases,ICD-10,337.0,,,02/17/2026,02/17/2026,2025-03-01,2026-02-17,2026-02-17,False,,337.0,False,False,2025-03
2717,2025,3,Occurrence,Race-Ethnicity,Multi-Race,STK,Cerebrovascular diseases,ICD-10,13.0,,,02/17/2026,02/17/2026,2025-03-01,2026-02-17,2026-02-17,False,,13.0,False,False,2025-03
2718,2025,3,Occurrence,Race-Ethnicity,White,STK,Cerebrovascular diseases,ICD-10,807.0,,,02/17/2026,02/17/2026,2025-03-01,2026-02-17,2026-02-17,False,,807.0,False,False,2025-03
2719,2025,3,Occurrence,Race-Ethnicity,Other/Unknown,STK,Cerebrovascular diseases,ICD-10,16.0,,,02/17/2026,02/17/2026,2025-03-01,2026-02-17,2026-02-17,False,,16.0,False,False,2025-03
2723,2025,3,Occurrence,Race-Ethnicity,American Indian/Alaska Native,SUI,Intentional self-harm (suicide),ICD-10,,1,Cell suppressed for small numbers,02/17/2026,02/17/2026,2025-03-01,2026-02-17,2026-02-17,True,Cell suppressed for small numbers,,False,False,2025-03
2724,2025,3,Occurrence,Race-Ethnicity,Asian,SUI,Intentional self-harm (suicide),ICD-10,47.0,,,02/17/2026,02/17/2026,2025-03-01,2026-02-17,2026-02-17,False,,47.0,False,False,2025-03
2725,2025,3,Occurrence,Race-Ethnicity,Black,SUI,Intentional self-harm (suicide),ICD-10,12.0,,,02/17/2026,02/17/2026,2025-03-01,2026-02-17,2026-02-17,False,,12.0,False,False,2025-03
2726,2025,3,Occurrence,Race-Ethnicity,Hawaiian/Pacific Islander,SUI,Intentional self-harm (suicide),ICD-10,0.0,,,02/17/2026,02/17/2026,2025-03-01,2026-02-17,2026-02-17,False,,0.0,False,False,2025-03
2727,2025,3,Occurrence,Race-Ethnicity,Hispanic,SUI,Intentional self-harm (suicide),ICD-10,82.0,,,02/17/2026,02/17/2026,2025-03-01,2026-02-17,2026-02-17,False,,82.0,False,False,2025-03
2728,2025,3,Occurrence,Race-Ethnicity,Multi-Race,SUI,Intentional self-harm (suicide),ICD-10,,1,Cell suppressed for small numbers,02/17/2026,02/17/2026,2025-03-01,2026-02-17,2026-02-17,True,Cell suppressed for small numbers,,False,False,2025-03
2729,2025,3,Occurrence,Race-Ethnicity,White,SUI,Intentional self-harm (suicide),ICD-10,183.0,,,02/17/2026,02/17/2026,2025-03-01,2026-02-17,2026-02-17,False,,183.0,False,False,2025-03
2730,2025,3,Occurrence,Race-Ethnicity,Other/Unknown,SUI,Intentional self-harm (suicide),ICD-10,,1,Cell suppressed for small numbers,02/17/2026,02/17/2026,2025-03-01,2026-02-17,2026-02-17,True,Cell suppressed for small numbers,,False,False,2025-03
2751,2025,4,Occurrence,Race-Ethnicity,American Indian/Alaska Native,ALL,All causes (total),ICD-10,119.0,,,02/17/2026,02/17/2026,2025-04-01,2026-02-17,2026-02-17,False,,119.0,False,True,2025-04
2752,2025,4,Occurrence,Race-Ethnicity,Asian,ALL,All causes (total),ICD-10,2690.0,,,02/17/2026,02/17/2026,2025-04-01,2026-02-17,2026-02-17,False,,2690.0,False,True,2025-04
2753,2025,4,Occurrence,Race-Ethnicity,Black,ALL,All causes (total),ICD-10,1798.0,,,02/17/2026,02/17/2026,2025-04-01,2026-02-17,2026-02-17,False,,1798.0,False,True,2025-04
2754,2025,4,Occurrence,Race-Ethnicity,Hawaiian/Pacific Islander,ALL,All causes (total),ICD-10,103.0,,,02/17/2026,02/17/2026,2025-04-01,2026-02-17,2026-02-17,False,,103.0,False,True,2025-04
2755,2025,4,Occurrence,Race-Ethnicity,Hispanic,ALL,All causes (total),ICD-10,5395.0,,,02/17/2026,02/17/2026,2025-04-01,2026-02-17,2026-02-17,False,,5395.0,False,True,2025-04
2756,2025,4,Occurrence,Race-Ethnicity,Multi-Race,ALL,All causes (total),ICD-10,237.0,,,02/17/2026,02/17/2026,2025-04-01,2026-02-17,2026-02-17,False,,237.0,False,True,2025-04
2757,2025,4,Occurrence,Race-Ethnicity,White,ALL,All causes (total),ICD-10,12840.0,,,02/17/2026,02/17/2026,2025-04-01,2026-02-17,2026-02-17,False,,12840.0,False,True,2025-04
2758,2025,4,Occurrence,Race-Ethnicity,Other/Unknown,ALL,All causes (total),ICD-10,228.0,,,02/17/2026,02/17/2026,2025-04-01,2026-02-17,2026-02-17,False,,228.0,False,True,2025-04
2762,2025,4,Occurrence,Race-Ethnicity,American Indian/Alaska Native,ALZ,Alzheimer's disease,ICD-10,0.0,,,02/17/2026,02/17/2026,2025-04-01,2026-02-17,2026-02-17,False,,0.0,False,False,2025-04
2763,2025,4,Occurrence,Race-Ethnicity,Asian,ALZ,Alzheimer's disease,ICD-10,144.0,,,02/17/2026,02/17/2026,2025-04-01,2026-02-17,2026-02-17,False,,144.0,False,False,2025-04
2764,2025,4,Occurrence,Race-Ethnicity,Black,ALZ,Alzheimer's disease,ICD-10,62.0,,,02/17/2026,02/17/2026,2025-04-01,2026-02-17,2026-02-17,False,,62.0,False,False,2025-04
2765,2025,4,Occurrence,Race-Ethnicity,Hawaiian/Pacific Islander,ALZ,Alzheimer's disease,ICD-10,,1,Cell suppressed for small numbers,02/17/2026,02/17/2026,2025-04-01,2026-02-17,2026-02-17,True,Cell suppressed for small numbers,,False,False,2025-04
2766,2025,4,Occurrence,Race-Ethnicity,Hispanic,ALZ,Alzheimer's disease,ICD-10,244.0,,,02/17/2026,02/17/2026,2025-04-01,2026-02-17,2026-02-17,False,,244.0,False,False,2025-04
2767,2025,4,Occurrence,Race-Ethnicity,Multi-Race,ALZ,Alzheimer's disease,ICD-10,,1,Cell suppressed for small numbers,02/17/2026,02/17/2026,2025-04-01,2026-02-17,2026-02-17,True,Cell suppressed for small numbers,,False,False,2025-04
2768,2025,4,Occurrence,Race-Ethnicity,White,ALZ,Alzheimer's disease,ICD-10,822.0,,,02/17/2026,02/17/2026,2025-04-01,2026-02-17,2026-02-17,False,,822.0,False,False,2025-04
2769,2025,4,Occurrence,Race-Ethnicity,Other/Unknown,ALZ,Alzheimer's disease,ICD-10,,1,Cell suppressed for small numbers,02/17/2026,02/17/2026,2025-04-01,2026-02-17,2026-02-17,True,Cell suppressed for small numbers,,False,False,2025-04
2773,2025,4,Occurrence,Race-Ethnicity,American Indian/Alaska Native,CAN,Malignant neoplasms,ICD-10,17.0,,,02/17/2026,02/17/2026,2025-04-01,2026-02-17,2026-02-17,False,,17.0,False,False,2025-04
2774,2025,4,Occurrence,Race-Ethnicity,Asian,CAN,Malignant neoplasms,ICD-10,653.0,,,02/17/2026,02/17/2026,2025-04-01,2026-02-17,2026-02-17,False,,653.0,False,False,2025-04
2775,2025,4,Occurrence,Race-Ethnicity,Black,CAN,Malignant neoplasms,ICD-10,342.0,,,02/17/2026,02/17/2026,2025-04-01,2026-02-17,2026-02-17,False,,342.0,False,False,2025-04
2776,2025,4,Occurrence,Race-Ethnicity,Hawaiian/Pacific Islander,CAN,Malignant neoplasms,ICD-10,26.0,,,02/17/2026,02/17/2026,2025-04-01,2026-02-17,2026-02-17,False,,26.0,False,False,2025-04
2777,2025,4,Occurrence,Race-Ethnicity,Hispanic,CAN,Malignant neoplasms,ICD-10,1137.0,,,02/17/2026,02/17/2026,2025-04-01,2026-02-17,2026-02-17,False,,1137.0,False,False,2025-04
2778,2025,4,Occurrence,Race-Ethnicity,Multi-Race,CAN,Malignant neoplasms,ICD-10,45.0,,,02/17/2026,02/17/2026,2025-04-01,2026-02-17,2026-02-17,False,,45.0,False,False,2025-04
2779,2025,4,Occurrence,Race-Ethnicity,White,CAN,Malignant neoplasms,ICD-10,2708.0,,,02/17/2026,02/17/2026,2025-04-01,2026-02-17,2026-02-17,False,,2708.0,False,False,2025-04
2780,2025,4,Occurrence,Race-Ethnicity,Other/Unknown,CAN,Malignant neoplasms,ICD-10,36.0,,,02/17/2026,02/17/2026,2025-04-01,2026-02-17,2026-02-17,False,,36.0,False,False,2025-04
2784,2025,4,Occurrence,Race-Ethnicity,American Indian/Alaska Native,CLD,Chronic lower respiratory diseases,ICD-10,,1,Cell suppressed for small numbers,02/17/2026,02/17/2026,2025-04-01,2026-02-17,2026-02-17,True,Cell suppressed for small numbers,,False,False,2025-04
2785,2025,4,Occurrence,Race-Ethnicity,Asian,CLD,Chronic lower respiratory diseases,ICD-10,68.0,,,02/17/2026,02/17/2026,2025-04-01,2026-02-17,2026-02-17,False,,68.0,False,False,2025-04
2786,2025,4,Occurrence,Race-Ethnicity,Black,CLD,Chronic lower respiratory diseases,ICD-10,68.0,,,02/17/2026,02/17/2026,2025-04-01,2026-02-17,2026-02-17,False,,68.0,False,False,2025-04
2787,2025,4,Occurrence,Race-Ethnicity,Hawaiian/Pacific Islander,CLD,Chronic lower respiratory diseases,ICD-10,,1,Cell suppressed for small numbers,02/17/2026,02/17/2026,2025-04-01,2026-02-17,2026-02-17,True,Cell suppressed for small numbers,,False,False,2025-04
2788,2025,4,Occurrence,Race-Ethnicity,Hispanic,CLD,Chronic lower respiratory diseases,ICD-10,99.0,,,02/17/2026,02/17/2026,2025-04-01,2026-02-17,2026-02-17,False,,99.0,False,False,2025-04
2789,2025,4,Occurrence,Race-Ethnicity,Multi-Race,CLD,Chronic lower respiratory diseases,ICD-10,16.0,,,02/17/2026,02/17/2026,2025-04-01,2026-02-17,2026-02-17,False,,16.0,False,False,2025-04
2790,2025,4,Occurrence,Race-Ethnicity,White,CLD,Chronic lower respiratory diseases,ICD-10,665.0,,,02/17/2026,02/17/2026,2025-04-01,2026-02-17,2026-02-17,False,,665.0,False,False,2025-04
2791,2025,4,Occurrence,Race-Ethnicity,Other/Unknown,CLD,Chronic lower respiratory diseases,ICD-10,14.0,,,02/17/2026,02/17/2026,2025-04-01,2026-02-17,2026-02-17,False,,14.0,False,False,2025-04
2795,2025,4,Occurrence,Race-Ethnicity,American Indian/Alaska Native,DIA,Diabetes mellitus,ICD-10,,1,Cell suppressed for small numbers,02/17/2026,02/17/2026,2025-04-01,2026-02-17,2026-02-17,True,Cell suppressed for small numbers,,False,False,2025-04
2796,2025,4,Occurrence,Race-Ethnicity,Asian,DIA,Diabetes mellitus,ICD-10,121.0,,,02/17/2026,02/17/2026,2025-04-01,2026-02-17,2026-02-17,False,,121.0,False,False,2025-04
2797,2025,4,Occurrence,Race-Ethnicity,Black,DIA,Diabetes mellitus,ICD-10,82.0,,,02/17/2026,02/17/2026,2025-04-01,2026-02-17,2026-02-17,False,,82.0,False,False,2025-04
2798,2025,4,Occurrence,Race-Ethnicity,Hawaiian/Pacific Islander,DIA,Diabetes mellitus,ICD-10,,1,Cell suppressed for small numbers,02/17/2026,02/17/2026,2025-04-01,2026-02-17,2026-02-17,True,Cell suppressed for small numbers,,False,False,2025-04
2799,2025,4,Occurrence,Race-Ethnicity,Hispanic,DIA,Diabetes mellitus,ICD-10,316.0,,,02/17/2026,02/17/2026,2025-04-01,2026-02-17,2026-02-17,False,,316.0,False,False,2025-04
2800,2025,4,Occurrence,Race-Ethnicity,Multi-Race,DIA,Diabetes mellitus,ICD-10,,1,Cell suppressed for small numbers,02/17/2026,02/17/2026,2025-04-01,2026-02-17,2026-02-17,True,Cell suppressed for small numbers,,False,False,2025-04
2801,2025,4,Occurrence,Race-Ethnicity,White,DIA,Diabetes mellitus,ICD-10,305.0,,,02/17/2026,02/17/2026,2025-04-01,2026-02-17,2026-02-17,False,,305.0,False,False,2025-04
2802,2025,4,Occurrence,Race-Ethnicity,Other/Unknown,DIA,Diabetes mellitus,ICD-10,11.0,,,02/17/2026,02/17/2026,2025-04-01,2026-02-17,2026-02-17,False,,11.0,False,False,2025-04
2806,2025,4,Occurrence,Race-Ethnicity,American Indian/Alaska Native,HOM,Assault (homicide),ICD-10,,1,Cell suppressed for small numbers,02/17/2026,02/17/2026,2025-04-01,2026-02-17,2026-02-17,True,Cell suppressed for small numbers,,False,False,2025-04
2807,2025,4,Occurrence,Race-Ethnicity,Asian,HOM,Assault (homicide),ICD-10,,1,Cell suppressed for small numbers,02/17/2026,02/17/2026,2025-04-01,2026-02-17,2026-02-17,True,Cell suppressed for small numbers,,False,False,2025-04
2808,2025,4,Occurrence,Race-Ethnicity,Black,HOM,Assault (homicide),ICD-10,40.0,,,02/17/2026,02/17/2026,2025-04-01,2026-02-17,2026-02-17,False,,40.0,False,False,2025-04
2809,2025,4,Occurrence,Race-Ethnicity,Hawaiian/Pacific Islander,HOM,Assault (homicide),ICD-10,0.0,,,02/17/2026,02/17/2026,2025-04-01,2026-02-17,2026-02-17,False,,0.0,False,False,2025-04
2810,2025,4,Occurrence,Race-Ethnicity,Hispanic,HOM,Assault (homicide),ICD-10,60.0,,,02/17/2026,02/17/2026,2025-04-01,2026-02-17,2026-02-17,False,,60.0,False,False,2025-04
2811,2025,4,Occurrence,Race-Ethnicity,Multi-Race,HOM,Assault (homicide),ICD-10,,1,Cell suppressed for small numbers,02/17/2026,02/17/2026,2025-04-01,2026-02-17,2026-02-17,True,Cell suppressed for small numbers,,False,False,2025-04
2812,2025,4,Occurrence,Race-Ethnicity,White,HOM,Assault (homicide),ICD-10,25.0,,,02/17/2026,02/17/2026,2025-04-01,2026-02-17,2026-02-17,False,,25.0,False,False,2025-04
2813,2025,4,Occurrence,Race-Ethnicity,Other/Unknown,HOM,Assault (homicide),ICD-10,,1,Cell suppressed for small numbers,02/17/2026,02/17/2026,2025-04-01,2026-02-17,2026-02-17,True,Cell suppressed for small numbers,,False,False,2025-04
2817,2025,4,Occurrence,Race-Ethnicity,American Indian/Alaska Native,HTD,Diseases of heart,ICD-10,32.0,,,02/17/2026,02/17/2026,2025-04-01,2026-02-17,2026-02-17,False,,32.0,False,False,2025-04
2818,2025,4,Occurrence,Race-Ethnicity,Asian,HTD,Diseases of heart,ICD-10,612.0,,,02/17/2026,02/17/2026,2025-04-01,2026-02-17,2026-02-17,False,,612.0,False,False,2025-04
2819,2025,4,Occurrence,Race-Ethnicity,Black,HTD,Diseases of heart,ICD-10,421.0,,,02/17/2026,02/17/2026,2025-04-01,2026-02-17,2026-02-17,False,,421.0,False,False,2025-04
2820,2025,4,Occurrence,Race-Ethnicity,Hawaiian/Pacific Islander,HTD,Diseases of heart,ICD-10,21.0,,,02/17/2026,02/17/2026,2025-04-01,2026-02-17,2026-02-17,False,,21.0,False,False,2025-04
2821,2025,4,Occurrence,Race-Ethnicity,Hispanic,HTD,Diseases of heart,ICD-10,976.0,,,02/17/2026,02/17/2026,2025-04-01,2026-02-17,2026-02-17,False,,976.0,False,False,2025-04
2822,2025,4,Occurrence,Race-Ethnicity,Multi-Race,HTD,Diseases of heart,ICD-10,50.0,,,02/17/2026,02/17/2026,2025-04-01,2026-02-17,2026-02-17,False,,50.0,False,False,2025-04
2823,2025,4,Occurrence,Race-Ethnicity,White,HTD,Diseases of heart,ICD-10,3088.0,,,02/17/2026,02/17/2026,2025-04-01,2026-02-17,2026-02-17,False,,3088.0,False,False,2025-04
2824,2025,4,Occurrence,Race-Ethnicity,Other/Unknown,HTD,Diseases of heart,ICD-10,52.0,,,02/17/2026,02/17/2026,2025-04-01,2026-02-17,2026-02-17,False,,52.0,False,False,2025-04
2828,2025,4,Occurrence,Race-Ethnicity,American Indian/Alaska Native,HYP,Essential hypertension and hypertensive renal disease,ICD-10,0.0,,,02/17/2026,02/17/2026,2025-04-01,2026-02-17,2026-02-17,False,,0.0,False,False,2025-04
2829,2025,4,Occurrence,Race-Ethnicity,Asian,HYP,Essential hypertension and hypertensive renal disease,ICD-10,80.0,,,02/17/2026,02/17/2026,2025-04-01,2026-02-17,2026-02-17,False,,80.0,False,False,2025-04
2830,2025,4,Occurrence,Race-Ethnicity,Black,HYP,Essential hypertension and hypertensive renal disease,ICD-10,46.0,,,02/17/2026,02/17/2026,2025-04-01,2026-02-17,2026-02-17,False,,46.0,False,False,2025-04
2831,2025,4,Occurrence,Race-Ethnicity,Hawaiian/Pacific Islander,HYP,Essential hypertension and hypertensive renal disease,ICD-10,,1,Cell suppressed for small numbers,02/17/2026,02/17/2026,2025-04-01,2026-02-17,2026-02-17,True,Cell suppressed for small numbers,,False,False,2025-04
2832,2025,4,Occurrence,Race-Ethnicity,Hispanic,HYP,Essential hypertension and hypertensive renal disease,ICD-10,94.0,,,02/17/2026,02/17/2026,2025-04-01,2026-02-17,2026-02-17,False,,94.0,False,False,2025-04
2833,2025,4,Occurrence,Race-Ethnicity,Multi-Race,HYP,Essential hypertension and hypertensive renal disease,ICD-10,,1,Cell suppressed for small numbers,02/17/2026,02/17/2026,2025-04-01,2026-02-17,2026-02-17,True,Cell suppressed for small numbers,,False,False,2025-04
2834,2025,4,Occurrence,Race-Ethnicity,White,HYP,Essential hypertension and hypertensive renal disease,ICD-10,241.0,,,02/17/2026,02/17/2026,2025-04-01,2026-02-17,2026-02-17,False,,241.0,False,False,2025-04
2835,2025,4,Occurrence,Race-Ethnicity,Other/Unknown,HYP,Essential hypertension and hypertensive renal disease,ICD-10,,1,Cell suppressed for small numbers,02/17/2026,02/17/2026,2025-04-01,2026-02-17,2026-02-17,True,Cell suppressed for small numbers,,False,False,2025-04
2839,2025,4,Occurrence,Race-Ethnicity,American Indian/Alaska Native,INJ,Accidents (unintentional injuries),ICD-10,,2,Cell suppressed for complementary cell,02/17/2026,02/17/2026,2025-04-01,2026-02-17,2026-02-17,True,Cell suppressed for complementary cell,,False,False,2025-04
2840,2025,4,Occurrence,Race-Ethnicity,Asian,INJ,Accidents (unintentional injuries),ICD-10,91.0,,,02/17/2026,02/17/2026,2025-04-01,2026-02-17,2026-02-17,False,,91.0,False,False,2025-04
2841,2025,4,Occurrence,Race-Ethnicity,Black,INJ,Accidents (unintentional injuries),ICD-10,166.0,,,02/17/2026,02/17/2026,2025-04-01,2026-02-17,2026-02-17,False,,166.0,False,False,2025-04
2842,2025,4,Occurrence,Race-Ethnicity,Hawaiian/Pacific Islander,INJ,Accidents (unintentional injuries),ICD-10,,1,Cell suppressed for small numbers,02/17/2026,02/17/2026,2025-04-01,2026-02-17,2026-02-17,True,Cell suppressed for small numbers,,False,False,2025-04
2843,2025,4,Occurrence,Race-Ethnicity,Hispanic,INJ,Accidents (unintentional injuries),ICD-10,483.0,,,02/17/2026,02/17/2026,2025-04-01,2026-02-17,2026-02-17,False,,483.0,False,False,2025-04
2844,2025,4,Occurrence,Race-Ethnicity,Multi-Race,INJ,Accidents (unintentional injuries),ICD-10,26.0,,,02/17/2026,02/17/2026,2025-04-01,2026-02-17,2026-02-17,False,,26.0,False,False,2025-04
2845,2025,4,Occurrence,Race-Ethnicity,White,INJ,Accidents (unintentional injuries),ICD-10,651.0,,,02/17/2026,02/17/2026,2025-04-01,2026-02-17,2026-02-17,False,,651.0,False,False,2025-04
2846,2025,4,Occurrence,Race-Ethnicity,Other/Unknown,INJ,Accidents (unintentional injuries),ICD-10,22.0,,,02/17/2026,02/17/2026,2025-04-01,2026-02-17,2026-02-17,False,,22.0,False,False,2025-04
2850,2025,4,Occurrence,Race-Ethnicity,American Indian/Alaska Native,LIV,Chronic liver disease and cirrhosis,ICD-10,,1,Cell suppressed for small numbers,02/17/2026,02/17/2026,2025-04-01,2026-02-17,2026-02-17,True,Cell suppressed for small numbers,,False,False,2025-04
2851,2025,4,Occurrence,Race-Ethnicity,Asian,LIV,Chronic liver disease and cirrhosis,ICD-10,21.0,,,02/17/2026,02/17/2026,2025-04-01,2026-02-17,2026-02-17,False,,21.0,False,False,2025-04
2852,2025,4,Occurrence,Race-Ethnicity,Black,LIV,Chronic liver disease and cirrhosis,ICD-10,23.0,,,02/17/2026,02/17/2026,2025-04-01,2026-02-17,2026-02-17,False,,23.0,False,False,2025-04
2853,2025,4,Occurrence,Race-Ethnicity,Hawaiian/Pacific Islander,LIV,Chronic liver disease and cirrhosis,ICD-10,0.0,,,02/17/2026,02/17/2026,2025-04-01,2026-02-17,2026-02-17,False,,0.0,False,False,2025-04
2854,2025,4,Occurrence,Race-Ethnicity,Hispanic,LIV,Chronic liver disease and cirrhosis,ICD-10,242.0,,,02/17/2026,02/17/2026,2025-04-01,2026-02-17,2026-02-17,False,,242.0,False,False,2025-04
2855,2025,4,Occurrence,Race-Ethnicity,Multi-Race,LIV,Chronic liver disease and cirrhosis,ICD-10,,1,Cell suppressed for small numbers,02/17/2026,02/17/2026,2025-04-01,2026-02-17,2026-02-17,True,Cell suppressed for small numbers,,False,False,2025-04
2856,2025,4,Occurrence,Race-Ethnicity,White,LIV,Chronic liver disease and cirrhosis,ICD-10,214.0,,,02/17/2026,02/17/2026,2025-04-01,2026-02-17,2026-02-17,False,,214.0,False,False,2025-04
2857,2025,4,Occurrence,Race-Ethnicity,Other/Unknown,LIV,Chronic liver disease and cirrhosis,ICD-10,,1,Cell suppressed for small numbers,02/17/2026,02/17/2026,2025-04-01,2026-02-17,2026-02-17,True,Cell suppressed for small numbers,,False,False,2025-04
2861,2025,4,Occurrence,Race-Ethnicity,American Indian/Alaska Native,NEP,"Nephritis, nephrotic syndrome and nephrosis",ICD-10,,1,Cell suppressed for small numbers,02/17/2026,02/17/2026,2025-04-01,2026-02-17,2026-02-17,True,Cell suppressed for small numbers,,False,False,2025-04
2862,2025,4,Occurrence,Race-Ethnicity,Asian,NEP,"Nephritis, nephrotic syndrome and nephrosis",ICD-10,46.0,,,02/17/2026,02/17/2026,2025-04-01,2026-02-17,2026-02-17,False,,46.0,False,False,2025-04
2863,2025,4,Occurrence,Race-Ethnicity,Black,NEP,"Nephritis, nephrotic syndrome and nephrosis",ICD-10,46.0,,,02/17/2026,02/17/2026,2025-04-01,2026-02-17,2026-02-17,False,,46.0,False,False,2025-04
2864,2025,4,Occurrence,Race-Ethnicity,Hawaiian/Pacific Islander,NEP,"Nephritis, nephrotic syndrome and nephrosis",ICD-10,,1,Cell suppressed for small numbers,02/17/2026,02/17/2026,2025-04-01,2026-02-17,2026-02-17,True,Cell suppressed for small numbers,,False,False,2025-04
2865,2025,4,Occurrence,Race-Ethnicity,Hispanic,NEP,"Nephritis, nephrotic syndrome and nephrosis",ICD-10,121.0,,,02/17/2026,02/17/2026,2025-04-01,2026-02-17,2026-02-17,False,,121.0,False,False,2025-04
2866,2025,4,Occurrence,Race-Ethnicity,Multi-Race,NEP,"Nephritis, nephrotic syndrome and nephrosis",ICD-10,,1,Cell suppressed for small numbers,02/17/2026,02/17/2026,2025-04-01,2026-02-17,2026-02-17,True,Cell suppressed for small numbers,,False,False,2025-04
2867,2025,4,Occurrence,Race-Ethnicity,White,NEP,"Nephritis, nephrotic syndrome and nephrosis",ICD-10,190.0,,,02/17/2026,02/17/2026,2025-04-01,2026-02-17,2026-02-17,False,,190.0,False,False,2025-04
2868,2025,4,Occurrence,Race-Ethnicity,Other/Unknown,NEP,"Nephritis, nephrotic syndrome and nephrosis",ICD-10,,1,Cell suppressed for small numbers,02/17/2026,02/17/2026,2025-04-01,2026-02-17,2026-02-17,True,Cell suppressed for small numbers,,False,False,2025-04
2872,2025,4,Occurrence,Race-Ethnicity,American Indian/Alaska Native,PAR,Parkinson's disease,ICD-10,0.0,,,02/17/2026,02/17/2026,2025-04-01,2026-02-17,2026-02-17,False,,0.0,False,False,2025-04
2873,2025,4,Occurrence,Race-Ethnicity,Asian,PAR,Parkinson's disease,ICD-10,29.0,,,02/17/2026,02/17/2026,2025-04-01,2026-02-17,2026-02-17,False,,29.0,False,False,2025-04
2874,2025,4,Occurrence,Race-Ethnicity,Black,PAR,Parkinson's disease,ICD-10,,1,Cell suppressed for small numbers,02/17/2026,02/17/2026,2025-04-01,2026-02-17,2026-02-17,True,Cell suppressed for small numbers,,False,False,2025-04
2875,2025,4,Occurrence,Race-Ethnicity,Hawaiian/Pacific Islander,PAR,Parkinson's disease,ICD-10,,1,Cell suppressed for small numbers,02/17/2026,02/17/2026,2025-04-01,2026-02-17,2026-02-17,True,Cell suppressed for small numbers,,False,False,2025-04
2876,2025,4,Occurrence,Race-Ethnicity,Hispanic,PAR,Parkinson's disease,ICD-10,58.0,,,02/17/2026,02/17/2026,2025-04-01,2026-02-17,2026-02-17,False,,58.0,False,False,2025-04
2877,2025,4,Occurrence,Race-Ethnicity,Multi-Race,PAR,Parkinson's disease,ICD-10,0.0,,,02/17/2026,02/17/2026,2025-04-01,2026-02-17,2026-02-17,False,,0.0,False,False,2025-04
2878,2025,4,Occurrence,Race-Ethnicity,White,PAR,Parkinson's disease,ICD-10,227.0,,,02/17/2026,02/17/2026,2025-04-01,2026-02-17,2026-02-17,False,,227.0,False,False,2025-04
2879,2025,4,Occurrence,Race-Ethnicity,Other/Unknown,PAR,Parkinson's disease,ICD-10,,1,Cell suppressed for small numbers,02/17/2026,02/17/2026,2025-04-01,2026-02-17,2026-02-17,True,Cell suppressed for small numbers,,False,False,2025-04
2883,2025,4,Occurrence,Race-Ethnicity,American Indian/Alaska Native,PNF,Influenza and pneumonia,ICD-10,,1,Cell suppressed for small numbers,02/17/2026,02/17/2026,2025-04-01,2026-02-17,2026-02-17,True,Cell suppressed for small numbers,,False,False,2025-04
2884,2025,4,Occurrence,Race-Ethnicity,Asian,PNF,Influenza and pneumonia,ICD-10,78.0,,,02/17/2026,02/17/2026,2025-04-01,2026-02-17,2026-02-17,False,,78.0,False,False,2025-04
2885,2025,4,Occurrence,Race-Ethnicity,Black,PNF,Influenza and pneumonia,ICD-10,33.0,,,02/17/2026,02/17/2026,2025-04-01,2026-02-17,2026-02-17,False,,33.0,False,False,2025-04
2886,2025,4,Occurrence,Race-Ethnicity,Hawaiian/Pacific Islander,PNF,Influenza and pneumonia,ICD-10,,1,Cell suppressed for small numbers,02/17/2026,02/17/2026,2025-04-01,2026-02-17,2026-02-17,True,Cell suppressed for small numbers,,False,False,2025-04
2887,2025,4,Occurrence,Race-Ethnicity,Hispanic,PNF,Influenza and pneumonia,ICD-10,122.0,,,02/17/2026,02/17/2026,2025-04-01,2026-02-17,2026-02-17,False,,122.0,False,False,2025-04
2888,2025,4,Occurrence,Race-Ethnicity,Multi-Race,PNF,Influenza and pneumonia,ICD-10,,1,Cell suppressed for small numbers,02/17/2026,02/17/2026,2025-04-01,2026-02-17,2026-02-17,True,Cell suppressed for small numbers,,False,False,2025-04
2889,2025,4,Occurrence,Race-Ethnicity,White,PNF,Influenza and pneumonia,ICD-10,229.0,,,02/17/2026,02/17/2026,2025-04-01,2026-02-17,2026-02-17,False,,229.0,False,False,2025-04
2890,2025,4,Occurrence,Race-Ethnicity,Other/Unknown,PNF,Influenza and pneumonia,ICD-10,,1,Cell suppressed for small numbers,02/17/2026,02/17/2026,2025-04-01,2026-02-17,2026-02-17,True,Cell suppressed for small numbers,,False,False,2025-04
2894,2025,4,Occurrence,Race-Ethnicity,American Indian/Alaska Native,STK,Cerebrovascular diseases,ICD-10,,1,Cell suppressed for small numbers,02/17/2026,02/17/2026,2025-04-01,2026-02-17,2026-02-17,True,Cell suppressed for small numbers,,False,False,2025-04
2895,2025,4,Occurrence,Race-Ethnicity,Asian,STK,Cerebrovascular diseases,ICD-10,224.0,,,02/17/2026,02/17/2026,2025-04-01,2026-02-17,2026-02-17,False,,224.0,False,False,2025-04
2896,2025,4,Occurrence,Race-Ethnicity,Black,STK,Cerebrovascular diseases,ICD-10,110.0,,,02/17/2026,02/17/2026,2025-04-01,2026-02-17,2026-02-17,False,,110.0,False,False,2025-04
2897,2025,4,Occurrence,Race-Ethnicity,Hawaiian/Pacific Islander,STK,Cerebrovascular diseases,ICD-10,,2,Cell suppressed for complementary cell,02/17/2026,02/17/2026,2025-04-01,2026-02-17,2026-02-17,True,Cell suppressed for complementary cell,,False,False,2025-04
2898,2025,4,Occurrence,Race-Ethnicity,Hispanic,STK,Cerebrovascular diseases,ICD-10,331.0,,,02/17/2026,02/17/2026,2025-04-01,2026-02-17,2026-02-17,False,,331.0,False,False,2025-04
2899,2025,4,Occurrence,Race-Ethnicity,Multi-Race,STK,Cerebrovascular diseases,ICD-10,20.0,,,02/17/2026,02/17/2026,2025-04-01,2026-02-17,2026-02-17,False,,20.0,False,False,2025-04
2900,2025,4,Occurrence,Race-Ethnicity,White,STK,Cerebrovascular diseases,ICD-10,755.0,,,02/17/2026,02/17/2026,2025-04-01,2026-02-17,2026-02-17,False,,755.0,False,False,2025-04
2901,2025,4,Occurrence,Race-Ethnicity,Other/Unknown,STK,Cerebrovascular diseases,ICD-10,21.0,,,02/17/2026,02/17/2026,2025-04-01,2026-02-17,2026-02-17,False,,21.0,False,False,2025-04
2905,2025,4,Occurrence,Race-Ethnicity,American Indian/Alaska Native,SUI,Intentional self-harm (suicide),ICD-10,0.0,,,02/17/2026,02/17/2026,2025-04-01,2026-02-17,2026-02-17,False,,0.0,False,False,2025-04
2906,2025,4,Occurrence,Race-Ethnicity,Asian,SUI,Intentional self-harm (suicide),ICD-10,39.0,,,02/17/2026,02/17/2026,2025-04-01,2026-02-17,2026-02-17,False,,39.0,False,False,2025-04
2907,2025,4,Occurrence,Race-Ethnicity,Black,SUI,Intentional self-harm (suicide),ICD-10,23.0,,,02/17/2026,02/17/2026,2025-04-01,2026-02-17,2026-02-17,False,,23.0,False,False,2025-04
2908,2025,4,Occurrence,Race-Ethnicity,Hawaiian/Pacific Islander,SUI,Intentional self-harm (suicide),ICD-10,,1,Cell suppressed for small numbers,02/17/2026,02/17/2026,2025-04-01,2026-02-17,2026-02-17,True,Cell suppressed for small numbers,,False,False,2025-04
2909,2025,4,Occurrence,Race-Ethnicity,Hispanic,SUI,Intentional self-harm (suicide),ICD-10,86.0,,,02/17/2026,02/17/2026,2025-04-01,2026-02-17,2026-02-17,False,,86.0,False,False,2025-04
2910,2025,4,Occurrence,Race-Ethnicity,Multi-Race,SUI,Intentional self-harm (suicide),ICD-10,,1,Cell suppressed for small numbers,02/17/2026,02/17/2026,2025-04-01,2026-02-17,2026-02-17,True,Cell suppressed for small numbers,,False,False,2025-04
2911,2025,4,Occurrence,Race-Ethnicity,White,SUI,Intentional self-harm (suicide),ICD-10,193.0,,,02/17/2026,02/17/2026,2025-04-01,2026-02-17,2026-02-17,False,,193.0,False,False,2025-04
2912,2025,4,Occurrence,Race-Ethnicity,Other/Unknown,SUI,Intentional self-harm (suicide),ICD-10,,1,Cell suppressed for small numbers,02/17/2026,02/17/2026,2025-04-01,2026-02-17,2026-02-17,True,Cell suppressed for small numbers,,False,False,2025-04
2933,2025,5,Occurrence,Race-Ethnicity,American Indian/Alaska Native,ALL,All causes (total),ICD-10,102.0,,,02/17/2026,02/17/2026,2025-05-01,2026-02-17,2026-02-17,False,,102.0,False,True,2025-05
2934,2025,5,Occurrence,Race-Ethnicity,Asian,ALL,All causes (total),ICD-10,2736.0,,,02/17/2026,02/17/2026,2025-05-01,2026-02-17,2026-02-17,False,,2736.0,False,True,2025-05
2935,2025,5,Occurrence,Race-Ethnicity,Black,ALL,All causes (total),ICD-10,1846.0,,,02/17/2026,02/17/2026,2025-05-01,2026-02-17,2026-02-17,False,,1846.0,False,True,2025-05
2936,2025,5,Occurrence,Race-Ethnicity,Hawaiian/Pacific Islander,ALL,All causes (total),ICD-10,101.0,,,02/17/2026,02/17/2026,2025-05-01,2026-02-17,2026-02-17,False,,101.0,False,True,2025-05
2937,2025,5,Occurrence,Race-Ethnicity,Hispanic,ALL,All causes (total),ICD-10,5520.0,,,02/17/2026,02/17/2026,2025-05-01,2026-02-17,2026-02-17,False,,5520.0,False,True,2025-05
2938,2025,5,Occurrence,Race-Ethnicity,Multi-Race,ALL,All causes (total),ICD-10,275.0,,,02/17/2026,02/17/2026,2025-05-01,2026-02-17,2026-02-17,False,,275.0,False,True,2025-05
2939,2025,5,Occurrence,Race-Ethnicity,White,ALL,All causes (total),ICD-10,13241.0,,,02/17/2026,02/17/2026,2025-05-01,2026-02-17,2026-02-17,False,,13241.0,False,True,2025-05
2940,2025,5,Occurrence,Race-Ethnicity,Other/Unknown,ALL,All causes (total),ICD-10,214.0,,,02/17/2026,02/17/2026,2025-05-01,2026-02-17,2026-02-17,False,,214.0,False,True,2025-05
2944,2025,5,Occurrence,Race-Ethnicity,American Indian/Alaska Native,ALZ,Alzheimer's disease,ICD-10,,1,Cell suppressed for small numbers,02/17/2026,02/17/2026,2025-05-01,2026-02-17,2026-02-17,True,Cell suppressed for small numbers,,False,False,2025-05
2945,2025,5,Occurrence,Race-Ethnicity,Asian,ALZ,Alzheimer's disease,ICD-10,152.0,,,02/17/2026,02/17/2026,2025-05-01,2026-02-17,2026-02-17,False,,152.0,False,False,2025-05
2946,2025,5,Occurrence,Race-Ethnicity,Black,ALZ,Alzheimer's disease,ICD-10,79.0,,,02/17/2026,02/17/2026,2025-05-01,2026-02-17,2026-02-17,False,,79.0,False,False,2025-05
2947,2025,5,Occurrence,Race-Ethnicity,Hawaiian/Pacific Islander,ALZ,Alzheimer's disease,ICD-10,,1,Cell suppressed for small numbers,02/17/2026,02/17/2026,2025-05-01,2026-02-17,2026-02-17,True,Cell suppressed for small numbers,,False,False,2025-05
2948,2025,5,Occurrence,Race-Ethnicity,Hispanic,ALZ,Alzheimer's disease,ICD-10,233.0,,,02/17/2026,02/17/2026,2025-05-01,2026-02-17,2026-02-17,False,,233.0,False,False,2025-05
2949,2025,5,Occurrence,Race-Ethnicity,Multi-Race,ALZ,Alzheimer's disease,ICD-10,11.0,,,02/17/2026,02/17/2026,2025-05-01,2026-02-17,2026-02-17,False,,11.0,False,False,2025-05
2950,2025,5,Occurrence,Race-Ethnicity,White,ALZ,Alzheimer's disease,ICD-10,834.0,,,02/17/2026,02/17/2026,2025-05-01,2026-02-17,2026-02-17,False,,834.0,False,False,2025-05
2951,2025,5,Occurrence,Race-Ethnicity,Other/Unknown,ALZ,Alzheimer's disease,ICD-10,,1,Cell suppressed for small numbers,02/17/2026,02/17/2026,2025-05-01,2026-02-17,2026-02-17,True,Cell suppressed for small numbers,,False,False,2025-05
2955,2025,5,Occurrence,Race-Ethnicity,American Indian/Alaska Native,CAN,Malignant neoplasms,ICD-10,14.0,,,02/17/2026,02/17/2026,2025-05-01,2026-02-17,2026-02-17,False,,14.0,False,False,2025-05
2956,2025,5,Occurrence,Race-Ethnicity,Asian,CAN,Malignant neoplasms,ICD-10,681.0,,,02/17/2026,02/17/2026,2025-05-01,2026-02-17,2026-02-17,False,,681.0,False,False,2025-05
2957,2025,5,Occurrence,Race-Ethnicity,Black,CAN,Malignant neoplasms,ICD-10,351.0,,,02/17/2026,02/17/2026,2025-05-01,2026-02-17,2026-02-17,False,,351.0,False,False,2025-05
2958,2025,5,Occurrence,Race-Ethnicity,Hawaiian/Pacific Islander,CAN,Malignant neoplasms,ICD-10,28.0,,,02/17/2026,02/17/2026,2025-05-01,2026-02-17,2026-02-17,False,,28.0,False,False,2025-05
2959,2025,5,Occurrence,Race-Ethnicity,Hispanic,CAN,Malignant neoplasms,ICD-10,1180.0,,,02/17/2026,02/17/2026,2025-05-01,2026-02-17,2026-02-17,False,,1180.0,False,False,2025-05
2960,2025,5,Occurrence,Race-Ethnicity,Multi-Race,CAN,Malignant neoplasms,ICD-10,50.0,,,02/17/2026,02/17/2026,2025-05-01,2026-02-17,2026-02-17,False,,50.0,False,False,2025-05
2961,2025,5,Occurrence,Race-Ethnicity,White,CAN,Malignant neoplasms,ICD-10,2825.0,,,02/17/2026,02/17/2026,2025-05-01,2026-02-17,2026-02-17,False,,2825.0,False,False,2025-05
2962,2025,5,Occurrence,Race-Ethnicity,Other/Unknown,CAN,Malignant neoplasms,ICD-10,35.0,,,02/17/2026,02/17/2026,2025-05-01,2026-02-17,2026-02-17,False,,35.0,False,False,2025-05
2966,2025,5,Occurrence,Race-Ethnicity,American Indian/Alaska Native,CLD,Chronic lower respiratory diseases,ICD-10,,1,Cell suppressed for small numbers,02/17/2026,02/17/2026,2025-05-01,2026-02-17,2026-02-17,True,Cell suppressed for small numbers,,False,False,2025-05
2967,2025,5,Occurrence,Race-Ethnicity,Asian,CLD,Chronic lower respiratory diseases,ICD-10,61.0,,,02/17/2026,02/17/2026,2025-05-01,2026-02-17,2026-02-17,False,,61.0,False,False,2025-05
2968,2025,5,Occurrence,Race-Ethnicity,Black,CLD,Chronic lower respiratory diseases,ICD-10,73.0,,,02/17/2026,02/17/2026,2025-05-01,2026-02-17,2026-02-17,False,,73.0,False,False,2025-05
2969,2025,5,Occurrence,Race-Ethnicity,Hawaiian/Pacific Islander,CLD,Chronic lower respiratory diseases,ICD-10,,1,Cell suppressed for small numbers,02/17/2026,02/17/2026,2025-05-01,2026-02-17,2026-02-17,True,Cell suppressed for small numbers,,False,False,2025-05
2970,2025,5,Occurrence,Race-Ethnicity,Hispanic,CLD,Chronic lower respiratory diseases,ICD-10,104.0,,,02/17/2026,02/17/2026,2025-05-01,2026-02-17,2026-02-17,False,,104.0,False,False,2025-05
2971,2025,5,Occurrence,Race-Ethnicity,Multi-Race,CLD,Chronic lower respiratory diseases,ICD-10,,1,Cell suppressed for small numbers,02/17/2026,02/17/2026,2025-05-01,2026-02-17,2026-02-17,True,Cell suppressed for small numbers,,False,False,2025-05
2972,2025,5,Occurrence,Race-Ethnicity,White,CLD,Chronic lower respiratory diseases,ICD-10,672.0,,,02/17/2026,02/17/2026,2025-05-01,2026-02-17,2026-02-17,False,,672.0,False,False,2025-05
2973,2025,5,Occurrence,Race-Ethnicity,Other/Unknown,CLD,Chronic lower respiratory diseases,ICD-10,15.0,,,02/17/2026,02/17/2026,2025-05-01,2026-02-17,2026-02-17,False,,15.0,False,False,2025-05
2977,2025,5,Occurrence,Race-Ethnicity,American Indian/Alaska Native,DIA,Diabetes mellitus,ICD-10,,1,Cell suppressed for small numbers,02/17/2026,02/17/2026,2025-05-01,2026-02-17,2026-02-17,True,Cell suppressed for small numbers,,False,False,2025-05
2978,2025,5,Occurrence,Race-Ethnicity,Asian,DIA,Diabetes mellitus,ICD-10,143.0,,,02/17/2026,02/17/2026,2025-05-01,2026-02-17,2026-02-17,False,,143.0,False,False,2025-05
2979,2025,5,Occurrence,Race-Ethnicity,Black,DIA,Diabetes mellitus,ICD-10,99.0,,,02/17/2026,02/17/2026,2025-05-01,2026-02-17,2026-02-17,False,,99.0,False,False,2025-05
2980,2025,5,Occurrence,Race-Ethnicity,Hawaiian/Pacific Islander,DIA,Diabetes mellitus,ICD-10,13.0,,,02/17/2026,02/17/2026,2025-05-01,2026-02-17,2026-02-17,False,,13.0,False,False,2025-05
2981,2025,5,Occurrence,Race-Ethnicity,Hispanic,DIA,Diabetes mellitus,ICD-10,312.0,,,02/17/2026,02/17/2026,2025-05-01,2026-02-17,2026-02-17,False,,312.0,False,False,2025-05
2982,2025,5,Occurrence,Race-Ethnicity,Multi-Race,DIA,Diabetes mellitus,ICD-10,11.0,,,02/17/2026,02/17/2026,2025-05-01,2026-02-17,2026-02-17,False,,11.0,False,False,2025-05
2983,2025,5,Occurrence,Race-Ethnicity,White,DIA,Diabetes mellitus,ICD-10,321.0,,,02/17/2026,02/17/2026,2025-05-01,2026-02-17,2026-02-17,False,,321.0,False,False,2025-05
2984,2025,5,Occurrence,Race-Ethnicity,Other/Unknown,DIA,Diabetes mellitus,ICD-10,,1,Cell suppressed for small numbers,02/17/2026,02/17/2026,2025-05-01,2026-02-17,2026-02-17,True,Cell suppressed for small numbers,,False,False,2025-05
2988,2025,5,Occurrence,Race-Ethnicity,American Indian/Alaska Native,HOM,Assault (homicide),ICD-10,0.0,,,02/17/2026,02/17/2026,2025-05-01,2026-02-17,2026-02-17,False,,0.0,False,False,2025-05
2989,2025,5,Occurrence,Race-Ethnicity,Asian,HOM,Assault (homicide),ICD-10,,1,Cell suppressed for small numbers,02/17/2026,02/17/2026,2025-05-01,2026-02-17,2026-02-17,True,Cell suppressed for small numbers,,False,False,2025-05
2990,2025,5,Occurrence,Race-Ethnicity,Black,HOM,Assault (homicide),ICD-10,32.0,,,02/17/2026,02/17/2026,2025-05-01,2026-02-17,2026-02-17,False,,32.0,False,False,2025-05
2991,2025,5,Occurrence,Race-Ethnicity,Hawaiian/Pacific Islander,HOM,Assault (homicide),ICD-10,,1,Cell suppressed for small numbers,02/17/2026,02/17/2026,2025-05-01,2026-02-17,2026-02-17,True,Cell suppressed for small numbers,,False,False,2025-05
2992,2025,5,Occurrence,Race-Ethnicity,Hispanic,HOM,Assault (homicide),ICD-10,63.0,,,02/17/2026,02/17/2026,2025-05-01,2026-02-17,2026-02-17,False,,63.0,False,False,2025-05
2993,2025,5,Occurrence,Race-Ethnicity,Multi-Race,HOM,Assault (homicide),ICD-10,,1,Cell suppressed for small numbers,02/17/2026,02/17/2026,2025-05-01,2026-02-17,2026-02-17,True,Cell suppressed for small numbers,,False,False,2025-05
2994,2025,5,Occurrence,Race-Ethnicity,White,HOM,Assault (homicide),ICD-10,23.0,,,02/17/2026,02/17/2026,2025-05-01,2026-02-17,2026-02-17,False,,23.0,False,False,2025-05
2995,2025,5,Occurrence,Race-Ethnicity,Other/Unknown,HOM,Assault (homicide),ICD-10,,1,Cell suppressed for small numbers,02/17/2026,02/17/2026,2025-05-01,2026-02-17,2026-02-17,True,Cell suppressed for small numbers,,False,False,2025-05
2999,2025,5,Occurrence,Race-Ethnicity,American Indian/Alaska Native,HTD,Diseases of heart,ICD-10,27.0,,,02/17/2026,02/17/2026,2025-05-01,2026-02-17,2026-02-17,False,,27.0,False,False,2025-05
3000,2025,5,Occurrence,Race-Ethnicity,Asian,HTD,Diseases of heart,ICD-10,575.0,,,02/17/2026,02/17/2026,2025-05-01,2026-02-17,2026-02-17,False,,575.0,False,False,2025-05
3001,2025,5,Occurrence,Race-Ethnicity,Black,HTD,Diseases of heart,ICD-10,410.0,,,02/17/2026,02/17/2026,2025-05-01,2026-02-17,2026-02-17,False,,410.0,False,False,2025-05
3002,2025,5,Occurrence,Race-Ethnicity,Hawaiian/Pacific Islander,HTD,Diseases of heart,ICD-10,20.0,,,02/17/2026,02/17/2026,2025-05-01,2026-02-17,2026-02-17,False,,20.0,False,False,2025-05
3003,2025,5,Occurrence,Race-Ethnicity,Hispanic,HTD,Diseases of heart,ICD-10,1025.0,,,02/17/2026,02/17/2026,2025-05-01,2026-02-17,2026-02-17,False,,1025.0,False,False,2025-05
3004,2025,5,Occurrence,Race-Ethnicity,Multi-Race,HTD,Diseases of heart,ICD-10,55.0,,,02/17/2026,02/17/2026,2025-05-01,2026-02-17,2026-02-17,False,,55.0,False,False,2025-05
3005,2025,5,Occurrence,Race-Ethnicity,White,HTD,Diseases of heart,ICD-10,3100.0,,,02/17/2026,02/17/2026,2025-05-01,2026-02-17,2026-02-17,False,,3100.0,False,False,2025-05
3006,2025,5,Occurrence,Race-Ethnicity,Other/Unknown,HTD,Diseases of heart,ICD-10,49.0,,,02/17/2026,02/17/2026,2025-05-01,2026-02-17,2026-02-17,False,,49.0,False,False,2025-05
3010,2025,5,Occurrence,Race-Ethnicity,American Indian/Alaska Native,HYP,Essential hypertension and hypertensive renal disease,ICD-10,,1,Cell suppressed for small numbers,02/17/2026,02/17/2026,2025-05-01,2026-02-17,2026-02-17,True,Cell suppressed for small numbers,,False,False,2025-05
3011,2025,5,Occurrence,Race-Ethnicity,Asian,HYP,Essential hypertension and hypertensive renal disease,ICD-10,81.0,,,02/17/2026,02/17/2026,2025-05-01,2026-02-17,2026-02-17,False,,81.0,False,False,2025-05
3012,2025,5,Occurrence,Race-Ethnicity,Black,HYP,Essential hypertension and hypertensive renal disease,ICD-10,65.0,,,02/17/2026,02/17/2026,2025-05-01,2026-02-17,2026-02-17,False,,65.0,False,False,2025-05
3013,2025,5,Occurrence,Race-Ethnicity,Hawaiian/Pacific Islander,HYP,Essential hypertension and hypertensive renal disease,ICD-10,,1,Cell suppressed for small numbers,02/17/2026,02/17/2026,2025-05-01,2026-02-17,2026-02-17,True,Cell suppressed for small numbers,,False,False,2025-05
3014,2025,5,Occurrence,Race-Ethnicity,Hispanic,HYP,Essential hypertension and hypertensive renal disease,ICD-10,122.0,,,02/17/2026,02/17/2026,2025-05-01,2026-02-17,2026-02-17,False,,122.0,False,False,2025-05
3015,2025,5,Occurrence,Race-Ethnicity,Multi-Race,HYP,Essential hypertension and hypertensive renal disease,ICD-10,,1,Cell suppressed for small numbers,02/17/2026,02/17/2026,2025-05-01,2026-02-17,2026-02-17,True,Cell suppressed for small numbers,,False,False,2025-05
3016,2025,5,Occurrence,Race-Ethnicity,White,HYP,Essential hypertension and hypertensive renal disease,ICD-10,267.0,,,02/17/2026,02/17/2026,2025-05-01,2026-02-17,2026-02-17,False,,267.0,False,False,2025-05
3017,2025,5,Occurrence,Race-Ethnicity,Other/Unknown,HYP,Essential hypertension and hypertensive renal disease,ICD-10,,1,Cell suppressed for small numbers,02/17/2026,02/17/2026,2025-05-01,2026-02-17,2026-02-17,True,Cell suppressed for small numbers,,False,False,2025-05
3021,2025,5,Occurrence,Race-Ethnicity,American Indian/Alaska Native,INJ,Accidents (unintentional injuries),ICD-10,,1,Cell suppressed for small numbers,02/17/2026,02/17/2026,2025-05-01,2026-02-17,2026-02-17,True,Cell suppressed for small numbers,,False,False,2025-05
3022,2025,5,Occurrence,Race-Ethnicity,Asian,INJ,Accidents (unintentional injuries),ICD-10,105.0,,,02/17/2026,02/17/2026,2025-05-01,2026-02-17,2026-02-17,False,,105.0,False,False,2025-05
3023,2025,5,Occurrence,Race-Ethnicity,Black,INJ,Accidents (unintentional injuries),ICD-10,166.0,,,02/17/2026,02/17/2026,2025-05-01,2026-02-17,2026-02-17,False,,166.0,False,False,2025-05
3024,2025,5,Occurrence,Race-Ethnicity,Hawaiian/Pacific Islander,INJ,Accidents (unintentional injuries),ICD-10,,1,Cell suppressed for small numbers,02/17/2026,02/17/2026,2025-05-01,2026-02-17,2026-02-17,True,Cell suppressed for small numbers,,False,False,2025-05
3025,2025,5,Occurrence,Race-Ethnicity,Hispanic,INJ,Accidents (unintentional injuries),ICD-10,533.0,,,02/17/2026,02/17/2026,2025-05-01,2026-02-17,2026-02-17,False,,533.0,False,False,2025-05
3026,2025,5,Occurrence,Race-Ethnicity,Multi-Race,INJ,Accidents (unintentional injuries),ICD-10,36.0,,,02/17/2026,02/17/2026,2025-05-01,2026-02-17,2026-02-17,False,,36.0,False,False,2025-05
3027,2025,5,Occurrence,Race-Ethnicity,White,INJ,Accidents (unintentional injuries),ICD-10,650.0,,,02/17/2026,02/17/2026,2025-05-01,2026-02-17,2026-02-17,False,,650.0,False,False,2025-05
3028,2025,5,Occurrence,Race-Ethnicity,Other/Unknown,INJ,Accidents (unintentional injuries),ICD-10,31.0,,,02/17/2026,02/17/2026,2025-05-01,2026-02-17,2026-02-17,False,,31.0,False,False,2025-05
3032,2025,5,Occurrence,Race-Ethnicity,American Indian/Alaska Native,LIV,Chronic liver disease and cirrhosis,ICD-10,,1,Cell suppressed for small numbers,02/17/2026,02/17/2026,2025-05-01,2026-02-17,2026-02-17,True,Cell suppressed for small numbers,,False,False,2025-05
3033,2025,5,Occurrence,Race-Ethnicity,Asian,LIV,Chronic liver disease and cirrhosis,ICD-10,20.0,,,02/17/2026,02/17/2026,2025-05-01,2026-02-17,2026-02-17,False,,20.0,False,False,2025-05
3034,2025,5,Occurrence,Race-Ethnicity,Black,LIV,Chronic liver disease and cirrhosis,ICD-10,21.0,,,02/17/2026,02/17/2026,2025-05-01,2026-02-17,2026-02-17,False,,21.0,False,False,2025-05
3035,2025,5,Occurrence,Race-Ethnicity,Hawaiian/Pacific Islander,LIV,Chronic liver disease and cirrhosis,ICD-10,,1,Cell suppressed for small numbers,02/17/2026,02/17/2026,2025-05-01,2026-02-17,2026-02-17,True,Cell suppressed for small numbers,,False,False,2025-05
3036,2025,5,Occurrence,Race-Ethnicity,Hispanic,LIV,Chronic liver disease and cirrhosis,ICD-10,235.0,,,02/17/2026,02/17/2026,2025-05-01,2026-02-17,2026-02-17,False,,235.0,False,False,2025-05
3037,2025,5,Occurrence,Race-Ethnicity,Multi-Race,LIV,Chronic liver disease and cirrhosis,ICD-10,,1,Cell suppressed for small numbers,02/17/2026,02/17/2026,2025-05-01,2026-02-17,2026-02-17,True,Cell suppressed for small numbers,,False,False,2025-05
3038,2025,5,Occurrence,Race-Ethnicity,White,LIV,Chronic liver disease and cirrhosis,ICD-10,239.0,,,02/17/2026,02/17/2026,2025-05-01,2026-02-17,2026-02-17,False,,239.0,False,False,2025-05
3039,2025,5,Occurrence,Race-Ethnicity,Other/Unknown,LIV,Chronic liver disease and cirrhosis,ICD-10,,1,Cell suppressed for small numbers,02/17/2026,02/17/2026,2025-05-01,2026-02-17,2026-02-17,True,Cell suppressed for small numbers,,False,False,2025-05
3043,2025,5,Occurrence,Race-Ethnicity,American Indian/Alaska Native,NEP,"Nephritis, nephrotic syndrome and nephrosis",ICD-10,,1,Cell suppressed for small numbers,02/17/2026,02/17/2026,2025-05-01,2026-02-17,2026-02-17,True,Cell suppressed for small numbers,,False,False,2025-05
3044,2025,5,Occurrence,Race-Ethnicity,Asian,NEP,"Nephritis, nephrotic syndrome and nephrosis",ICD-10,60.0,,,02/17/2026,02/17/2026,2025-05-01,2026-02-17,2026-02-17,False,,60.0,False,False,2025-05
3045,2025,5,Occurrence,Race-Ethnicity,Black,NEP,"Nephritis, nephrotic syndrome and nephrosis",ICD-10,46.0,,,02/17/2026,02/17/2026,2025-05-01,2026-02-17,2026-02-17,False,,46.0,False,False,2025-05
3046,2025,5,Occurrence,Race-Ethnicity,Hawaiian/Pacific Islander,NEP,"Nephritis, nephrotic syndrome and nephrosis",ICD-10,0.0,,,02/17/2026,02/17/2026,2025-05-01,2026-02-17,2026-02-17,False,,0.0,False,False,2025-05
3047,2025,5,Occurrence,Race-Ethnicity,Hispanic,NEP,"Nephritis, nephrotic syndrome and nephrosis",ICD-10,138.0,,,02/17/2026,02/17/2026,2025-05-01,2026-02-17,2026-02-17,False,,138.0,False,False,2025-05
3048,2025,5,Occurrence,Race-Ethnicity,Multi-Race,NEP,"Nephritis, nephrotic syndrome and nephrosis",ICD-10,,1,Cell suppressed for small numbers,02/17/2026,02/17/2026,2025-05-01,2026-02-17,2026-02-17,True,Cell suppressed for small numbers,,False,False,2025-05
3049,2025,5,Occurrence,Race-Ethnicity,White,NEP,"Nephritis, nephrotic syndrome and nephrosis",ICD-10,189.0,,,02/17/2026,02/17/2026,2025-05-01,2026-02-17,2026-02-17,False,,189.0,False,False,2025-05
3050,2025,5,Occurrence,Race-Ethnicity,Other/Unknown,NEP,"Nephritis, nephrotic syndrome and nephrosis",ICD-10,,1,Cell suppressed for small numbers,02/17/2026,02/17/2026,2025-05-01,2026-02-17,2026-02-17,True,Cell suppressed for small numbers,,False,False,2025-05
3054,2025,5,Occurrence,Race-Ethnicity,American Indian/Alaska Native,PAR,Parkinson's disease,ICD-10,0.0,,,02/17/2026,02/17/2026,2025-05-01,2026-02-17,2026-02-17,False,,0.0,False,False,2025-05
3055,2025,5,Occurrence,Race-Ethnicity,Asian,PAR,Parkinson's disease,ICD-10,39.0,,,02/17/2026,02/17/2026,2025-05-01,2026-02-17,2026-02-17,False,,39.0,False,False,2025-05
3056,2025,5,Occurrence,Race-Ethnicity,Black,PAR,Parkinson's disease,ICD-10,,2,Cell suppressed for complementary cell,02/17/2026,02/17/2026,2025-05-01,2026-02-17,2026-02-17,True,Cell suppressed for complementary cell,,False,False,2025-05
3057,2025,5,Occurrence,Race-Ethnicity,Hawaiian/Pacific Islander,PAR,Parkinson's disease,ICD-10,0.0,,,02/17/2026,02/17/2026,2025-05-01,2026-02-17,2026-02-17,False,,0.0,False,False,2025-05
3058,2025,5,Occurrence,Race-Ethnicity,Hispanic,PAR,Parkinson's disease,ICD-10,42.0,,,02/17/2026,02/17/2026,2025-05-01,2026-02-17,2026-02-17,False,,42.0,False,False,2025-05
3059,2025,5,Occurrence,Race-Ethnicity,Multi-Race,PAR,Parkinson's disease,ICD-10,,1,Cell suppressed for small numbers,02/17/2026,02/17/2026,2025-05-01,2026-02-17,2026-02-17,True,Cell suppressed for small numbers,,False,False,2025-05
3060,2025,5,Occurrence,Race-Ethnicity,White,PAR,Parkinson's disease,ICD-10,259.0,,,02/17/2026,02/17/2026,2025-05-01,2026-02-17,2026-02-17,False,,259.0,False,False,2025-05
3061,2025,5,Occurrence,Race-Ethnicity,Other/Unknown,PAR,Parkinson's disease,ICD-10,,1,Cell suppressed for small numbers,02/17/2026,02/17/2026,2025-05-01,2026-02-17,2026-02-17,True,Cell suppressed for small numbers,,False,False,2025-05
3065,2025,5,Occurrence,Race-Ethnicity,American Indian/Alaska Native,PNF,Influenza and pneumonia,ICD-10,,1,Cell suppressed for small numbers,02/17/2026,02/17/2026,2025-05-01,2026-02-17,2026-02-17,True,Cell suppressed for small numbers,,False,False,2025-05
3066,2025,5,Occurrence,Race-Ethnicity,Asian,PNF,Influenza and pneumonia,ICD-10,57.0,,,02/17/2026,02/17/2026,2025-05-01,2026-02-17,2026-02-17,False,,57.0,False,False,2025-05
3067,2025,5,Occurrence,Race-Ethnicity,Black,PNF,Influenza and pneumonia,ICD-10,26.0,,,02/17/2026,02/17/2026,2025-05-01,2026-02-17,2026-02-17,False,,26.0,False,False,2025-05
3068,2025,5,Occurrence,Race-Ethnicity,Hawaiian/Pacific Islander,PNF,Influenza and pneumonia,ICD-10,,1,Cell suppressed for small numbers,02/17/2026,02/17/2026,2025-05-01,2026-02-17,2026-02-17,True,Cell suppressed for small numbers,,False,False,2025-05
3069,2025,5,Occurrence,Race-Ethnicity,Hispanic,PNF,Influenza and pneumonia,ICD-10,97.0,,,02/17/2026,02/17/2026,2025-05-01,2026-02-17,2026-02-17,False,,97.0,False,False,2025-05
3070,2025,5,Occurrence,Race-Ethnicity,Multi-Race,PNF,Influenza and pneumonia,ICD-10,,1,Cell suppressed for small numbers,02/17/2026,02/17/2026,2025-05-01,2026-02-17,2026-02-17,True,Cell suppressed for small numbers,,False,False,2025-05
3071,2025,5,Occurrence,Race-Ethnicity,White,PNF,Influenza and pneumonia,ICD-10,215.0,,,02/17/2026,02/17/2026,2025-05-01,2026-02-17,2026-02-17,False,,215.0,False,False,2025-05
3072,2025,5,Occurrence,Race-Ethnicity,Other/Unknown,PNF,Influenza and pneumonia,ICD-10,,1,Cell suppressed for small numbers,02/17/2026,02/17/2026,2025-05-01,2026-02-17,2026-02-17,True,Cell suppressed for small numbers,,False,False,2025-05
3076,2025,5,Occurrence,Race-Ethnicity,American Indian/Alaska Native,STK,Cerebrovascular diseases,ICD-10,12.0,,,02/17/2026,02/17/2026,2025-05-01,2026-02-17,2026-02-17,False,,12.0,False,False,2025-05
3077,2025,5,Occurrence,Race-Ethnicity,Asian,STK,Cerebrovascular diseases,ICD-10,226.0,,,02/17/2026,02/17/2026,2025-05-01,2026-02-17,2026-02-17,False,,226.0,False,False,2025-05
3078,2025,5,Occurrence,Race-Ethnicity,Black,STK,Cerebrovascular diseases,ICD-10,122.0,,,02/17/2026,02/17/2026,2025-05-01,2026-02-17,2026-02-17,False,,122.0,False,False,2025-05
3079,2025,5,Occurrence,Race-Ethnicity,Hawaiian/Pacific Islander,STK,Cerebrovascular diseases,ICD-10,,1,Cell suppressed for small numbers,02/17/2026,02/17/2026,2025-05-01,2026-02-17,2026-02-17,True,Cell suppressed for small numbers,,False,False,2025-05
3080,2025,5,Occurrence,Race-Ethnicity,Hispanic,STK,Cerebrovascular diseases,ICD-10,337.0,,,02/17/2026,02/17/2026,2025-05-01,2026-02-17,2026-02-17,False,,337.0,False,False,2025-05
3081,2025,5,Occurrence,Race-Ethnicity,Multi-Race,STK,Cerebrovascular diseases,ICD-10,14.0,,,02/17/2026,02/17/2026,2025-05-01,2026-02-17,2026-02-17,False,,14.0,False,False,2025-05
3082,2025,5,Occurrence,Race-Ethnicity,White,STK,Cerebrovascular diseases,ICD-10,767.0,,,02/17/2026,02/17/2026,2025-05-01,2026-02-17,2026-02-17,False,,767.0,False,False,2025-05
3083,2025,5,Occurrence,Race-Ethnicity,Other/Unknown,STK,Cerebrovascular diseases,ICD-10,,1,Cell suppressed for small numbers,02/17/2026,02/17/2026,2025-05-01,2026-02-17,2026-02-17,True,Cell suppressed for small numbers,,False,False,2025-05
3087,2025,5,Occurrence,Race-Ethnicity,American Indian/Alaska Native,SUI,Intentional self-harm (suicide),ICD-10,,1,Cell suppressed for small numbers,02/17/2026,02/17/2026,2025-05-01,2026-02-17,2026-02-17,True,Cell suppressed for small numbers,,False,False,2025-05
3088,2025,5,Occurrence,Race-Ethnicity,Asian,SUI,Intentional self-harm (suicide),ICD-10,39.0,,,02/17/2026,02/17/2026,2025-05-01,2026-02-17,2026-02-17,False,,39.0,False,False,2025-05
3089,2025,5,Occurrence,Race-Ethnicity,Black,SUI,Intentional self-harm (suicide),ICD-10,15.0,,,02/17/2026,02/17/2026,2025-05-01,2026-02-17,2026-02-17,False,,15.0,False,False,2025-05
3090,2025,5,Occurrence,Race-Ethnicity,Hawaiian/Pacific Islander,SUI,Intentional self-harm (suicide),ICD-10,,1,Cell suppressed for small numbers,02/17/2026,02/17/2026,2025-05-01,2026-02-17,2026-02-17,True,Cell suppressed for small numbers,,False,False,2025-05
3091,2025,5,Occurrence,Race-Ethnicity,Hispanic,SUI,Intentional self-harm (suicide),ICD-10,92.0,,,02/17/2026,02/17/2026,2025-05-01,2026-02-17,2026-02-17,False,,92.0,False,False,2025-05
3092,2025,5,Occurrence,Race-Ethnicity,Multi-Race,SUI,Intentional self-harm (suicide),ICD-10,,1,Cell suppressed for small numbers,02/17/2026,02/17/2026,2025-05-01,2026-02-17,2026-02-17,True,Cell suppressed for small numbers,,False,False,2025-05
3093,2025,5,Occurrence,Race-Ethnicity,White,SUI,Intentional self-harm (suicide),ICD-10,185.0,,,02/17/2026,02/17/2026,2025-05-01,2026-02-17,2026-02-17,False,,185.0,False,False,2025-05
3094,2025,5,Occurrence,Race-Ethnicity,Other/Unknown,SUI,Intentional self-harm (suicide),ICD-10,,1,Cell suppressed for small numbers,02/17/2026,02/17/2026,2025-05-01,2026-02-17,2026-02-17,True,Cell suppressed for small numbers,,False,False,2025-05
3115,2025,6,Occurrence,Race-Ethnicity,American Indian/Alaska Native,ALL,All causes (total),ICD-10,117.0,,,02/17/2026,02/17/2026,2025-06-01,2026-02-17,2026-02-17,False,,117.0,False,True,2025-06
3116,2025,6,Occurrence,Race-Ethnicity,Asian,ALL,All causes (total),ICD-10,2652.0,,,02/17/2026,02/17/2026,2025-06-01,2026-02-17,2026-02-17,False,,2652.0,False,True,2025-06
3117,2025,6,Occurrence,Race-Ethnicity,Black,ALL,All causes (total),ICD-10,1752.0,,,02/17/2026,02/17/2026,2025-06-01,2026-02-17,2026-02-17,False,,1752.0,False,True,2025-06
3118,2025,6,Occurrence,Race-Ethnicity,Hawaiian/Pacific Islander,ALL,All causes (total),ICD-10,91.0,,,02/17/2026,02/17/2026,2025-06-01,2026-02-17,2026-02-17,False,,91.0,False,True,2025-06
3119,2025,6,Occurrence,Race-Ethnicity,Hispanic,ALL,All causes (total),ICD-10,5180.0,,,02/17/2026,02/17/2026,2025-06-01,2026-02-17,2026-02-17,False,,5180.0,False,True,2025-06
3120,2025,6,Occurrence,Race-Ethnicity,Multi-Race,ALL,All causes (total),ICD-10,210.0,,,02/17/2026,02/17/2026,2025-06-01,2026-02-17,2026-02-17,False,,210.0,False,True,2025-06
3121,2025,6,Occurrence,Race-Ethnicity,White,ALL,All causes (total),ICD-10,12225.0,,,02/17/2026,02/17/2026,2025-06-01,2026-02-17,2026-02-17,False,,12225.0,False,True,2025-06
3122,2025,6,Occurrence,Race-Ethnicity,Other/Unknown,ALL,All causes (total),ICD-10,197.0,,,02/17/2026,02/17/2026,2025-06-01,2026-02-17,2026-02-17,False,,197.0,False,True,2025-06
3126,2025,6,Occurrence,Race-Ethnicity,American Indian/Alaska Native,ALZ,Alzheimer's disease,ICD-10,,1,Cell suppressed for small numbers,02/17/2026,02/17/2026,2025-06-01,2026-02-17,2026-02-17,True,Cell suppressed for small numbers,,False,False,2025-06
3127,2025,6,Occurrence,Race-Ethnicity,Asian,ALZ,Alzheimer's disease,ICD-10,133.0,,,02/17/2026,02/17/2026,2025-06-01,2026-02-17,2026-02-17,False,,133.0,False,False,2025-06
3128,2025,6,Occurrence,Race-Ethnicity,Black,ALZ,Alzheimer's disease,ICD-10,81.0,,,02/17/2026,02/17/2026,2025-06-01,2026-02-17,2026-02-17,False,,81.0,False,False,2025-06
3129,2025,6,Occurrence,Race-Ethnicity,Hawaiian/Pacific Islander,ALZ,Alzheimer's disease,ICD-10,,1,Cell suppressed for small numbers,02/17/2026,02/17/2026,2025-06-01,2026-02-17,2026-02-17,True,Cell suppressed for small numbers,,False,False,2025-06
3130,2025,6,Occurrence,Race-Ethnicity,Hispanic,ALZ,Alzheimer's disease,ICD-10,239.0,,,02/17/2026,02/17/2026,2025-06-01,2026-02-17,2026-02-17,False,,239.0,False,False,2025-06
3131,2025,6,Occurrence,Race-Ethnicity,Multi-Race,ALZ,Alzheimer's disease,ICD-10,,1,Cell suppressed for small numbers,02/17/2026,02/17/2026,2025-06-01,2026-02-17,2026-02-17,True,Cell suppressed for small numbers,,False,False,2025-06
3132,2025,6,Occurrence,Race-Ethnicity,White,ALZ,Alzheimer's disease,ICD-10,755.0,,,02/17/2026,02/17/2026,2025-06-01,2026-02-17,2026-02-17,False,,755.0,False,False,2025-06
3133,2025,6,Occurrence,Race-Ethnicity,Other/Unknown,ALZ,Alzheimer's disease,ICD-10,,1,Cell suppressed for small numbers,02/17/2026,02/17/2026,2025-06-01,2026-02-17,2026-02-17,True,Cell suppressed for small numbers,,False,False,2025-06
3137,2025,6,Occurrence,Race-Ethnicity,American Indian/Alaska Native,CAN,Malignant neoplasms,ICD-10,20.0,,,02/17/2026,02/17/2026,2025-06-01,2026-02-17,2026-02-17,False,,20.0,False,False,2025-06
3138,2025,6,Occurrence,Race-Ethnicity,Asian,CAN,Malignant neoplasms,ICD-10,687.0,,,02/17/2026,02/17/2026,2025-06-01,2026-02-17,2026-02-17,False,,687.0,False,False,2025-06
3139,2025,6,Occurrence,Race-Ethnicity,Black,CAN,Malignant neoplasms,ICD-10,371.0,,,02/17/2026,02/17/2026,2025-06-01,2026-02-17,2026-02-17,False,,371.0,False,False,2025-06
3140,2025,6,Occurrence,Race-Ethnicity,Hawaiian/Pacific Islander,CAN,Malignant neoplasms,ICD-10,21.0,,,02/17/2026,02/17/2026,2025-06-01,2026-02-17,2026-02-17,False,,21.0,False,False,2025-06
3141,2025,6,Occurrence,Race-Ethnicity,Hispanic,CAN,Malignant neoplasms,ICD-10,1138.0,,,02/17/2026,02/17/2026,2025-06-01,2026-02-17,2026-02-17,False,,1138.0,False,False,2025-06
3142,2025,6,Occurrence,Race-Ethnicity,Multi-Race,CAN,Malignant neoplasms,ICD-10,53.0,,,02/17/2026,02/17/2026,2025-06-01,2026-02-17,2026-02-17,False,,53.0,False,False,2025-06
3143,2025,6,Occurrence,Race-Ethnicity,White,CAN,Malignant neoplasms,ICD-10,2703.0,,,02/17/2026,02/17/2026,2025-06-01,2026-02-17,2026-02-17,False,,2703.0,False,False,2025-06
3144,2025,6,Occurrence,Race-Ethnicity,Other/Unknown,CAN,Malignant neoplasms,ICD-10,33.0,,,02/17/2026,02/17/2026,2025-06-01,2026-02-17,2026-02-17,False,,33.0,False,False,2025-06
3148,2025,6,Occurrence,Race-Ethnicity,American Indian/Alaska Native,CLD,Chronic lower respiratory diseases,ICD-10,,1,Cell suppressed for small numbers,02/17/2026,02/17/2026,2025-06-01,2026-02-17,2026-02-17,True,Cell suppressed for small numbers,,False,False,2025-06
3149,2025,6,Occurrence,Race-Ethnicity,Asian,CLD,Chronic lower respiratory diseases,ICD-10,82.0,,,02/17/2026,02/17/2026,2025-06-01,2026-02-17,2026-02-17,False,,82.0,False,False,2025-06
3150,2025,6,Occurrence,Race-Ethnicity,Black,CLD,Chronic lower respiratory diseases,ICD-10,71.0,,,02/17/2026,02/17/2026,2025-06-01,2026-02-17,2026-02-17,False,,71.0,False,False,2025-06
3151,2025,6,Occurrence,Race-Ethnicity,Hawaiian/Pacific Islander,CLD,Chronic lower respiratory diseases,ICD-10,,1,Cell suppressed for small numbers,02/17/2026,02/17/2026,2025-06-01,2026-02-17,2026-02-17,True,Cell suppressed for small numbers,,False,False,2025-06
3152,2025,6,Occurrence,Race-Ethnicity,Hispanic,CLD,Chronic lower respiratory diseases,ICD-10,83.0,,,02/17/2026,02/17/2026,2025-06-01,2026-02-17,2026-02-17,False,,83.0,False,False,2025-06
3153,2025,6,Occurrence,Race-Ethnicity,Multi-Race,CLD,Chronic lower respiratory diseases,ICD-10,11.0,,,02/17/2026,02/17/2026,2025-06-01,2026-02-17,2026-02-17,False,,11.0,False,False,2025-06
3154,2025,6,Occurrence,Race-Ethnicity,White,CLD,Chronic lower respiratory diseases,ICD-10,652.0,,,02/17/2026,02/17/2026,2025-06-01,2026-02-17,2026-02-17,False,,652.0,False,False,2025-06
3155,2025,6,Occurrence,Race-Ethnicity,Other/Unknown,CLD,Chronic lower respiratory diseases,ICD-10,14.0,,,02/17/2026,02/17/2026,2025-06-01,2026-02-17,2026-02-17,False,,14.0,False,False,2025-06
3159,2025,6,Occurrence,Race-Ethnicity,American Indian/Alaska Native,DIA,Diabetes mellitus,ICD-10,,1,Cell suppressed for small numbers,02/17/2026,02/17/2026,2025-06-01,2026-02-17,2026-02-17,True,Cell suppressed for small numbers,,False,False,2025-06
3160,2025,6,Occurrence,Race-Ethnicity,Asian,DIA,Diabetes mellitus,ICD-10,126.0,,,02/17/2026,02/17/2026,2025-06-01,2026-02-17,2026-02-17,False,,126.0,False,False,2025-06
3161,2025,6,Occurrence,Race-Ethnicity,Black,DIA,Diabetes mellitus,ICD-10,86.0,,,02/17/2026,02/17/2026,2025-06-01,2026-02-17,2026-02-17,False,,86.0,False,False,2025-06
3162,2025,6,Occurrence,Race-Ethnicity,Hawaiian/Pacific Islander,DIA,Diabetes mellitus,ICD-10,,1,Cell suppressed for small numbers,02/17/2026,02/17/2026,2025-06-01,2026-02-17,2026-02-17,True,Cell suppressed for small numbers,,False,False,2025-06
3163,2025,6,Occurrence,Race-Ethnicity,Hispanic,DIA,Diabetes mellitus,ICD-10,321.0,,,02/17/2026,02/17/2026,2025-06-01,2026-02-17,2026-02-17,False,,321.0,False,False,2025-06
3164,2025,6,Occurrence,Race-Ethnicity,Multi-Race,DIA,Diabetes mellitus,ICD-10,,1,Cell suppressed for small numbers,02/17/2026,02/17/2026,2025-06-01,2026-02-17,2026-02-17,True,Cell suppressed for small numbers,,False,False,2025-06
3165,2025,6,Occurrence,Race-Ethnicity,White,DIA,Diabetes mellitus,ICD-10,298.0,,,02/17/2026,02/17/2026,2025-06-01,2026-02-17,2026-02-17,False,,298.0,False,False,2025-06
3166,2025,6,Occurrence,Race-Ethnicity,Other/Unknown,DIA,Diabetes mellitus,ICD-10,,1,Cell suppressed for small numbers,02/17/2026,02/17/2026,2025-06-01,2026-02-17,2026-02-17,True,Cell suppressed for small numbers,,False,False,2025-06
3170,2025,6,Occurrence,Race-Ethnicity,American Indian/Alaska Native,HOM,Assault (homicide),ICD-10,,1,Cell suppressed for small numbers,02/17/2026,02/17/2026,2025-06-01,2026-02-17,2026-02-17,True,Cell suppressed for small numbers,,False,False,2025-06
3171,2025,6,Occurrence,Race-Ethnicity,Asian,HOM,Assault (homicide),ICD-10,,1,Cell suppressed for small numbers,02/17/2026,02/17/2026,2025-06-01,2026-02-17,2026-02-17,True,Cell suppressed for small numbers,,False,False,2025-06
3172,2025,6,Occurrence,Race-Ethnicity,Black,HOM,Assault (homicide),ICD-10,26.0,,,02/17/2026,02/17/2026,2025-06-01,2026-02-17,2026-02-17,False,,26.0,False,False,2025-06
3173,2025,6,Occurrence,Race-Ethnicity,Hawaiian/Pacific Islander,HOM,Assault (homicide),ICD-10,,1,Cell suppressed for small numbers,02/17/2026,02/17/2026,2025-06-01,2026-02-17,2026-02-17,True,Cell suppressed for small numbers,,False,False,2025-06
3174,2025,6,Occurrence,Race-Ethnicity,Hispanic,HOM,Assault (homicide),ICD-10,62.0,,,02/17/2026,02/17/2026,2025-06-01,2026-02-17,2026-02-17,False,,62.0,False,False,2025-06
3175,2025,6,Occurrence,Race-Ethnicity,Multi-Race,HOM,Assault (homicide),ICD-10,,1,Cell suppressed for small numbers,02/17/2026,02/17/2026,2025-06-01,2026-02-17,2026-02-17,True,Cell suppressed for small numbers,,False,False,2025-06
3176,2025,6,Occurrence,Race-Ethnicity,White,HOM,Assault (homicide),ICD-10,23.0,,,02/17/2026,02/17/2026,2025-06-01,2026-02-17,2026-02-17,False,,23.0,False,False,2025-06
3177,2025,6,Occurrence,Race-Ethnicity,Other/Unknown,HOM,Assault (homicide),ICD-10,0.0,,,02/17/2026,02/17/2026,2025-06-01,2026-02-17,2026-02-17,False,,0.0,False,False,2025-06
3181,2025,6,Occurrence,Race-Ethnicity,American Indian/Alaska Native,HTD,Diseases of heart,ICD-10,26.0,,,02/17/2026,02/17/2026,2025-06-01,2026-02-17,2026-02-17,False,,26.0,False,False,2025-06
3182,2025,6,Occurrence,Race-Ethnicity,Asian,HTD,Diseases of heart,ICD-10,528.0,,,02/17/2026,02/17/2026,2025-06-01,2026-02-17,2026-02-17,False,,528.0,False,False,2025-06
3183,2025,6,Occurrence,Race-Ethnicity,Black,HTD,Diseases of heart,ICD-10,399.0,,,02/17/2026,02/17/2026,2025-06-01,2026-02-17,2026-02-17,False,,399.0,False,False,2025-06
3184,2025,6,Occurrence,Race-Ethnicity,Hawaiian/Pacific Islander,HTD,Diseases of heart,ICD-10,26.0,,,02/17/2026,02/17/2026,2025-06-01,2026-02-17,2026-02-17,False,,26.0,False,False,2025-06
3185,2025,6,Occurrence,Race-Ethnicity,Hispanic,HTD,Diseases of heart,ICD-10,945.0,,,02/17/2026,02/17/2026,2025-06-01,2026-02-17,2026-02-17,False,,945.0,False,False,2025-06
3186,2025,6,Occurrence,Race-Ethnicity,Multi-Race,HTD,Diseases of heart,ICD-10,41.0,,,02/17/2026,02/17/2026,2025-06-01,2026-02-17,2026-02-17,False,,41.0,False,False,2025-06
3187,2025,6,Occurrence,Race-Ethnicity,White,HTD,Diseases of heart,ICD-10,2777.0,,,02/17/2026,02/17/2026,2025-06-01,2026-02-17,2026-02-17,False,,2777.0,False,False,2025-06
3188,2025,6,Occurrence,Race-Ethnicity,Other/Unknown,HTD,Diseases of heart,ICD-10,46.0,,,02/17/2026,02/17/2026,2025-06-01,2026-02-17,2026-02-17,False,,46.0,False,False,2025-06
3192,2025,6,Occurrence,Race-Ethnicity,American Indian/Alaska Native,HYP,Essential hypertension and hypertensive renal disease,ICD-10,,1,Cell suppressed for small numbers,02/17/2026,02/17/2026,2025-06-01,2026-02-17,2026-02-17,True,Cell suppressed for small numbers,,False,False,2025-06
3193,2025,6,Occurrence,Race-Ethnicity,Asian,HYP,Essential hypertension and hypertensive renal disease,ICD-10,74.0,,,02/17/2026,02/17/2026,2025-06-01,2026-02-17,2026-02-17,False,,74.0,False,False,2025-06
3194,2025,6,Occurrence,Race-Ethnicity,Black,HYP,Essential hypertension and hypertensive renal disease,ICD-10,52.0,,,02/17/2026,02/17/2026,2025-06-01,2026-02-17,2026-02-17,False,,52.0,False,False,2025-06
3195,2025,6,Occurrence,Race-Ethnicity,Hawaiian/Pacific Islander,HYP,Essential hypertension and hypertensive renal disease,ICD-10,,1,Cell suppressed for small numbers,02/17/2026,02/17/2026,2025-06-01,2026-02-17,2026-02-17,True,Cell suppressed for small numbers,,False,False,2025-06
3196,2025,6,Occurrence,Race-Ethnicity,Hispanic,HYP,Essential hypertension and hypertensive renal disease,ICD-10,94.0,,,02/17/2026,02/17/2026,2025-06-01,2026-02-17,2026-02-17,False,,94.0,False,False,2025-06
3197,2025,6,Occurrence,Race-Ethnicity,Multi-Race,HYP,Essential hypertension and hypertensive renal disease,ICD-10,,1,Cell suppressed for small numbers,02/17/2026,02/17/2026,2025-06-01,2026-02-17,2026-02-17,True,Cell suppressed for small numbers,,False,False,2025-06
3198,2025,6,Occurrence,Race-Ethnicity,White,HYP,Essential hypertension and hypertensive renal disease,ICD-10,273.0,,,02/17/2026,02/17/2026,2025-06-01,2026-02-17,2026-02-17,False,,273.0,False,False,2025-06
3199,2025,6,Occurrence,Race-Ethnicity,Other/Unknown,HYP,Essential hypertension and hypertensive renal disease,ICD-10,,1,Cell suppressed for small numbers,02/17/2026,02/17/2026,2025-06-01,2026-02-17,2026-02-17,True,Cell suppressed for small numbers,,False,False,2025-06
3203,2025,6,Occurrence,Race-Ethnicity,American Indian/Alaska Native,INJ,Accidents (unintentional injuries),ICD-10,18.0,,,02/17/2026,02/17/2026,2025-06-01,2026-02-17,2026-02-17,False,,18.0,False,False,2025-06
3204,2025,6,Occurrence,Race-Ethnicity,Asian,INJ,Accidents (unintentional injuries),ICD-10,110.0,,,02/17/2026,02/17/2026,2025-06-01,2026-02-17,2026-02-17,False,,110.0,False,False,2025-06
3205,2025,6,Occurrence,Race-Ethnicity,Black,INJ,Accidents (unintentional injuries),ICD-10,153.0,,,02/17/2026,02/17/2026,2025-06-01,2026-02-17,2026-02-17,False,,153.0,False,False,2025-06
3206,2025,6,Occurrence,Race-Ethnicity,Hawaiian/Pacific Islander,INJ,Accidents (unintentional injuries),ICD-10,,1,Cell suppressed for small numbers,02/17/2026,02/17/2026,2025-06-01,2026-02-17,2026-02-17,True,Cell suppressed for small numbers,,False,False,2025-06
3207,2025,6,Occurrence,Race-Ethnicity,Hispanic,INJ,Accidents (unintentional injuries),ICD-10,497.0,,,02/17/2026,02/17/2026,2025-06-01,2026-02-17,2026-02-17,False,,497.0,False,False,2025-06
3208,2025,6,Occurrence,Race-Ethnicity,Multi-Race,INJ,Accidents (unintentional injuries),ICD-10,,2,Cell suppressed for complementary cell,02/17/2026,02/17/2026,2025-06-01,2026-02-17,2026-02-17,True,Cell suppressed for complementary cell,,False,False,2025-06
3209,2025,6,Occurrence,Race-Ethnicity,White,INJ,Accidents (unintentional injuries),ICD-10,635.0,,,02/17/2026,02/17/2026,2025-06-01,2026-02-17,2026-02-17,False,,635.0,False,False,2025-06
3210,2025,6,Occurrence,Race-Ethnicity,Other/Unknown,INJ,Accidents (unintentional injuries),ICD-10,26.0,,,02/17/2026,02/17/2026,2025-06-01,2026-02-17,2026-02-17,False,,26.0,False,False,2025-06
3214,2025,6,Occurrence,Race-Ethnicity,American Indian/Alaska Native,LIV,Chronic liver disease and cirrhosis,ICD-10,,1,Cell suppressed for small numbers,02/17/2026,02/17/2026,2025-06-01,2026-02-17,2026-02-17,True,Cell suppressed for small numbers,,False,False,2025-06
3215,2025,6,Occurrence,Race-Ethnicity,Asian,LIV,Chronic liver disease and cirrhosis,ICD-10,29.0,,,02/17/2026,02/17/2026,2025-06-01,2026-02-17,2026-02-17,False,,29.0,False,False,2025-06
3216,2025,6,Occurrence,Race-Ethnicity,Black,LIV,Chronic liver disease and cirrhosis,ICD-10,17.0,,,02/17/2026,02/17/2026,2025-06-01,2026-02-17,2026-02-17,False,,17.0,False,False,2025-06
3217,2025,6,Occurrence,Race-Ethnicity,Hawaiian/Pacific Islander,LIV,Chronic liver disease and cirrhosis,ICD-10,,1,Cell suppressed for small numbers,02/17/2026,02/17/2026,2025-06-01,2026-02-17,2026-02-17,True,Cell suppressed for small numbers,,False,False,2025-06
3218,2025,6,Occurrence,Race-Ethnicity,Hispanic,LIV,Chronic liver disease and cirrhosis,ICD-10,206.0,,,02/17/2026,02/17/2026,2025-06-01,2026-02-17,2026-02-17,False,,206.0,False,False,2025-06
3219,2025,6,Occurrence,Race-Ethnicity,Multi-Race,LIV,Chronic liver disease and cirrhosis,ICD-10,,1,Cell suppressed for small numbers,02/17/2026,02/17/2026,2025-06-01,2026-02-17,2026-02-17,True,Cell suppressed for small numbers,,False,False,2025-06
3220,2025,6,Occurrence,Race-Ethnicity,White,LIV,Chronic liver disease and cirrhosis,ICD-10,198.0,,,02/17/2026,02/17/2026,2025-06-01,2026-02-17,2026-02-17,False,,198.0,False,False,2025-06
3221,2025,6,Occurrence,Race-Ethnicity,Other/Unknown,LIV,Chronic liver disease and cirrhosis,ICD-10,,1,Cell suppressed for small numbers,02/17/2026,02/17/2026,2025-06-01,2026-02-17,2026-02-17,True,Cell suppressed for small numbers,,False,False,2025-06
3225,2025,6,Occurrence,Race-Ethnicity,American Indian/Alaska Native,NEP,"Nephritis, nephrotic syndrome and nephrosis",ICD-10,0.0,,,02/17/2026,02/17/2026,2025-06-01,2026-02-17,2026-02-17,False,,0.0,False,False,2025-06
3226,2025,6,Occurrence,Race-Ethnicity,Asian,NEP,"Nephritis, nephrotic syndrome and nephrosis",ICD-10,62.0,,,02/17/2026,02/17/2026,2025-06-01,2026-02-17,2026-02-17,False,,62.0,False,False,2025-06
3227,2025,6,Occurrence,Race-Ethnicity,Black,NEP,"Nephritis, nephrotic syndrome and nephrosis",ICD-10,44.0,,,02/17/2026,02/17/2026,2025-06-01,2026-02-17,2026-02-17,False,,44.0,False,False,2025-06
3228,2025,6,Occurrence,Race-Ethnicity,Hawaiian/Pacific Islander,NEP,"Nephritis, nephrotic syndrome and nephrosis",ICD-10,,1,Cell suppressed for small numbers,02/17/2026,02/17/2026,2025-06-01,2026-02-17,2026-02-17,True,Cell suppressed for small numbers,,False,False,2025-06
3229,2025,6,Occurrence,Race-Ethnicity,Hispanic,NEP,"Nephritis, nephrotic syndrome and nephrosis",ICD-10,110.0,,,02/17/2026,02/17/2026,2025-06-01,2026-02-17,2026-02-17,False,,110.0,False,False,2025-06
3230,2025,6,Occurrence,Race-Ethnicity,Multi-Race,NEP,"Nephritis, nephrotic syndrome and nephrosis",ICD-10,0.0,,,02/17/2026,02/17/2026,2025-06-01,2026-02-17,2026-02-17,False,,0.0,False,False,2025-06
3231,2025,6,Occurrence,Race-Ethnicity,White,NEP,"Nephritis, nephrotic syndrome and nephrosis",ICD-10,164.0,,,02/17/2026,02/17/2026,2025-06-01,2026-02-17,2026-02-17,False,,164.0,False,False,2025-06
3232,2025,6,Occurrence,Race-Ethnicity,Other/Unknown,NEP,"Nephritis, nephrotic syndrome and nephrosis",ICD-10,,1,Cell suppressed for small numbers,02/17/2026,02/17/2026,2025-06-01,2026-02-17,2026-02-17,True,Cell suppressed for small numbers,,False,False,2025-06
3236,2025,6,Occurrence,Race-Ethnicity,American Indian/Alaska Native,PAR,Parkinson's disease,ICD-10,0.0,,,02/17/2026,02/17/2026,2025-06-01,2026-02-17,2026-02-17,False,,0.0,False,False,2025-06
3237,2025,6,Occurrence,Race-Ethnicity,Asian,PAR,Parkinson's disease,ICD-10,49.0,,,02/17/2026,02/17/2026,2025-06-01,2026-02-17,2026-02-17,False,,49.0,False,False,2025-06
3238,2025,6,Occurrence,Race-Ethnicity,Black,PAR,Parkinson's disease,ICD-10,,2,Cell suppressed for complementary cell,02/17/2026,02/17/2026,2025-06-01,2026-02-17,2026-02-17,True,Cell suppressed for complementary cell,,False,False,2025-06
3239,2025,6,Occurrence,Race-Ethnicity,Hawaiian/Pacific Islander,PAR,Parkinson's disease,ICD-10,0.0,,,02/17/2026,02/17/2026,2025-06-01,2026-02-17,2026-02-17,False,,0.0,False,False,2025-06
3240,2025,6,Occurrence,Race-Ethnicity,Hispanic,PAR,Parkinson's disease,ICD-10,45.0,,,02/17/2026,02/17/2026,2025-06-01,2026-02-17,2026-02-17,False,,45.0,False,False,2025-06
3241,2025,6,Occurrence,Race-Ethnicity,Multi-Race,PAR,Parkinson's disease,ICD-10,0.0,,,02/17/2026,02/17/2026,2025-06-01,2026-02-17,2026-02-17,False,,0.0,False,False,2025-06
3242,2025,6,Occurrence,Race-Ethnicity,White,PAR,Parkinson's disease,ICD-10,222.0,,,02/17/2026,02/17/2026,2025-06-01,2026-02-17,2026-02-17,False,,222.0,False,False,2025-06
3243,2025,6,Occurrence,Race-Ethnicity,Other/Unknown,PAR,Parkinson's disease,ICD-10,,1,Cell suppressed for small numbers,02/17/2026,02/17/2026,2025-06-01,2026-02-17,2026-02-17,True,Cell suppressed for small numbers,,False,False,2025-06
3247,2025,6,Occurrence,Race-Ethnicity,American Indian/Alaska Native,PNF,Influenza and pneumonia,ICD-10,,1,Cell suppressed for small numbers,02/17/2026,02/17/2026,2025-06-01,2026-02-17,2026-02-17,True,Cell suppressed for small numbers,,False,False,2025-06
3248,2025,6,Occurrence,Race-Ethnicity,Asian,PNF,Influenza and pneumonia,ICD-10,55.0,,,02/17/2026,02/17/2026,2025-06-01,2026-02-17,2026-02-17,False,,55.0,False,False,2025-06
3249,2025,6,Occurrence,Race-Ethnicity,Black,PNF,Influenza and pneumonia,ICD-10,26.0,,,02/17/2026,02/17/2026,2025-06-01,2026-02-17,2026-02-17,False,,26.0,False,False,2025-06
3250,2025,6,Occurrence,Race-Ethnicity,Hawaiian/Pacific Islander,PNF,Influenza and pneumonia,ICD-10,,1,Cell suppressed for small numbers,02/17/2026,02/17/2026,2025-06-01,2026-02-17,2026-02-17,True,Cell suppressed for small numbers,,False,False,2025-06
3251,2025,6,Occurrence,Race-Ethnicity,Hispanic,PNF,Influenza and pneumonia,ICD-10,79.0,,,02/17/2026,02/17/2026,2025-06-01,2026-02-17,2026-02-17,False,,79.0,False,False,2025-06
3252,2025,6,Occurrence,Race-Ethnicity,Multi-Race,PNF,Influenza and pneumonia,ICD-10,,1,Cell suppressed for small numbers,02/17/2026,02/17/2026,2025-06-01,2026-02-17,2026-02-17,True,Cell suppressed for small numbers,,False,False,2025-06
3253,2025,6,Occurrence,Race-Ethnicity,White,PNF,Influenza and pneumonia,ICD-10,183.0,,,02/17/2026,02/17/2026,2025-06-01,2026-02-17,2026-02-17,False,,183.0,False,False,2025-06
3254,2025,6,Occurrence,Race-Ethnicity,Other/Unknown,PNF,Influenza and pneumonia,ICD-10,,1,Cell suppressed for small numbers,02/17/2026,02/17/2026,2025-06-01,2026-02-17,2026-02-17,True,Cell suppressed for small numbers,,False,False,2025-06
3258,2025,6,Occurrence,Race-Ethnicity,American Indian/Alaska Native,STK,Cerebrovascular diseases,ICD-10,,1,Cell suppressed for small numbers,02/17/2026,02/17/2026,2025-06-01,2026-02-17,2026-02-17,True,Cell suppressed for small numbers,,False,False,2025-06
3259,2025,6,Occurrence,Race-Ethnicity,Asian,STK,Cerebrovascular diseases,ICD-10,225.0,,,02/17/2026,02/17/2026,2025-06-01,2026-02-17,2026-02-17,False,,225.0,False,False,2025-06
3260,2025,6,Occurrence,Race-Ethnicity,Black,STK,Cerebrovascular diseases,ICD-10,112.0,,,02/17/2026,02/17/2026,2025-06-01,2026-02-17,2026-02-17,False,,112.0,False,False,2025-06
3261,2025,6,Occurrence,Race-Ethnicity,Hawaiian/Pacific Islander,STK,Cerebrovascular diseases,ICD-10,,1,Cell suppressed for small numbers,02/17/2026,02/17/2026,2025-06-01,2026-02-17,2026-02-17,True,Cell suppressed for small numbers,,False,False,2025-06
3262,2025,6,Occurrence,Race-Ethnicity,Hispanic,STK,Cerebrovascular diseases,ICD-10,293.0,,,02/17/2026,02/17/2026,2025-06-01,2026-02-17,2026-02-17,False,,293.0,False,False,2025-06
3263,2025,6,Occurrence,Race-Ethnicity,Multi-Race,STK,Cerebrovascular diseases,ICD-10,11.0,,,02/17/2026,02/17/2026,2025-06-01,2026-02-17,2026-02-17,False,,11.0,False,False,2025-06
3264,2025,6,Occurrence,Race-Ethnicity,White,STK,Cerebrovascular diseases,ICD-10,746.0,,,02/17/2026,02/17/2026,2025-06-01,2026-02-17,2026-02-17,False,,746.0,False,False,2025-06
3265,2025,6,Occurrence,Race-Ethnicity,Other/Unknown,STK,Cerebrovascular diseases,ICD-10,,1,Cell suppressed for small numbers,02/17/2026,02/17/2026,2025-06-01,2026-02-17,2026-02-17,True,Cell suppressed for small numbers,,False,False,2025-06
3269,2025,6,Occurrence,Race-Ethnicity,American Indian/Alaska Native,SUI,Intentional self-harm (suicide),ICD-10,,1,Cell suppressed for small numbers,02/17/2026,02/17/2026,2025-06-01,2026-02-17,2026-02-17,True,Cell suppressed for small numbers,,False,False,2025-06
3270,2025,6,Occurrence,Race-Ethnicity,Asian,SUI,Intentional self-harm (suicide),ICD-10,36.0,,,02/17/2026,02/17/2026,2025-06-01,2026-02-17,2026-02-17,False,,36.0,False,False,2025-06
3271,2025,6,Occurrence,Race-Ethnicity,Black,SUI,Intentional self-harm (suicide),ICD-10,,1,Cell suppressed for small numbers,02/17/2026,02/17/2026,2025-06-01,2026-02-17,2026-02-17,True,Cell suppressed for small numbers,,False,False,2025-06
3272,2025,6,Occurrence,Race-Ethnicity,Hawaiian/Pacific Islander,SUI,Intentional self-harm (suicide),ICD-10,,1,Cell suppressed for small numbers,02/17/2026,02/17/2026,2025-06-01,2026-02-17,2026-02-17,True,Cell suppressed for small numbers,,False,False,2025-06
3273,2025,6,Occurrence,Race-Ethnicity,Hispanic,SUI,Intentional self-harm (suicide),ICD-10,89.0,,,02/17/2026,02/17/2026,2025-06-01,2026-02-17,2026-02-17,False,,89.0,False,False,2025-06
3274,2025,6,Occurrence,Race-Ethnicity,Multi-Race,SUI,Intentional self-harm (suicide),ICD-10,,1,Cell suppressed for small numbers,02/17/2026,02/17/2026,2025-06-01,2026-02-17,2026-02-17,True,Cell suppressed for small numbers,,False,False,2025-06
3275,2025,6,Occurrence,Race-Ethnicity,White,SUI,Intentional self-harm (suicide),ICD-10,193.0,,,02/17/2026,02/17/2026,2025-06-01,2026-02-17,2026-02-17,False,,193.0,False,False,2025-06
3276,2025,6,Occurrence,Race-Ethnicity,Other/Unknown,SUI,Intentional self-harm (suicide),ICD-10,,1,Cell suppressed for small numbers,02/17/2026,02/17/2026,2025-06-01,2026-02-17,2026-02-17,True,Cell suppressed for small numbers,,False,False,2025-06
3297,2025,7,Occurrence,Race-Ethnicity,American Indian/Alaska Native,ALL,All causes (total),ICD-10,119.0,,,02/17/2026,02/17/2026,2025-07-01,2026-02-17,2026-02-17,False,,119.0,False,True,2025-07
3298,2025,7,Occurrence,Race-Ethnicity,Asian,ALL,All causes (total),ICD-10,2595.0,,,02/17/2026,02/17/2026,2025-07-01,2026-02-17,2026-02-17,False,,2595.0,False,True,2025-07
3299,2025,7,Occurrence,Race-Ethnicity,Black,ALL,All causes (total),ICD-10,1723.0,,,02/17/2026,02/17/2026,2025-07-01,2026-02-17,2026-02-17,False,,1723.0,False,True,2025-07
3300,2025,7,Occurrence,Race-Ethnicity,Hawaiian/Pacific Islander,ALL,All causes (total),ICD-10,109.0,,,02/17/2026,02/17/2026,2025-07-01,2026-02-17,2026-02-17,False,,109.0,False,True,2025-07
3301,2025,7,Occurrence,Race-Ethnicity,Hispanic,ALL,All causes (total),ICD-10,5278.0,,,02/17/2026,02/17/2026,2025-07-01,2026-02-17,2026-02-17,False,,5278.0,False,True,2025-07
3302,2025,7,Occurrence,Race-Ethnicity,Multi-Race,ALL,All causes (total),ICD-10,298.0,,,02/17/2026,02/17/2026,2025-07-01,2026-02-17,2026-02-17,False,,298.0,False,True,2025-07
3303,2025,7,Occurrence,Race-Ethnicity,White,ALL,All causes (total),ICD-10,12416.0,,,02/17/2026,02/17/2026,2025-07-01,2026-02-17,2026-02-17,False,,12416.0,False,True,2025-07
3304,2025,7,Occurrence,Race-Ethnicity,Other/Unknown,ALL,All causes (total),ICD-10,236.0,,,02/17/2026,02/17/2026,2025-07-01,2026-02-17,2026-02-17,False,,236.0,False,True,2025-07
3308,2025,7,Occurrence,Race-Ethnicity,American Indian/Alaska Native,ALZ,Alzheimer's disease,ICD-10,,1,Cell suppressed for small numbers,02/17/2026,02/17/2026,2025-07-01,2026-02-17,2026-02-17,True,Cell suppressed for small numbers,,False,False,2025-07
3309,2025,7,Occurrence,Race-Ethnicity,Asian,ALZ,Alzheimer's disease,ICD-10,146.0,,,02/17/2026,02/17/2026,2025-07-01,2026-02-17,2026-02-17,False,,146.0,False,False,2025-07
3310,2025,7,Occurrence,Race-Ethnicity,Black,ALZ,Alzheimer's disease,ICD-10,60.0,,,02/17/2026,02/17/2026,2025-07-01,2026-02-17,2026-02-17,False,,60.0,False,False,2025-07
3311,2025,7,Occurrence,Race-Ethnicity,Hawaiian/Pacific Islander,ALZ,Alzheimer's disease,ICD-10,,1,Cell suppressed for small numbers,02/17/2026,02/17/2026,2025-07-01,2026-02-17,2026-02-17,True,Cell suppressed for small numbers,,False,False,2025-07
3312,2025,7,Occurrence,Race-Ethnicity,Hispanic,ALZ,Alzheimer's disease,ICD-10,255.0,,,02/17/2026,02/17/2026,2025-07-01,2026-02-17,2026-02-17,False,,255.0,False,False,2025-07
3313,2025,7,Occurrence,Race-Ethnicity,Multi-Race,ALZ,Alzheimer's disease,ICD-10,11.0,,,02/17/2026,02/17/2026,2025-07-01,2026-02-17,2026-02-17,False,,11.0,False,False,2025-07
3314,2025,7,Occurrence,Race-Ethnicity,White,ALZ,Alzheimer's disease,ICD-10,763.0,,,02/17/2026,02/17/2026,2025-07-01,2026-02-17,2026-02-17,False,,763.0,False,False,2025-07
3315,2025,7,Occurrence,Race-Ethnicity,Other/Unknown,ALZ,Alzheimer's disease,ICD-10,11.0,,,02/17/2026,02/17/2026,2025-07-01,2026-02-17,2026-02-17,False,,11.0,False,False,2025-07
3319,2025,7,Occurrence,Race-Ethnicity,American Indian/Alaska Native,CAN,Malignant neoplasms,ICD-10,30.0,,,02/17/2026,02/17/2026,2025-07-01,2026-02-17,2026-02-17,False,,30.0,False,False,2025-07
3320,2025,7,Occurrence,Race-Ethnicity,Asian,CAN,Malignant neoplasms,ICD-10,694.0,,,02/17/2026,02/17/2026,2025-07-01,2026-02-17,2026-02-17,False,,694.0,False,False,2025-07
3321,2025,7,Occurrence,Race-Ethnicity,Black,CAN,Malignant neoplasms,ICD-10,355.0,,,02/17/2026,02/17/2026,2025-07-01,2026-02-17,2026-02-17,False,,355.0,False,False,2025-07
3322,2025,7,Occurrence,Race-Ethnicity,Hawaiian/Pacific Islander,CAN,Malignant neoplasms,ICD-10,25.0,,,02/17/2026,02/17/2026,2025-07-01,2026-02-17,2026-02-17,False,,25.0,False,False,2025-07
3323,2025,7,Occurrence,Race-Ethnicity,Hispanic,CAN,Malignant neoplasms,ICD-10,1163.0,,,02/17/2026,02/17/2026,2025-07-01,2026-02-17,2026-02-17,False,,1163.0,False,False,2025-07
3324,2025,7,Occurrence,Race-Ethnicity,Multi-Race,CAN,Malignant neoplasms,ICD-10,60.0,,,02/17/2026,02/17/2026,2025-07-01,2026-02-17,2026-02-17,False,,60.0,False,False,2025-07
3325,2025,7,Occurrence,Race-Ethnicity,White,CAN,Malignant neoplasms,ICD-10,2838.0,,,02/17/2026,02/17/2026,2025-07-01,2026-02-17,2026-02-17,False,,2838.0,False,False,2025-07
3326,2025,7,Occurrence,Race-Ethnicity,Other/Unknown,CAN,Malignant neoplasms,ICD-10,41.0,,,02/17/2026,02/17/2026,2025-07-01,2026-02-17,2026-02-17,False,,41.0,False,False,2025-07
3330,2025,7,Occurrence,Race-Ethnicity,American Indian/Alaska Native,CLD,Chronic lower respiratory diseases,ICD-10,,1,Cell suppressed for small numbers,02/17/2026,02/17/2026,2025-07-01,2026-02-17,2026-02-17,True,Cell suppressed for small numbers,,False,False,2025-07
3331,2025,7,Occurrence,Race-Ethnicity,Asian,CLD,Chronic lower respiratory diseases,ICD-10,64.0,,,02/17/2026,02/17/2026,2025-07-01,2026-02-17,2026-02-17,False,,64.0,False,False,2025-07
3332,2025,7,Occurrence,Race-Ethnicity,Black,CLD,Chronic lower respiratory diseases,ICD-10,65.0,,,02/17/2026,02/17/2026,2025-07-01,2026-02-17,2026-02-17,False,,65.0,False,False,2025-07
3333,2025,7,Occurrence,Race-Ethnicity,Hawaiian/Pacific Islander,CLD,Chronic lower respiratory diseases,ICD-10,,1,Cell suppressed for small numbers,02/17/2026,02/17/2026,2025-07-01,2026-02-17,2026-02-17,True,Cell suppressed for small numbers,,False,False,2025-07
3334,2025,7,Occurrence,Race-Ethnicity,Hispanic,CLD,Chronic lower respiratory diseases,ICD-10,96.0,,,02/17/2026,02/17/2026,2025-07-01,2026-02-17,2026-02-17,False,,96.0,False,False,2025-07
3335,2025,7,Occurrence,Race-Ethnicity,Multi-Race,CLD,Chronic lower respiratory diseases,ICD-10,,1,Cell suppressed for small numbers,02/17/2026,02/17/2026,2025-07-01,2026-02-17,2026-02-17,True,Cell suppressed for small numbers,,False,False,2025-07
3336,2025,7,Occurrence,Race-Ethnicity,White,CLD,Chronic lower respiratory diseases,ICD-10,618.0,,,02/17/2026,02/17/2026,2025-07-01,2026-02-17,2026-02-17,False,,618.0,False,False,2025-07
3337,2025,7,Occurrence,Race-Ethnicity,Other/Unknown,CLD,Chronic lower respiratory diseases,ICD-10,,1,Cell suppressed for small numbers,02/17/2026,02/17/2026,2025-07-01,2026-02-17,2026-02-17,True,Cell suppressed for small numbers,,False,False,2025-07
3341,2025,7,Occurrence,Race-Ethnicity,American Indian/Alaska Native,DIA,Diabetes mellitus,ICD-10,,1,Cell suppressed for small numbers,02/17/2026,02/17/2026,2025-07-01,2026-02-17,2026-02-17,True,Cell suppressed for small numbers,,False,False,2025-07
3342,2025,7,Occurrence,Race-Ethnicity,Asian,DIA,Diabetes mellitus,ICD-10,114.0,,,02/17/2026,02/17/2026,2025-07-01,2026-02-17,2026-02-17,False,,114.0,False,False,2025-07
3343,2025,7,Occurrence,Race-Ethnicity,Black,DIA,Diabetes mellitus,ICD-10,82.0,,,02/17/2026,02/17/2026,2025-07-01,2026-02-17,2026-02-17,False,,82.0,False,False,2025-07
3344,2025,7,Occurrence,Race-Ethnicity,Hawaiian/Pacific Islander,DIA,Diabetes mellitus,ICD-10,,1,Cell suppressed for small numbers,02/17/2026,02/17/2026,2025-07-01,2026-02-17,2026-02-17,True,Cell suppressed for small numbers,,False,False,2025-07
3345,2025,7,Occurrence,Race-Ethnicity,Hispanic,DIA,Diabetes mellitus,ICD-10,296.0,,,02/17/2026,02/17/2026,2025-07-01,2026-02-17,2026-02-17,False,,296.0,False,False,2025-07
3346,2025,7,Occurrence,Race-Ethnicity,Multi-Race,DIA,Diabetes mellitus,ICD-10,,1,Cell suppressed for small numbers,02/17/2026,02/17/2026,2025-07-01,2026-02-17,2026-02-17,True,Cell suppressed for small numbers,,False,False,2025-07
3347,2025,7,Occurrence,Race-Ethnicity,White,DIA,Diabetes mellitus,ICD-10,277.0,,,02/17/2026,02/17/2026,2025-07-01,2026-02-17,2026-02-17,False,,277.0,False,False,2025-07
3348,2025,7,Occurrence,Race-Ethnicity,Other/Unknown,DIA,Diabetes mellitus,ICD-10,,1,Cell suppressed for small numbers,02/17/2026,02/17/2026,2025-07-01,2026-02-17,2026-02-17,True,Cell suppressed for small numbers,,False,False,2025-07
3352,2025,7,Occurrence,Race-Ethnicity,American Indian/Alaska Native,HOM,Assault (homicide),ICD-10,0.0,,,02/17/2026,02/17/2026,2025-07-01,2026-02-17,2026-02-17,False,,0.0,False,False,2025-07
3353,2025,7,Occurrence,Race-Ethnicity,Asian,HOM,Assault (homicide),ICD-10,,1,Cell suppressed for small numbers,02/17/2026,02/17/2026,2025-07-01,2026-02-17,2026-02-17,True,Cell suppressed for small numbers,,False,False,2025-07
3354,2025,7,Occurrence,Race-Ethnicity,Black,HOM,Assault (homicide),ICD-10,32.0,,,02/17/2026,02/17/2026,2025-07-01,2026-02-17,2026-02-17,False,,32.0,False,False,2025-07
3355,2025,7,Occurrence,Race-Ethnicity,Hawaiian/Pacific Islander,HOM,Assault (homicide),ICD-10,0.0,,,02/17/2026,02/17/2026,2025-07-01,2026-02-17,2026-02-17,False,,0.0,False,False,2025-07
3356,2025,7,Occurrence,Race-Ethnicity,Hispanic,HOM,Assault (homicide),ICD-10,53.0,,,02/17/2026,02/17/2026,2025-07-01,2026-02-17,2026-02-17,False,,53.0,False,False,2025-07
3357,2025,7,Occurrence,Race-Ethnicity,Multi-Race,HOM,Assault (homicide),ICD-10,,1,Cell suppressed for small numbers,02/17/2026,02/17/2026,2025-07-01,2026-02-17,2026-02-17,True,Cell suppressed for small numbers,,False,False,2025-07
3358,2025,7,Occurrence,Race-Ethnicity,White,HOM,Assault (homicide),ICD-10,28.0,,,02/17/2026,02/17/2026,2025-07-01,2026-02-17,2026-02-17,False,,28.0,False,False,2025-07
3359,2025,7,Occurrence,Race-Ethnicity,Other/Unknown,HOM,Assault (homicide),ICD-10,,1,Cell suppressed for small numbers,02/17/2026,02/17/2026,2025-07-01,2026-02-17,2026-02-17,True,Cell suppressed for small numbers,,False,False,2025-07
3363,2025,7,Occurrence,Race-Ethnicity,American Indian/Alaska Native,HTD,Diseases of heart,ICD-10,22.0,,,02/17/2026,02/17/2026,2025-07-01,2026-02-17,2026-02-17,False,,22.0,False,False,2025-07
3364,2025,7,Occurrence,Race-Ethnicity,Asian,HTD,Diseases of heart,ICD-10,491.0,,,02/17/2026,02/17/2026,2025-07-01,2026-02-17,2026-02-17,False,,491.0,False,False,2025-07
3365,2025,7,Occurrence,Race-Ethnicity,Black,HTD,Diseases of heart,ICD-10,380.0,,,02/17/2026,02/17/2026,2025-07-01,2026-02-17,2026-02-17,False,,380.0,False,False,2025-07
3366,2025,7,Occurrence,Race-Ethnicity,Hawaiian/Pacific Islander,HTD,Diseases of heart,ICD-10,27.0,,,02/17/2026,02/17/2026,2025-07-01,2026-02-17,2026-02-17,False,,27.0,False,False,2025-07
3367,2025,7,Occurrence,Race-Ethnicity,Hispanic,HTD,Diseases of heart,ICD-10,903.0,,,02/17/2026,02/17/2026,2025-07-01,2026-02-17,2026-02-17,False,,903.0,False,False,2025-07
3368,2025,7,Occurrence,Race-Ethnicity,Multi-Race,HTD,Diseases of heart,ICD-10,56.0,,,02/17/2026,02/17/2026,2025-07-01,2026-02-17,2026-02-17,False,,56.0,False,False,2025-07
3369,2025,7,Occurrence,Race-Ethnicity,White,HTD,Diseases of heart,ICD-10,2828.0,,,02/17/2026,02/17/2026,2025-07-01,2026-02-17,2026-02-17,False,,2828.0,False,False,2025-07
3370,2025,7,Occurrence,Race-Ethnicity,Other/Unknown,HTD,Diseases of heart,ICD-10,47.0,,,02/17/2026,02/17/2026,2025-07-01,2026-02-17,2026-02-17,False,,47.0,False,False,2025-07
3374,2025,7,Occurrence,Race-Ethnicity,American Indian/Alaska Native,HYP,Essential hypertension and hypertensive renal disease,ICD-10,,1,Cell suppressed for small numbers,02/17/2026,02/17/2026,2025-07-01,2026-02-17,2026-02-17,True,Cell suppressed for small numbers,,False,False,2025-07
3375,2025,7,Occurrence,Race-Ethnicity,Asian,HYP,Essential hypertension and hypertensive renal disease,ICD-10,90.0,,,02/17/2026,02/17/2026,2025-07-01,2026-02-17,2026-02-17,False,,90.0,False,False,2025-07
3376,2025,7,Occurrence,Race-Ethnicity,Black,HYP,Essential hypertension and hypertensive renal disease,ICD-10,44.0,,,02/17/2026,02/17/2026,2025-07-01,2026-02-17,2026-02-17,False,,44.0,False,False,2025-07
3377,2025,7,Occurrence,Race-Ethnicity,Hawaiian/Pacific Islander,HYP,Essential hypertension and hypertensive renal disease,ICD-10,,1,Cell suppressed for small numbers,02/17/2026,02/17/2026,2025-07-01,2026-02-17,2026-02-17,True,Cell suppressed for small numbers,,False,False,2025-07
3378,2025,7,Occurrence,Race-Ethnicity,Hispanic,HYP,Essential hypertension and hypertensive renal disease,ICD-10,119.0,,,02/17/2026,02/17/2026,2025-07-01,2026-02-17,2026-02-17,False,,119.0,False,False,2025-07
3379,2025,7,Occurrence,Race-Ethnicity,Multi-Race,HYP,Essential hypertension and hypertensive renal disease,ICD-10,,1,Cell suppressed for small numbers,02/17/2026,02/17/2026,2025-07-01,2026-02-17,2026-02-17,True,Cell suppressed for small numbers,,False,False,2025-07
3380,2025,7,Occurrence,Race-Ethnicity,White,HYP,Essential hypertension and hypertensive renal disease,ICD-10,237.0,,,02/17/2026,02/17/2026,2025-07-01,2026-02-17,2026-02-17,False,,237.0,False,False,2025-07
3381,2025,7,Occurrence,Race-Ethnicity,Other/Unknown,HYP,Essential hypertension and hypertensive renal disease,ICD-10,,1,Cell suppressed for small numbers,02/17/2026,02/17/2026,2025-07-01,2026-02-17,2026-02-17,True,Cell suppressed for small numbers,,False,False,2025-07
3385,2025,7,Occurrence,Race-Ethnicity,American Indian/Alaska Native,INJ,Accidents (unintentional injuries),ICD-10,,1,Cell suppressed for small numbers,02/17/2026,02/17/2026,2025-07-01,2026-02-17,2026-02-17,True,Cell suppressed for small numbers,,False,False,2025-07
3386,2025,7,Occurrence,Race-Ethnicity,Asian,INJ,Accidents (unintentional injuries),ICD-10,111.0,,,02/17/2026,02/17/2026,2025-07-01,2026-02-17,2026-02-17,False,,111.0,False,False,2025-07
3387,2025,7,Occurrence,Race-Ethnicity,Black,INJ,Accidents (unintentional injuries),ICD-10,164.0,,,02/17/2026,02/17/2026,2025-07-01,2026-02-17,2026-02-17,False,,164.0,False,False,2025-07
3388,2025,7,Occurrence,Race-Ethnicity,Hawaiian/Pacific Islander,INJ,Accidents (unintentional injuries),ICD-10,,1,Cell suppressed for small numbers,02/17/2026,02/17/2026,2025-07-01,2026-02-17,2026-02-17,True,Cell suppressed for small numbers,,False,False,2025-07
3389,2025,7,Occurrence,Race-Ethnicity,Hispanic,INJ,Accidents (unintentional injuries),ICD-10,538.0,,,02/17/2026,02/17/2026,2025-07-01,2026-02-17,2026-02-17,False,,538.0,False,False,2025-07
3390,2025,7,Occurrence,Race-Ethnicity,Multi-Race,INJ,Accidents (unintentional injuries),ICD-10,33.0,,,02/17/2026,02/17/2026,2025-07-01,2026-02-17,2026-02-17,False,,33.0,False,False,2025-07
3391,2025,7,Occurrence,Race-Ethnicity,White,INJ,Accidents (unintentional injuries),ICD-10,662.0,,,02/17/2026,02/17/2026,2025-07-01,2026-02-17,2026-02-17,False,,662.0,False,False,2025-07
3392,2025,7,Occurrence,Race-Ethnicity,Other/Unknown,INJ,Accidents (unintentional injuries),ICD-10,36.0,,,02/17/2026,02/17/2026,2025-07-01,2026-02-17,2026-02-17,False,,36.0,False,False,2025-07
3396,2025,7,Occurrence,Race-Ethnicity,American Indian/Alaska Native,LIV,Chronic liver disease and cirrhosis,ICD-10,,1,Cell suppressed for small numbers,02/17/2026,02/17/2026,2025-07-01,2026-02-17,2026-02-17,True,Cell suppressed for small numbers,,False,False,2025-07
3397,2025,7,Occurrence,Race-Ethnicity,Asian,LIV,Chronic liver disease and cirrhosis,ICD-10,25.0,,,02/17/2026,02/17/2026,2025-07-01,2026-02-17,2026-02-17,False,,25.0,False,False,2025-07
3398,2025,7,Occurrence,Race-Ethnicity,Black,LIV,Chronic liver disease and cirrhosis,ICD-10,22.0,,,02/17/2026,02/17/2026,2025-07-01,2026-02-17,2026-02-17,False,,22.0,False,False,2025-07
3399,2025,7,Occurrence,Race-Ethnicity,Hawaiian/Pacific Islander,LIV,Chronic liver disease and cirrhosis,ICD-10,,1,Cell suppressed for small numbers,02/17/2026,02/17/2026,2025-07-01,2026-02-17,2026-02-17,True,Cell suppressed for small numbers,,False,False,2025-07
3400,2025,7,Occurrence,Race-Ethnicity,Hispanic,LIV,Chronic liver disease and cirrhosis,ICD-10,215.0,,,02/17/2026,02/17/2026,2025-07-01,2026-02-17,2026-02-17,False,,215.0,False,False,2025-07
3401,2025,7,Occurrence,Race-Ethnicity,Multi-Race,LIV,Chronic liver disease and cirrhosis,ICD-10,,1,Cell suppressed for small numbers,02/17/2026,02/17/2026,2025-07-01,2026-02-17,2026-02-17,True,Cell suppressed for small numbers,,False,False,2025-07
3402,2025,7,Occurrence,Race-Ethnicity,White,LIV,Chronic liver disease and cirrhosis,ICD-10,206.0,,,02/17/2026,02/17/2026,2025-07-01,2026-02-17,2026-02-17,False,,206.0,False,False,2025-07
3403,2025,7,Occurrence,Race-Ethnicity,Other/Unknown,LIV,Chronic liver disease and cirrhosis,ICD-10,,1,Cell suppressed for small numbers,02/17/2026,02/17/2026,2025-07-01,2026-02-17,2026-02-17,True,Cell suppressed for small numbers,,False,False,2025-07
3407,2025,7,Occurrence,Race-Ethnicity,American Indian/Alaska Native,NEP,"Nephritis, nephrotic syndrome and nephrosis",ICD-10,,1,Cell suppressed for small numbers,02/17/2026,02/17/2026,2025-07-01,2026-02-17,2026-02-17,True,Cell suppressed for small numbers,,False,False,2025-07
3408,2025,7,Occurrence,Race-Ethnicity,Asian,NEP,"Nephritis, nephrotic syndrome and nephrosis",ICD-10,47.0,,,02/17/2026,02/17/2026,2025-07-01,2026-02-17,2026-02-17,False,,47.0,False,False,2025-07
3409,2025,7,Occurrence,Race-Ethnicity,Black,NEP,"Nephritis, nephrotic syndrome and nephrosis",ICD-10,30.0,,,02/17/2026,02/17/2026,2025-07-01,2026-02-17,2026-02-17,False,,30.0,False,False,2025-07
3410,2025,7,Occurrence,Race-Ethnicity,Hawaiian/Pacific Islander,NEP,"Nephritis, nephrotic syndrome and nephrosis",ICD-10,,1,Cell suppressed for small numbers,02/17/2026,02/17/2026,2025-07-01,2026-02-17,2026-02-17,True,Cell suppressed for small numbers,,False,False,2025-07
3411,2025,7,Occurrence,Race-Ethnicity,Hispanic,NEP,"Nephritis, nephrotic syndrome and nephrosis",ICD-10,130.0,,,02/17/2026,02/17/2026,2025-07-01,2026-02-17,2026-02-17,False,,130.0,False,False,2025-07
3412,2025,7,Occurrence,Race-Ethnicity,Multi-Race,NEP,"Nephritis, nephrotic syndrome and nephrosis",ICD-10,,1,Cell suppressed for small numbers,02/17/2026,02/17/2026,2025-07-01,2026-02-17,2026-02-17,True,Cell suppressed for small numbers,,False,False,2025-07
3413,2025,7,Occurrence,Race-Ethnicity,White,NEP,"Nephritis, nephrotic syndrome and nephrosis",ICD-10,128.0,,,02/17/2026,02/17/2026,2025-07-01,2026-02-17,2026-02-17,False,,128.0,False,False,2025-07
3414,2025,7,Occurrence,Race-Ethnicity,Other/Unknown,NEP,"Nephritis, nephrotic syndrome and nephrosis",ICD-10,,1,Cell suppressed for small numbers,02/17/2026,02/17/2026,2025-07-01,2026-02-17,2026-02-17,True,Cell suppressed for small numbers,,False,False,2025-07
3418,2025,7,Occurrence,Race-Ethnicity,American Indian/Alaska Native,PAR,Parkinson's disease,ICD-10,,1,Cell suppressed for small numbers,02/17/2026,02/17/2026,2025-07-01,2026-02-17,2026-02-17,True,Cell suppressed for small numbers,,False,False,2025-07
3419,2025,7,Occurrence,Race-Ethnicity,Asian,PAR,Parkinson's disease,ICD-10,37.0,,,02/17/2026,02/17/2026,2025-07-01,2026-02-17,2026-02-17,False,,37.0,False,False,2025-07
3420,2025,7,Occurrence,Race-Ethnicity,Black,PAR,Parkinson's disease,ICD-10,15.0,,,02/17/2026,02/17/2026,2025-07-01,2026-02-17,2026-02-17,False,,15.0,False,False,2025-07
3421,2025,7,Occurrence,Race-Ethnicity,Hawaiian/Pacific Islander,PAR,Parkinson's disease,ICD-10,0.0,,,02/17/2026,02/17/2026,2025-07-01,2026-02-17,2026-02-17,False,,0.0,False,False,2025-07
3422,2025,7,Occurrence,Race-Ethnicity,Hispanic,PAR,Parkinson's disease,ICD-10,54.0,,,02/17/2026,02/17/2026,2025-07-01,2026-02-17,2026-02-17,False,,54.0,False,False,2025-07
3423,2025,7,Occurrence,Race-Ethnicity,Multi-Race,PAR,Parkinson's disease,ICD-10,,1,Cell suppressed for small numbers,02/17/2026,02/17/2026,2025-07-01,2026-02-17,2026-02-17,True,Cell suppressed for small numbers,,False,False,2025-07
3424,2025,7,Occurrence,Race-Ethnicity,White,PAR,Parkinson's disease,ICD-10,216.0,,,02/17/2026,02/17/2026,2025-07-01,2026-02-17,2026-02-17,False,,216.0,False,False,2025-07
3425,2025,7,Occurrence,Race-Ethnicity,Other/Unknown,PAR,Parkinson's disease,ICD-10,,1,Cell suppressed for small numbers,02/17/2026,02/17/2026,2025-07-01,2026-02-17,2026-02-17,True,Cell suppressed for small numbers,,False,False,2025-07
3429,2025,7,Occurrence,Race-Ethnicity,American Indian/Alaska Native,PNF,Influenza and pneumonia,ICD-10,,1,Cell suppressed for small numbers,02/17/2026,02/17/2026,2025-07-01,2026-02-17,2026-02-17,True,Cell suppressed for small numbers,,False,False,2025-07
3430,2025,7,Occurrence,Race-Ethnicity,Asian,PNF,Influenza and pneumonia,ICD-10,54.0,,,02/17/2026,02/17/2026,2025-07-01,2026-02-17,2026-02-17,False,,54.0,False,False,2025-07
3431,2025,7,Occurrence,Race-Ethnicity,Black,PNF,Influenza and pneumonia,ICD-10,20.0,,,02/17/2026,02/17/2026,2025-07-01,2026-02-17,2026-02-17,False,,20.0,False,False,2025-07
3432,2025,7,Occurrence,Race-Ethnicity,Hawaiian/Pacific Islander,PNF,Influenza and pneumonia,ICD-10,,1,Cell suppressed for small numbers,02/17/2026,02/17/2026,2025-07-01,2026-02-17,2026-02-17,True,Cell suppressed for small numbers,,False,False,2025-07
3433,2025,7,Occurrence,Race-Ethnicity,Hispanic,PNF,Influenza and pneumonia,ICD-10,67.0,,,02/17/2026,02/17/2026,2025-07-01,2026-02-17,2026-02-17,False,,67.0,False,False,2025-07
3434,2025,7,Occurrence,Race-Ethnicity,Multi-Race,PNF,Influenza and pneumonia,ICD-10,,1,Cell suppressed for small numbers,02/17/2026,02/17/2026,2025-07-01,2026-02-17,2026-02-17,True,Cell suppressed for small numbers,,False,False,2025-07
3435,2025,7,Occurrence,Race-Ethnicity,White,PNF,Influenza and pneumonia,ICD-10,173.0,,,02/17/2026,02/17/2026,2025-07-01,2026-02-17,2026-02-17,False,,173.0,False,False,2025-07
3436,2025,7,Occurrence,Race-Ethnicity,Other/Unknown,PNF,Influenza and pneumonia,ICD-10,,1,Cell suppressed for small numbers,02/17/2026,02/17/2026,2025-07-01,2026-02-17,2026-02-17,True,Cell suppressed for small numbers,,False,False,2025-07
3440,2025,7,Occurrence,Race-Ethnicity,American Indian/Alaska Native,STK,Cerebrovascular diseases,ICD-10,,1,Cell suppressed for small numbers,02/17/2026,02/17/2026,2025-07-01,2026-02-17,2026-02-17,True,Cell suppressed for small numbers,,False,False,2025-07
3441,2025,7,Occurrence,Race-Ethnicity,Asian,STK,Cerebrovascular diseases,ICD-10,198.0,,,02/17/2026,02/17/2026,2025-07-01,2026-02-17,2026-02-17,False,,198.0,False,False,2025-07
3442,2025,7,Occurrence,Race-Ethnicity,Black,STK,Cerebrovascular diseases,ICD-10,113.0,,,02/17/2026,02/17/2026,2025-07-01,2026-02-17,2026-02-17,False,,113.0,False,False,2025-07
3443,2025,7,Occurrence,Race-Ethnicity,Hawaiian/Pacific Islander,STK,Cerebrovascular diseases,ICD-10,,1,Cell suppressed for small numbers,02/17/2026,02/17/2026,2025-07-01,2026-02-17,2026-02-17,True,Cell suppressed for small numbers,,False,False,2025-07
3444,2025,7,Occurrence,Race-Ethnicity,Hispanic,STK,Cerebrovascular diseases,ICD-10,298.0,,,02/17/2026,02/17/2026,2025-07-01,2026-02-17,2026-02-17,False,,298.0,False,False,2025-07
3445,2025,7,Occurrence,Race-Ethnicity,Multi-Race,STK,Cerebrovascular diseases,ICD-10,18.0,,,02/17/2026,02/17/2026,2025-07-01,2026-02-17,2026-02-17,False,,18.0,False,False,2025-07
3446,2025,7,Occurrence,Race-Ethnicity,White,STK,Cerebrovascular diseases,ICD-10,725.0,,,02/17/2026,02/17/2026,2025-07-01,2026-02-17,2026-02-17,False,,725.0,False,False,2025-07
3447,2025,7,Occurrence,Race-Ethnicity,Other/Unknown,STK,Cerebrovascular diseases,ICD-10,16.0,,,02/17/2026,02/17/2026,2025-07-01,2026-02-17,2026-02-17,False,,16.0,False,False,2025-07
3451,2025,7,Occurrence,Race-Ethnicity,American Indian/Alaska Native,SUI,Intentional self-harm (suicide),ICD-10,,1,Cell suppressed for small numbers,02/17/2026,02/17/2026,2025-07-01,2026-02-17,2026-02-17,True,Cell suppressed for small numbers,,False,False,2025-07
3452,2025,7,Occurrence,Race-Ethnicity,Asian,SUI,Intentional self-harm (suicide),ICD-10,37.0,,,02/17/2026,02/17/2026,2025-07-01,2026-02-17,2026-02-17,False,,37.0,False,False,2025-07
3453,2025,7,Occurrence,Race-Ethnicity,Black,SUI,Intentional self-harm (suicide),ICD-10,17.0,,,02/17/2026,02/17/2026,2025-07-01,2026-02-17,2026-02-17,False,,17.0,False,False,2025-07
3454,2025,7,Occurrence,Race-Ethnicity,Hawaiian/Pacific Islander,SUI,Intentional self-harm (suicide),ICD-10,0.0,,,02/17/2026,02/17/2026,2025-07-01,2026-02-17,2026-02-17,False,,0.0,False,False,2025-07
3455,2025,7,Occurrence,Race-Ethnicity,Hispanic,SUI,Intentional self-harm (suicide),ICD-10,83.0,,,02/17/2026,02/17/2026,2025-07-01,2026-02-17,2026-02-17,False,,83.0,False,False,2025-07
3456,2025,7,Occurrence,Race-Ethnicity,Multi-Race,SUI,Intentional self-harm (suicide),ICD-10,,1,Cell suppressed for small numbers,02/17/2026,02/17/2026,2025-07-01,2026-02-17,2026-02-17,True,Cell suppressed for small numbers,,False,False,2025-07
3457,2025,7,Occurrence,Race-Ethnicity,White,SUI,Intentional self-harm (suicide),ICD-10,170.0,,,02/17/2026,02/17/2026,2025-07-01,2026-02-17,2026-02-17,False,,170.0,False,False,2025-07
3458,2025,7,Occurrence,Race-Ethnicity,Other/Unknown,SUI,Intentional self-harm (suicide),ICD-10,,1,Cell suppressed for small numbers,02/17/2026,02/17/2026,2025-07-01,2026-02-17,2026-02-17,True,Cell suppressed for small numbers,,False,False,2025-07
3479,2025,8,Occurrence,Race-Ethnicity,American Indian/Alaska Native,ALL,All causes (total),ICD-10,94.0,,,02/17/2026,02/17/2026,2025-08-01,2026-02-17,2026-02-17,False,,94.0,False,True,2025-08
3480,2025,8,Occurrence,Race-Ethnicity,Asian,ALL,All causes (total),ICD-10,2682.0,,,02/17/2026,02/17/2026,2025-08-01,2026-02-17,2026-02-17,False,,2682.0,False,True,2025-08
3481,2025,8,Occurrence,Race-Ethnicity,Black,ALL,All causes (total),ICD-10,1846.0,,,02/17/2026,02/17/2026,2025-08-01,2026-02-17,2026-02-17,False,,1846.0,False,True,2025-08
3482,2025,8,Occurrence,Race-Ethnicity,Hawaiian/Pacific Islander,ALL,All causes (total),ICD-10,84.0,,,02/17/2026,02/17/2026,2025-08-01,2026-02-17,2026-02-17,False,,84.0,False,True,2025-08
3483,2025,8,Occurrence,Race-Ethnicity,Hispanic,ALL,All causes (total),ICD-10,5397.0,,,02/17/2026,02/17/2026,2025-08-01,2026-02-17,2026-02-17,False,,5397.0,False,True,2025-08
3484,2025,8,Occurrence,Race-Ethnicity,Multi-Race,ALL,All causes (total),ICD-10,270.0,,,02/17/2026,02/17/2026,2025-08-01,2026-02-17,2026-02-17,False,,270.0,False,True,2025-08
3485,2025,8,Occurrence,Race-Ethnicity,White,ALL,All causes (total),ICD-10,12575.0,,,02/17/2026,02/17/2026,2025-08-01,2026-02-17,2026-02-17,False,,12575.0,False,True,2025-08
3486,2025,8,Occurrence,Race-Ethnicity,Other/Unknown,ALL,All causes (total),ICD-10,200.0,,,02/17/2026,02/17/2026,2025-08-01,2026-02-17,2026-02-17,False,,200.0,False,True,2025-08
3490,2025,8,Occurrence,Race-Ethnicity,American Indian/Alaska Native,ALZ,Alzheimer's disease,ICD-10,,1,Cell suppressed for small numbers,02/17/2026,02/17/2026,2025-08-01,2026-02-17,2026-02-17,True,Cell suppressed for small numbers,,False,False,2025-08
3491,2025,8,Occurrence,Race-Ethnicity,Asian,ALZ,Alzheimer's disease,ICD-10,147.0,,,02/17/2026,02/17/2026,2025-08-01,2026-02-17,2026-02-17,False,,147.0,False,False,2025-08
3492,2025,8,Occurrence,Race-Ethnicity,Black,ALZ,Alzheimer's disease,ICD-10,74.0,,,02/17/2026,02/17/2026,2025-08-01,2026-02-17,2026-02-17,False,,74.0,False,False,2025-08
3493,2025,8,Occurrence,Race-Ethnicity,Hawaiian/Pacific Islander,ALZ,Alzheimer's disease,ICD-10,,1,Cell suppressed for small numbers,02/17/2026,02/17/2026,2025-08-01,2026-02-17,2026-02-17,True,Cell suppressed for small numbers,,False,False,2025-08
3494,2025,8,Occurrence,Race-Ethnicity,Hispanic,ALZ,Alzheimer's disease,ICD-10,250.0,,,02/17/2026,02/17/2026,2025-08-01,2026-02-17,2026-02-17,False,,250.0,False,False,2025-08
3495,2025,8,Occurrence,Race-Ethnicity,Multi-Race,ALZ,Alzheimer's disease,ICD-10,,1,Cell suppressed for small numbers,02/17/2026,02/17/2026,2025-08-01,2026-02-17,2026-02-17,True,Cell suppressed for small numbers,,False,False,2025-08
3496,2025,8,Occurrence,Race-Ethnicity,White,ALZ,Alzheimer's disease,ICD-10,816.0,,,02/17/2026,02/17/2026,2025-08-01,2026-02-17,2026-02-17,False,,816.0,False,False,2025-08
3497,2025,8,Occurrence,Race-Ethnicity,Other/Unknown,ALZ,Alzheimer's disease,ICD-10,,1,Cell suppressed for small numbers,02/17/2026,02/17/2026,2025-08-01,2026-02-17,2026-02-17,True,Cell suppressed for small numbers,,False,False,2025-08
3501,2025,8,Occurrence,Race-Ethnicity,American Indian/Alaska Native,CAN,Malignant neoplasms,ICD-10,13.0,,,02/17/2026,02/17/2026,2025-08-01,2026-02-17,2026-02-17,False,,13.0,False,False,2025-08
3502,2025,8,Occurrence,Race-Ethnicity,Asian,CAN,Malignant neoplasms,ICD-10,683.0,,,02/17/2026,02/17/2026,2025-08-01,2026-02-17,2026-02-17,False,,683.0,False,False,2025-08
3503,2025,8,Occurrence,Race-Ethnicity,Black,CAN,Malignant neoplasms,ICD-10,371.0,,,02/17/2026,02/17/2026,2025-08-01,2026-02-17,2026-02-17,False,,371.0,False,False,2025-08
3504,2025,8,Occurrence,Race-Ethnicity,Hawaiian/Pacific Islander,CAN,Malignant neoplasms,ICD-10,14.0,,,02/17/2026,02/17/2026,2025-08-01,2026-02-17,2026-02-17,False,,14.0,False,False,2025-08
3505,2025,8,Occurrence,Race-Ethnicity,Hispanic,CAN,Malignant neoplasms,ICD-10,1146.0,,,02/17/2026,02/17/2026,2025-08-01,2026-02-17,2026-02-17,False,,1146.0,False,False,2025-08
3506,2025,8,Occurrence,Race-Ethnicity,Multi-Race,CAN,Malignant neoplasms,ICD-10,55.0,,,02/17/2026,02/17/2026,2025-08-01,2026-02-17,2026-02-17,False,,55.0,False,False,2025-08
3507,2025,8,Occurrence,Race-Ethnicity,White,CAN,Malignant neoplasms,ICD-10,2718.0,,,02/17/2026,02/17/2026,2025-08-01,2026-02-17,2026-02-17,False,,2718.0,False,False,2025-08
3508,2025,8,Occurrence,Race-Ethnicity,Other/Unknown,CAN,Malignant neoplasms,ICD-10,35.0,,,02/17/2026,02/17/2026,2025-08-01,2026-02-17,2026-02-17,False,,35.0,False,False,2025-08
3512,2025,8,Occurrence,Race-Ethnicity,American Indian/Alaska Native,CLD,Chronic lower respiratory diseases,ICD-10,,1,Cell suppressed for small numbers,02/17/2026,02/17/2026,2025-08-01,2026-02-17,2026-02-17,True,Cell suppressed for small numbers,,False,False,2025-08
3513,2025,8,Occurrence,Race-Ethnicity,Asian,CLD,Chronic lower respiratory diseases,ICD-10,75.0,,,02/17/2026,02/17/2026,2025-08-01,2026-02-17,2026-02-17,False,,75.0,False,False,2025-08
3514,2025,8,Occurrence,Race-Ethnicity,Black,CLD,Chronic lower respiratory diseases,ICD-10,80.0,,,02/17/2026,02/17/2026,2025-08-01,2026-02-17,2026-02-17,False,,80.0,False,False,2025-08
3515,2025,8,Occurrence,Race-Ethnicity,Hawaiian/Pacific Islander,CLD,Chronic lower respiratory diseases,ICD-10,,1,Cell suppressed for small numbers,02/17/2026,02/17/2026,2025-08-01,2026-02-17,2026-02-17,True,Cell suppressed for small numbers,,False,False,2025-08
3516,2025,8,Occurrence,Race-Ethnicity,Hispanic,CLD,Chronic lower respiratory diseases,ICD-10,85.0,,,02/17/2026,02/17/2026,2025-08-01,2026-02-17,2026-02-17,False,,85.0,False,False,2025-08
3517,2025,8,Occurrence,Race-Ethnicity,Multi-Race,CLD,Chronic lower respiratory diseases,ICD-10,,1,Cell suppressed for small numbers,02/17/2026,02/17/2026,2025-08-01,2026-02-17,2026-02-17,True,Cell suppressed for small numbers,,False,False,2025-08
3518,2025,8,Occurrence,Race-Ethnicity,White,CLD,Chronic lower respiratory diseases,ICD-10,622.0,,,02/17/2026,02/17/2026,2025-08-01,2026-02-17,2026-02-17,False,,622.0,False,False,2025-08
3519,2025,8,Occurrence,Race-Ethnicity,Other/Unknown,CLD,Chronic lower respiratory diseases,ICD-10,,1,Cell suppressed for small numbers,02/17/2026,02/17/2026,2025-08-01,2026-02-17,2026-02-17,True,Cell suppressed for small numbers,,False,False,2025-08
3523,2025,8,Occurrence,Race-Ethnicity,American Indian/Alaska Native,DIA,Diabetes mellitus,ICD-10,,1,Cell suppressed for small numbers,02/17/2026,02/17/2026,2025-08-01,2026-02-17,2026-02-17,True,Cell suppressed for small numbers,,False,False,2025-08
3524,2025,8,Occurrence,Race-Ethnicity,Asian,DIA,Diabetes mellitus,ICD-10,132.0,,,02/17/2026,02/17/2026,2025-08-01,2026-02-17,2026-02-17,False,,132.0,False,False,2025-08
3525,2025,8,Occurrence,Race-Ethnicity,Black,DIA,Diabetes mellitus,ICD-10,106.0,,,02/17/2026,02/17/2026,2025-08-01,2026-02-17,2026-02-17,False,,106.0,False,False,2025-08
3526,2025,8,Occurrence,Race-Ethnicity,Hawaiian/Pacific Islander,DIA,Diabetes mellitus,ICD-10,,1,Cell suppressed for small numbers,02/17/2026,02/17/2026,2025-08-01,2026-02-17,2026-02-17,True,Cell suppressed for small numbers,,False,False,2025-08
3527,2025,8,Occurrence,Race-Ethnicity,Hispanic,DIA,Diabetes mellitus,ICD-10,312.0,,,02/17/2026,02/17/2026,2025-08-01,2026-02-17,2026-02-17,False,,312.0,False,False,2025-08
3528,2025,8,Occurrence,Race-Ethnicity,Multi-Race,DIA,Diabetes mellitus,ICD-10,,1,Cell suppressed for small numbers,02/17/2026,02/17/2026,2025-08-01,2026-02-17,2026-02-17,True,Cell suppressed for small numbers,,False,False,2025-08
3529,2025,8,Occurrence,Race-Ethnicity,White,DIA,Diabetes mellitus,ICD-10,320.0,,,02/17/2026,02/17/2026,2025-08-01,2026-02-17,2026-02-17,False,,320.0,False,False,2025-08
3530,2025,8,Occurrence,Race-Ethnicity,Other/Unknown,DIA,Diabetes mellitus,ICD-10,,1,Cell suppressed for small numbers,02/17/2026,02/17/2026,2025-08-01,2026-02-17,2026-02-17,True,Cell suppressed for small numbers,,False,False,2025-08
3534,2025,8,Occurrence,Race-Ethnicity,American Indian/Alaska Native,HOM,Assault (homicide),ICD-10,,1,Cell suppressed for small numbers,02/17/2026,02/17/2026,2025-08-01,2026-02-17,2026-02-17,True,Cell suppressed for small numbers,,False,False,2025-08
3535,2025,8,Occurrence,Race-Ethnicity,Asian,HOM,Assault (homicide),ICD-10,,1,Cell suppressed for small numbers,02/17/2026,02/17/2026,2025-08-01,2026-02-17,2026-02-17,True,Cell suppressed for small numbers,,False,False,2025-08
3536,2025,8,Occurrence,Race-Ethnicity,Black,HOM,Assault (homicide),ICD-10,40.0,,,02/17/2026,02/17/2026,2025-08-01,2026-02-17,2026-02-17,False,,40.0,False,False,2025-08
3537,2025,8,Occurrence,Race-Ethnicity,Hawaiian/Pacific Islander,HOM,Assault (homicide),ICD-10,,1,Cell suppressed for small numbers,02/17/2026,02/17/2026,2025-08-01,2026-02-17,2026-02-17,True,Cell suppressed for small numbers,,False,False,2025-08
3538,2025,8,Occurrence,Race-Ethnicity,Hispanic,HOM,Assault (homicide),ICD-10,56.0,,,02/17/2026,02/17/2026,2025-08-01,2026-02-17,2026-02-17,False,,56.0,False,False,2025-08
3539,2025,8,Occurrence,Race-Ethnicity,Multi-Race,HOM,Assault (homicide),ICD-10,,1,Cell suppressed for small numbers,02/17/2026,02/17/2026,2025-08-01,2026-02-17,2026-02-17,True,Cell suppressed for small numbers,,False,False,2025-08
3540,2025,8,Occurrence,Race-Ethnicity,White,HOM,Assault (homicide),ICD-10,20.0,,,02/17/2026,02/17/2026,2025-08-01,2026-02-17,2026-02-17,False,,20.0,False,False,2025-08
3541,2025,8,Occurrence,Race-Ethnicity,Other/Unknown,HOM,Assault (homicide),ICD-10,,1,Cell suppressed for small numbers,02/17/2026,02/17/2026,2025-08-01,2026-02-17,2026-02-17,True,Cell suppressed for small numbers,,False,False,2025-08
3545,2025,8,Occurrence,Race-Ethnicity,American Indian/Alaska Native,HTD,Diseases of heart,ICD-10,14.0,,,02/17/2026,02/17/2026,2025-08-01,2026-02-17,2026-02-17,False,,14.0,False,False,2025-08
3546,2025,8,Occurrence,Race-Ethnicity,Asian,HTD,Diseases of heart,ICD-10,501.0,,,02/17/2026,02/17/2026,2025-08-01,2026-02-17,2026-02-17,False,,501.0,False,False,2025-08
3547,2025,8,Occurrence,Race-Ethnicity,Black,HTD,Diseases of heart,ICD-10,410.0,,,02/17/2026,02/17/2026,2025-08-01,2026-02-17,2026-02-17,False,,410.0,False,False,2025-08
3548,2025,8,Occurrence,Race-Ethnicity,Hawaiian/Pacific Islander,HTD,Diseases of heart,ICD-10,18.0,,,02/17/2026,02/17/2026,2025-08-01,2026-02-17,2026-02-17,False,,18.0,False,False,2025-08
3549,2025,8,Occurrence,Race-Ethnicity,Hispanic,HTD,Diseases of heart,ICD-10,898.0,,,02/17/2026,02/17/2026,2025-08-01,2026-02-17,2026-02-17,False,,898.0,False,False,2025-08
3550,2025,8,Occurrence,Race-Ethnicity,Multi-Race,HTD,Diseases of heart,ICD-10,42.0,,,02/17/2026,02/17/2026,2025-08-01,2026-02-17,2026-02-17,False,,42.0,False,False,2025-08
3551,2025,8,Occurrence,Race-Ethnicity,White,HTD,Diseases of heart,ICD-10,2749.0,,,02/17/2026,02/17/2026,2025-08-01,2026-02-17,2026-02-17,False,,2749.0,False,False,2025-08
3552,2025,8,Occurrence,Race-Ethnicity,Other/Unknown,HTD,Diseases of heart,ICD-10,50.0,,,02/17/2026,02/17/2026,2025-08-01,2026-02-17,2026-02-17,False,,50.0,False,False,2025-08
3556,2025,8,Occurrence,Race-Ethnicity,American Indian/Alaska Native,HYP,Essential hypertension and hypertensive renal disease,ICD-10,,1,Cell suppressed for small numbers,02/17/2026,02/17/2026,2025-08-01,2026-02-17,2026-02-17,True,Cell suppressed for small numbers,,False,False,2025-08
3557,2025,8,Occurrence,Race-Ethnicity,Asian,HYP,Essential hypertension and hypertensive renal disease,ICD-10,83.0,,,02/17/2026,02/17/2026,2025-08-01,2026-02-17,2026-02-17,False,,83.0,False,False,2025-08
3558,2025,8,Occurrence,Race-Ethnicity,Black,HYP,Essential hypertension and hypertensive renal disease,ICD-10,69.0,,,02/17/2026,02/17/2026,2025-08-01,2026-02-17,2026-02-17,False,,69.0,False,False,2025-08
3559,2025,8,Occurrence,Race-Ethnicity,Hawaiian/Pacific Islander,HYP,Essential hypertension and hypertensive renal disease,ICD-10,0.0,,,02/17/2026,02/17/2026,2025-08-01,2026-02-17,2026-02-17,False,,0.0,False,False,2025-08
3560,2025,8,Occurrence,Race-Ethnicity,Hispanic,HYP,Essential hypertension and hypertensive renal disease,ICD-10,125.0,,,02/17/2026,02/17/2026,2025-08-01,2026-02-17,2026-02-17,False,,125.0,False,False,2025-08
3561,2025,8,Occurrence,Race-Ethnicity,Multi-Race,HYP,Essential hypertension and hypertensive renal disease,ICD-10,,1,Cell suppressed for small numbers,02/17/2026,02/17/2026,2025-08-01,2026-02-17,2026-02-17,True,Cell suppressed for small numbers,,False,False,2025-08
3562,2025,8,Occurrence,Race-Ethnicity,White,HYP,Essential hypertension and hypertensive renal disease,ICD-10,275.0,,,02/17/2026,02/17/2026,2025-08-01,2026-02-17,2026-02-17,False,,275.0,False,False,2025-08
3563,2025,8,Occurrence,Race-Ethnicity,Other/Unknown,HYP,Essential hypertension and hypertensive renal disease,ICD-10,,1,Cell suppressed for small numbers,02/17/2026,02/17/2026,2025-08-01,2026-02-17,2026-02-17,True,Cell suppressed for small numbers,,False,False,2025-08
3567,2025,8,Occurrence,Race-Ethnicity,American Indian/Alaska Native,INJ,Accidents (unintentional injuries),ICD-10,,1,Cell suppressed for small numbers,02/17/2026,02/17/2026,2025-08-01,2026-02-17,2026-02-17,True,Cell suppressed for small numbers,,False,False,2025-08
3568,2025,8,Occurrence,Race-Ethnicity,Asian,INJ,Accidents (unintentional injuries),ICD-10,106.0,,,02/17/2026,02/17/2026,2025-08-01,2026-02-17,2026-02-17,False,,106.0,False,False,2025-08
3569,2025,8,Occurrence,Race-Ethnicity,Black,INJ,Accidents (unintentional injuries),ICD-10,149.0,,,02/17/2026,02/17/2026,2025-08-01,2026-02-17,2026-02-17,False,,149.0,False,False,2025-08
3570,2025,8,Occurrence,Race-Ethnicity,Hawaiian/Pacific Islander,INJ,Accidents (unintentional injuries),ICD-10,,1,Cell suppressed for small numbers,02/17/2026,02/17/2026,2025-08-01,2026-02-17,2026-02-17,True,Cell suppressed for small numbers,,False,False,2025-08
3571,2025,8,Occurrence,Race-Ethnicity,Hispanic,INJ,Accidents (unintentional injuries),ICD-10,548.0,,,02/17/2026,02/17/2026,2025-08-01,2026-02-17,2026-02-17,False,,548.0,False,False,2025-08
3572,2025,8,Occurrence,Race-Ethnicity,Multi-Race,INJ,Accidents (unintentional injuries),ICD-10,45.0,,,02/17/2026,02/17/2026,2025-08-01,2026-02-17,2026-02-17,False,,45.0,False,False,2025-08
3573,2025,8,Occurrence,Race-Ethnicity,White,INJ,Accidents (unintentional injuries),ICD-10,632.0,,,02/17/2026,02/17/2026,2025-08-01,2026-02-17,2026-02-17,False,,632.0,False,False,2025-08
3574,2025,8,Occurrence,Race-Ethnicity,Other/Unknown,INJ,Accidents (unintentional injuries),ICD-10,19.0,,,02/17/2026,02/17/2026,2025-08-01,2026-02-17,2026-02-17,False,,19.0,False,False,2025-08
3578,2025,8,Occurrence,Race-Ethnicity,American Indian/Alaska Native,LIV,Chronic liver disease and cirrhosis,ICD-10,,1,Cell suppressed for small numbers,02/17/2026,02/17/2026,2025-08-01,2026-02-17,2026-02-17,True,Cell suppressed for small numbers,,False,False,2025-08
3579,2025,8,Occurrence,Race-Ethnicity,Asian,LIV,Chronic liver disease and cirrhosis,ICD-10,38.0,,,02/17/2026,02/17/2026,2025-08-01,2026-02-17,2026-02-17,False,,38.0,False,False,2025-08
3580,2025,8,Occurrence,Race-Ethnicity,Black,LIV,Chronic liver disease and cirrhosis,ICD-10,26.0,,,02/17/2026,02/17/2026,2025-08-01,2026-02-17,2026-02-17,False,,26.0,False,False,2025-08
3581,2025,8,Occurrence,Race-Ethnicity,Hawaiian/Pacific Islander,LIV,Chronic liver disease and cirrhosis,ICD-10,,1,Cell suppressed for small numbers,02/17/2026,02/17/2026,2025-08-01,2026-02-17,2026-02-17,True,Cell suppressed for small numbers,,False,False,2025-08
3582,2025,8,Occurrence,Race-Ethnicity,Hispanic,LIV,Chronic liver disease and cirrhosis,ICD-10,218.0,,,02/17/2026,02/17/2026,2025-08-01,2026-02-17,2026-02-17,False,,218.0,False,False,2025-08
3583,2025,8,Occurrence,Race-Ethnicity,Multi-Race,LIV,Chronic liver disease and cirrhosis,ICD-10,,1,Cell suppressed for small numbers,02/17/2026,02/17/2026,2025-08-01,2026-02-17,2026-02-17,True,Cell suppressed for small numbers,,False,False,2025-08
3584,2025,8,Occurrence,Race-Ethnicity,White,LIV,Chronic liver disease and cirrhosis,ICD-10,205.0,,,02/17/2026,02/17/2026,2025-08-01,2026-02-17,2026-02-17,False,,205.0,False,False,2025-08
3585,2025,8,Occurrence,Race-Ethnicity,Other/Unknown,LIV,Chronic liver disease and cirrhosis,ICD-10,,1,Cell suppressed for small numbers,02/17/2026,02/17/2026,2025-08-01,2026-02-17,2026-02-17,True,Cell suppressed for small numbers,,False,False,2025-08
3589,2025,8,Occurrence,Race-Ethnicity,American Indian/Alaska Native,NEP,"Nephritis, nephrotic syndrome and nephrosis",ICD-10,,1,Cell suppressed for small numbers,02/17/2026,02/17/2026,2025-08-01,2026-02-17,2026-02-17,True,Cell suppressed for small numbers,,False,False,2025-08
3590,2025,8,Occurrence,Race-Ethnicity,Asian,NEP,"Nephritis, nephrotic syndrome and nephrosis",ICD-10,53.0,,,02/17/2026,02/17/2026,2025-08-01,2026-02-17,2026-02-17,False,,53.0,False,False,2025-08
3591,2025,8,Occurrence,Race-Ethnicity,Black,NEP,"Nephritis, nephrotic syndrome and nephrosis",ICD-10,33.0,,,02/17/2026,02/17/2026,2025-08-01,2026-02-17,2026-02-17,False,,33.0,False,False,2025-08
3592,2025,8,Occurrence,Race-Ethnicity,Hawaiian/Pacific Islander,NEP,"Nephritis, nephrotic syndrome and nephrosis",ICD-10,,1,Cell suppressed for small numbers,02/17/2026,02/17/2026,2025-08-01,2026-02-17,2026-02-17,True,Cell suppressed for small numbers,,False,False,2025-08
3593,2025,8,Occurrence,Race-Ethnicity,Hispanic,NEP,"Nephritis, nephrotic syndrome and nephrosis",ICD-10,107.0,,,02/17/2026,02/17/2026,2025-08-01,2026-02-17,2026-02-17,False,,107.0,False,False,2025-08
3594,2025,8,Occurrence,Race-Ethnicity,Multi-Race,NEP,"Nephritis, nephrotic syndrome and nephrosis",ICD-10,,1,Cell suppressed for small numbers,02/17/2026,02/17/2026,2025-08-01,2026-02-17,2026-02-17,True,Cell suppressed for small numbers,,False,False,2025-08
3595,2025,8,Occurrence,Race-Ethnicity,White,NEP,"Nephritis, nephrotic syndrome and nephrosis",ICD-10,140.0,,,02/17/2026,02/17/2026,2025-08-01,2026-02-17,2026-02-17,False,,140.0,False,False,2025-08
3596,2025,8,Occurrence,Race-Ethnicity,Other/Unknown,NEP,"Nephritis, nephrotic syndrome and nephrosis",ICD-10,,1,Cell suppressed for small numbers,02/17/2026,02/17/2026,2025-08-01,2026-02-17,2026-02-17,True,Cell suppressed for small numbers,,False,False,2025-08
3600,2025,8,Occurrence,Race-Ethnicity,American Indian/Alaska Native,PAR,Parkinson's disease,ICD-10,,1,Cell suppressed for small numbers,02/17/2026,02/17/2026,2025-08-01,2026-02-17,2026-02-17,True,Cell suppressed for small numbers,,False,False,2025-08
3601,2025,8,Occurrence,Race-Ethnicity,Asian,PAR,Parkinson's disease,ICD-10,58.0,,,02/17/2026,02/17/2026,2025-08-01,2026-02-17,2026-02-17,False,,58.0,False,False,2025-08
3602,2025,8,Occurrence,Race-Ethnicity,Black,PAR,Parkinson's disease,ICD-10,,1,Cell suppressed for small numbers,02/17/2026,02/17/2026,2025-08-01,2026-02-17,2026-02-17,True,Cell suppressed for small numbers,,False,False,2025-08
3603,2025,8,Occurrence,Race-Ethnicity,Hawaiian/Pacific Islander,PAR,Parkinson's disease,ICD-10,0.0,,,02/17/2026,02/17/2026,2025-08-01,2026-02-17,2026-02-17,False,,0.0,False,False,2025-08
3604,2025,8,Occurrence,Race-Ethnicity,Hispanic,PAR,Parkinson's disease,ICD-10,55.0,,,02/17/2026,02/17/2026,2025-08-01,2026-02-17,2026-02-17,False,,55.0,False,False,2025-08
3605,2025,8,Occurrence,Race-Ethnicity,Multi-Race,PAR,Parkinson's disease,ICD-10,,1,Cell suppressed for small numbers,02/17/2026,02/17/2026,2025-08-01,2026-02-17,2026-02-17,True,Cell suppressed for small numbers,,False,False,2025-08
3606,2025,8,Occurrence,Race-Ethnicity,White,PAR,Parkinson's disease,ICD-10,249.0,,,02/17/2026,02/17/2026,2025-08-01,2026-02-17,2026-02-17,False,,249.0,False,False,2025-08
3607,2025,8,Occurrence,Race-Ethnicity,Other/Unknown,PAR,Parkinson's disease,ICD-10,,1,Cell suppressed for small numbers,02/17/2026,02/17/2026,2025-08-01,2026-02-17,2026-02-17,True,Cell suppressed for small numbers,,False,False,2025-08
3611,2025,8,Occurrence,Race-Ethnicity,American Indian/Alaska Native,PNF,Influenza and pneumonia,ICD-10,,1,Cell suppressed for small numbers,02/17/2026,02/17/2026,2025-08-01,2026-02-17,2026-02-17,True,Cell suppressed for small numbers,,False,False,2025-08
3612,2025,8,Occurrence,Race-Ethnicity,Asian,PNF,Influenza and pneumonia,ICD-10,58.0,,,02/17/2026,02/17/2026,2025-08-01,2026-02-17,2026-02-17,False,,58.0,False,False,2025-08
3613,2025,8,Occurrence,Race-Ethnicity,Black,PNF,Influenza and pneumonia,ICD-10,21.0,,,02/17/2026,02/17/2026,2025-08-01,2026-02-17,2026-02-17,False,,21.0,False,False,2025-08
3614,2025,8,Occurrence,Race-Ethnicity,Hawaiian/Pacific Islander,PNF,Influenza and pneumonia,ICD-10,,1,Cell suppressed for small numbers,02/17/2026,02/17/2026,2025-08-01,2026-02-17,2026-02-17,True,Cell suppressed for small numbers,,False,False,2025-08
3615,2025,8,Occurrence,Race-Ethnicity,Hispanic,PNF,Influenza and pneumonia,ICD-10,80.0,,,02/17/2026,02/17/2026,2025-08-01,2026-02-17,2026-02-17,False,,80.0,False,False,2025-08
3616,2025,8,Occurrence,Race-Ethnicity,Multi-Race,PNF,Influenza and pneumonia,ICD-10,,1,Cell suppressed for small numbers,02/17/2026,02/17/2026,2025-08-01,2026-02-17,2026-02-17,True,Cell suppressed for small numbers,,False,False,2025-08
3617,2025,8,Occurrence,Race-Ethnicity,White,PNF,Influenza and pneumonia,ICD-10,162.0,,,02/17/2026,02/17/2026,2025-08-01,2026-02-17,2026-02-17,False,,162.0,False,False,2025-08
3618,2025,8,Occurrence,Race-Ethnicity,Other/Unknown,PNF,Influenza and pneumonia,ICD-10,,1,Cell suppressed for small numbers,02/17/2026,02/17/2026,2025-08-01,2026-02-17,2026-02-17,True,Cell suppressed for small numbers,,False,False,2025-08
3622,2025,8,Occurrence,Race-Ethnicity,American Indian/Alaska Native,STK,Cerebrovascular diseases,ICD-10,,1,Cell suppressed for small numbers,02/17/2026,02/17/2026,2025-08-01,2026-02-17,2026-02-17,True,Cell suppressed for small numbers,,False,False,2025-08
3623,2025,8,Occurrence,Race-Ethnicity,Asian,STK,Cerebrovascular diseases,ICD-10,209.0,,,02/17/2026,02/17/2026,2025-08-01,2026-02-17,2026-02-17,False,,209.0,False,False,2025-08
3624,2025,8,Occurrence,Race-Ethnicity,Black,STK,Cerebrovascular diseases,ICD-10,107.0,,,02/17/2026,02/17/2026,2025-08-01,2026-02-17,2026-02-17,False,,107.0,False,False,2025-08
3625,2025,8,Occurrence,Race-Ethnicity,Hawaiian/Pacific Islander,STK,Cerebrovascular diseases,ICD-10,,1,Cell suppressed for small numbers,02/17/2026,02/17/2026,2025-08-01,2026-02-17,2026-02-17,True,Cell suppressed for small numbers,,False,False,2025-08
3626,2025,8,Occurrence,Race-Ethnicity,Hispanic,STK,Cerebrovascular diseases,ICD-10,323.0,,,02/17/2026,02/17/2026,2025-08-01,2026-02-17,2026-02-17,False,,323.0,False,False,2025-08
3627,2025,8,Occurrence,Race-Ethnicity,Multi-Race,STK,Cerebrovascular diseases,ICD-10,16.0,,,02/17/2026,02/17/2026,2025-08-01,2026-02-17,2026-02-17,False,,16.0,False,False,2025-08
3628,2025,8,Occurrence,Race-Ethnicity,White,STK,Cerebrovascular diseases,ICD-10,725.0,,,02/17/2026,02/17/2026,2025-08-01,2026-02-17,2026-02-17,False,,725.0,False,False,2025-08
3629,2025,8,Occurrence,Race-Ethnicity,Other/Unknown,STK,Cerebrovascular diseases,ICD-10,,1,Cell suppressed for small numbers,02/17/2026,02/17/2026,2025-08-01,2026-02-17,2026-02-17,True,Cell suppressed for small numbers,,False,False,2025-08
3633,2025,8,Occurrence,Race-Ethnicity,American Indian/Alaska Native,SUI,Intentional self-harm (suicide),ICD-10,,1,Cell suppressed for small numbers,02/17/2026,02/17/2026,2025-08-01,2026-02-17,2026-02-17,True,Cell suppressed for small numbers,,False,False,2025-08
3634,2025,8,Occurrence,Race-Ethnicity,Asian,SUI,Intentional self-harm (suicide),ICD-10,33.0,,,02/17/2026,02/17/2026,2025-08-01,2026-02-17,2026-02-17,False,,33.0,False,False,2025-08
3635,2025,8,Occurrence,Race-Ethnicity,Black,SUI,Intentional self-harm (suicide),ICD-10,19.0,,,02/17/2026,02/17/2026,2025-08-01,2026-02-17,2026-02-17,False,,19.0,False,False,2025-08
3636,2025,8,Occurrence,Race-Ethnicity,Hawaiian/Pacific Islander,SUI,Intentional self-harm (suicide),ICD-10,0.0,,,02/17/2026,02/17/2026,2025-08-01,2026-02-17,2026-02-17,False,,0.0,False,False,2025-08
3637,2025,8,Occurrence,Race-Ethnicity,Hispanic,SUI,Intentional self-harm (suicide),ICD-10,81.0,,,02/17/2026,02/17/2026,2025-08-01,2026-02-17,2026-02-17,False,,81.0,False,False,2025-08
3638,2025,8,Occurrence,Race-Ethnicity,Multi-Race,SUI,Intentional self-harm (suicide),ICD-10,,1,Cell suppressed for small numbers,02/17/2026,02/17/2026,2025-08-01,2026-02-17,2026-02-17,True,Cell suppressed for small numbers,,False,False,2025-08
3639,2025,8,Occurrence,Race-Ethnicity,White,SUI,Intentional self-harm (suicide),ICD-10,219.0,,,02/17/2026,02/17/2026,2025-08-01,2026-02-17,2026-02-17,False,,219.0,False,False,2025-08
3640,2025,8,Occurrence,Race-Ethnicity,Other/Unknown,SUI,Intentional self-harm (suicide),ICD-10,0.0,,,02/17/2026,02/17/2026,2025-08-01,2026-02-17,2026-02-17,False,,0.0,False,False,2025-08
3661,2025,9,Occurrence,Race-Ethnicity,American Indian/Alaska Native,ALL,All causes (total),ICD-10,95.0,,,02/17/2026,02/17/2026,2025-09-01,2026-02-17,2026-02-17,False,,95.0,False,True,2025-09
3662,2025,9,Occurrence,Race-Ethnicity,Asian,ALL,All causes (total),ICD-10,2395.0,,,02/17/2026,02/17/2026,2025-09-01,2026-02-17,2026-02-17,False,,2395.0,False,True,2025-09
3663,2025,9,Occurrence,Race-Ethnicity,Black,ALL,All causes (total),ICD-10,1693.0,,,02/17/2026,02/17/2026,2025-09-01,2026-02-17,2026-02-17,False,,1693.0,False,True,2025-09
3664,2025,9,Occurrence,Race-Ethnicity,Hawaiian/Pacific Islander,ALL,All causes (total),ICD-10,95.0,,,02/17/2026,02/17/2026,2025-09-01,2026-02-17,2026-02-17,False,,95.0,False,True,2025-09
3665,2025,9,Occurrence,Race-Ethnicity,Hispanic,ALL,All causes (total),ICD-10,5131.0,,,02/17/2026,02/17/2026,2025-09-01,2026-02-17,2026-02-17,False,,5131.0,False,True,2025-09
3666,2025,9,Occurrence,Race-Ethnicity,Multi-Race,ALL,All causes (total),ICD-10,230.0,,,02/17/2026,02/17/2026,2025-09-01,2026-02-17,2026-02-17,False,,230.0,False,True,2025-09
3667,2025,9,Occurrence,Race-Ethnicity,White,ALL,All causes (total),ICD-10,12120.0,,,02/17/2026,02/17/2026,2025-09-01,2026-02-17,2026-02-17,False,,12120.0,False,True,2025-09
3668,2025,9,Occurrence,Race-Ethnicity,Other/Unknown,ALL,All causes (total),ICD-10,221.0,,,02/17/2026,02/17/2026,2025-09-01,2026-02-17,2026-02-17,False,,221.0,False,True,2025-09
3672,2025,9,Occurrence,Race-Ethnicity,American Indian/Alaska Native,ALZ,Alzheimer's disease,ICD-10,,1,Cell suppressed for small numbers,02/17/2026,02/17/2026,2025-09-01,2026-02-17,2026-02-17,True,Cell suppressed for small numbers,,False,False,2025-09
3673,2025,9,Occurrence,Race-Ethnicity,Asian,ALZ,Alzheimer's disease,ICD-10,129.0,,,02/17/2026,02/17/2026,2025-09-01,2026-02-17,2026-02-17,False,,129.0,False,False,2025-09
3674,2025,9,Occurrence,Race-Ethnicity,Black,ALZ,Alzheimer's disease,ICD-10,62.0,,,02/17/2026,02/17/2026,2025-09-01,2026-02-17,2026-02-17,False,,62.0,False,False,2025-09
3675,2025,9,Occurrence,Race-Ethnicity,Hawaiian/Pacific Islander,ALZ,Alzheimer's disease,ICD-10,,1,Cell suppressed for small numbers,02/17/2026,02/17/2026,2025-09-01,2026-02-17,2026-02-17,True,Cell suppressed for small numbers,,False,False,2025-09
3676,2025,9,Occurrence,Race-Ethnicity,Hispanic,ALZ,Alzheimer's disease,ICD-10,227.0,,,02/17/2026,02/17/2026,2025-09-01,2026-02-17,2026-02-17,False,,227.0,False,False,2025-09
3677,2025,9,Occurrence,Race-Ethnicity,Multi-Race,ALZ,Alzheimer's disease,ICD-10,,1,Cell suppressed for small numbers,02/17/2026,02/17/2026,2025-09-01,2026-02-17,2026-02-17,True,Cell suppressed for small numbers,,False,False,2025-09
3678,2025,9,Occurrence,Race-Ethnicity,White,ALZ,Alzheimer's disease,ICD-10,796.0,,,02/17/2026,02/17/2026,2025-09-01,2026-02-17,2026-02-17,False,,796.0,False,False,2025-09
3679,2025,9,Occurrence,Race-Ethnicity,Other/Unknown,ALZ,Alzheimer's disease,ICD-10,,1,Cell suppressed for small numbers,02/17/2026,02/17/2026,2025-09-01,2026-02-17,2026-02-17,True,Cell suppressed for small numbers,,False,False,2025-09
3683,2025,9,Occurrence,Race-Ethnicity,American Indian/Alaska Native,CAN,Malignant neoplasms,ICD-10,12.0,,,02/17/2026,02/17/2026,2025-09-01,2026-02-17,2026-02-17,False,,12.0,False,False,2025-09
3684,2025,9,Occurrence,Race-Ethnicity,Asian,CAN,Malignant neoplasms,ICD-10,627.0,,,02/17/2026,02/17/2026,2025-09-01,2026-02-17,2026-02-17,False,,627.0,False,False,2025-09
3685,2025,9,Occurrence,Race-Ethnicity,Black,CAN,Malignant neoplasms,ICD-10,365.0,,,02/17/2026,02/17/2026,2025-09-01,2026-02-17,2026-02-17,False,,365.0,False,False,2025-09
3686,2025,9,Occurrence,Race-Ethnicity,Hawaiian/Pacific Islander,CAN,Malignant neoplasms,ICD-10,21.0,,,02/17/2026,02/17/2026,2025-09-01,2026-02-17,2026-02-17,False,,21.0,False,False,2025-09
3687,2025,9,Occurrence,Race-Ethnicity,Hispanic,CAN,Malignant neoplasms,ICD-10,1136.0,,,02/17/2026,02/17/2026,2025-09-01,2026-02-17,2026-02-17,False,,1136.0,False,False,2025-09
3688,2025,9,Occurrence,Race-Ethnicity,Multi-Race,CAN,Malignant neoplasms,ICD-10,60.0,,,02/17/2026,02/17/2026,2025-09-01,2026-02-17,2026-02-17,False,,60.0,False,False,2025-09
3689,2025,9,Occurrence,Race-Ethnicity,White,CAN,Malignant neoplasms,ICD-10,2666.0,,,02/17/2026,02/17/2026,2025-09-01,2026-02-17,2026-02-17,False,,2666.0,False,False,2025-09
3690,2025,9,Occurrence,Race-Ethnicity,Other/Unknown,CAN,Malignant neoplasms,ICD-10,46.0,,,02/17/2026,02/17/2026,2025-09-01,2026-02-17,2026-02-17,False,,46.0,False,False,2025-09
3694,2025,9,Occurrence,Race-Ethnicity,American Indian/Alaska Native,CLD,Chronic lower respiratory diseases,ICD-10,,1,Cell suppressed for small numbers,02/17/2026,02/17/2026,2025-09-01,2026-02-17,2026-02-17,True,Cell suppressed for small numbers,,False,False,2025-09
3695,2025,9,Occurrence,Race-Ethnicity,Asian,CLD,Chronic lower respiratory diseases,ICD-10,58.0,,,02/17/2026,02/17/2026,2025-09-01,2026-02-17,2026-02-17,False,,58.0,False,False,2025-09
3696,2025,9,Occurrence,Race-Ethnicity,Black,CLD,Chronic lower respiratory diseases,ICD-10,58.0,,,02/17/2026,02/17/2026,2025-09-01,2026-02-17,2026-02-17,False,,58.0,False,False,2025-09
3697,2025,9,Occurrence,Race-Ethnicity,Hawaiian/Pacific Islander,CLD,Chronic lower respiratory diseases,ICD-10,,1,Cell suppressed for small numbers,02/17/2026,02/17/2026,2025-09-01,2026-02-17,2026-02-17,True,Cell suppressed for small numbers,,False,False,2025-09
3698,2025,9,Occurrence,Race-Ethnicity,Hispanic,CLD,Chronic lower respiratory diseases,ICD-10,81.0,,,02/17/2026,02/17/2026,2025-09-01,2026-02-17,2026-02-17,False,,81.0,False,False,2025-09
3699,2025,9,Occurrence,Race-Ethnicity,Multi-Race,CLD,Chronic lower respiratory diseases,ICD-10,,1,Cell suppressed for small numbers,02/17/2026,02/17/2026,2025-09-01,2026-02-17,2026-02-17,True,Cell suppressed for small numbers,,False,False,2025-09
3700,2025,9,Occurrence,Race-Ethnicity,White,CLD,Chronic lower respiratory diseases,ICD-10,607.0,,,02/17/2026,02/17/2026,2025-09-01,2026-02-17,2026-02-17,False,,607.0,False,False,2025-09
3701,2025,9,Occurrence,Race-Ethnicity,Other/Unknown,CLD,Chronic lower respiratory diseases,ICD-10,,1,Cell suppressed for small numbers,02/17/2026,02/17/2026,2025-09-01,2026-02-17,2026-02-17,True,Cell suppressed for small numbers,,False,False,2025-09
3705,2025,9,Occurrence,Race-Ethnicity,American Indian/Alaska Native,DIA,Diabetes mellitus,ICD-10,,1,Cell suppressed for small numbers,02/17/2026,02/17/2026,2025-09-01,2026-02-17,2026-02-17,True,Cell suppressed for small numbers,,False,False,2025-09
3706,2025,9,Occurrence,Race-Ethnicity,Asian,DIA,Diabetes mellitus,ICD-10,116.0,,,02/17/2026,02/17/2026,2025-09-01,2026-02-17,2026-02-17,False,,116.0,False,False,2025-09
3707,2025,9,Occurrence,Race-Ethnicity,Black,DIA,Diabetes mellitus,ICD-10,75.0,,,02/17/2026,02/17/2026,2025-09-01,2026-02-17,2026-02-17,False,,75.0,False,False,2025-09
3708,2025,9,Occurrence,Race-Ethnicity,Hawaiian/Pacific Islander,DIA,Diabetes mellitus,ICD-10,,1,Cell suppressed for small numbers,02/17/2026,02/17/2026,2025-09-01,2026-02-17,2026-02-17,True,Cell suppressed for small numbers,,False,False,2025-09
3709,2025,9,Occurrence,Race-Ethnicity,Hispanic,DIA,Diabetes mellitus,ICD-10,294.0,,,02/17/2026,02/17/2026,2025-09-01,2026-02-17,2026-02-17,False,,294.0,False,False,2025-09
3710,2025,9,Occurrence,Race-Ethnicity,Multi-Race,DIA,Diabetes mellitus,ICD-10,,1,Cell suppressed for small numbers,02/17/2026,02/17/2026,2025-09-01,2026-02-17,2026-02-17,True,Cell suppressed for small numbers,,False,False,2025-09
3711,2025,9,Occurrence,Race-Ethnicity,White,DIA,Diabetes mellitus,ICD-10,317.0,,,02/17/2026,02/17/2026,2025-09-01,2026-02-17,2026-02-17,False,,317.0,False,False,2025-09
3712,2025,9,Occurrence,Race-Ethnicity,Other/Unknown,DIA,Diabetes mellitus,ICD-10,11.0,,,02/17/2026,02/17/2026,2025-09-01,2026-02-17,2026-02-17,False,,11.0,False,False,2025-09
3716,2025,9,Occurrence,Race-Ethnicity,American Indian/Alaska Native,HOM,Assault (homicide),ICD-10,0.0,,,02/17/2026,02/17/2026,2025-09-01,2026-02-17,2026-02-17,False,,0.0,False,False,2025-09
3717,2025,9,Occurrence,Race-Ethnicity,Asian,HOM,Assault (homicide),ICD-10,,1,Cell suppressed for small numbers,02/17/2026,02/17/2026,2025-09-01,2026-02-17,2026-02-17,True,Cell suppressed for small numbers,,False,False,2025-09
3718,2025,9,Occurrence,Race-Ethnicity,Black,HOM,Assault (homicide),ICD-10,29.0,,,02/17/2026,02/17/2026,2025-09-01,2026-02-17,2026-02-17,False,,29.0,False,False,2025-09
3719,2025,9,Occurrence,Race-Ethnicity,Hawaiian/Pacific Islander,HOM,Assault (homicide),ICD-10,,1,Cell suppressed for small numbers,02/17/2026,02/17/2026,2025-09-01,2026-02-17,2026-02-17,True,Cell suppressed for small numbers,,False,False,2025-09
3720,2025,9,Occurrence,Race-Ethnicity,Hispanic,HOM,Assault (homicide),ICD-10,64.0,,,02/17/2026,02/17/2026,2025-09-01,2026-02-17,2026-02-17,False,,64.0,False,False,2025-09
3721,2025,9,Occurrence,Race-Ethnicity,Multi-Race,HOM,Assault (homicide),ICD-10,,1,Cell suppressed for small numbers,02/17/2026,02/17/2026,2025-09-01,2026-02-17,2026-02-17,True,Cell suppressed for small numbers,,False,False,2025-09
3722,2025,9,Occurrence,Race-Ethnicity,White,HOM,Assault (homicide),ICD-10,23.0,,,02/17/2026,02/17/2026,2025-09-01,2026-02-17,2026-02-17,False,,23.0,False,False,2025-09
3723,2025,9,Occurrence,Race-Ethnicity,Other/Unknown,HOM,Assault (homicide),ICD-10,,1,Cell suppressed for small numbers,02/17/2026,02/17/2026,2025-09-01,2026-02-17,2026-02-17,True,Cell suppressed for small numbers,,False,False,2025-09
3727,2025,9,Occurrence,Race-Ethnicity,American Indian/Alaska Native,HTD,Diseases of heart,ICD-10,22.0,,,02/17/2026,02/17/2026,2025-09-01,2026-02-17,2026-02-17,False,,22.0,False,False,2025-09
3728,2025,9,Occurrence,Race-Ethnicity,Asian,HTD,Diseases of heart,ICD-10,476.0,,,02/17/2026,02/17/2026,2025-09-01,2026-02-17,2026-02-17,False,,476.0,False,False,2025-09
3729,2025,9,Occurrence,Race-Ethnicity,Black,HTD,Diseases of heart,ICD-10,413.0,,,02/17/2026,02/17/2026,2025-09-01,2026-02-17,2026-02-17,False,,413.0,False,False,2025-09
3730,2025,9,Occurrence,Race-Ethnicity,Hawaiian/Pacific Islander,HTD,Diseases of heart,ICD-10,23.0,,,02/17/2026,02/17/2026,2025-09-01,2026-02-17,2026-02-17,False,,23.0,False,False,2025-09
3731,2025,9,Occurrence,Race-Ethnicity,Hispanic,HTD,Diseases of heart,ICD-10,879.0,,,02/17/2026,02/17/2026,2025-09-01,2026-02-17,2026-02-17,False,,879.0,False,False,2025-09
3732,2025,9,Occurrence,Race-Ethnicity,Multi-Race,HTD,Diseases of heart,ICD-10,45.0,,,02/17/2026,02/17/2026,2025-09-01,2026-02-17,2026-02-17,False,,45.0,False,False,2025-09
3733,2025,9,Occurrence,Race-Ethnicity,White,HTD,Diseases of heart,ICD-10,2674.0,,,02/17/2026,02/17/2026,2025-09-01,2026-02-17,2026-02-17,False,,2674.0,False,False,2025-09
3734,2025,9,Occurrence,Race-Ethnicity,Other/Unknown,HTD,Diseases of heart,ICD-10,46.0,,,02/17/2026,02/17/2026,2025-09-01,2026-02-17,2026-02-17,False,,46.0,False,False,2025-09
3738,2025,9,Occurrence,Race-Ethnicity,American Indian/Alaska Native,HYP,Essential hypertension and hypertensive renal disease,ICD-10,,1,Cell suppressed for small numbers,02/17/2026,02/17/2026,2025-09-01,2026-02-17,2026-02-17,True,Cell suppressed for small numbers,,False,False,2025-09
3739,2025,9,Occurrence,Race-Ethnicity,Asian,HYP,Essential hypertension and hypertensive renal disease,ICD-10,76.0,,,02/17/2026,02/17/2026,2025-09-01,2026-02-17,2026-02-17,False,,76.0,False,False,2025-09
3740,2025,9,Occurrence,Race-Ethnicity,Black,HYP,Essential hypertension and hypertensive renal disease,ICD-10,50.0,,,02/17/2026,02/17/2026,2025-09-01,2026-02-17,2026-02-17,False,,50.0,False,False,2025-09
3741,2025,9,Occurrence,Race-Ethnicity,Hawaiian/Pacific Islander,HYP,Essential hypertension and hypertensive renal disease,ICD-10,,1,Cell suppressed for small numbers,02/17/2026,02/17/2026,2025-09-01,2026-02-17,2026-02-17,True,Cell suppressed for small numbers,,False,False,2025-09
3742,2025,9,Occurrence,Race-Ethnicity,Hispanic,HYP,Essential hypertension and hypertensive renal disease,ICD-10,116.0,,,02/17/2026,02/17/2026,2025-09-01,2026-02-17,2026-02-17,False,,116.0,False,False,2025-09
3743,2025,9,Occurrence,Race-Ethnicity,Multi-Race,HYP,Essential hypertension and hypertensive renal disease,ICD-10,,1,Cell suppressed for small numbers,02/17/2026,02/17/2026,2025-09-01,2026-02-17,2026-02-17,True,Cell suppressed for small numbers,,False,False,2025-09
3744,2025,9,Occurrence,Race-Ethnicity,White,HYP,Essential hypertension and hypertensive renal disease,ICD-10,262.0,,,02/17/2026,02/17/2026,2025-09-01,2026-02-17,2026-02-17,False,,262.0,False,False,2025-09
3745,2025,9,Occurrence,Race-Ethnicity,Other/Unknown,HYP,Essential hypertension and hypertensive renal disease,ICD-10,,1,Cell suppressed for small numbers,02/17/2026,02/17/2026,2025-09-01,2026-02-17,2026-02-17,True,Cell suppressed for small numbers,,False,False,2025-09
3749,2025,9,Occurrence,Race-Ethnicity,American Indian/Alaska Native,INJ,Accidents (unintentional injuries),ICD-10,,1,Cell suppressed for small numbers,02/17/2026,02/17/2026,2025-09-01,2026-02-17,2026-02-17,True,Cell suppressed for small numbers,,False,False,2025-09
3750,2025,9,Occurrence,Race-Ethnicity,Asian,INJ,Accidents (unintentional injuries),ICD-10,90.0,,,02/17/2026,02/17/2026,2025-09-01,2026-02-17,2026-02-17,False,,90.0,False,False,2025-09
3751,2025,9,Occurrence,Race-Ethnicity,Black,INJ,Accidents (unintentional injuries),ICD-10,132.0,,,02/17/2026,02/17/2026,2025-09-01,2026-02-17,2026-02-17,False,,132.0,False,False,2025-09
3752,2025,9,Occurrence,Race-Ethnicity,Hawaiian/Pacific Islander,INJ,Accidents (unintentional injuries),ICD-10,,1,Cell suppressed for small numbers,02/17/2026,02/17/2026,2025-09-01,2026-02-17,2026-02-17,True,Cell suppressed for small numbers,,False,False,2025-09
3753,2025,9,Occurrence,Race-Ethnicity,Hispanic,INJ,Accidents (unintentional injuries),ICD-10,508.0,,,02/17/2026,02/17/2026,2025-09-01,2026-02-17,2026-02-17,False,,508.0,False,False,2025-09
3754,2025,9,Occurrence,Race-Ethnicity,Multi-Race,INJ,Accidents (unintentional injuries),ICD-10,25.0,,,02/17/2026,02/17/2026,2025-09-01,2026-02-17,2026-02-17,False,,25.0,False,False,2025-09
3755,2025,9,Occurrence,Race-Ethnicity,White,INJ,Accidents (unintentional injuries),ICD-10,620.0,,,02/17/2026,02/17/2026,2025-09-01,2026-02-17,2026-02-17,False,,620.0,False,False,2025-09
3756,2025,9,Occurrence,Race-Ethnicity,Other/Unknown,INJ,Accidents (unintentional injuries),ICD-10,28.0,,,02/17/2026,02/17/2026,2025-09-01,2026-02-17,2026-02-17,False,,28.0,False,False,2025-09
3760,2025,9,Occurrence,Race-Ethnicity,American Indian/Alaska Native,LIV,Chronic liver disease and cirrhosis,ICD-10,,1,Cell suppressed for small numbers,02/17/2026,02/17/2026,2025-09-01,2026-02-17,2026-02-17,True,Cell suppressed for small numbers,,False,False,2025-09
3761,2025,9,Occurrence,Race-Ethnicity,Asian,LIV,Chronic liver disease and cirrhosis,ICD-10,24.0,,,02/17/2026,02/17/2026,2025-09-01,2026-02-17,2026-02-17,False,,24.0,False,False,2025-09
3762,2025,9,Occurrence,Race-Ethnicity,Black,LIV,Chronic liver disease and cirrhosis,ICD-10,23.0,,,02/17/2026,02/17/2026,2025-09-01,2026-02-17,2026-02-17,False,,23.0,False,False,2025-09
3763,2025,9,Occurrence,Race-Ethnicity,Hawaiian/Pacific Islander,LIV,Chronic liver disease and cirrhosis,ICD-10,,1,Cell suppressed for small numbers,02/17/2026,02/17/2026,2025-09-01,2026-02-17,2026-02-17,True,Cell suppressed for small numbers,,False,False,2025-09
3764,2025,9,Occurrence,Race-Ethnicity,Hispanic,LIV,Chronic liver disease and cirrhosis,ICD-10,213.0,,,02/17/2026,02/17/2026,2025-09-01,2026-02-17,2026-02-17,False,,213.0,False,False,2025-09
3765,2025,9,Occurrence,Race-Ethnicity,Multi-Race,LIV,Chronic liver disease and cirrhosis,ICD-10,,1,Cell suppressed for small numbers,02/17/2026,02/17/2026,2025-09-01,2026-02-17,2026-02-17,True,Cell suppressed for small numbers,,False,False,2025-09
3766,2025,9,Occurrence,Race-Ethnicity,White,LIV,Chronic liver disease and cirrhosis,ICD-10,206.0,,,02/17/2026,02/17/2026,2025-09-01,2026-02-17,2026-02-17,False,,206.0,False,False,2025-09
3767,2025,9,Occurrence,Race-Ethnicity,Other/Unknown,LIV,Chronic liver disease and cirrhosis,ICD-10,,1,Cell suppressed for small numbers,02/17/2026,02/17/2026,2025-09-01,2026-02-17,2026-02-17,True,Cell suppressed for small numbers,,False,False,2025-09
3771,2025,9,Occurrence,Race-Ethnicity,American Indian/Alaska Native,NEP,"Nephritis, nephrotic syndrome and nephrosis",ICD-10,,1,Cell suppressed for small numbers,02/17/2026,02/17/2026,2025-09-01,2026-02-17,2026-02-17,True,Cell suppressed for small numbers,,False,False,2025-09
3772,2025,9,Occurrence,Race-Ethnicity,Asian,NEP,"Nephritis, nephrotic syndrome and nephrosis",ICD-10,57.0,,,02/17/2026,02/17/2026,2025-09-01,2026-02-17,2026-02-17,False,,57.0,False,False,2025-09
3773,2025,9,Occurrence,Race-Ethnicity,Black,NEP,"Nephritis, nephrotic syndrome and nephrosis",ICD-10,38.0,,,02/17/2026,02/17/2026,2025-09-01,2026-02-17,2026-02-17,False,,38.0,False,False,2025-09
3774,2025,9,Occurrence,Race-Ethnicity,Hawaiian/Pacific Islander,NEP,"Nephritis, nephrotic syndrome and nephrosis",ICD-10,,1,Cell suppressed for small numbers,02/17/2026,02/17/2026,2025-09-01,2026-02-17,2026-02-17,True,Cell suppressed for small numbers,,False,False,2025-09
3775,2025,9,Occurrence,Race-Ethnicity,Hispanic,NEP,"Nephritis, nephrotic syndrome and nephrosis",ICD-10,87.0,,,02/17/2026,02/17/2026,2025-09-01,2026-02-17,2026-02-17,False,,87.0,False,False,2025-09
3776,2025,9,Occurrence,Race-Ethnicity,Multi-Race,NEP,"Nephritis, nephrotic syndrome and nephrosis",ICD-10,,1,Cell suppressed for small numbers,02/17/2026,02/17/2026,2025-09-01,2026-02-17,2026-02-17,True,Cell suppressed for small numbers,,False,False,2025-09
3777,2025,9,Occurrence,Race-Ethnicity,White,NEP,"Nephritis, nephrotic syndrome and nephrosis",ICD-10,159.0,,,02/17/2026,02/17/2026,2025-09-01,2026-02-17,2026-02-17,False,,159.0,False,False,2025-09
3778,2025,9,Occurrence,Race-Ethnicity,Other/Unknown,NEP,"Nephritis, nephrotic syndrome and nephrosis",ICD-10,,1,Cell suppressed for small numbers,02/17/2026,02/17/2026,2025-09-01,2026-02-17,2026-02-17,True,Cell suppressed for small numbers,,False,False,2025-09
3782,2025,9,Occurrence,Race-Ethnicity,American Indian/Alaska Native,PAR,Parkinson's disease,ICD-10,0.0,,,02/17/2026,02/17/2026,2025-09-01,2026-02-17,2026-02-17,False,,0.0,False,False,2025-09
3783,2025,9,Occurrence,Race-Ethnicity,Asian,PAR,Parkinson's disease,ICD-10,27.0,,,02/17/2026,02/17/2026,2025-09-01,2026-02-17,2026-02-17,False,,27.0,False,False,2025-09
3784,2025,9,Occurrence,Race-Ethnicity,Black,PAR,Parkinson's disease,ICD-10,14.0,,,02/17/2026,02/17/2026,2025-09-01,2026-02-17,2026-02-17,False,,14.0,False,False,2025-09
3785,2025,9,Occurrence,Race-Ethnicity,Hawaiian/Pacific Islander,PAR,Parkinson's disease,ICD-10,0.0,,,02/17/2026,02/17/2026,2025-09-01,2026-02-17,2026-02-17,False,,0.0,False,False,2025-09
3786,2025,9,Occurrence,Race-Ethnicity,Hispanic,PAR,Parkinson's disease,ICD-10,51.0,,,02/17/2026,02/17/2026,2025-09-01,2026-02-17,2026-02-17,False,,51.0,False,False,2025-09
3787,2025,9,Occurrence,Race-Ethnicity,Multi-Race,PAR,Parkinson's disease,ICD-10,,1,Cell suppressed for small numbers,02/17/2026,02/17/2026,2025-09-01,2026-02-17,2026-02-17,True,Cell suppressed for small numbers,,False,False,2025-09
3788,2025,9,Occurrence,Race-Ethnicity,White,PAR,Parkinson's disease,ICD-10,242.0,,,02/17/2026,02/17/2026,2025-09-01,2026-02-17,2026-02-17,False,,242.0,False,False,2025-09
3789,2025,9,Occurrence,Race-Ethnicity,Other/Unknown,PAR,Parkinson's disease,ICD-10,,1,Cell suppressed for small numbers,02/17/2026,02/17/2026,2025-09-01,2026-02-17,2026-02-17,True,Cell suppressed for small numbers,,False,False,2025-09
3793,2025,9,Occurrence,Race-Ethnicity,American Indian/Alaska Native,PNF,Influenza and pneumonia,ICD-10,,1,Cell suppressed for small numbers,02/17/2026,02/17/2026,2025-09-01,2026-02-17,2026-02-17,True,Cell suppressed for small numbers,,False,False,2025-09
3794,2025,9,Occurrence,Race-Ethnicity,Asian,PNF,Influenza and pneumonia,ICD-10,43.0,,,02/17/2026,02/17/2026,2025-09-01,2026-02-17,2026-02-17,False,,43.0,False,False,2025-09
3795,2025,9,Occurrence,Race-Ethnicity,Black,PNF,Influenza and pneumonia,ICD-10,27.0,,,02/17/2026,02/17/2026,2025-09-01,2026-02-17,2026-02-17,False,,27.0,False,False,2025-09
3796,2025,9,Occurrence,Race-Ethnicity,Hawaiian/Pacific Islander,PNF,Influenza and pneumonia,ICD-10,0.0,,,02/17/2026,02/17/2026,2025-09-01,2026-02-17,2026-02-17,False,,0.0,False,False,2025-09
3797,2025,9,Occurrence,Race-Ethnicity,Hispanic,PNF,Influenza and pneumonia,ICD-10,79.0,,,02/17/2026,02/17/2026,2025-09-01,2026-02-17,2026-02-17,False,,79.0,False,False,2025-09
3798,2025,9,Occurrence,Race-Ethnicity,Multi-Race,PNF,Influenza and pneumonia,ICD-10,,1,Cell suppressed for small numbers,02/17/2026,02/17/2026,2025-09-01,2026-02-17,2026-02-17,True,Cell suppressed for small numbers,,False,False,2025-09
3799,2025,9,Occurrence,Race-Ethnicity,White,PNF,Influenza and pneumonia,ICD-10,177.0,,,02/17/2026,02/17/2026,2025-09-01,2026-02-17,2026-02-17,False,,177.0,False,False,2025-09
3800,2025,9,Occurrence,Race-Ethnicity,Other/Unknown,PNF,Influenza and pneumonia,ICD-10,,1,Cell suppressed for small numbers,02/17/2026,02/17/2026,2025-09-01,2026-02-17,2026-02-17,True,Cell suppressed for small numbers,,False,False,2025-09
3804,2025,9,Occurrence,Race-Ethnicity,American Indian/Alaska Native,STK,Cerebrovascular diseases,ICD-10,,1,Cell suppressed for small numbers,02/17/2026,02/17/2026,2025-09-01,2026-02-17,2026-02-17,True,Cell suppressed for small numbers,,False,False,2025-09
3805,2025,9,Occurrence,Race-Ethnicity,Asian,STK,Cerebrovascular diseases,ICD-10,173.0,,,02/17/2026,02/17/2026,2025-09-01,2026-02-17,2026-02-17,False,,173.0,False,False,2025-09
3806,2025,9,Occurrence,Race-Ethnicity,Black,STK,Cerebrovascular diseases,ICD-10,103.0,,,02/17/2026,02/17/2026,2025-09-01,2026-02-17,2026-02-17,False,,103.0,False,False,2025-09
3807,2025,9,Occurrence,Race-Ethnicity,Hawaiian/Pacific Islander,STK,Cerebrovascular diseases,ICD-10,,1,Cell suppressed for small numbers,02/17/2026,02/17/2026,2025-09-01,2026-02-17,2026-02-17,True,Cell suppressed for small numbers,,False,False,2025-09
3808,2025,9,Occurrence,Race-Ethnicity,Hispanic,STK,Cerebrovascular diseases,ICD-10,288.0,,,02/17/2026,02/17/2026,2025-09-01,2026-02-17,2026-02-17,False,,288.0,False,False,2025-09
3809,2025,9,Occurrence,Race-Ethnicity,Multi-Race,STK,Cerebrovascular diseases,ICD-10,,1,Cell suppressed for small numbers,02/17/2026,02/17/2026,2025-09-01,2026-02-17,2026-02-17,True,Cell suppressed for small numbers,,False,False,2025-09
3810,2025,9,Occurrence,Race-Ethnicity,White,STK,Cerebrovascular diseases,ICD-10,672.0,,,02/17/2026,02/17/2026,2025-09-01,2026-02-17,2026-02-17,False,,672.0,False,False,2025-09
3811,2025,9,Occurrence,Race-Ethnicity,Other/Unknown,STK,Cerebrovascular diseases,ICD-10,,1,Cell suppressed for small numbers,02/17/2026,02/17/2026,2025-09-01,2026-02-17,2026-02-17,True,Cell suppressed for small numbers,,False,False,2025-09
3815,2025,9,Occurrence,Race-Ethnicity,American Indian/Alaska Native,SUI,Intentional self-harm (suicide),ICD-10,,1,Cell suppressed for small numbers,02/17/2026,02/17/2026,2025-09-01,2026-02-17,2026-02-17,True,Cell suppressed for small numbers,,False,False,2025-09
3816,2025,9,Occurrence,Race-Ethnicity,Asian,SUI,Intentional self-harm (suicide),ICD-10,26.0,,,02/17/2026,02/17/2026,2025-09-01,2026-02-17,2026-02-17,False,,26.0,False,False,2025-09
3817,2025,9,Occurrence,Race-Ethnicity,Black,SUI,Intentional self-harm (suicide),ICD-10,14.0,,,02/17/2026,02/17/2026,2025-09-01,2026-02-17,2026-02-17,False,,14.0,False,False,2025-09
3818,2025,9,Occurrence,Race-Ethnicity,Hawaiian/Pacific Islander,SUI,Intentional self-harm (suicide),ICD-10,,1,Cell suppressed for small numbers,02/17/2026,02/17/2026,2025-09-01,2026-02-17,2026-02-17,True,Cell suppressed for small numbers,,False,False,2025-09
3819,2025,9,Occurrence,Race-Ethnicity,Hispanic,SUI,Intentional self-harm (suicide),ICD-10,68.0,,,02/17/2026,02/17/2026,2025-09-01,2026-02-17,2026-02-17,False,,68.0,False,False,2025-09
3820,2025,9,Occurrence,Race-Ethnicity,Multi-Race,SUI,Intentional self-harm (suicide),ICD-10,,1,Cell suppressed for small numbers,02/17/2026,02/17/2026,2025-09-01,2026-02-17,2026-02-17,True,Cell suppressed for small numbers,,False,False,2025-09
3821,2025,9,Occurrence,Race-Ethnicity,White,SUI,Intentional self-harm (suicide),ICD-10,176.0,,,02/17/2026,02/17/2026,2025-09-01,2026-02-17,2026-02-17,False,,176.0,False,False,2025-09
3822,2025,9,Occurrence,Race-Ethnicity,Other/Unknown,SUI,Intentional self-harm (suicide),ICD-10,,1,Cell suppressed for small numbers,02/17/2026,02/17/2026,2025-09-01,2026-02-17,2026-02-17,True,Cell suppressed for small numbers,,False,False,2025-09
3843,2025,10,Occurrence,Race-Ethnicity,American Indian/Alaska Native,ALL,All causes (total),ICD-10,106.0,,,02/17/2026,02/17/2026,2025-10-01,2026-02-17,2026-02-17,False,,106.0,False,True,2025-10
3844,2025,10,Occurrence,Race-Ethnicity,Asian,ALL,All causes (total),ICD-10,2661.0,,,02/17/2026,02/17/2026,2025-10-01,2026-02-17,2026-02-17,False,,2661.0,False,True,2025-10
3845,2025,10,Occurrence,Race-Ethnicity,Black,ALL,All causes (total),ICD-10,1777.0,,,02/17/2026,02/17/2026,2025-10-01,2026-02-17,2026-02-17,False,,1777.0,False,True,2025-10
3846,2025,10,Occurrence,Race-Ethnicity,Hawaiian/Pacific Islander,ALL,All causes (total),ICD-10,100.0,,,02/17/2026,02/17/2026,2025-10-01,2026-02-17,2026-02-17,False,,100.0,False,True,2025-10
3847,2025,10,Occurrence,Race-Ethnicity,Hispanic,ALL,All causes (total),ICD-10,5318.0,,,02/17/2026,02/17/2026,2025-10-01,2026-02-17,2026-02-17,False,,5318.0,False,True,2025-10
3848,2025,10,Occurrence,Race-Ethnicity,Multi-Race,ALL,All causes (total),ICD-10,228.0,,,02/17/2026,02/17/2026,2025-10-01,2026-02-17,2026-02-17,False,,228.0,False,True,2025-10
3849,2025,10,Occurrence,Race-Ethnicity,White,ALL,All causes (total),ICD-10,12570.0,,,02/17/2026,02/17/2026,2025-10-01,2026-02-17,2026-02-17,False,,12570.0,False,True,2025-10
3850,2025,10,Occurrence,Race-Ethnicity,Other/Unknown,ALL,All causes (total),ICD-10,234.0,,,02/17/2026,02/17/2026,2025-10-01,2026-02-17,2026-02-17,False,,234.0,False,True,2025-10
3854,2025,10,Occurrence,Race-Ethnicity,American Indian/Alaska Native,ALZ,Alzheimer's disease,ICD-10,,1,Cell suppressed for small numbers,02/17/2026,02/17/2026,2025-10-01,2026-02-17,2026-02-17,True,Cell suppressed for small numbers,,False,False,2025-10
3855,2025,10,Occurrence,Race-Ethnicity,Asian,ALZ,Alzheimer's disease,ICD-10,148.0,,,02/17/2026,02/17/2026,2025-10-01,2026-02-17,2026-02-17,False,,148.0,False,False,2025-10
3856,2025,10,Occurrence,Race-Ethnicity,Black,ALZ,Alzheimer's disease,ICD-10,74.0,,,02/17/2026,02/17/2026,2025-10-01,2026-02-17,2026-02-17,False,,74.0,False,False,2025-10
3857,2025,10,Occurrence,Race-Ethnicity,Hawaiian/Pacific Islander,ALZ,Alzheimer's disease,ICD-10,,1,Cell suppressed for small numbers,02/17/2026,02/17/2026,2025-10-01,2026-02-17,2026-02-17,True,Cell suppressed for small numbers,,False,False,2025-10
3858,2025,10,Occurrence,Race-Ethnicity,Hispanic,ALZ,Alzheimer's disease,ICD-10,210.0,,,02/17/2026,02/17/2026,2025-10-01,2026-02-17,2026-02-17,False,,210.0,False,False,2025-10
3859,2025,10,Occurrence,Race-Ethnicity,Multi-Race,ALZ,Alzheimer's disease,ICD-10,11.0,,,02/17/2026,02/17/2026,2025-10-01,2026-02-17,2026-02-17,False,,11.0,False,False,2025-10
3860,2025,10,Occurrence,Race-Ethnicity,White,ALZ,Alzheimer's disease,ICD-10,808.0,,,02/17/2026,02/17/2026,2025-10-01,2026-02-17,2026-02-17,False,,808.0,False,False,2025-10
3861,2025,10,Occurrence,Race-Ethnicity,Other/Unknown,ALZ,Alzheimer's disease,ICD-10,,1,Cell suppressed for small numbers,02/17/2026,02/17/2026,2025-10-01,2026-02-17,2026-02-17,True,Cell suppressed for small numbers,,False,False,2025-10
3865,2025,10,Occurrence,Race-Ethnicity,American Indian/Alaska Native,CAN,Malignant neoplasms,ICD-10,19.0,,,02/17/2026,02/17/2026,2025-10-01,2026-02-17,2026-02-17,False,,19.0,False,False,2025-10
3866,2025,10,Occurrence,Race-Ethnicity,Asian,CAN,Malignant neoplasms,ICD-10,689.0,,,02/17/2026,02/17/2026,2025-10-01,2026-02-17,2026-02-17,False,,689.0,False,False,2025-10
3867,2025,10,Occurrence,Race-Ethnicity,Black,CAN,Malignant neoplasms,ICD-10,390.0,,,02/17/2026,02/17/2026,2025-10-01,2026-02-17,2026-02-17,False,,390.0,False,False,2025-10
3868,2025,10,Occurrence,Race-Ethnicity,Hawaiian/Pacific Islander,CAN,Malignant neoplasms,ICD-10,21.0,,,02/17/2026,02/17/2026,2025-10-01,2026-02-17,2026-02-17,False,,21.0,False,False,2025-10
3869,2025,10,Occurrence,Race-Ethnicity,Hispanic,CAN,Malignant neoplasms,ICD-10,1216.0,,,02/17/2026,02/17/2026,2025-10-01,2026-02-17,2026-02-17,False,,1216.0,False,False,2025-10
3870,2025,10,Occurrence,Race-Ethnicity,Multi-Race,CAN,Malignant neoplasms,ICD-10,51.0,,,02/17/2026,02/17/2026,2025-10-01,2026-02-17,2026-02-17,False,,51.0,False,False,2025-10
3871,2025,10,Occurrence,Race-Ethnicity,White,CAN,Malignant neoplasms,ICD-10,2775.0,,,02/17/2026,02/17/2026,2025-10-01,2026-02-17,2026-02-17,False,,2775.0,False,False,2025-10
3872,2025,10,Occurrence,Race-Ethnicity,Other/Unknown,CAN,Malignant neoplasms,ICD-10,34.0,,,02/17/2026,02/17/2026,2025-10-01,2026-02-17,2026-02-17,False,,34.0,False,False,2025-10
3876,2025,10,Occurrence,Race-Ethnicity,American Indian/Alaska Native,CLD,Chronic lower respiratory diseases,ICD-10,,1,Cell suppressed for small numbers,02/17/2026,02/17/2026,2025-10-01,2026-02-17,2026-02-17,True,Cell suppressed for small numbers,,False,False,2025-10
3877,2025,10,Occurrence,Race-Ethnicity,Asian,CLD,Chronic lower respiratory diseases,ICD-10,65.0,,,02/17/2026,02/17/2026,2025-10-01,2026-02-17,2026-02-17,False,,65.0,False,False,2025-10
3878,2025,10,Occurrence,Race-Ethnicity,Black,CLD,Chronic lower respiratory diseases,ICD-10,55.0,,,02/17/2026,02/17/2026,2025-10-01,2026-02-17,2026-02-17,False,,55.0,False,False,2025-10
3879,2025,10,Occurrence,Race-Ethnicity,Hawaiian/Pacific Islander,CLD,Chronic lower respiratory diseases,ICD-10,,1,Cell suppressed for small numbers,02/17/2026,02/17/2026,2025-10-01,2026-02-17,2026-02-17,True,Cell suppressed for small numbers,,False,False,2025-10
3880,2025,10,Occurrence,Race-Ethnicity,Hispanic,CLD,Chronic lower respiratory diseases,ICD-10,103.0,,,02/17/2026,02/17/2026,2025-10-01,2026-02-17,2026-02-17,False,,103.0,False,False,2025-10
3881,2025,10,Occurrence,Race-Ethnicity,Multi-Race,CLD,Chronic lower respiratory diseases,ICD-10,,1,Cell suppressed for small numbers,02/17/2026,02/17/2026,2025-10-01,2026-02-17,2026-02-17,True,Cell suppressed for small numbers,,False,False,2025-10
3882,2025,10,Occurrence,Race-Ethnicity,White,CLD,Chronic lower respiratory diseases,ICD-10,573.0,,,02/17/2026,02/17/2026,2025-10-01,2026-02-17,2026-02-17,False,,573.0,False,False,2025-10
3883,2025,10,Occurrence,Race-Ethnicity,Other/Unknown,CLD,Chronic lower respiratory diseases,ICD-10,,1,Cell suppressed for small numbers,02/17/2026,02/17/2026,2025-10-01,2026-02-17,2026-02-17,True,Cell suppressed for small numbers,,False,False,2025-10
3887,2025,10,Occurrence,Race-Ethnicity,American Indian/Alaska Native,DIA,Diabetes mellitus,ICD-10,,1,Cell suppressed for small numbers,02/17/2026,02/17/2026,2025-10-01,2026-02-17,2026-02-17,True,Cell suppressed for small numbers,,False,False,2025-10
3888,2025,10,Occurrence,Race-Ethnicity,Asian,DIA,Diabetes mellitus,ICD-10,131.0,,,02/17/2026,02/17/2026,2025-10-01,2026-02-17,2026-02-17,False,,131.0,False,False,2025-10
3889,2025,10,Occurrence,Race-Ethnicity,Black,DIA,Diabetes mellitus,ICD-10,96.0,,,02/17/2026,02/17/2026,2025-10-01,2026-02-17,2026-02-17,False,,96.0,False,False,2025-10
3890,2025,10,Occurrence,Race-Ethnicity,Hawaiian/Pacific Islander,DIA,Diabetes mellitus,ICD-10,11.0,,,02/17/2026,02/17/2026,2025-10-01,2026-02-17,2026-02-17,False,,11.0,False,False,2025-10
3891,2025,10,Occurrence,Race-Ethnicity,Hispanic,DIA,Diabetes mellitus,ICD-10,302.0,,,02/17/2026,02/17/2026,2025-10-01,2026-02-17,2026-02-17,False,,302.0,False,False,2025-10
3892,2025,10,Occurrence,Race-Ethnicity,Multi-Race,DIA,Diabetes mellitus,ICD-10,,1,Cell suppressed for small numbers,02/17/2026,02/17/2026,2025-10-01,2026-02-17,2026-02-17,True,Cell suppressed for small numbers,,False,False,2025-10
3893,2025,10,Occurrence,Race-Ethnicity,White,DIA,Diabetes mellitus,ICD-10,320.0,,,02/17/2026,02/17/2026,2025-10-01,2026-02-17,2026-02-17,False,,320.0,False,False,2025-10
3894,2025,10,Occurrence,Race-Ethnicity,Other/Unknown,DIA,Diabetes mellitus,ICD-10,12.0,,,02/17/2026,02/17/2026,2025-10-01,2026-02-17,2026-02-17,False,,12.0,False,False,2025-10
3898,2025,10,Occurrence,Race-Ethnicity,American Indian/Alaska Native,HOM,Assault (homicide),ICD-10,0.0,,,02/17/2026,02/17/2026,2025-10-01,2026-02-17,2026-02-17,False,,0.0,False,False,2025-10
3899,2025,10,Occurrence,Race-Ethnicity,Asian,HOM,Assault (homicide),ICD-10,,1,Cell suppressed for small numbers,02/17/2026,02/17/2026,2025-10-01,2026-02-17,2026-02-17,True,Cell suppressed for small numbers,,False,False,2025-10
3900,2025,10,Occurrence,Race-Ethnicity,Black,HOM,Assault (homicide),ICD-10,26.0,,,02/17/2026,02/17/2026,2025-10-01,2026-02-17,2026-02-17,False,,26.0,False,False,2025-10
3901,2025,10,Occurrence,Race-Ethnicity,Hawaiian/Pacific Islander,HOM,Assault (homicide),ICD-10,0.0,,,02/17/2026,02/17/2026,2025-10-01,2026-02-17,2026-02-17,False,,0.0,False,False,2025-10
3902,2025,10,Occurrence,Race-Ethnicity,Hispanic,HOM,Assault (homicide),ICD-10,48.0,,,02/17/2026,02/17/2026,2025-10-01,2026-02-17,2026-02-17,False,,48.0,False,False,2025-10
3903,2025,10,Occurrence,Race-Ethnicity,Multi-Race,HOM,Assault (homicide),ICD-10,0.0,,,02/17/2026,02/17/2026,2025-10-01,2026-02-17,2026-02-17,False,,0.0,False,False,2025-10
3904,2025,10,Occurrence,Race-Ethnicity,White,HOM,Assault (homicide),ICD-10,,2,Cell suppressed for complementary cell,02/17/2026,02/17/2026,2025-10-01,2026-02-17,2026-02-17,True,Cell suppressed for complementary cell,,False,False,2025-10
3905,2025,10,Occurrence,Race-Ethnicity,Other/Unknown,HOM,Assault (homicide),ICD-10,0.0,,,02/17/2026,02/17/2026,2025-10-01,2026-02-17,2026-02-17,False,,0.0,False,False,2025-10
3909,2025,10,Occurrence,Race-Ethnicity,American Indian/Alaska Native,HTD,Diseases of heart,ICD-10,24.0,,,02/17/2026,02/17/2026,2025-10-01,2026-02-17,2026-02-17,False,,24.0,False,False,2025-10
3910,2025,10,Occurrence,Race-Ethnicity,Asian,HTD,Diseases of heart,ICD-10,538.0,,,02/17/2026,02/17/2026,2025-10-01,2026-02-17,2026-02-17,False,,538.0,False,False,2025-10
3911,2025,10,Occurrence,Race-Ethnicity,Black,HTD,Diseases of heart,ICD-10,399.0,,,02/17/2026,02/17/2026,2025-10-01,2026-02-17,2026-02-17,False,,399.0,False,False,2025-10
3912,2025,10,Occurrence,Race-Ethnicity,Hawaiian/Pacific Islander,HTD,Diseases of heart,ICD-10,27.0,,,02/17/2026,02/17/2026,2025-10-01,2026-02-17,2026-02-17,False,,27.0,False,False,2025-10
3913,2025,10,Occurrence,Race-Ethnicity,Hispanic,HTD,Diseases of heart,ICD-10,947.0,,,02/17/2026,02/17/2026,2025-10-01,2026-02-17,2026-02-17,False,,947.0,False,False,2025-10
3914,2025,10,Occurrence,Race-Ethnicity,Multi-Race,HTD,Diseases of heart,ICD-10,50.0,,,02/17/2026,02/17/2026,2025-10-01,2026-02-17,2026-02-17,False,,50.0,False,False,2025-10
3915,2025,10,Occurrence,Race-Ethnicity,White,HTD,Diseases of heart,ICD-10,2764.0,,,02/17/2026,02/17/2026,2025-10-01,2026-02-17,2026-02-17,False,,2764.0,False,False,2025-10
3916,2025,10,Occurrence,Race-Ethnicity,Other/Unknown,HTD,Diseases of heart,ICD-10,59.0,,,02/17/2026,02/17/2026,2025-10-01,2026-02-17,2026-02-17,False,,59.0,False,False,2025-10
3920,2025,10,Occurrence,Race-Ethnicity,American Indian/Alaska Native,HYP,Essential hypertension and hypertensive renal disease,ICD-10,,1,Cell suppressed for small numbers,02/17/2026,02/17/2026,2025-10-01,2026-02-17,2026-02-17,True,Cell suppressed for small numbers,,False,False,2025-10
3921,2025,10,Occurrence,Race-Ethnicity,Asian,HYP,Essential hypertension and hypertensive renal disease,ICD-10,82.0,,,02/17/2026,02/17/2026,2025-10-01,2026-02-17,2026-02-17,False,,82.0,False,False,2025-10
3922,2025,10,Occurrence,Race-Ethnicity,Black,HYP,Essential hypertension and hypertensive renal disease,ICD-10,73.0,,,02/17/2026,02/17/2026,2025-10-01,2026-02-17,2026-02-17,False,,73.0,False,False,2025-10
3923,2025,10,Occurrence,Race-Ethnicity,Hawaiian/Pacific Islander,HYP,Essential hypertension and hypertensive renal disease,ICD-10,0.0,,,02/17/2026,02/17/2026,2025-10-01,2026-02-17,2026-02-17,False,,0.0,False,False,2025-10
3924,2025,10,Occurrence,Race-Ethnicity,Hispanic,HYP,Essential hypertension and hypertensive renal disease,ICD-10,125.0,,,02/17/2026,02/17/2026,2025-10-01,2026-02-17,2026-02-17,False,,125.0,False,False,2025-10
3925,2025,10,Occurrence,Race-Ethnicity,Multi-Race,HYP,Essential hypertension and hypertensive renal disease,ICD-10,,1,Cell suppressed for small numbers,02/17/2026,02/17/2026,2025-10-01,2026-02-17,2026-02-17,True,Cell suppressed for small numbers,,False,False,2025-10
3926,2025,10,Occurrence,Race-Ethnicity,White,HYP,Essential hypertension and hypertensive renal disease,ICD-10,292.0,,,02/17/2026,02/17/2026,2025-10-01,2026-02-17,2026-02-17,False,,292.0,False,False,2025-10
3927,2025,10,Occurrence,Race-Ethnicity,Other/Unknown,HYP,Essential hypertension and hypertensive renal disease,ICD-10,,1,Cell suppressed for small numbers,02/17/2026,02/17/2026,2025-10-01,2026-02-17,2026-02-17,True,Cell suppressed for small numbers,,False,False,2025-10
3931,2025,10,Occurrence,Race-Ethnicity,American Indian/Alaska Native,INJ,Accidents (unintentional injuries),ICD-10,,1,Cell suppressed for small numbers,02/17/2026,02/17/2026,2025-10-01,2026-02-17,2026-02-17,True,Cell suppressed for small numbers,,False,False,2025-10
3932,2025,10,Occurrence,Race-Ethnicity,Asian,INJ,Accidents (unintentional injuries),ICD-10,92.0,,,02/17/2026,02/17/2026,2025-10-01,2026-02-17,2026-02-17,False,,92.0,False,False,2025-10
3933,2025,10,Occurrence,Race-Ethnicity,Black,INJ,Accidents (unintentional injuries),ICD-10,122.0,,,02/17/2026,02/17/2026,2025-10-01,2026-02-17,2026-02-17,False,,122.0,False,False,2025-10
3934,2025,10,Occurrence,Race-Ethnicity,Hawaiian/Pacific Islander,INJ,Accidents (unintentional injuries),ICD-10,,1,Cell suppressed for small numbers,02/17/2026,02/17/2026,2025-10-01,2026-02-17,2026-02-17,True,Cell suppressed for small numbers,,False,False,2025-10
3935,2025,10,Occurrence,Race-Ethnicity,Hispanic,INJ,Accidents (unintentional injuries),ICD-10,422.0,,,02/17/2026,02/17/2026,2025-10-01,2026-02-17,2026-02-17,False,,422.0,False,False,2025-10
3936,2025,10,Occurrence,Race-Ethnicity,Multi-Race,INJ,Accidents (unintentional injuries),ICD-10,22.0,,,02/17/2026,02/17/2026,2025-10-01,2026-02-17,2026-02-17,False,,22.0,False,False,2025-10
3937,2025,10,Occurrence,Race-Ethnicity,White,INJ,Accidents (unintentional injuries),ICD-10,575.0,,,02/17/2026,02/17/2026,2025-10-01,2026-02-17,2026-02-17,False,,575.0,False,False,2025-10
3938,2025,10,Occurrence,Race-Ethnicity,Other/Unknown,INJ,Accidents (unintentional injuries),ICD-10,30.0,,,02/17/2026,02/17/2026,2025-10-01,2026-02-17,2026-02-17,False,,30.0,False,False,2025-10
3942,2025,10,Occurrence,Race-Ethnicity,American Indian/Alaska Native,LIV,Chronic liver disease and cirrhosis,ICD-10,,1,Cell suppressed for small numbers,02/17/2026,02/17/2026,2025-10-01,2026-02-17,2026-02-17,True,Cell suppressed for small numbers,,False,False,2025-10
3943,2025,10,Occurrence,Race-Ethnicity,Asian,LIV,Chronic liver disease and cirrhosis,ICD-10,27.0,,,02/17/2026,02/17/2026,2025-10-01,2026-02-17,2026-02-17,False,,27.0,False,False,2025-10
3944,2025,10,Occurrence,Race-Ethnicity,Black,LIV,Chronic liver disease and cirrhosis,ICD-10,27.0,,,02/17/2026,02/17/2026,2025-10-01,2026-02-17,2026-02-17,False,,27.0,False,False,2025-10
3945,2025,10,Occurrence,Race-Ethnicity,Hawaiian/Pacific Islander,LIV,Chronic liver disease and cirrhosis,ICD-10,0.0,,,02/17/2026,02/17/2026,2025-10-01,2026-02-17,2026-02-17,False,,0.0,False,False,2025-10
3946,2025,10,Occurrence,Race-Ethnicity,Hispanic,LIV,Chronic liver disease and cirrhosis,ICD-10,246.0,,,02/17/2026,02/17/2026,2025-10-01,2026-02-17,2026-02-17,False,,246.0,False,False,2025-10
3947,2025,10,Occurrence,Race-Ethnicity,Multi-Race,LIV,Chronic liver disease and cirrhosis,ICD-10,,1,Cell suppressed for small numbers,02/17/2026,02/17/2026,2025-10-01,2026-02-17,2026-02-17,True,Cell suppressed for small numbers,,False,False,2025-10
3948,2025,10,Occurrence,Race-Ethnicity,White,LIV,Chronic liver disease and cirrhosis,ICD-10,207.0,,,02/17/2026,02/17/2026,2025-10-01,2026-02-17,2026-02-17,False,,207.0,False,False,2025-10
3949,2025,10,Occurrence,Race-Ethnicity,Other/Unknown,LIV,Chronic liver disease and cirrhosis,ICD-10,,1,Cell suppressed for small numbers,02/17/2026,02/17/2026,2025-10-01,2026-02-17,2026-02-17,True,Cell suppressed for small numbers,,False,False,2025-10
3953,2025,10,Occurrence,Race-Ethnicity,American Indian/Alaska Native,NEP,"Nephritis, nephrotic syndrome and nephrosis",ICD-10,,1,Cell suppressed for small numbers,02/17/2026,02/17/2026,2025-10-01,2026-02-17,2026-02-17,True,Cell suppressed for small numbers,,False,False,2025-10
3954,2025,10,Occurrence,Race-Ethnicity,Asian,NEP,"Nephritis, nephrotic syndrome and nephrosis",ICD-10,52.0,,,02/17/2026,02/17/2026,2025-10-01,2026-02-17,2026-02-17,False,,52.0,False,False,2025-10
3955,2025,10,Occurrence,Race-Ethnicity,Black,NEP,"Nephritis, nephrotic syndrome and nephrosis",ICD-10,33.0,,,02/17/2026,02/17/2026,2025-10-01,2026-02-17,2026-02-17,False,,33.0,False,False,2025-10
3956,2025,10,Occurrence,Race-Ethnicity,Hawaiian/Pacific Islander,NEP,"Nephritis, nephrotic syndrome and nephrosis",ICD-10,,1,Cell suppressed for small numbers,02/17/2026,02/17/2026,2025-10-01,2026-02-17,2026-02-17,True,Cell suppressed for small numbers,,False,False,2025-10
3957,2025,10,Occurrence,Race-Ethnicity,Hispanic,NEP,"Nephritis, nephrotic syndrome and nephrosis",ICD-10,105.0,,,02/17/2026,02/17/2026,2025-10-01,2026-02-17,2026-02-17,False,,105.0,False,False,2025-10
3958,2025,10,Occurrence,Race-Ethnicity,Multi-Race,NEP,"Nephritis, nephrotic syndrome and nephrosis",ICD-10,,1,Cell suppressed for small numbers,02/17/2026,02/17/2026,2025-10-01,2026-02-17,2026-02-17,True,Cell suppressed for small numbers,,False,False,2025-10
3959,2025,10,Occurrence,Race-Ethnicity,White,NEP,"Nephritis, nephrotic syndrome and nephrosis",ICD-10,166.0,,,02/17/2026,02/17/2026,2025-10-01,2026-02-17,2026-02-17,False,,166.0,False,False,2025-10
3960,2025,10,Occurrence,Race-Ethnicity,Other/Unknown,NEP,"Nephritis, nephrotic syndrome and nephrosis",ICD-10,,1,Cell suppressed for small numbers,02/17/2026,02/17/2026,2025-10-01,2026-02-17,2026-02-17,True,Cell suppressed for small numbers,,False,False,2025-10
3964,2025,10,Occurrence,Race-Ethnicity,American Indian/Alaska Native,PAR,Parkinson's disease,ICD-10,,1,Cell suppressed for small numbers,02/17/2026,02/17/2026,2025-10-01,2026-02-17,2026-02-17,True,Cell suppressed for small numbers,,False,False,2025-10
3965,2025,10,Occurrence,Race-Ethnicity,Asian,PAR,Parkinson's disease,ICD-10,49.0,,,02/17/2026,02/17/2026,2025-10-01,2026-02-17,2026-02-17,False,,49.0,False,False,2025-10
3966,2025,10,Occurrence,Race-Ethnicity,Black,PAR,Parkinson's disease,ICD-10,15.0,,,02/17/2026,02/17/2026,2025-10-01,2026-02-17,2026-02-17,False,,15.0,False,False,2025-10
3967,2025,10,Occurrence,Race-Ethnicity,Hawaiian/Pacific Islander,PAR,Parkinson's disease,ICD-10,0.0,,,02/17/2026,02/17/2026,2025-10-01,2026-02-17,2026-02-17,False,,0.0,False,False,2025-10
3968,2025,10,Occurrence,Race-Ethnicity,Hispanic,PAR,Parkinson's disease,ICD-10,58.0,,,02/17/2026,02/17/2026,2025-10-01,2026-02-17,2026-02-17,False,,58.0,False,False,2025-10
3969,2025,10,Occurrence,Race-Ethnicity,Multi-Race,PAR,Parkinson's disease,ICD-10,,1,Cell suppressed for small numbers,02/17/2026,02/17/2026,2025-10-01,2026-02-17,2026-02-17,True,Cell suppressed for small numbers,,False,False,2025-10
3970,2025,10,Occurrence,Race-Ethnicity,White,PAR,Parkinson's disease,ICD-10,248.0,,,02/17/2026,02/17/2026,2025-10-01,2026-02-17,2026-02-17,False,,248.0,False,False,2025-10
3971,2025,10,Occurrence,Race-Ethnicity,Other/Unknown,PAR,Parkinson's disease,ICD-10,,1,Cell suppressed for small numbers,02/17/2026,02/17/2026,2025-10-01,2026-02-17,2026-02-17,True,Cell suppressed for small numbers,,False,False,2025-10
3975,2025,10,Occurrence,Race-Ethnicity,American Indian/Alaska Native,PNF,Influenza and pneumonia,ICD-10,,1,Cell suppressed for small numbers,02/17/2026,02/17/2026,2025-10-01,2026-02-17,2026-02-17,True,Cell suppressed for small numbers,,False,False,2025-10
3976,2025,10,Occurrence,Race-Ethnicity,Asian,PNF,Influenza and pneumonia,ICD-10,45.0,,,02/17/2026,02/17/2026,2025-10-01,2026-02-17,2026-02-17,False,,45.0,False,False,2025-10
3977,2025,10,Occurrence,Race-Ethnicity,Black,PNF,Influenza and pneumonia,ICD-10,27.0,,,02/17/2026,02/17/2026,2025-10-01,2026-02-17,2026-02-17,False,,27.0,False,False,2025-10
3978,2025,10,Occurrence,Race-Ethnicity,Hawaiian/Pacific Islander,PNF,Influenza and pneumonia,ICD-10,,1,Cell suppressed for small numbers,02/17/2026,02/17/2026,2025-10-01,2026-02-17,2026-02-17,True,Cell suppressed for small numbers,,False,False,2025-10
3979,2025,10,Occurrence,Race-Ethnicity,Hispanic,PNF,Influenza and pneumonia,ICD-10,84.0,,,02/17/2026,02/17/2026,2025-10-01,2026-02-17,2026-02-17,False,,84.0,False,False,2025-10
3980,2025,10,Occurrence,Race-Ethnicity,Multi-Race,PNF,Influenza and pneumonia,ICD-10,,1,Cell suppressed for small numbers,02/17/2026,02/17/2026,2025-10-01,2026-02-17,2026-02-17,True,Cell suppressed for small numbers,,False,False,2025-10
3981,2025,10,Occurrence,Race-Ethnicity,White,PNF,Influenza and pneumonia,ICD-10,175.0,,,02/17/2026,02/17/2026,2025-10-01,2026-02-17,2026-02-17,False,,175.0,False,False,2025-10
3982,2025,10,Occurrence,Race-Ethnicity,Other/Unknown,PNF,Influenza and pneumonia,ICD-10,,1,Cell suppressed for small numbers,02/17/2026,02/17/2026,2025-10-01,2026-02-17,2026-02-17,True,Cell suppressed for small numbers,,False,False,2025-10
3986,2025,10,Occurrence,Race-Ethnicity,American Indian/Alaska Native,STK,Cerebrovascular diseases,ICD-10,,1,Cell suppressed for small numbers,02/17/2026,02/17/2026,2025-10-01,2026-02-17,2026-02-17,True,Cell suppressed for small numbers,,False,False,2025-10
3987,2025,10,Occurrence,Race-Ethnicity,Asian,STK,Cerebrovascular diseases,ICD-10,213.0,,,02/17/2026,02/17/2026,2025-10-01,2026-02-17,2026-02-17,False,,213.0,False,False,2025-10
3988,2025,10,Occurrence,Race-Ethnicity,Black,STK,Cerebrovascular diseases,ICD-10,97.0,,,02/17/2026,02/17/2026,2025-10-01,2026-02-17,2026-02-17,False,,97.0,False,False,2025-10
3989,2025,10,Occurrence,Race-Ethnicity,Hawaiian/Pacific Islander,STK,Cerebrovascular diseases,ICD-10,,1,Cell suppressed for small numbers,02/17/2026,02/17/2026,2025-10-01,2026-02-17,2026-02-17,True,Cell suppressed for small numbers,,False,False,2025-10
3990,2025,10,Occurrence,Race-Ethnicity,Hispanic,STK,Cerebrovascular diseases,ICD-10,297.0,,,02/17/2026,02/17/2026,2025-10-01,2026-02-17,2026-02-17,False,,297.0,False,False,2025-10
3991,2025,10,Occurrence,Race-Ethnicity,Multi-Race,STK,Cerebrovascular diseases,ICD-10,,1,Cell suppressed for small numbers,02/17/2026,02/17/2026,2025-10-01,2026-02-17,2026-02-17,True,Cell suppressed for small numbers,,False,False,2025-10
3992,2025,10,Occurrence,Race-Ethnicity,White,STK,Cerebrovascular diseases,ICD-10,832.0,,,02/17/2026,02/17/2026,2025-10-01,2026-02-17,2026-02-17,False,,832.0,False,False,2025-10
3993,2025,10,Occurrence,Race-Ethnicity,Other/Unknown,STK,Cerebrovascular diseases,ICD-10,16.0,,,02/17/2026,02/17/2026,2025-10-01,2026-02-17,2026-02-17,False,,16.0,False,False,2025-10
3997,2025,10,Occurrence,Race-Ethnicity,American Indian/Alaska Native,SUI,Intentional self-harm (suicide),ICD-10,,1,Cell suppressed for small numbers,02/17/2026,02/17/2026,2025-10-01,2026-02-17,2026-02-17,True,Cell suppressed for small numbers,,False,False,2025-10
3998,2025,10,Occurrence,Race-Ethnicity,Asian,SUI,Intentional self-harm (suicide),ICD-10,38.0,,,02/17/2026,02/17/2026,2025-10-01,2026-02-17,2026-02-17,False,,38.0,False,False,2025-10
3999,2025,10,Occurrence,Race-Ethnicity,Black,SUI,Intentional self-harm (suicide),ICD-10,11.0,,,02/17/2026,02/17/2026,2025-10-01,2026-02-17,2026-02-17,False,,11.0,False,False,2025-10
4000,2025,10,Occurrence,Race-Ethnicity,Hawaiian/Pacific Islander,SUI,Intentional self-harm (suicide),ICD-10,0.0,,,02/17/2026,02/17/2026,2025-10-01,2026-02-17,2026-02-17,False,,0.0,False,False,2025-10
4001,2025,10,Occurrence,Race-Ethnicity,Hispanic,SUI,Intentional self-harm (suicide),ICD-10,74.0,,,02/17/2026,02/17/2026,2025-10-01,2026-02-17,2026-02-17,False,,74.0,False,False,2025-10
4002,2025,10,Occurrence,Race-Ethnicity,Multi-Race,SUI,Intentional self-harm (suicide),ICD-10,,1,Cell suppressed for small numbers,02/17/2026,02/17/2026,2025-10-01,2026-02-17,2026-02-17,True,Cell suppressed for small numbers,,False,False,2025-10
4003,2025,10,Occurrence,Race-Ethnicity,White,SUI,Intentional self-harm (suicide),ICD-10,157.0,,,02/17/2026,02/17/2026,2025-10-01,2026-02-17,2026-02-17,False,,157.0,False,False,2025-10
4004,2025,10,Occurrence,Race-Ethnicity,Other/Unknown,SUI,Intentional self-harm (suicide),ICD-10,,1,Cell suppressed for small numbers,02/17/2026,02/17/2026,2025-10-01,2026-02-17,2026-02-17,True,Cell suppressed for small numbers,,False,False,2025-10
4025,2025,11,Occurrence,Race-Ethnicity,American Indian/Alaska Native,ALL,All causes (total),ICD-10,120.0,,,02/17/2026,02/17/2026,2025-11-01,2026-02-17,2026-02-17,False,,120.0,False,True,2025-11
4026,2025,11,Occurrence,Race-Ethnicity,Asian,ALL,All causes (total),ICD-10,2574.0,,,02/17/2026,02/17/2026,2025-11-01,2026-02-17,2026-02-17,False,,2574.0,False,True,2025-11
4027,2025,11,Occurrence,Race-Ethnicity,Black,ALL,All causes (total),ICD-10,1773.0,,,02/17/2026,02/17/2026,2025-11-01,2026-02-17,2026-02-17,False,,1773.0,False,True,2025-11
4028,2025,11,Occurrence,Race-Ethnicity,Hawaiian/Pacific Islander,ALL,All causes (total),ICD-10,97.0,,,02/17/2026,02/17/2026,2025-11-01,2026-02-17,2026-02-17,False,,97.0,False,True,2025-11
4029,2025,11,Occurrence,Race-Ethnicity,Hispanic,ALL,All causes (total),ICD-10,5111.0,,,02/17/2026,02/17/2026,2025-11-01,2026-02-17,2026-02-17,False,,5111.0,False,True,2025-11
4030,2025,11,Occurrence,Race-Ethnicity,Multi-Race,ALL,All causes (total),ICD-10,256.0,,,02/17/2026,02/17/2026,2025-11-01,2026-02-17,2026-02-17,False,,256.0,False,True,2025-11
4031,2025,11,Occurrence,Race-Ethnicity,White,ALL,All causes (total),ICD-10,12418.0,,,02/17/2026,02/17/2026,2025-11-01,2026-02-17,2026-02-17,False,,12418.0,False,True,2025-11
4032,2025,11,Occurrence,Race-Ethnicity,Other/Unknown,ALL,All causes (total),ICD-10,251.0,,,02/17/2026,02/17/2026,2025-11-01,2026-02-17,2026-02-17,False,,251.0,False,True,2025-11
4036,2025,11,Occurrence,Race-Ethnicity,American Indian/Alaska Native,ALZ,Alzheimer's disease,ICD-10,,1,Cell suppressed for small numbers,02/17/2026,02/17/2026,2025-11-01,2026-02-17,2026-02-17,True,Cell suppressed for small numbers,,False,False,2025-11
4037,2025,11,Occurrence,Race-Ethnicity,Asian,ALZ,Alzheimer's disease,ICD-10,145.0,,,02/17/2026,02/17/2026,2025-11-01,2026-02-17,2026-02-17,False,,145.0,False,False,2025-11
4038,2025,11,Occurrence,Race-Ethnicity,Black,ALZ,Alzheimer's disease,ICD-10,73.0,,,02/17/2026,02/17/2026,2025-11-01,2026-02-17,2026-02-17,False,,73.0,False,False,2025-11
4039,2025,11,Occurrence,Race-Ethnicity,Hawaiian/Pacific Islander,ALZ,Alzheimer's disease,ICD-10,,1,Cell suppressed for small numbers,02/17/2026,02/17/2026,2025-11-01,2026-02-17,2026-02-17,True,Cell suppressed for small numbers,,False,False,2025-11
4040,2025,11,Occurrence,Race-Ethnicity,Hispanic,ALZ,Alzheimer's disease,ICD-10,217.0,,,02/17/2026,02/17/2026,2025-11-01,2026-02-17,2026-02-17,False,,217.0,False,False,2025-11
4041,2025,11,Occurrence,Race-Ethnicity,Multi-Race,ALZ,Alzheimer's disease,ICD-10,,1,Cell suppressed for small numbers,02/17/2026,02/17/2026,2025-11-01,2026-02-17,2026-02-17,True,Cell suppressed for small numbers,,False,False,2025-11
4042,2025,11,Occurrence,Race-Ethnicity,White,ALZ,Alzheimer's disease,ICD-10,786.0,,,02/17/2026,02/17/2026,2025-11-01,2026-02-17,2026-02-17,False,,786.0,False,False,2025-11
4043,2025,11,Occurrence,Race-Ethnicity,Other/Unknown,ALZ,Alzheimer's disease,ICD-10,12.0,,,02/17/2026,02/17/2026,2025-11-01,2026-02-17,2026-02-17,False,,12.0,False,False,2025-11
4047,2025,11,Occurrence,Race-Ethnicity,American Indian/Alaska Native,CAN,Malignant neoplasms,ICD-10,25.0,,,02/17/2026,02/17/2026,2025-11-01,2026-02-17,2026-02-17,False,,25.0,False,False,2025-11
4048,2025,11,Occurrence,Race-Ethnicity,Asian,CAN,Malignant neoplasms,ICD-10,651.0,,,02/17/2026,02/17/2026,2025-11-01,2026-02-17,2026-02-17,False,,651.0,False,False,2025-11
4049,2025,11,Occurrence,Race-Ethnicity,Black,CAN,Malignant neoplasms,ICD-10,338.0,,,02/17/2026,02/17/2026,2025-11-01,2026-02-17,2026-02-17,False,,338.0,False,False,2025-11
4050,2025,11,Occurrence,Race-Ethnicity,Hawaiian/Pacific Islander,CAN,Malignant neoplasms,ICD-10,16.0,,,02/17/2026,02/17/2026,2025-11-01,2026-02-17,2026-02-17,False,,16.0,False,False,2025-11
4051,2025,11,Occurrence,Race-Ethnicity,Hispanic,CAN,Malignant neoplasms,ICD-10,1104.0,,,02/17/2026,02/17/2026,2025-11-01,2026-02-17,2026-02-17,False,,1104.0,False,False,2025-11
4052,2025,11,Occurrence,Race-Ethnicity,Multi-Race,CAN,Malignant neoplasms,ICD-10,63.0,,,02/17/2026,02/17/2026,2025-11-01,2026-02-17,2026-02-17,False,,63.0,False,False,2025-11
4053,2025,11,Occurrence,Race-Ethnicity,White,CAN,Malignant neoplasms,ICD-10,2689.0,,,02/17/2026,02/17/2026,2025-11-01,2026-02-17,2026-02-17,False,,2689.0,False,False,2025-11
4054,2025,11,Occurrence,Race-Ethnicity,Other/Unknown,CAN,Malignant neoplasms,ICD-10,41.0,,,02/17/2026,02/17/2026,2025-11-01,2026-02-17,2026-02-17,False,,41.0,False,False,2025-11
4058,2025,11,Occurrence,Race-Ethnicity,American Indian/Alaska Native,CLD,Chronic lower respiratory diseases,ICD-10,,1,Cell suppressed for small numbers,02/17/2026,02/17/2026,2025-11-01,2026-02-17,2026-02-17,True,Cell suppressed for small numbers,,False,False,2025-11
4059,2025,11,Occurrence,Race-Ethnicity,Asian,CLD,Chronic lower respiratory diseases,ICD-10,55.0,,,02/17/2026,02/17/2026,2025-11-01,2026-02-17,2026-02-17,False,,55.0,False,False,2025-11
4060,2025,11,Occurrence,Race-Ethnicity,Black,CLD,Chronic lower respiratory diseases,ICD-10,68.0,,,02/17/2026,02/17/2026,2025-11-01,2026-02-17,2026-02-17,False,,68.0,False,False,2025-11
4061,2025,11,Occurrence,Race-Ethnicity,Hawaiian/Pacific Islander,CLD,Chronic lower respiratory diseases,ICD-10,,1,Cell suppressed for small numbers,02/17/2026,02/17/2026,2025-11-01,2026-02-17,2026-02-17,True,Cell suppressed for small numbers,,False,False,2025-11
4062,2025,11,Occurrence,Race-Ethnicity,Hispanic,CLD,Chronic lower respiratory diseases,ICD-10,80.0,,,02/17/2026,02/17/2026,2025-11-01,2026-02-17,2026-02-17,False,,80.0,False,False,2025-11
4063,2025,11,Occurrence,Race-Ethnicity,Multi-Race,CLD,Chronic lower respiratory diseases,ICD-10,,1,Cell suppressed for small numbers,02/17/2026,02/17/2026,2025-11-01,2026-02-17,2026-02-17,True,Cell suppressed for small numbers,,False,False,2025-11
4064,2025,11,Occurrence,Race-Ethnicity,White,CLD,Chronic lower respiratory diseases,ICD-10,605.0,,,02/17/2026,02/17/2026,2025-11-01,2026-02-17,2026-02-17,False,,605.0,False,False,2025-11
4065,2025,11,Occurrence,Race-Ethnicity,Other/Unknown,CLD,Chronic lower respiratory diseases,ICD-10,,1,Cell suppressed for small numbers,02/17/2026,02/17/2026,2025-11-01,2026-02-17,2026-02-17,True,Cell suppressed for small numbers,,False,False,2025-11
4069,2025,11,Occurrence,Race-Ethnicity,American Indian/Alaska Native,DIA,Diabetes mellitus,ICD-10,,1,Cell suppressed for small numbers,02/17/2026,02/17/2026,2025-11-01,2026-02-17,2026-02-17,True,Cell suppressed for small numbers,,False,False,2025-11
4070,2025,11,Occurrence,Race-Ethnicity,Asian,DIA,Diabetes mellitus,ICD-10,151.0,,,02/17/2026,02/17/2026,2025-11-01,2026-02-17,2026-02-17,False,,151.0,False,False,2025-11
4071,2025,11,Occurrence,Race-Ethnicity,Black,DIA,Diabetes mellitus,ICD-10,95.0,,,02/17/2026,02/17/2026,2025-11-01,2026-02-17,2026-02-17,False,,95.0,False,False,2025-11
4072,2025,11,Occurrence,Race-Ethnicity,Hawaiian/Pacific Islander,DIA,Diabetes mellitus,ICD-10,,1,Cell suppressed for small numbers,02/17/2026,02/17/2026,2025-11-01,2026-02-17,2026-02-17,True,Cell suppressed for small numbers,,False,False,2025-11
4073,2025,11,Occurrence,Race-Ethnicity,Hispanic,DIA,Diabetes mellitus,ICD-10,312.0,,,02/17/2026,02/17/2026,2025-11-01,2026-02-17,2026-02-17,False,,312.0,False,False,2025-11
4074,2025,11,Occurrence,Race-Ethnicity,Multi-Race,DIA,Diabetes mellitus,ICD-10,,1,Cell suppressed for small numbers,02/17/2026,02/17/2026,2025-11-01,2026-02-17,2026-02-17,True,Cell suppressed for small numbers,,False,False,2025-11
4075,2025,11,Occurrence,Race-Ethnicity,White,DIA,Diabetes mellitus,ICD-10,327.0,,,02/17/2026,02/17/2026,2025-11-01,2026-02-17,2026-02-17,False,,327.0,False,False,2025-11
4076,2025,11,Occurrence,Race-Ethnicity,Other/Unknown,DIA,Diabetes mellitus,ICD-10,11.0,,,02/17/2026,02/17/2026,2025-11-01,2026-02-17,2026-02-17,False,,11.0,False,False,2025-11
4080,2025,11,Occurrence,Race-Ethnicity,American Indian/Alaska Native,HOM,Assault (homicide),ICD-10,0.0,,,02/17/2026,02/17/2026,2025-11-01,2026-02-17,2026-02-17,False,,0.0,False,False,2025-11
4081,2025,11,Occurrence,Race-Ethnicity,Asian,HOM,Assault (homicide),ICD-10,,1,Cell suppressed for small numbers,02/17/2026,02/17/2026,2025-11-01,2026-02-17,2026-02-17,True,Cell suppressed for small numbers,,False,False,2025-11
4082,2025,11,Occurrence,Race-Ethnicity,Black,HOM,Assault (homicide),ICD-10,18.0,,,02/17/2026,02/17/2026,2025-11-01,2026-02-17,2026-02-17,False,,18.0,False,False,2025-11
4083,2025,11,Occurrence,Race-Ethnicity,Hawaiian/Pacific Islander,HOM,Assault (homicide),ICD-10,,1,Cell suppressed for small numbers,02/17/2026,02/17/2026,2025-11-01,2026-02-17,2026-02-17,True,Cell suppressed for small numbers,,False,False,2025-11
4084,2025,11,Occurrence,Race-Ethnicity,Hispanic,HOM,Assault (homicide),ICD-10,44.0,,,02/17/2026,02/17/2026,2025-11-01,2026-02-17,2026-02-17,False,,44.0,False,False,2025-11
4085,2025,11,Occurrence,Race-Ethnicity,Multi-Race,HOM,Assault (homicide),ICD-10,,1,Cell suppressed for small numbers,02/17/2026,02/17/2026,2025-11-01,2026-02-17,2026-02-17,True,Cell suppressed for small numbers,,False,False,2025-11
4086,2025,11,Occurrence,Race-Ethnicity,White,HOM,Assault (homicide),ICD-10,,2,Cell suppressed for complementary cell,02/17/2026,02/17/2026,2025-11-01,2026-02-17,2026-02-17,True,Cell suppressed for complementary cell,,False,False,2025-11
4087,2025,11,Occurrence,Race-Ethnicity,Other/Unknown,HOM,Assault (homicide),ICD-10,0.0,,,02/17/2026,02/17/2026,2025-11-01,2026-02-17,2026-02-17,False,,0.0,False,False,2025-11
4091,2025,11,Occurrence,Race-Ethnicity,American Indian/Alaska Native,HTD,Diseases of heart,ICD-10,28.0,,,02/17/2026,02/17/2026,2025-11-01,2026-02-17,2026-02-17,False,,28.0,False,False,2025-11
4092,2025,11,Occurrence,Race-Ethnicity,Asian,HTD,Diseases of heart,ICD-10,471.0,,,02/17/2026,02/17/2026,2025-11-01,2026-02-17,2026-02-17,False,,471.0,False,False,2025-11
4093,2025,11,Occurrence,Race-Ethnicity,Black,HTD,Diseases of heart,ICD-10,413.0,,,02/17/2026,02/17/2026,2025-11-01,2026-02-17,2026-02-17,False,,413.0,False,False,2025-11
4094,2025,11,Occurrence,Race-Ethnicity,Hawaiian/Pacific Islander,HTD,Diseases of heart,ICD-10,24.0,,,02/17/2026,02/17/2026,2025-11-01,2026-02-17,2026-02-17,False,,24.0,False,False,2025-11
4095,2025,11,Occurrence,Race-Ethnicity,Hispanic,HTD,Diseases of heart,ICD-10,895.0,,,02/17/2026,02/17/2026,2025-11-01,2026-02-17,2026-02-17,False,,895.0,False,False,2025-11
4096,2025,11,Occurrence,Race-Ethnicity,Multi-Race,HTD,Diseases of heart,ICD-10,43.0,,,02/17/2026,02/17/2026,2025-11-01,2026-02-17,2026-02-17,False,,43.0,False,False,2025-11
4097,2025,11,Occurrence,Race-Ethnicity,White,HTD,Diseases of heart,ICD-10,2856.0,,,02/17/2026,02/17/2026,2025-11-01,2026-02-17,2026-02-17,False,,2856.0,False,False,2025-11
4098,2025,11,Occurrence,Race-Ethnicity,Other/Unknown,HTD,Diseases of heart,ICD-10,60.0,,,02/17/2026,02/17/2026,2025-11-01,2026-02-17,2026-02-17,False,,60.0,False,False,2025-11
4102,2025,11,Occurrence,Race-Ethnicity,American Indian/Alaska Native,HYP,Essential hypertension and hypertensive renal disease,ICD-10,,1,Cell suppressed for small numbers,02/17/2026,02/17/2026,2025-11-01,2026-02-17,2026-02-17,True,Cell suppressed for small numbers,,False,False,2025-11
4103,2025,11,Occurrence,Race-Ethnicity,Asian,HYP,Essential hypertension and hypertensive renal disease,ICD-10,89.0,,,02/17/2026,02/17/2026,2025-11-01,2026-02-17,2026-02-17,False,,89.0,False,False,2025-11
4104,2025,11,Occurrence,Race-Ethnicity,Black,HYP,Essential hypertension and hypertensive renal disease,ICD-10,58.0,,,02/17/2026,02/17/2026,2025-11-01,2026-02-17,2026-02-17,False,,58.0,False,False,2025-11
4105,2025,11,Occurrence,Race-Ethnicity,Hawaiian/Pacific Islander,HYP,Essential hypertension and hypertensive renal disease,ICD-10,,1,Cell suppressed for small numbers,02/17/2026,02/17/2026,2025-11-01,2026-02-17,2026-02-17,True,Cell suppressed for small numbers,,False,False,2025-11
4106,2025,11,Occurrence,Race-Ethnicity,Hispanic,HYP,Essential hypertension and hypertensive renal disease,ICD-10,135.0,,,02/17/2026,02/17/2026,2025-11-01,2026-02-17,2026-02-17,False,,135.0,False,False,2025-11
4107,2025,11,Occurrence,Race-Ethnicity,Multi-Race,HYP,Essential hypertension and hypertensive renal disease,ICD-10,,1,Cell suppressed for small numbers,02/17/2026,02/17/2026,2025-11-01,2026-02-17,2026-02-17,True,Cell suppressed for small numbers,,False,False,2025-11
4108,2025,11,Occurrence,Race-Ethnicity,White,HYP,Essential hypertension and hypertensive renal disease,ICD-10,268.0,,,02/17/2026,02/17/2026,2025-11-01,2026-02-17,2026-02-17,False,,268.0,False,False,2025-11
4109,2025,11,Occurrence,Race-Ethnicity,Other/Unknown,HYP,Essential hypertension and hypertensive renal disease,ICD-10,,1,Cell suppressed for small numbers,02/17/2026,02/17/2026,2025-11-01,2026-02-17,2026-02-17,True,Cell suppressed for small numbers,,False,False,2025-11
4113,2025,11,Occurrence,Race-Ethnicity,American Indian/Alaska Native,INJ,Accidents (unintentional injuries),ICD-10,,1,Cell suppressed for small numbers,02/17/2026,02/17/2026,2025-11-01,2026-02-17,2026-02-17,True,Cell suppressed for small numbers,,False,False,2025-11
4114,2025,11,Occurrence,Race-Ethnicity,Asian,INJ,Accidents (unintentional injuries),ICD-10,102.0,,,02/17/2026,02/17/2026,2025-11-01,2026-02-17,2026-02-17,False,,102.0,False,False,2025-11
4115,2025,11,Occurrence,Race-Ethnicity,Black,INJ,Accidents (unintentional injuries),ICD-10,130.0,,,02/17/2026,02/17/2026,2025-11-01,2026-02-17,2026-02-17,False,,130.0,False,False,2025-11
4116,2025,11,Occurrence,Race-Ethnicity,Hawaiian/Pacific Islander,INJ,Accidents (unintentional injuries),ICD-10,,1,Cell suppressed for small numbers,02/17/2026,02/17/2026,2025-11-01,2026-02-17,2026-02-17,True,Cell suppressed for small numbers,,False,False,2025-11
4117,2025,11,Occurrence,Race-Ethnicity,Hispanic,INJ,Accidents (unintentional injuries),ICD-10,374.0,,,02/17/2026,02/17/2026,2025-11-01,2026-02-17,2026-02-17,False,,374.0,False,False,2025-11
4118,2025,11,Occurrence,Race-Ethnicity,Multi-Race,INJ,Accidents (unintentional injuries),ICD-10,27.0,,,02/17/2026,02/17/2026,2025-11-01,2026-02-17,2026-02-17,False,,27.0,False,False,2025-11
4119,2025,11,Occurrence,Race-Ethnicity,White,INJ,Accidents (unintentional injuries),ICD-10,481.0,,,02/17/2026,02/17/2026,2025-11-01,2026-02-17,2026-02-17,False,,481.0,False,False,2025-11
4120,2025,11,Occurrence,Race-Ethnicity,Other/Unknown,INJ,Accidents (unintentional injuries),ICD-10,24.0,,,02/17/2026,02/17/2026,2025-11-01,2026-02-17,2026-02-17,False,,24.0,False,False,2025-11
4124,2025,11,Occurrence,Race-Ethnicity,American Indian/Alaska Native,LIV,Chronic liver disease and cirrhosis,ICD-10,,1,Cell suppressed for small numbers,02/17/2026,02/17/2026,2025-11-01,2026-02-17,2026-02-17,True,Cell suppressed for small numbers,,False,False,2025-11
4125,2025,11,Occurrence,Race-Ethnicity,Asian,LIV,Chronic liver disease and cirrhosis,ICD-10,20.0,,,02/17/2026,02/17/2026,2025-11-01,2026-02-17,2026-02-17,False,,20.0,False,False,2025-11
4126,2025,11,Occurrence,Race-Ethnicity,Black,LIV,Chronic liver disease and cirrhosis,ICD-10,19.0,,,02/17/2026,02/17/2026,2025-11-01,2026-02-17,2026-02-17,False,,19.0,False,False,2025-11
4127,2025,11,Occurrence,Race-Ethnicity,Hawaiian/Pacific Islander,LIV,Chronic liver disease and cirrhosis,ICD-10,,1,Cell suppressed for small numbers,02/17/2026,02/17/2026,2025-11-01,2026-02-17,2026-02-17,True,Cell suppressed for small numbers,,False,False,2025-11
4128,2025,11,Occurrence,Race-Ethnicity,Hispanic,LIV,Chronic liver disease and cirrhosis,ICD-10,228.0,,,02/17/2026,02/17/2026,2025-11-01,2026-02-17,2026-02-17,False,,228.0,False,False,2025-11
4129,2025,11,Occurrence,Race-Ethnicity,Multi-Race,LIV,Chronic liver disease and cirrhosis,ICD-10,,1,Cell suppressed for small numbers,02/17/2026,02/17/2026,2025-11-01,2026-02-17,2026-02-17,True,Cell suppressed for small numbers,,False,False,2025-11
4130,2025,11,Occurrence,Race-Ethnicity,White,LIV,Chronic liver disease and cirrhosis,ICD-10,193.0,,,02/17/2026,02/17/2026,2025-11-01,2026-02-17,2026-02-17,False,,193.0,False,False,2025-11
4131,2025,11,Occurrence,Race-Ethnicity,Other/Unknown,LIV,Chronic liver disease and cirrhosis,ICD-10,,1,Cell suppressed for small numbers,02/17/2026,02/17/2026,2025-11-01,2026-02-17,2026-02-17,True,Cell suppressed for small numbers,,False,False,2025-11
4135,2025,11,Occurrence,Race-Ethnicity,American Indian/Alaska Native,NEP,"Nephritis, nephrotic syndrome and nephrosis",ICD-10,,1,Cell suppressed for small numbers,02/17/2026,02/17/2026,2025-11-01,2026-02-17,2026-02-17,True,Cell suppressed for small numbers,,False,False,2025-11
4136,2025,11,Occurrence,Race-Ethnicity,Asian,NEP,"Nephritis, nephrotic syndrome and nephrosis",ICD-10,52.0,,,02/17/2026,02/17/2026,2025-11-01,2026-02-17,2026-02-17,False,,52.0,False,False,2025-11
4137,2025,11,Occurrence,Race-Ethnicity,Black,NEP,"Nephritis, nephrotic syndrome and nephrosis",ICD-10,42.0,,,02/17/2026,02/17/2026,2025-11-01,2026-02-17,2026-02-17,False,,42.0,False,False,2025-11
4138,2025,11,Occurrence,Race-Ethnicity,Hawaiian/Pacific Islander,NEP,"Nephritis, nephrotic syndrome and nephrosis",ICD-10,,1,Cell suppressed for small numbers,02/17/2026,02/17/2026,2025-11-01,2026-02-17,2026-02-17,True,Cell suppressed for small numbers,,False,False,2025-11
4139,2025,11,Occurrence,Race-Ethnicity,Hispanic,NEP,"Nephritis, nephrotic syndrome and nephrosis",ICD-10,90.0,,,02/17/2026,02/17/2026,2025-11-01,2026-02-17,2026-02-17,False,,90.0,False,False,2025-11
4140,2025,11,Occurrence,Race-Ethnicity,Multi-Race,NEP,"Nephritis, nephrotic syndrome and nephrosis",ICD-10,,1,Cell suppressed for small numbers,02/17/2026,02/17/2026,2025-11-01,2026-02-17,2026-02-17,True,Cell suppressed for small numbers,,False,False,2025-11
4141,2025,11,Occurrence,Race-Ethnicity,White,NEP,"Nephritis, nephrotic syndrome and nephrosis",ICD-10,145.0,,,02/17/2026,02/17/2026,2025-11-01,2026-02-17,2026-02-17,False,,145.0,False,False,2025-11
4142,2025,11,Occurrence,Race-Ethnicity,Other/Unknown,NEP,"Nephritis, nephrotic syndrome and nephrosis",ICD-10,,1,Cell suppressed for small numbers,02/17/2026,02/17/2026,2025-11-01,2026-02-17,2026-02-17,True,Cell suppressed for small numbers,,False,False,2025-11
4146,2025,11,Occurrence,Race-Ethnicity,American Indian/Alaska Native,PAR,Parkinson's disease,ICD-10,0.0,,,02/17/2026,02/17/2026,2025-11-01,2026-02-17,2026-02-17,False,,0.0,False,False,2025-11
4147,2025,11,Occurrence,Race-Ethnicity,Asian,PAR,Parkinson's disease,ICD-10,40.0,,,02/17/2026,02/17/2026,2025-11-01,2026-02-17,2026-02-17,False,,40.0,False,False,2025-11
4148,2025,11,Occurrence,Race-Ethnicity,Black,PAR,Parkinson's disease,ICD-10,,1,Cell suppressed for small numbers,02/17/2026,02/17/2026,2025-11-01,2026-02-17,2026-02-17,True,Cell suppressed for small numbers,,False,False,2025-11
4149,2025,11,Occurrence,Race-Ethnicity,Hawaiian/Pacific Islander,PAR,Parkinson's disease,ICD-10,,1,Cell suppressed for small numbers,02/17/2026,02/17/2026,2025-11-01,2026-02-17,2026-02-17,True,Cell suppressed for small numbers,,False,False,2025-11
4150,2025,11,Occurrence,Race-Ethnicity,Hispanic,PAR,Parkinson's disease,ICD-10,45.0,,,02/17/2026,02/17/2026,2025-11-01,2026-02-17,2026-02-17,False,,45.0,False,False,2025-11
4151,2025,11,Occurrence,Race-Ethnicity,Multi-Race,PAR,Parkinson's disease,ICD-10,,1,Cell suppressed for small numbers,02/17/2026,02/17/2026,2025-11-01,2026-02-17,2026-02-17,True,Cell suppressed for small numbers,,False,False,2025-11
4152,2025,11,Occurrence,Race-Ethnicity,White,PAR,Parkinson's disease,ICD-10,236.0,,,02/17/2026,02/17/2026,2025-11-01,2026-02-17,2026-02-17,False,,236.0,False,False,2025-11
4153,2025,11,Occurrence,Race-Ethnicity,Other/Unknown,PAR,Parkinson's disease,ICD-10,,1,Cell suppressed for small numbers,02/17/2026,02/17/2026,2025-11-01,2026-02-17,2026-02-17,True,Cell suppressed for small numbers,,False,False,2025-11
4157,2025,11,Occurrence,Race-Ethnicity,American Indian/Alaska Native,PNF,Influenza and pneumonia,ICD-10,,1,Cell suppressed for small numbers,02/17/2026,02/17/2026,2025-11-01,2026-02-17,2026-02-17,True,Cell suppressed for small numbers,,False,False,2025-11
4158,2025,11,Occurrence,Race-Ethnicity,Asian,PNF,Influenza and pneumonia,ICD-10,53.0,,,02/17/2026,02/17/2026,2025-11-01,2026-02-17,2026-02-17,False,,53.0,False,False,2025-11
4159,2025,11,Occurrence,Race-Ethnicity,Black,PNF,Influenza and pneumonia,ICD-10,21.0,,,02/17/2026,02/17/2026,2025-11-01,2026-02-17,2026-02-17,False,,21.0,False,False,2025-11
4160,2025,11,Occurrence,Race-Ethnicity,Hawaiian/Pacific Islander,PNF,Influenza and pneumonia,ICD-10,,1,Cell suppressed for small numbers,02/17/2026,02/17/2026,2025-11-01,2026-02-17,2026-02-17,True,Cell suppressed for small numbers,,False,False,2025-11
4161,2025,11,Occurrence,Race-Ethnicity,Hispanic,PNF,Influenza and pneumonia,ICD-10,72.0,,,02/17/2026,02/17/2026,2025-11-01,2026-02-17,2026-02-17,False,,72.0,False,False,2025-11
4162,2025,11,Occurrence,Race-Ethnicity,Multi-Race,PNF,Influenza and pneumonia,ICD-10,,1,Cell suppressed for small numbers,02/17/2026,02/17/2026,2025-11-01,2026-02-17,2026-02-17,True,Cell suppressed for small numbers,,False,False,2025-11
4163,2025,11,Occurrence,Race-Ethnicity,White,PNF,Influenza and pneumonia,ICD-10,176.0,,,02/17/2026,02/17/2026,2025-11-01,2026-02-17,2026-02-17,False,,176.0,False,False,2025-11
4164,2025,11,Occurrence,Race-Ethnicity,Other/Unknown,PNF,Influenza and pneumonia,ICD-10,,1,Cell suppressed for small numbers,02/17/2026,02/17/2026,2025-11-01,2026-02-17,2026-02-17,True,Cell suppressed for small numbers,,False,False,2025-11
4168,2025,11,Occurrence,Race-Ethnicity,American Indian/Alaska Native,STK,Cerebrovascular diseases,ICD-10,,1,Cell suppressed for small numbers,02/17/2026,02/17/2026,2025-11-01,2026-02-17,2026-02-17,True,Cell suppressed for small numbers,,False,False,2025-11
4169,2025,11,Occurrence,Race-Ethnicity,Asian,STK,Cerebrovascular diseases,ICD-10,212.0,,,02/17/2026,02/17/2026,2025-11-01,2026-02-17,2026-02-17,False,,212.0,False,False,2025-11
4170,2025,11,Occurrence,Race-Ethnicity,Black,STK,Cerebrovascular diseases,ICD-10,141.0,,,02/17/2026,02/17/2026,2025-11-01,2026-02-17,2026-02-17,False,,141.0,False,False,2025-11
4171,2025,11,Occurrence,Race-Ethnicity,Hawaiian/Pacific Islander,STK,Cerebrovascular diseases,ICD-10,,1,Cell suppressed for small numbers,02/17/2026,02/17/2026,2025-11-01,2026-02-17,2026-02-17,True,Cell suppressed for small numbers,,False,False,2025-11
4172,2025,11,Occurrence,Race-Ethnicity,Hispanic,STK,Cerebrovascular diseases,ICD-10,305.0,,,02/17/2026,02/17/2026,2025-11-01,2026-02-17,2026-02-17,False,,305.0,False,False,2025-11
4173,2025,11,Occurrence,Race-Ethnicity,Multi-Race,STK,Cerebrovascular diseases,ICD-10,11.0,,,02/17/2026,02/17/2026,2025-11-01,2026-02-17,2026-02-17,False,,11.0,False,False,2025-11
4174,2025,11,Occurrence,Race-Ethnicity,White,STK,Cerebrovascular diseases,ICD-10,775.0,,,02/17/2026,02/17/2026,2025-11-01,2026-02-17,2026-02-17,False,,775.0,False,False,2025-11
4175,2025,11,Occurrence,Race-Ethnicity,Other/Unknown,STK,Cerebrovascular diseases,ICD-10,11.0,,,02/17/2026,02/17/2026,2025-11-01,2026-02-17,2026-02-17,False,,11.0,False,False,2025-11
4179,2025,11,Occurrence,Race-Ethnicity,American Indian/Alaska Native,SUI,Intentional self-harm (suicide),ICD-10,,1,Cell suppressed for small numbers,02/17/2026,02/17/2026,2025-11-01,2026-02-17,2026-02-17,True,Cell suppressed for small numbers,,False,False,2025-11
4180,2025,11,Occurrence,Race-Ethnicity,Asian,SUI,Intentional self-harm (suicide),ICD-10,31.0,,,02/17/2026,02/17/2026,2025-11-01,2026-02-17,2026-02-17,False,,31.0,False,False,2025-11
4181,2025,11,Occurrence,Race-Ethnicity,Black,SUI,Intentional self-harm (suicide),ICD-10,13.0,,,02/17/2026,02/17/2026,2025-11-01,2026-02-17,2026-02-17,False,,13.0,False,False,2025-11
4182,2025,11,Occurrence,Race-Ethnicity,Hawaiian/Pacific Islander,SUI,Intentional self-harm (suicide),ICD-10,,1,Cell suppressed for small numbers,02/17/2026,02/17/2026,2025-11-01,2026-02-17,2026-02-17,True,Cell suppressed for small numbers,,False,False,2025-11
4183,2025,11,Occurrence,Race-Ethnicity,Hispanic,SUI,Intentional self-harm (suicide),ICD-10,77.0,,,02/17/2026,02/17/2026,2025-11-01,2026-02-17,2026-02-17,False,,77.0,False,False,2025-11
4184,2025,11,Occurrence,Race-Ethnicity,Multi-Race,SUI,Intentional self-harm (suicide),ICD-10,,1,Cell suppressed for small numbers,02/17/2026,02/17/2026,2025-11-01,2026-02-17,2026-02-17,True,Cell suppressed for small numbers,,False,False,2025-11
4185,2025,11,Occurrence,Race-Ethnicity,White,SUI,Intentional self-harm (suicide),ICD-10,142.0,,,02/17/2026,02/17/2026,2025-11-01,2026-02-17,2026-02-17,False,,142.0,False,False,2025-11
4186,2025,11,Occurrence,Race-Ethnicity,Other/Unknown,SUI,Intentional self-harm (suicide),ICD-10,0.0,,,02/17/2026,02/17/2026,2025-11-01,2026-02-17,2026-02-17,False,,0.0,False,False,2025-11
4207,2025,12,Occurrence,Race-Ethnicity,American Indian/Alaska Native,ALL,All causes (total),ICD-10,121.0,,,02/17/2026,02/17/2026,2025-12-01,2026-02-17,2026-02-17,False,,121.0,False,True,2025-12
4208,2025,12,Occurrence,Race-Ethnicity,Asian,ALL,All causes (total),ICD-10,2994.0,,,02/17/2026,02/17/2026,2025-12-01,2026-02-17,2026-02-17,False,,2994.0,False,True,2025-12
4209,2025,12,Occurrence,Race-Ethnicity,Black,ALL,All causes (total),ICD-10,1858.0,,,02/17/2026,02/17/2026,2025-12-01,2026-02-17,2026-02-17,False,,1858.0,False,True,2025-12
4210,2025,12,Occurrence,Race-Ethnicity,Hawaiian/Pacific Islander,ALL,All causes (total),ICD-10,97.0,,,02/17/2026,02/17/2026,2025-12-01,2026-02-17,2026-02-17,False,,97.0,False,True,2025-12
4211,2025,12,Occurrence,Race-Ethnicity,Hispanic,ALL,All causes (total),ICD-10,5737.0,,,02/17/2026,02/17/2026,2025-12-01,2026-02-17,2026-02-17,False,,5737.0,False,True,2025-12
4212,2025,12,Occurrence,Race-Ethnicity,Multi-Race,ALL,All causes (total),ICD-10,259.0,,,02/17/2026,02/17/2026,2025-12-01,2026-02-17,2026-02-17,False,,259.0,False,True,2025-12
4213,2025,12,Occurrence,Race-Ethnicity,White,ALL,All causes (total),ICD-10,13516.0,,,02/17/2026,02/17/2026,2025-12-01,2026-02-17,2026-02-17,False,,13516.0,False,True,2025-12
4214,2025,12,Occurrence,Race-Ethnicity,Other/Unknown,ALL,All causes (total),ICD-10,280.0,,,02/17/2026,02/17/2026,2025-12-01,2026-02-17,2026-02-17,False,,280.0,False,True,2025-12
4218,2025,12,Occurrence,Race-Ethnicity,American Indian/Alaska Native,ALZ,Alzheimer's disease,ICD-10,,1,Cell suppressed for small numbers,02/17/2026,02/17/2026,2025-12-01,2026-02-17,2026-02-17,True,Cell suppressed for small numbers,,False,False,2025-12
4219,2025,12,Occurrence,Race-Ethnicity,Asian,ALZ,Alzheimer's disease,ICD-10,156.0,,,02/17/2026,02/17/2026,2025-12-01,2026-02-17,2026-02-17,False,,156.0,False,False,2025-12
4220,2025,12,Occurrence,Race-Ethnicity,Black,ALZ,Alzheimer's disease,ICD-10,74.0,,,02/17/2026,02/17/2026,2025-12-01,2026-02-17,2026-02-17,False,,74.0,False,False,2025-12
4221,2025,12,Occurrence,Race-Ethnicity,Hawaiian/Pacific Islander,ALZ,Alzheimer's disease,ICD-10,,1,Cell suppressed for small numbers,02/17/2026,02/17/2026,2025-12-01,2026-02-17,2026-02-17,True,Cell suppressed for small numbers,,False,False,2025-12
4222,2025,12,Occurrence,Race-Ethnicity,Hispanic,ALZ,Alzheimer's disease,ICD-10,266.0,,,02/17/2026,02/17/2026,2025-12-01,2026-02-17,2026-02-17,False,,266.0,False,False,2025-12
4223,2025,12,Occurrence,Race-Ethnicity,Multi-Race,ALZ,Alzheimer's disease,ICD-10,,1,Cell suppressed for small numbers,02/17/2026,02/17/2026,2025-12-01,2026-02-17,2026-02-17,True,Cell suppressed for small numbers,,False,False,2025-12
4224,2025,12,Occurrence,Race-Ethnicity,White,ALZ,Alzheimer's disease,ICD-10,888.0,,,02/17/2026,02/17/2026,2025-12-01,2026-02-17,2026-02-17,False,,888.0,False,False,2025-12
4225,2025,12,Occurrence,Race-Ethnicity,Other/Unknown,ALZ,Alzheimer's disease,ICD-10,,1,Cell suppressed for small numbers,02/17/2026,02/17/2026,2025-12-01,2026-02-17,2026-02-17,True,Cell suppressed for small numbers,,False,False,2025-12
4229,2025,12,Occurrence,Race-Ethnicity,American Indian/Alaska Native,CAN,Malignant neoplasms,ICD-10,22.0,,,02/17/2026,02/17/2026,2025-12-01,2026-02-17,2026-02-17,False,,22.0,False,False,2025-12
4230,2025,12,Occurrence,Race-Ethnicity,Asian,CAN,Malignant neoplasms,ICD-10,711.0,,,02/17/2026,02/17/2026,2025-12-01,2026-02-17,2026-02-17,False,,711.0,False,False,2025-12
4231,2025,12,Occurrence,Race-Ethnicity,Black,CAN,Malignant neoplasms,ICD-10,344.0,,,02/17/2026,02/17/2026,2025-12-01,2026-02-17,2026-02-17,False,,344.0,False,False,2025-12
4232,2025,12,Occurrence,Race-Ethnicity,Hawaiian/Pacific Islander,CAN,Malignant neoplasms,ICD-10,19.0,,,02/17/2026,02/17/2026,2025-12-01,2026-02-17,2026-02-17,False,,19.0,False,False,2025-12
4233,2025,12,Occurrence,Race-Ethnicity,Hispanic,CAN,Malignant neoplasms,ICD-10,1161.0,,,02/17/2026,02/17/2026,2025-12-01,2026-02-17,2026-02-17,False,,1161.0,False,False,2025-12
4234,2025,12,Occurrence,Race-Ethnicity,Multi-Race,CAN,Malignant neoplasms,ICD-10,52.0,,,02/17/2026,02/17/2026,2025-12-01,2026-02-17,2026-02-17,False,,52.0,False,False,2025-12
4235,2025,12,Occurrence,Race-Ethnicity,White,CAN,Malignant neoplasms,ICD-10,2732.0,,,02/17/2026,02/17/2026,2025-12-01,2026-02-17,2026-02-17,False,,2732.0,False,False,2025-12
4236,2025,12,Occurrence,Race-Ethnicity,Other/Unknown,CAN,Malignant neoplasms,ICD-10,57.0,,,02/17/2026,02/17/2026,2025-12-01,2026-02-17,2026-02-17,False,,57.0,False,False,2025-12
4240,2025,12,Occurrence,Race-Ethnicity,American Indian/Alaska Native,CLD,Chronic lower respiratory diseases,ICD-10,,1,Cell suppressed for small numbers,02/17/2026,02/17/2026,2025-12-01,2026-02-17,2026-02-17,True,Cell suppressed for small numbers,,False,False,2025-12
4241,2025,12,Occurrence,Race-Ethnicity,Asian,CLD,Chronic lower respiratory diseases,ICD-10,69.0,,,02/17/2026,02/17/2026,2025-12-01,2026-02-17,2026-02-17,False,,69.0,False,False,2025-12
4242,2025,12,Occurrence,Race-Ethnicity,Black,CLD,Chronic lower respiratory diseases,ICD-10,68.0,,,02/17/2026,02/17/2026,2025-12-01,2026-02-17,2026-02-17,False,,68.0,False,False,2025-12
4243,2025,12,Occurrence,Race-Ethnicity,Hawaiian/Pacific Islander,CLD,Chronic lower respiratory diseases,ICD-10,,1,Cell suppressed for small numbers,02/17/2026,02/17/2026,2025-12-01,2026-02-17,2026-02-17,True,Cell suppressed for small numbers,,False,False,2025-12
4244,2025,12,Occurrence,Race-Ethnicity,Hispanic,CLD,Chronic lower respiratory diseases,ICD-10,101.0,,,02/17/2026,02/17/2026,2025-12-01,2026-02-17,2026-02-17,False,,101.0,False,False,2025-12
4245,2025,12,Occurrence,Race-Ethnicity,Multi-Race,CLD,Chronic lower respiratory diseases,ICD-10,,1,Cell suppressed for small numbers,02/17/2026,02/17/2026,2025-12-01,2026-02-17,2026-02-17,True,Cell suppressed for small numbers,,False,False,2025-12
4246,2025,12,Occurrence,Race-Ethnicity,White,CLD,Chronic lower respiratory diseases,ICD-10,689.0,,,02/17/2026,02/17/2026,2025-12-01,2026-02-17,2026-02-17,False,,689.0,False,False,2025-12
4247,2025,12,Occurrence,Race-Ethnicity,Other/Unknown,CLD,Chronic lower respiratory diseases,ICD-10,11.0,,,02/17/2026,02/17/2026,2025-12-01,2026-02-17,2026-02-17,False,,11.0,False,False,2025-12
4251,2025,12,Occurrence,Race-Ethnicity,American Indian/Alaska Native,DIA,Diabetes mellitus,ICD-10,,1,Cell suppressed for small numbers,02/17/2026,02/17/2026,2025-12-01,2026-02-17,2026-02-17,True,Cell suppressed for small numbers,,False,False,2025-12
4252,2025,12,Occurrence,Race-Ethnicity,Asian,DIA,Diabetes mellitus,ICD-10,175.0,,,02/17/2026,02/17/2026,2025-12-01,2026-02-17,2026-02-17,False,,175.0,False,False,2025-12
4253,2025,12,Occurrence,Race-Ethnicity,Black,DIA,Diabetes mellitus,ICD-10,90.0,,,02/17/2026,02/17/2026,2025-12-01,2026-02-17,2026-02-17,False,,90.0,False,False,2025-12
4254,2025,12,Occurrence,Race-Ethnicity,Hawaiian/Pacific Islander,DIA,Diabetes mellitus,ICD-10,,1,Cell suppressed for small numbers,02/17/2026,02/17/2026,2025-12-01,2026-02-17,2026-02-17,True,Cell suppressed for small numbers,,False,False,2025-12
4255,2025,12,Occurrence,Race-Ethnicity,Hispanic,DIA,Diabetes mellitus,ICD-10,393.0,,,02/17/2026,02/17/2026,2025-12-01,2026-02-17,2026-02-17,False,,393.0,False,False,2025-12
4256,2025,12,Occurrence,Race-Ethnicity,Multi-Race,DIA,Diabetes mellitus,ICD-10,12.0,,,02/17/2026,02/17/2026,2025-12-01,2026-02-17,2026-02-17,False,,12.0,False,False,2025-12
4257,2025,12,Occurrence,Race-Ethnicity,White,DIA,Diabetes mellitus,ICD-10,375.0,,,02/17/2026,02/17/2026,2025-12-01,2026-02-17,2026-02-17,False,,375.0,False,False,2025-12
4258,2025,12,Occurrence,Race-Ethnicity,Other/Unknown,DIA,Diabetes mellitus,ICD-10,,1,Cell suppressed for small numbers,02/17/2026,02/17/2026,2025-12-01,2026-02-17,2026-02-17,True,Cell suppressed for small numbers,,False,False,2025-12
4262,2025,12,Occurrence,Race-Ethnicity,American Indian/Alaska Native,HOM,Assault (homicide),ICD-10,0.0,,,02/17/2026,02/17/2026,2025-12-01,2026-02-17,2026-02-17,False,,0.0,False,False,2025-12
4263,2025,12,Occurrence,Race-Ethnicity,Asian,HOM,Assault (homicide),ICD-10,,1,Cell suppressed for small numbers,02/17/2026,02/17/2026,2025-12-01,2026-02-17,2026-02-17,True,Cell suppressed for small numbers,,False,False,2025-12
4264,2025,12,Occurrence,Race-Ethnicity,Black,HOM,Assault (homicide),ICD-10,22.0,,,02/17/2026,02/17/2026,2025-12-01,2026-02-17,2026-02-17,False,,22.0,False,False,2025-12
4265,2025,12,Occurrence,Race-Ethnicity,Hawaiian/Pacific Islander,HOM,Assault (homicide),ICD-10,,1,Cell suppressed for small numbers,02/17/2026,02/17/2026,2025-12-01,2026-02-17,2026-02-17,True,Cell suppressed for small numbers,,False,False,2025-12
4266,2025,12,Occurrence,Race-Ethnicity,Hispanic,HOM,Assault (homicide),ICD-10,44.0,,,02/17/2026,02/17/2026,2025-12-01,2026-02-17,2026-02-17,False,,44.0,False,False,2025-12
4267,2025,12,Occurrence,Race-Ethnicity,Multi-Race,HOM,Assault (homicide),ICD-10,,1,Cell suppressed for small numbers,02/17/2026,02/17/2026,2025-12-01,2026-02-17,2026-02-17,True,Cell suppressed for small numbers,,False,False,2025-12
4268,2025,12,Occurrence,Race-Ethnicity,White,HOM,Assault (homicide),ICD-10,16.0,,,02/17/2026,02/17/2026,2025-12-01,2026-02-17,2026-02-17,False,,16.0,False,False,2025-12
4269,2025,12,Occurrence,Race-Ethnicity,Other/Unknown,HOM,Assault (homicide),ICD-10,,1,Cell suppressed for small numbers,02/17/2026,02/17/2026,2025-12-01,2026-02-17,2026-02-17,True,Cell suppressed for small numbers,,False,False,2025-12
4273,2025,12,Occurrence,Race-Ethnicity,American Indian/Alaska Native,HTD,Diseases of heart,ICD-10,23.0,,,02/17/2026,02/17/2026,2025-12-01,2026-02-17,2026-02-17,False,,23.0,False,False,2025-12
4274,2025,12,Occurrence,Race-Ethnicity,Asian,HTD,Diseases of heart,ICD-10,605.0,,,02/17/2026,02/17/2026,2025-12-01,2026-02-17,2026-02-17,False,,605.0,False,False,2025-12
4275,2025,12,Occurrence,Race-Ethnicity,Black,HTD,Diseases of heart,ICD-10,440.0,,,02/17/2026,02/17/2026,2025-12-01,2026-02-17,2026-02-17,False,,440.0,False,False,2025-12
4276,2025,12,Occurrence,Race-Ethnicity,Hawaiian/Pacific Islander,HTD,Diseases of heart,ICD-10,23.0,,,02/17/2026,02/17/2026,2025-12-01,2026-02-17,2026-02-17,False,,23.0,False,False,2025-12
4277,2025,12,Occurrence,Race-Ethnicity,Hispanic,HTD,Diseases of heart,ICD-10,1003.0,,,02/17/2026,02/17/2026,2025-12-01,2026-02-17,2026-02-17,False,,1003.0,False,False,2025-12
4278,2025,12,Occurrence,Race-Ethnicity,Multi-Race,HTD,Diseases of heart,ICD-10,46.0,,,02/17/2026,02/17/2026,2025-12-01,2026-02-17,2026-02-17,False,,46.0,False,False,2025-12
4279,2025,12,Occurrence,Race-Ethnicity,White,HTD,Diseases of heart,ICD-10,2933.0,,,02/17/2026,02/17/2026,2025-12-01,2026-02-17,2026-02-17,False,,2933.0,False,False,2025-12
4280,2025,12,Occurrence,Race-Ethnicity,Other/Unknown,HTD,Diseases of heart,ICD-10,62.0,,,02/17/2026,02/17/2026,2025-12-01,2026-02-17,2026-02-17,False,,62.0,False,False,2025-12
4284,2025,12,Occurrence,Race-Ethnicity,American Indian/Alaska Native,HYP,Essential hypertension and hypertensive renal disease,ICD-10,,1,Cell suppressed for small numbers,02/17/2026,02/17/2026,2025-12-01,2026-02-17,2026-02-17,True,Cell suppressed for small numbers,,False,False,2025-12
4285,2025,12,Occurrence,Race-Ethnicity,Asian,HYP,Essential hypertension and hypertensive renal disease,ICD-10,82.0,,,02/17/2026,02/17/2026,2025-12-01,2026-02-17,2026-02-17,False,,82.0,False,False,2025-12
4286,2025,12,Occurrence,Race-Ethnicity,Black,HYP,Essential hypertension and hypertensive renal disease,ICD-10,57.0,,,02/17/2026,02/17/2026,2025-12-01,2026-02-17,2026-02-17,False,,57.0,False,False,2025-12
4287,2025,12,Occurrence,Race-Ethnicity,Hawaiian/Pacific Islander,HYP,Essential hypertension and hypertensive renal disease,ICD-10,,1,Cell suppressed for small numbers,02/17/2026,02/17/2026,2025-12-01,2026-02-17,2026-02-17,True,Cell suppressed for small numbers,,False,False,2025-12
4288,2025,12,Occurrence,Race-Ethnicity,Hispanic,HYP,Essential hypertension and hypertensive renal disease,ICD-10,136.0,,,02/17/2026,02/17/2026,2025-12-01,2026-02-17,2026-02-17,False,,136.0,False,False,2025-12
4289,2025,12,Occurrence,Race-Ethnicity,Multi-Race,HYP,Essential hypertension and hypertensive renal disease,ICD-10,,1,Cell suppressed for small numbers,02/17/2026,02/17/2026,2025-12-01,2026-02-17,2026-02-17,True,Cell suppressed for small numbers,,False,False,2025-12
4290,2025,12,Occurrence,Race-Ethnicity,White,HYP,Essential hypertension and hypertensive renal disease,ICD-10,298.0,,,02/17/2026,02/17/2026,2025-12-01,2026-02-17,2026-02-17,False,,298.0,False,False,2025-12
4291,2025,12,Occurrence,Race-Ethnicity,Other/Unknown,HYP,Essential hypertension and hypertensive renal disease,ICD-10,,1,Cell suppressed for small numbers,02/17/2026,02/17/2026,2025-12-01,2026-02-17,2026-02-17,True,Cell suppressed for small numbers,,False,False,2025-12
4295,2025,12,Occurrence,Race-Ethnicity,American Indian/Alaska Native,INJ,Accidents (unintentional injuries),ICD-10,,1,Cell suppressed for small numbers,02/17/2026,02/17/2026,2025-12-01,2026-02-17,2026-02-17,True,Cell suppressed for small numbers,,False,False,2025-12
4296,2025,12,Occurrence,Race-Ethnicity,Asian,INJ,Accidents (unintentional injuries),ICD-10,98.0,,,02/17/2026,02/17/2026,2025-12-01,2026-02-17,2026-02-17,False,,98.0,False,False,2025-12
4297,2025,12,Occurrence,Race-Ethnicity,Black,INJ,Accidents (unintentional injuries),ICD-10,66.0,,,02/17/2026,02/17/2026,2025-12-01,2026-02-17,2026-02-17,False,,66.0,False,False,2025-12
4298,2025,12,Occurrence,Race-Ethnicity,Hawaiian/Pacific Islander,INJ,Accidents (unintentional injuries),ICD-10,,1,Cell suppressed for small numbers,02/17/2026,02/17/2026,2025-12-01,2026-02-17,2026-02-17,True,Cell suppressed for small numbers,,False,False,2025-12
4299,2025,12,Occurrence,Race-Ethnicity,Hispanic,INJ,Accidents (unintentional injuries),ICD-10,281.0,,,02/17/2026,02/17/2026,2025-12-01,2026-02-17,2026-02-17,False,,281.0,False,False,2025-12
4300,2025,12,Occurrence,Race-Ethnicity,Multi-Race,INJ,Accidents (unintentional injuries),ICD-10,,1,Cell suppressed for small numbers,02/17/2026,02/17/2026,2025-12-01,2026-02-17,2026-02-17,True,Cell suppressed for small numbers,,False,False,2025-12
4301,2025,12,Occurrence,Race-Ethnicity,White,INJ,Accidents (unintentional injuries),ICD-10,383.0,,,02/17/2026,02/17/2026,2025-12-01,2026-02-17,2026-02-17,False,,383.0,False,False,2025-12
4302,2025,12,Occurrence,Race-Ethnicity,Other/Unknown,INJ,Accidents (unintentional injuries),ICD-10,14.0,,,02/17/2026,02/17/2026,2025-12-01,2026-02-17,2026-02-17,False,,14.0,False,False,2025-12
4306,2025,12,Occurrence,Race-Ethnicity,American Indian/Alaska Native,LIV,Chronic liver disease and cirrhosis,ICD-10,,1,Cell suppressed for small numbers,02/17/2026,02/17/2026,2025-12-01,2026-02-17,2026-02-17,True,Cell suppressed for small numbers,,False,False,2025-12
4307,2025,12,Occurrence,Race-Ethnicity,Asian,LIV,Chronic liver disease and cirrhosis,ICD-10,28.0,,,02/17/2026,02/17/2026,2025-12-01,2026-02-17,2026-02-17,False,,28.0,False,False,2025-12
4308,2025,12,Occurrence,Race-Ethnicity,Black,LIV,Chronic liver disease and cirrhosis,ICD-10,19.0,,,02/17/2026,02/17/2026,2025-12-01,2026-02-17,2026-02-17,False,,19.0,False,False,2025-12
4309,2025,12,Occurrence,Race-Ethnicity,Hawaiian/Pacific Islander,LIV,Chronic liver disease and cirrhosis,ICD-10,,1,Cell suppressed for small numbers,02/17/2026,02/17/2026,2025-12-01,2026-02-17,2026-02-17,True,Cell suppressed for small numbers,,False,False,2025-12
4310,2025,12,Occurrence,Race-Ethnicity,Hispanic,LIV,Chronic liver disease and cirrhosis,ICD-10,223.0,,,02/17/2026,02/17/2026,2025-12-01,2026-02-17,2026-02-17,False,,223.0,False,False,2025-12
4311,2025,12,Occurrence,Race-Ethnicity,Multi-Race,LIV,Chronic liver disease and cirrhosis,ICD-10,,1,Cell suppressed for small numbers,02/17/2026,02/17/2026,2025-12-01,2026-02-17,2026-02-17,True,Cell suppressed for small numbers,,False,False,2025-12
4312,2025,12,Occurrence,Race-Ethnicity,White,LIV,Chronic liver disease and cirrhosis,ICD-10,211.0,,,02/17/2026,02/17/2026,2025-12-01,2026-02-17,2026-02-17,False,,211.0,False,False,2025-12
4313,2025,12,Occurrence,Race-Ethnicity,Other/Unknown,LIV,Chronic liver disease and cirrhosis,ICD-10,,1,Cell suppressed for small numbers,02/17/2026,02/17/2026,2025-12-01,2026-02-17,2026-02-17,True,Cell suppressed for small numbers,,False,False,2025-12
4317,2025,12,Occurrence,Race-Ethnicity,American Indian/Alaska Native,NEP,"Nephritis, nephrotic syndrome and nephrosis",ICD-10,,1,Cell suppressed for small numbers,02/17/2026,02/17/2026,2025-12-01,2026-02-17,2026-02-17,True,Cell suppressed for small numbers,,False,False,2025-12
4318,2025,12,Occurrence,Race-Ethnicity,Asian,NEP,"Nephritis, nephrotic syndrome and nephrosis",ICD-10,60.0,,,02/17/2026,02/17/2026,2025-12-01,2026-02-17,2026-02-17,False,,60.0,False,False,2025-12
4319,2025,12,Occurrence,Race-Ethnicity,Black,NEP,"Nephritis, nephrotic syndrome and nephrosis",ICD-10,45.0,,,02/17/2026,02/17/2026,2025-12-01,2026-02-17,2026-02-17,False,,45.0,False,False,2025-12
4320,2025,12,Occurrence,Race-Ethnicity,Hawaiian/Pacific Islander,NEP,"Nephritis, nephrotic syndrome and nephrosis",ICD-10,,1,Cell suppressed for small numbers,02/17/2026,02/17/2026,2025-12-01,2026-02-17,2026-02-17,True,Cell suppressed for small numbers,,False,False,2025-12
4321,2025,12,Occurrence,Race-Ethnicity,Hispanic,NEP,"Nephritis, nephrotic syndrome and nephrosis",ICD-10,110.0,,,02/17/2026,02/17/2026,2025-12-01,2026-02-17,2026-02-17,False,,110.0,False,False,2025-12
4322,2025,12,Occurrence,Race-Ethnicity,Multi-Race,NEP,"Nephritis, nephrotic syndrome and nephrosis",ICD-10,0.0,,,02/17/2026,02/17/2026,2025-12-01,2026-02-17,2026-02-17,False,,0.0,False,False,2025-12
4323,2025,12,Occurrence,Race-Ethnicity,White,NEP,"Nephritis, nephrotic syndrome and nephrosis",ICD-10,184.0,,,02/17/2026,02/17/2026,2025-12-01,2026-02-17,2026-02-17,False,,184.0,False,False,2025-12
4324,2025,12,Occurrence,Race-Ethnicity,Other/Unknown,NEP,"Nephritis, nephrotic syndrome and nephrosis",ICD-10,,1,Cell suppressed for small numbers,02/17/2026,02/17/2026,2025-12-01,2026-02-17,2026-02-17,True,Cell suppressed for small numbers,,False,False,2025-12
4328,2025,12,Occurrence,Race-Ethnicity,American Indian/Alaska Native,PAR,Parkinson's disease,ICD-10,,1,Cell suppressed for small numbers,02/17/2026,02/17/2026,2025-12-01,2026-02-17,2026-02-17,True,Cell suppressed for small numbers,,False,False,2025-12
4329,2025,12,Occurrence,Race-Ethnicity,Asian,PAR,Parkinson's disease,ICD-10,62.0,,,02/17/2026,02/17/2026,2025-12-01,2026-02-17,2026-02-17,False,,62.0,False,False,2025-12
4330,2025,12,Occurrence,Race-Ethnicity,Black,PAR,Parkinson's disease,ICD-10,20.0,,,02/17/2026,02/17/2026,2025-12-01,2026-02-17,2026-02-17,False,,20.0,False,False,2025-12
4331,2025,12,Occurrence,Race-Ethnicity,Hawaiian/Pacific Islander,PAR,Parkinson's disease,ICD-10,,1,Cell suppressed for small numbers,02/17/2026,02/17/2026,2025-12-01,2026-02-17,2026-02-17,True,Cell suppressed for small numbers,,False,False,2025-12
4332,2025,12,Occurrence,Race-Ethnicity,Hispanic,PAR,Parkinson's disease,ICD-10,58.0,,,02/17/2026,02/17/2026,2025-12-01,2026-02-17,2026-02-17,False,,58.0,False,False,2025-12
4333,2025,12,Occurrence,Race-Ethnicity,Multi-Race,PAR,Parkinson's disease,ICD-10,,1,Cell suppressed for small numbers,02/17/2026,02/17/2026,2025-12-01,2026-02-17,2026-02-17,True,Cell suppressed for small numbers,,False,False,2025-12
4334,2025,12,Occurrence,Race-Ethnicity,White,PAR,Parkinson's disease,ICD-10,279.0,,,02/17/2026,02/17/2026,2025-12-01,2026-02-17,2026-02-17,False,,279.0,False,False,2025-12
4335,2025,12,Occurrence,Race-Ethnicity,Other/Unknown,PAR,Parkinson's disease,ICD-10,,1,Cell suppressed for small numbers,02/17/2026,02/17/2026,2025-12-01,2026-02-17,2026-02-17,True,Cell suppressed for small numbers,,False,False,2025-12
4339,2025,12,Occurrence,Race-Ethnicity,American Indian/Alaska Native,PNF,Influenza and pneumonia,ICD-10,,1,Cell suppressed for small numbers,02/17/2026,02/17/2026,2025-12-01,2026-02-17,2026-02-17,True,Cell suppressed for small numbers,,False,False,2025-12
4340,2025,12,Occurrence,Race-Ethnicity,Asian,PNF,Influenza and pneumonia,ICD-10,73.0,,,02/17/2026,02/17/2026,2025-12-01,2026-02-17,2026-02-17,False,,73.0,False,False,2025-12
4341,2025,12,Occurrence,Race-Ethnicity,Black,PNF,Influenza and pneumonia,ICD-10,44.0,,,02/17/2026,02/17/2026,2025-12-01,2026-02-17,2026-02-17,False,,44.0,False,False,2025-12
4342,2025,12,Occurrence,Race-Ethnicity,Hawaiian/Pacific Islander,PNF,Influenza and pneumonia,ICD-10,,1,Cell suppressed for small numbers,02/17/2026,02/17/2026,2025-12-01,2026-02-17,2026-02-17,True,Cell suppressed for small numbers,,False,False,2025-12
4343,2025,12,Occurrence,Race-Ethnicity,Hispanic,PNF,Influenza and pneumonia,ICD-10,118.0,,,02/17/2026,02/17/2026,2025-12-01,2026-02-17,2026-02-17,False,,118.0,False,False,2025-12
4344,2025,12,Occurrence,Race-Ethnicity,Multi-Race,PNF,Influenza and pneumonia,ICD-10,,1,Cell suppressed for small numbers,02/17/2026,02/17/2026,2025-12-01,2026-02-17,2026-02-17,True,Cell suppressed for small numbers,,False,False,2025-12
4345,2025,12,Occurrence,Race-Ethnicity,White,PNF,Influenza and pneumonia,ICD-10,262.0,,,02/17/2026,02/17/2026,2025-12-01,2026-02-17,2026-02-17,False,,262.0,False,False,2025-12
4346,2025,12,Occurrence,Race-Ethnicity,Other/Unknown,PNF,Influenza and pneumonia,ICD-10,,1,Cell suppressed for small numbers,02/17/2026,02/17/2026,2025-12-01,2026-02-17,2026-02-17,True,Cell suppressed for small numbers,,False,False,2025-12
4350,2025,12,Occurrence,Race-Ethnicity,American Indian/Alaska Native,STK,Cerebrovascular diseases,ICD-10,,1,Cell suppressed for small numbers,02/17/2026,02/17/2026,2025-12-01,2026-02-17,2026-02-17,True,Cell suppressed for small numbers,,False,False,2025-12
4351,2025,12,Occurrence,Race-Ethnicity,Asian,STK,Cerebrovascular diseases,ICD-10,224.0,,,02/17/2026,02/17/2026,2025-12-01,2026-02-17,2026-02-17,False,,224.0,False,False,2025-12
4352,2025,12,Occurrence,Race-Ethnicity,Black,STK,Cerebrovascular diseases,ICD-10,109.0,,,02/17/2026,02/17/2026,2025-12-01,2026-02-17,2026-02-17,False,,109.0,False,False,2025-12
4353,2025,12,Occurrence,Race-Ethnicity,Hawaiian/Pacific Islander,STK,Cerebrovascular diseases,ICD-10,,1,Cell suppressed for small numbers,02/17/2026,02/17/2026,2025-12-01,2026-02-17,2026-02-17,True,Cell suppressed for small numbers,,False,False,2025-12
4354,2025,12,Occurrence,Race-Ethnicity,Hispanic,STK,Cerebrovascular diseases,ICD-10,340.0,,,02/17/2026,02/17/2026,2025-12-01,2026-02-17,2026-02-17,False,,340.0,False,False,2025-12
4355,2025,12,Occurrence,Race-Ethnicity,Multi-Race,STK,Cerebrovascular diseases,ICD-10,16.0,,,02/17/2026,02/17/2026,2025-12-01,2026-02-17,2026-02-17,False,,16.0,False,False,2025-12
4356,2025,12,Occurrence,Race-Ethnicity,White,STK,Cerebrovascular diseases,ICD-10,841.0,,,02/17/2026,02/17/2026,2025-12-01,2026-02-17,2026-02-17,False,,841.0,False,False,2025-12
4357,2025,12,Occurrence,Race-Ethnicity,Other/Unknown,STK,Cerebrovascular diseases,ICD-10,20.0,,,02/17/2026,02/17/2026,2025-12-01,2026-02-17,2026-02-17,False,,20.0,False,False,2025-12
4361,2025,12,Occurrence,Race-Ethnicity,American Indian/Alaska Native,SUI,Intentional self-harm (suicide),ICD-10,0.0,,,02/17/2026,02/17/2026,2025-12-01,2026-02-17,2026-02-17,False,,0.0,False,False,2025-12
4362,2025,12,Occurrence,Race-Ethnicity,Asian,SUI,Intentional self-harm (suicide),ICD-10,23.0,,,02/17/2026,02/17/2026,2025-12-01,2026-02-17,2026-02-17,False,,23.0,False,False,2025-12
4363,2025,12,Occurrence,Race-Ethnicity,Black,SUI,Intentional self-harm (suicide),ICD-10,,1,Cell suppressed for small numbers,02/17/2026,02/17/2026,2025-12-01,2026-02-17,2026-02-17,True,Cell suppressed for small numbers,,False,False,2025-12
4364,2025,12,Occurrence,Race-Ethnicity,Hawaiian/Pacific Islander,SUI,Intentional self-harm (suicide),ICD-10,,1,Cell suppressed for small numbers,02/17/2026,02/17/2026,2025-12-01,2026-02-17,2026-02-17,True,Cell suppressed for small numbers,,False,False,2025-12
4365,2025,12,Occurrence,Race-Ethnicity,Hispanic,SUI,Intentional self-harm (suicide),ICD-10,64.0,,,02/17/2026,02/17/2026,2025-12-01,2026-02-17,2026-02-17,False,,64.0,False,False,2025-12
4366,2025,12,Occurrence,Race-Ethnicity,Multi-Race,SUI,Intentional self-harm (suicide),ICD-10,,1,Cell suppressed for small numbers,02/17/2026,02/17/2026,2025-12-01,2026-02-17,2026-02-17,True,Cell suppressed for small numbers,,False,False,2025-12
4367,2025,12,Occurrence,Race-Ethnicity,White,SUI,Intentional self-harm (suicide),ICD-10,119.0,,,02/17/2026,02/17/2026,2025-12-01,2026-02-17,2026-02-17,False,,119.0,False,False,2025-12
4368,2025,12,Occurrence,Race-Ethnicity,Other/Unknown,SUI,Intentional self-harm (suicide),ICD-10,,1,Cell suppressed for small numbers,02/17/2026,02/17/2026,2025-12-01,2026-02-17,2026-02-17,True,Cell suppressed for small numbers,,False,False,2025-12
4389,2026,1,Occurrence,Race-Ethnicity,American Indian/Alaska Native,ALL,All causes (total),ICD-10,132.0,,,02/17/2026,02/17/2026,2026-01-01,2026-02-17,2026-02-17,False,,132.0,False,True,2026-01
4390,2026,1,Occurrence,Race-Ethnicity,Asian,ALL,All causes (total),ICD-10,3080.0,,,02/17/2026,02/17/2026,2026-01-01,2026-02-17,2026-02-17,False,,3080.0,False,True,2026-01
4391,2026,1,Occurrence,Race-Ethnicity,Black,ALL,All causes (total),ICD-10,1759.0,,,02/17/2026,02/17/2026,2026-01-01,2026-02-17,2026-02-17,False,,1759.0,False,True,2026-01
4392,2026,1,Occurrence,Race-Ethnicity,Hawaiian/Pacific Islander,ALL,All causes (total),ICD-10,109.0,,,02/17/2026,02/17/2026,2026-01-01,2026-02-17,2026-02-17,False,,109.0,False,True,2026-01
4393,2026,1,Occurrence,Race-Ethnicity,Hispanic,ALL,All causes (total),ICD-10,5740.0,,,02/17/2026,02/17/2026,2026-01-01,2026-02-17,2026-02-17,False,,5740.0,False,True,2026-01
4394,2026,1,Occurrence,Race-Ethnicity,Multi-Race,ALL,All causes (total),ICD-10,264.0,,,02/17/2026,02/17/2026,2026-01-01,2026-02-17,2026-02-17,False,,264.0,False,True,2026-01
4395,2026,1,Occurrence,Race-Ethnicity,White,ALL,All causes (total),ICD-10,13670.0,,,02/17/2026,02/17/2026,2026-01-01,2026-02-17,2026-02-17,False,,13670.0,False,True,2026-01
4396,2026,1,Occurrence,Race-Ethnicity,Other/Unknown,ALL,All causes (total),ICD-10,272.0,,,02/17/2026,02/17/2026,2026-01-01,2026-02-17,2026-02-17,False,,272.0,False,True,2026-01
4400,2026,1,Occurrence,Race-Ethnicity,American Indian/Alaska Native,ALZ,Alzheimer's disease,ICD-10,,1,Cell suppressed for small numbers,02/17/2026,02/17/2026,2026-01-01,2026-02-17,2026-02-17,True,Cell suppressed for small numbers,,False,False,2026-01
4401,2026,1,Occurrence,Race-Ethnicity,Asian,ALZ,Alzheimer's disease,ICD-10,176.0,,,02/17/2026,02/17/2026,2026-01-01,2026-02-17,2026-02-17,False,,176.0,False,False,2026-01
4402,2026,1,Occurrence,Race-Ethnicity,Black,ALZ,Alzheimer's disease,ICD-10,89.0,,,02/17/2026,02/17/2026,2026-01-01,2026-02-17,2026-02-17,False,,89.0,False,False,2026-01
4403,2026,1,Occurrence,Race-Ethnicity,Hawaiian/Pacific Islander,ALZ,Alzheimer's disease,ICD-10,,1,Cell suppressed for small numbers,02/17/2026,02/17/2026,2026-01-01,2026-02-17,2026-02-17,True,Cell suppressed for small numbers,,False,False,2026-01
4404,2026,1,Occurrence,Race-Ethnicity,Hispanic,ALZ,Alzheimer's disease,ICD-10,282.0,,,02/17/2026,02/17/2026,2026-01-01,2026-02-17,2026-02-17,False,,282.0,False,False,2026-01
4405,2026,1,Occurrence,Race-Ethnicity,Multi-Race,ALZ,Alzheimer's disease,ICD-10,,1,Cell suppressed for small numbers,02/17/2026,02/17/2026,2026-01-01,2026-02-17,2026-02-17,True,Cell suppressed for small numbers,,False,False,2026-01
4406,2026,1,Occurrence,Race-Ethnicity,White,ALZ,Alzheimer's disease,ICD-10,887.0,,,02/17/2026,02/17/2026,2026-01-01,2026-02-17,2026-02-17,False,,887.0,False,False,2026-01
4407,2026,1,Occurrence,Race-Ethnicity,Other/Unknown,ALZ,Alzheimer's disease,ICD-10,,1,Cell suppressed for small numbers,02/17/2026,02/17/2026,2026-01-01,2026-02-17,2026-02-17,True,Cell suppressed for small numbers,,False,False,2026-01
4411,2026,1,Occurrence,Race-Ethnicity,American Indian/Alaska Native,CAN,Malignant neoplasms,ICD-10,20.0,,,02/17/2026,02/17/2026,2026-01-01,2026-02-17,2026-02-17,False,,20.0,False,False,2026-01
4412,2026,1,Occurrence,Race-Ethnicity,Asian,CAN,Malignant neoplasms,ICD-10,709.0,,,02/17/2026,02/17/2026,2026-01-01,2026-02-17,2026-02-17,False,,709.0,False,False,2026-01
4413,2026,1,Occurrence,Race-Ethnicity,Black,CAN,Malignant neoplasms,ICD-10,316.0,,,02/17/2026,02/17/2026,2026-01-01,2026-02-17,2026-02-17,False,,316.0,False,False,2026-01
4414,2026,1,Occurrence,Race-Ethnicity,Hawaiian/Pacific Islander,CAN,Malignant neoplasms,ICD-10,23.0,,,02/17/2026,02/17/2026,2026-01-01,2026-02-17,2026-02-17,False,,23.0,False,False,2026-01
4415,2026,1,Occurrence,Race-Ethnicity,Hispanic,CAN,Malignant neoplasms,ICD-10,1174.0,,,02/17/2026,02/17/2026,2026-01-01,2026-02-17,2026-02-17,False,,1174.0,False,False,2026-01
4416,2026,1,Occurrence,Race-Ethnicity,Multi-Race,CAN,Malignant neoplasms,ICD-10,50.0,,,02/17/2026,02/17/2026,2026-01-01,2026-02-17,2026-02-17,False,,50.0,False,False,2026-01
4417,2026,1,Occurrence,Race-Ethnicity,White,CAN,Malignant neoplasms,ICD-10,2838.0,,,02/17/2026,02/17/2026,2026-01-01,2026-02-17,2026-02-17,False,,2838.0,False,False,2026-01
4418,2026,1,Occurrence,Race-Ethnicity,Other/Unknown,CAN,Malignant neoplasms,ICD-10,43.0,,,02/17/2026,02/17/2026,2026-01-01,2026-02-17,2026-02-17,False,,43.0,False,False,2026-01
4422,2026,1,Occurrence,Race-Ethnicity,American Indian/Alaska Native,CLD,Chronic lower respiratory diseases,ICD-10,,1,Cell suppressed for small numbers,02/17/2026,02/17/2026,2026-01-01,2026-02-17,2026-02-17,True,Cell suppressed for small numbers,,False,False,2026-01
4423,2026,1,Occurrence,Race-Ethnicity,Asian,CLD,Chronic lower respiratory diseases,ICD-10,62.0,,,02/17/2026,02/17/2026,2026-01-01,2026-02-17,2026-02-17,False,,62.0,False,False,2026-01
4424,2026,1,Occurrence,Race-Ethnicity,Black,CLD,Chronic lower respiratory diseases,ICD-10,53.0,,,02/17/2026,02/17/2026,2026-01-01,2026-02-17,2026-02-17,False,,53.0,False,False,2026-01
4425,2026,1,Occurrence,Race-Ethnicity,Hawaiian/Pacific Islander,CLD,Chronic lower respiratory diseases,ICD-10,,1,Cell suppressed for small numbers,02/17/2026,02/17/2026,2026-01-01,2026-02-17,2026-02-17,True,Cell suppressed for small numbers,,False,False,2026-01
4426,2026,1,Occurrence,Race-Ethnicity,Hispanic,CLD,Chronic lower respiratory diseases,ICD-10,121.0,,,02/17/2026,02/17/2026,2026-01-01,2026-02-17,2026-02-17,False,,121.0,False,False,2026-01
4427,2026,1,Occurrence,Race-Ethnicity,Multi-Race,CLD,Chronic lower respiratory diseases,ICD-10,,1,Cell suppressed for small numbers,02/17/2026,02/17/2026,2026-01-01,2026-02-17,2026-02-17,True,Cell suppressed for small numbers,,False,False,2026-01
4428,2026,1,Occurrence,Race-Ethnicity,White,CLD,Chronic lower respiratory diseases,ICD-10,713.0,,,02/17/2026,02/17/2026,2026-01-01,2026-02-17,2026-02-17,False,,713.0,False,False,2026-01
4429,2026,1,Occurrence,Race-Ethnicity,Other/Unknown,CLD,Chronic lower respiratory diseases,ICD-10,,1,Cell suppressed for small numbers,02/17/2026,02/17/2026,2026-01-01,2026-02-17,2026-02-17,True,Cell suppressed for small numbers,,False,False,2026-01
4433,2026,1,Occurrence,Race-Ethnicity,American Indian/Alaska Native,DIA,Diabetes mellitus,ICD-10,,1,Cell suppressed for small numbers,02/17/2026,02/17/2026,2026-01-01,2026-02-17,2026-02-17,True,Cell suppressed for small numbers,,False,False,2026-01
4434,2026,1,Occurrence,Race-Ethnicity,Asian,DIA,Diabetes mellitus,ICD-10,157.0,,,02/17/2026,02/17/2026,2026-01-01,2026-02-17,2026-02-17,False,,157.0,False,False,2026-01
4435,2026,1,Occurrence,Race-Ethnicity,Black,DIA,Diabetes mellitus,ICD-10,82.0,,,02/17/2026,02/17/2026,2026-01-01,2026-02-17,2026-02-17,False,,82.0,False,False,2026-01
4436,2026,1,Occurrence,Race-Ethnicity,Hawaiian/Pacific Islander,DIA,Diabetes mellitus,ICD-10,,1,Cell suppressed for small numbers,02/17/2026,02/17/2026,2026-01-01,2026-02-17,2026-02-17,True,Cell suppressed for small numbers,,False,False,2026-01
4437,2026,1,Occurrence,Race-Ethnicity,Hispanic,DIA,Diabetes mellitus,ICD-10,357.0,,,02/17/2026,02/17/2026,2026-01-01,2026-02-17,2026-02-17,False,,357.0,False,False,2026-01
4438,2026,1,Occurrence,Race-Ethnicity,Multi-Race,DIA,Diabetes mellitus,ICD-10,,1,Cell suppressed for small numbers,02/17/2026,02/17/2026,2026-01-01,2026-02-17,2026-02-17,True,Cell suppressed for small numbers,,False,False,2026-01
4439,2026,1,Occurrence,Race-Ethnicity,White,DIA,Diabetes mellitus,ICD-10,328.0,,,02/17/2026,02/17/2026,2026-01-01,2026-02-17,2026-02-17,False,,328.0,False,False,2026-01
4440,2026,1,Occurrence,Race-Ethnicity,Other/Unknown,DIA,Diabetes mellitus,ICD-10,,1,Cell suppressed for small numbers,02/17/2026,02/17/2026,2026-01-01,2026-02-17,2026-02-17,True,Cell suppressed for small numbers,,False,False,2026-01
4444,2026,1,Occurrence,Race-Ethnicity,American Indian/Alaska Native,HOM,Assault (homicide),ICD-10,,1,Cell suppressed for small numbers,02/17/2026,02/17/2026,2026-01-01,2026-02-17,2026-02-17,True,Cell suppressed for small numbers,,False,False,2026-01
4445,2026,1,Occurrence,Race-Ethnicity,Asian,HOM,Assault (homicide),ICD-10,,1,Cell suppressed for small numbers,02/17/2026,02/17/2026,2026-01-01,2026-02-17,2026-02-17,True,Cell suppressed for small numbers,,False,False,2026-01
4446,2026,1,Occurrence,Race-Ethnicity,Black,HOM,Assault (homicide),ICD-10,,1,Cell suppressed for small numbers,02/17/2026,02/17/2026,2026-01-01,2026-02-17,2026-02-17,True,Cell suppressed for small numbers,,False,False,2026-01
4447,2026,1,Occurrence,Race-Ethnicity,Hawaiian/Pacific Islander,HOM,Assault (homicide),ICD-10,0.0,,,02/17/2026,02/17/2026,2026-01-01,2026-02-17,2026-02-17,False,,0.0,False,False,2026-01
4448,2026,1,Occurrence,Race-Ethnicity,Hispanic,HOM,Assault (homicide),ICD-10,34.0,,,02/17/2026,02/17/2026,2026-01-01,2026-02-17,2026-02-17,False,,34.0,False,False,2026-01
4449,2026,1,Occurrence,Race-Ethnicity,Multi-Race,HOM,Assault (homicide),ICD-10,,1,Cell suppressed for small numbers,02/17/2026,02/17/2026,2026-01-01,2026-02-17,2026-02-17,True,Cell suppressed for small numbers,,False,False,2026-01
4450,2026,1,Occurrence,Race-Ethnicity,White,HOM,Assault (homicide),ICD-10,,1,Cell suppressed for small numbers,02/17/2026,02/17/2026,2026-01-01,2026-02-17,2026-02-17,True,Cell suppressed for small numbers,,False,False,2026-01
4451,2026,1,Occurrence,Race-Ethnicity,Other/Unknown,HOM,Assault (homicide),ICD-10,0.0,,,02/17/2026,02/17/2026,2026-01-01,2026-02-17,2026-02-17,False,,0.0,False,False,2026-01
4455,2026,1,Occurrence,Race-Ethnicity,American Indian/Alaska Native,HTD,Diseases of heart,ICD-10,23.0,,,02/17/2026,02/17/2026,2026-01-01,2026-02-17,2026-02-17,False,,23.0,False,False,2026-01
4456,2026,1,Occurrence,Race-Ethnicity,Asian,HTD,Diseases of heart,ICD-10,532.0,,,02/17/2026,02/17/2026,2026-01-01,2026-02-17,2026-02-17,False,,532.0,False,False,2026-01
4457,2026,1,Occurrence,Race-Ethnicity,Black,HTD,Diseases of heart,ICD-10,407.0,,,02/17/2026,02/17/2026,2026-01-01,2026-02-17,2026-02-17,False,,407.0,False,False,2026-01
4458,2026,1,Occurrence,Race-Ethnicity,Hawaiian/Pacific Islander,HTD,Diseases of heart,ICD-10,26.0,,,02/17/2026,02/17/2026,2026-01-01,2026-02-17,2026-02-17,False,,26.0,False,False,2026-01
4459,2026,1,Occurrence,Race-Ethnicity,Hispanic,HTD,Diseases of heart,ICD-10,921.0,,,02/17/2026,02/17/2026,2026-01-01,2026-02-17,2026-02-17,False,,921.0,False,False,2026-01
4460,2026,1,Occurrence,Race-Ethnicity,Multi-Race,HTD,Diseases of heart,ICD-10,38.0,,,02/17/2026,02/17/2026,2026-01-01,2026-02-17,2026-02-17,False,,38.0,False,False,2026-01
4461,2026,1,Occurrence,Race-Ethnicity,White,HTD,Diseases of heart,ICD-10,2809.0,,,02/17/2026,02/17/2026,2026-01-01,2026-02-17,2026-02-17,False,,2809.0,False,False,2026-01
4462,2026,1,Occurrence,Race-Ethnicity,Other/Unknown,HTD,Diseases of heart,ICD-10,51.0,,,02/17/2026,02/17/2026,2026-01-01,2026-02-17,2026-02-17,False,,51.0,False,False,2026-01
4466,2026,1,Occurrence,Race-Ethnicity,American Indian/Alaska Native,HYP,Essential hypertension and hypertensive renal disease,ICD-10,,1,Cell suppressed for small numbers,02/17/2026,02/17/2026,2026-01-01,2026-02-17,2026-02-17,True,Cell suppressed for small numbers,,False,False,2026-01
4467,2026,1,Occurrence,Race-Ethnicity,Asian,HYP,Essential hypertension and hypertensive renal disease,ICD-10,104.0,,,02/17/2026,02/17/2026,2026-01-01,2026-02-17,2026-02-17,False,,104.0,False,False,2026-01
4468,2026,1,Occurrence,Race-Ethnicity,Black,HYP,Essential hypertension and hypertensive renal disease,ICD-10,63.0,,,02/17/2026,02/17/2026,2026-01-01,2026-02-17,2026-02-17,False,,63.0,False,False,2026-01
4469,2026,1,Occurrence,Race-Ethnicity,Hawaiian/Pacific Islander,HYP,Essential hypertension and hypertensive renal disease,ICD-10,,1,Cell suppressed for small numbers,02/17/2026,02/17/2026,2026-01-01,2026-02-17,2026-02-17,True,Cell suppressed for small numbers,,False,False,2026-01
4470,2026,1,Occurrence,Race-Ethnicity,Hispanic,HYP,Essential hypertension and hypertensive renal disease,ICD-10,138.0,,,02/17/2026,02/17/2026,2026-01-01,2026-02-17,2026-02-17,False,,138.0,False,False,2026-01
4471,2026,1,Occurrence,Race-Ethnicity,Multi-Race,HYP,Essential hypertension and hypertensive renal disease,ICD-10,,1,Cell suppressed for small numbers,02/17/2026,02/17/2026,2026-01-01,2026-02-17,2026-02-17,True,Cell suppressed for small numbers,,False,False,2026-01
4472,2026,1,Occurrence,Race-Ethnicity,White,HYP,Essential hypertension and hypertensive renal disease,ICD-10,305.0,,,02/17/2026,02/17/2026,2026-01-01,2026-02-17,2026-02-17,False,,305.0,False,False,2026-01
4473,2026,1,Occurrence,Race-Ethnicity,Other/Unknown,HYP,Essential hypertension and hypertensive renal disease,ICD-10,,1,Cell suppressed for small numbers,02/17/2026,02/17/2026,2026-01-01,2026-02-17,2026-02-17,True,Cell suppressed for small numbers,,False,False,2026-01
4477,2026,1,Occurrence,Race-Ethnicity,American Indian/Alaska Native,INJ,Accidents (unintentional injuries),ICD-10,,1,Cell suppressed for small numbers,02/17/2026,02/17/2026,2026-01-01,2026-02-17,2026-02-17,True,Cell suppressed for small numbers,,False,False,2026-01
4478,2026,1,Occurrence,Race-Ethnicity,Asian,INJ,Accidents (unintentional injuries),ICD-10,40.0,,,02/17/2026,02/17/2026,2026-01-01,2026-02-17,2026-02-17,False,,40.0,False,False,2026-01
4479,2026,1,Occurrence,Race-Ethnicity,Black,INJ,Accidents (unintentional injuries),ICD-10,26.0,,,02/17/2026,02/17/2026,2026-01-01,2026-02-17,2026-02-17,False,,26.0,False,False,2026-01
4480,2026,1,Occurrence,Race-Ethnicity,Hawaiian/Pacific Islander,INJ,Accidents (unintentional injuries),ICD-10,,1,Cell suppressed for small numbers,02/17/2026,02/17/2026,2026-01-01,2026-02-17,2026-02-17,True,Cell suppressed for small numbers,,False,False,2026-01
4481,2026,1,Occurrence,Race-Ethnicity,Hispanic,INJ,Accidents (unintentional injuries),ICD-10,146.0,,,02/17/2026,02/17/2026,2026-01-01,2026-02-17,2026-02-17,False,,146.0,False,False,2026-01
4482,2026,1,Occurrence,Race-Ethnicity,Multi-Race,INJ,Accidents (unintentional injuries),ICD-10,,1,Cell suppressed for small numbers,02/17/2026,02/17/2026,2026-01-01,2026-02-17,2026-02-17,True,Cell suppressed for small numbers,,False,False,2026-01
4483,2026,1,Occurrence,Race-Ethnicity,White,INJ,Accidents (unintentional injuries),ICD-10,249.0,,,02/17/2026,02/17/2026,2026-01-01,2026-02-17,2026-02-17,False,,249.0,False,False,2026-01
4484,2026,1,Occurrence,Race-Ethnicity,Other/Unknown,INJ,Accidents (unintentional injuries),ICD-10,,1,Cell suppressed for small numbers,02/17/2026,02/17/2026,2026-01-01,2026-02-17,2026-02-17,True,Cell suppressed for small numbers,,False,False,2026-01
4488,2026,1,Occurrence,Race-Ethnicity,American Indian/Alaska Native,LIV,Chronic liver disease and cirrhosis,ICD-10,,1,Cell suppressed for small numbers,02/17/2026,02/17/2026,2026-01-01,2026-02-17,2026-02-17,True,Cell suppressed for small numbers,,False,False,2026-01
4489,2026,1,Occurrence,Race-Ethnicity,Asian,LIV,Chronic liver disease and cirrhosis,ICD-10,30.0,,,02/17/2026,02/17/2026,2026-01-01,2026-02-17,2026-02-17,False,,30.0,False,False,2026-01
4490,2026,1,Occurrence,Race-Ethnicity,Black,LIV,Chronic liver disease and cirrhosis,ICD-10,27.0,,,02/17/2026,02/17/2026,2026-01-01,2026-02-17,2026-02-17,False,,27.0,False,False,2026-01
4491,2026,1,Occurrence,Race-Ethnicity,Hawaiian/Pacific Islander,LIV,Chronic liver disease and cirrhosis,ICD-10,0.0,,,02/17/2026,02/17/2026,2026-01-01,2026-02-17,2026-02-17,False,,0.0,False,False,2026-01
4492,2026,1,Occurrence,Race-Ethnicity,Hispanic,LIV,Chronic liver disease and cirrhosis,ICD-10,250.0,,,02/17/2026,02/17/2026,2026-01-01,2026-02-17,2026-02-17,False,,250.0,False,False,2026-01
4493,2026,1,Occurrence,Race-Ethnicity,Multi-Race,LIV,Chronic liver disease and cirrhosis,ICD-10,,1,Cell suppressed for small numbers,02/17/2026,02/17/2026,2026-01-01,2026-02-17,2026-02-17,True,Cell suppressed for small numbers,,False,False,2026-01
4494,2026,1,Occurrence,Race-Ethnicity,White,LIV,Chronic liver disease and cirrhosis,ICD-10,192.0,,,02/17/2026,02/17/2026,2026-01-01,2026-02-17,2026-02-17,False,,192.0,False,False,2026-01
4495,2026,1,Occurrence,Race-Ethnicity,Other/Unknown,LIV,Chronic liver disease and cirrhosis,ICD-10,,1,Cell suppressed for small numbers,02/17/2026,02/17/2026,2026-01-01,2026-02-17,2026-02-17,True,Cell suppressed for small numbers,,False,False,2026-01
4499,2026,1,Occurrence,Race-Ethnicity,American Indian/Alaska Native,NEP,"Nephritis, nephrotic syndrome and nephrosis",ICD-10,,1,Cell suppressed for small numbers,02/17/2026,02/17/2026,2026-01-01,2026-02-17,2026-02-17,True,Cell suppressed for small numbers,,False,False,2026-01
4500,2026,1,Occurrence,Race-Ethnicity,Asian,NEP,"Nephritis, nephrotic syndrome and nephrosis",ICD-10,54.0,,,02/17/2026,02/17/2026,2026-01-01,2026-02-17,2026-02-17,False,,54.0,False,False,2026-01
4501,2026,1,Occurrence,Race-Ethnicity,Black,NEP,"Nephritis, nephrotic syndrome and nephrosis",ICD-10,31.0,,,02/17/2026,02/17/2026,2026-01-01,2026-02-17,2026-02-17,False,,31.0,False,False,2026-01
4502,2026,1,Occurrence,Race-Ethnicity,Hawaiian/Pacific Islander,NEP,"Nephritis, nephrotic syndrome and nephrosis",ICD-10,,1,Cell suppressed for small numbers,02/17/2026,02/17/2026,2026-01-01,2026-02-17,2026-02-17,True,Cell suppressed for small numbers,,False,False,2026-01
4503,2026,1,Occurrence,Race-Ethnicity,Hispanic,NEP,"Nephritis, nephrotic syndrome and nephrosis",ICD-10,108.0,,,02/17/2026,02/17/2026,2026-01-01,2026-02-17,2026-02-17,False,,108.0,False,False,2026-01
4504,2026,1,Occurrence,Race-Ethnicity,Multi-Race,NEP,"Nephritis, nephrotic syndrome and nephrosis",ICD-10,,1,Cell suppressed for small numbers,02/17/2026,02/17/2026,2026-01-01,2026-02-17,2026-02-17,True,Cell suppressed for small numbers,,False,False,2026-01
4505,2026,1,Occurrence,Race-Ethnicity,White,NEP,"Nephritis, nephrotic syndrome and nephrosis",ICD-10,134.0,,,02/17/2026,02/17/2026,2026-01-01,2026-02-17,2026-02-17,False,,134.0,False,False,2026-01
4506,2026,1,Occurrence,Race-Ethnicity,Other/Unknown,NEP,"Nephritis, nephrotic syndrome and nephrosis",ICD-10,0.0,,,02/17/2026,02/17/2026,2026-01-01,2026-02-17,2026-02-17,False,,0.0,False,False,2026-01
4510,2026,1,Occurrence,Race-Ethnicity,American Indian/Alaska Native,PAR,Parkinson's disease,ICD-10,0.0,,,02/17/2026,02/17/2026,2026-01-01,2026-02-17,2026-02-17,False,,0.0,False,False,2026-01
4511,2026,1,Occurrence,Race-Ethnicity,Asian,PAR,Parkinson's disease,ICD-10,70.0,,,02/17/2026,02/17/2026,2026-01-01,2026-02-17,2026-02-17,False,,70.0,False,False,2026-01
4512,2026,1,Occurrence,Race-Ethnicity,Black,PAR,Parkinson's disease,ICD-10,,1,Cell suppressed for small numbers,02/17/2026,02/17/2026,2026-01-01,2026-02-17,2026-02-17,True,Cell suppressed for small numbers,,False,False,2026-01
4513,2026,1,Occurrence,Race-Ethnicity,Hawaiian/Pacific Islander,PAR,Parkinson's disease,ICD-10,,1,Cell suppressed for small numbers,02/17/2026,02/17/2026,2026-01-01,2026-02-17,2026-02-17,True,Cell suppressed for small numbers,,False,False,2026-01
4514,2026,1,Occurrence,Race-Ethnicity,Hispanic,PAR,Parkinson's disease,ICD-10,68.0,,,02/17/2026,02/17/2026,2026-01-01,2026-02-17,2026-02-17,False,,68.0,False,False,2026-01
4515,2026,1,Occurrence,Race-Ethnicity,Multi-Race,PAR,Parkinson's disease,ICD-10,,1,Cell suppressed for small numbers,02/17/2026,02/17/2026,2026-01-01,2026-02-17,2026-02-17,True,Cell suppressed for small numbers,,False,False,2026-01
4516,2026,1,Occurrence,Race-Ethnicity,White,PAR,Parkinson's disease,ICD-10,251.0,,,02/17/2026,02/17/2026,2026-01-01,2026-02-17,2026-02-17,False,,251.0,False,False,2026-01
4517,2026,1,Occurrence,Race-Ethnicity,Other/Unknown,PAR,Parkinson's disease,ICD-10,,1,Cell suppressed for small numbers,02/17/2026,02/17/2026,2026-01-01,2026-02-17,2026-02-17,True,Cell suppressed for small numbers,,False,False,2026-01
4521,2026,1,Occurrence,Race-Ethnicity,American Indian/Alaska Native,PNF,Influenza and pneumonia,ICD-10,,1,Cell suppressed for small numbers,02/17/2026,02/17/2026,2026-01-01,2026-02-17,2026-02-17,True,Cell suppressed for small numbers,,False,False,2026-01
4522,2026,1,Occurrence,Race-Ethnicity,Asian,PNF,Influenza and pneumonia,ICD-10,121.0,,,02/17/2026,02/17/2026,2026-01-01,2026-02-17,2026-02-17,False,,121.0,False,False,2026-01
4523,2026,1,Occurrence,Race-Ethnicity,Black,PNF,Influenza and pneumonia,ICD-10,29.0,,,02/17/2026,02/17/2026,2026-01-01,2026-02-17,2026-02-17,False,,29.0,False,False,2026-01
4524,2026,1,Occurrence,Race-Ethnicity,Hawaiian/Pacific Islander,PNF,Influenza and pneumonia,ICD-10,,1,Cell suppressed for small numbers,02/17/2026,02/17/2026,2026-01-01,2026-02-17,2026-02-17,True,Cell suppressed for small numbers,,False,False,2026-01
4525,2026,1,Occurrence,Race-Ethnicity,Hispanic,PNF,Influenza and pneumonia,ICD-10,142.0,,,02/17/2026,02/17/2026,2026-01-01,2026-02-17,2026-02-17,False,,142.0,False,False,2026-01
4526,2026,1,Occurrence,Race-Ethnicity,Multi-Race,PNF,Influenza and pneumonia,ICD-10,,1,Cell suppressed for small numbers,02/17/2026,02/17/2026,2026-01-01,2026-02-17,2026-02-17,True,Cell suppressed for small numbers,,False,False,2026-01
4527,2026,1,Occurrence,Race-Ethnicity,White,PNF,Influenza and pneumonia,ICD-10,308.0,,,02/17/2026,02/17/2026,2026-01-01,2026-02-17,2026-02-17,False,,308.0,False,False,2026-01
4528,2026,1,Occurrence,Race-Ethnicity,Other/Unknown,PNF,Influenza and pneumonia,ICD-10,,1,Cell suppressed for small numbers,02/17/2026,02/17/2026,2026-01-01,2026-02-17,2026-02-17,True,Cell suppressed for small numbers,,False,False,2026-01
4532,2026,1,Occurrence,Race-Ethnicity,American Indian/Alaska Native,STK,Cerebrovascular diseases,ICD-10,,1,Cell suppressed for small numbers,02/17/2026,02/17/2026,2026-01-01,2026-02-17,2026-02-17,True,Cell suppressed for small numbers,,False,False,2026-01
4533,2026,1,Occurrence,Race-Ethnicity,Asian,STK,Cerebrovascular diseases,ICD-10,231.0,,,02/17/2026,02/17/2026,2026-01-01,2026-02-17,2026-02-17,False,,231.0,False,False,2026-01
4534,2026,1,Occurrence,Race-Ethnicity,Black,STK,Cerebrovascular diseases,ICD-10,105.0,,,02/17/2026,02/17/2026,2026-01-01,2026-02-17,2026-02-17,False,,105.0,False,False,2026-01
4535,2026,1,Occurrence,Race-Ethnicity,Hawaiian/Pacific Islander,STK,Cerebrovascular diseases,ICD-10,,1,Cell suppressed for small numbers,02/17/2026,02/17/2026,2026-01-01,2026-02-17,2026-02-17,True,Cell suppressed for small numbers,,False,False,2026-01
4536,2026,1,Occurrence,Race-Ethnicity,Hispanic,STK,Cerebrovascular diseases,ICD-10,303.0,,,02/17/2026,02/17/2026,2026-01-01,2026-02-17,2026-02-17,False,,303.0,False,False,2026-01
4537,2026,1,Occurrence,Race-Ethnicity,Multi-Race,STK,Cerebrovascular diseases,ICD-10,18.0,,,02/17/2026,02/17/2026,2026-01-01,2026-02-17,2026-02-17,False,,18.0,False,False,2026-01
4538,2026,1,Occurrence,Race-Ethnicity,White,STK,Cerebrovascular diseases,ICD-10,811.0,,,02/17/2026,02/17/2026,2026-01-01,2026-02-17,2026-02-17,False,,811.0,False,False,2026-01
4539,2026,1,Occurrence,Race-Ethnicity,Other/Unknown,STK,Cerebrovascular diseases,ICD-10,17.0,,,02/17/2026,02/17/2026,2026-01-01,2026-02-17,2026-02-17,False,,17.0,False,False,2026-01
4543,2026,1,Occurrence,Race-Ethnicity,American Indian/Alaska Native,SUI,Intentional self-harm (suicide),ICD-10,0.0,,,02/17/2026,02/17/2026,2026-01-01,2026-02-17,2026-02-17,False,,0.0,False,False,2026-01
4544,2026,1,Occurrence,Race-Ethnicity,Asian,SUI,Intentional self-harm (suicide),ICD-10,18.0,,,02/17/2026,02/17/2026,2026-01-01,2026-02-17,2026-02-17,False,,18.0,False,False,2026-01
4545,2026,1,Occurrence,Race-Ethnicity,Black,SUI,Intentional self-harm (suicide),ICD-10,,1,Cell suppressed for small numbers,02/17/2026,02/17/2026,2026-01-01,2026-02-17,2026-02-17,True,Cell suppressed for small numbers,,False,False,2026-01
4546,2026,1,Occurrence,Race-Ethnicity,Hawaiian/Pacific Islander,SUI,Intentional self-harm (suicide),ICD-10,,1,Cell suppressed for small numbers,02/17/2026,02/17/2026,2026-01-01,2026-02-17,2026-02-17,True,Cell suppressed for small numbers,,False,False,2026-01
4547,2026,1,Occurrence,Race-Ethnicity,Hispanic,SUI,Intentional self-harm (suicide),ICD-10,32.0,,,02/17/2026,02/17/2026,2026-01-01,2026-02-17,2026-02-17,False,,32.0,False,False,2026-01
4548,2026,1,Occurrence,Race-Ethnicity,Multi-Race,SUI,Intentional self-harm (suicide),ICD-10,,1,Cell suppressed for small numbers,02/17/2026,02/17/2026,2026-01-01,2026-02-17,2026-02-17,True,Cell suppressed for small numbers,,False,False,2026-01
4549,2026,1,Occurrence,Race-Ethnicity,White,SUI,Intentional self-harm (suicide),ICD-10,78.0,,,02/17/2026,02/17/2026,2026-01-01,2026-02-17,2026-02-17,False,,78.0,False,False,2026-01
4550,2026,1,Occurrence,Race-Ethnicity,Other/Unknown,SUI,Intentional self-harm (suicide),ICD-10,,1,Cell suppressed for small numbers,02/17/2026,02/17/2026,2026-01-01,2026-02-17,2026-02-17,True,Cell suppressed for small numbers,,False,False,2026-01
