_id,Year,Month,Geography_Type,Strata,Strata_Name,Cause,Cause_Desc,ICD_Revision,Count,Annotation_Code,Annotation_Desc,Data_Extract_Date,Data_Revision_Date
1,2024,01,Occurrence,Total Population,Total Population,ALL,All causes (total),ICD-10,27728.0,,,02/17/2026,02/17/2026
2,2024,01,Occurrence,Age,Under 1 year,ALL,All causes (total),ICD-10,132.0,,,02/17/2026,02/17/2026
3,2024,01,Occurrence,Age,1-4 years,ALL,All causes (total),ICD-10,24.0,,,02/17/2026,02/17/2026
4,2024,01,Occurrence,Age,5-14 years,ALL,All causes (total),ICD-10,53.0,,,02/17/2026,02/17/2026
5,2024,01,Occurrence,Age,15-24 years,ALL,All causes (total),ICD-10,264.0,,,02/17/2026,02/17/2026
6,2024,01,Occurrence,Age,25-34 years,ALL,All causes (total),ICD-10,581.0,,,02/17/2026,02/17/2026
7,2024,01,Occurrence,Age,35-44 years,ALL,All causes (total),ICD-10,930.0,,,02/17/2026,02/17/2026
8,2024,01,Occurrence,Age,45-54 years,ALL,All causes (total),ICD-10,1440.0,,,02/17/2026,02/17/2026
9,2024,01,Occurrence,Age,55-64 years,ALL,All causes (total),ICD-10,3133.0,,,02/17/2026,02/17/2026
10,2024,01,Occurrence,Age,65-74 years,ALL,All causes (total),ICD-10,5315.0,,,02/17/2026,02/17/2026
11,2024,01,Occurrence,Age,75-84 years,ALL,All causes (total),ICD-10,6823.0,,,02/17/2026,02/17/2026
12,2024,01,Occurrence,Age,85 years and over,ALL,All causes (total),ICD-10,9030.0,,,02/17/2026,02/17/2026
13,2024,01,Occurrence,Gender,Female,ALL,All causes (total),ICD-10,13100.0,,,02/17/2026,02/17/2026
14,2024,01,Occurrence,Gender,Male,ALL,All causes (total),ICD-10,14627.0,,,02/17/2026,02/17/2026
15,2024,01,Occurrence,Place Type,Inpatient,ALL,All causes (total),ICD-10,9000.0,,,02/17/2026,02/17/2026
16,2024,01,Occurrence,Place Type,Emergency Room/Outpatient,ALL,All causes (total),ICD-10,1493.0,,,02/17/2026,02/17/2026
17,2024,01,Occurrence,Place Type,Decedent's Home,ALL,All causes (total),ICD-10,10359.0,,,02/17/2026,02/17/2026
18,2024,01,Occurrence,Place Type,Hospice Facility,ALL,All causes (total),ICD-10,257.0,,,02/17/2026,02/17/2026
19,2024,01,Occurrence,Place Type,Nursing Home/Long Term Care Facility,ALL,All causes (total),ICD-10,2181.0,,,02/17/2026,02/17/2026
20,2024,01,Occurrence,Place Type,Other/Unknown,ALL,All causes (total),ICD-10,4438.0,,,02/17/2026,02/17/2026
21,2024,01,Occurrence,Race-Ethnicity,American Indian/Alaska Native,ALL,All causes (total),ICD-10,120.0,,,02/17/2026,02/17/2026
22,2024,01,Occurrence,Race-Ethnicity,Asian,ALL,All causes (total),ICD-10,3160.0,,,02/17/2026,02/17/2026
23,2024,01,Occurrence,Race-Ethnicity,Black,ALL,All causes (total),ICD-10,2204.0,,,02/17/2026,02/17/2026
24,2024,01,Occurrence,Race-Ethnicity,Hawaiian/Pacific Islander,ALL,All causes (total),ICD-10,123.0,,,02/17/2026,02/17/2026
25,2024,01,Occurrence,Race-Ethnicity,Hispanic,ALL,All causes (total),ICD-10,6217.0,,,02/17/2026,02/17/2026
26,2024,01,Occurrence,Race-Ethnicity,Multi-Race,ALL,All causes (total),ICD-10,267.0,,,02/17/2026,02/17/2026
27,2024,01,Occurrence,Race-Ethnicity,White,ALL,All causes (total),ICD-10,15406.0,,,02/17/2026,02/17/2026
28,2024,01,Occurrence,Race-Ethnicity,Other/Unknown,ALL,All causes (total),ICD-10,231.0,,,02/17/2026,02/17/2026
29,2024,01,Occurrence,Total Population,Total Population,ALZ,Alzheimer's disease,ICD-10,1664.0,,,02/17/2026,02/17/2026
30,2024,01,Occurrence,Gender,Female,ALZ,Alzheimer's disease,ICD-10,1122.0,,,02/17/2026,02/17/2026
31,2024,01,Occurrence,Gender,Male,ALZ,Alzheimer's disease,ICD-10,542.0,,,02/17/2026,02/17/2026
32,2024,01,Occurrence,Race-Ethnicity,American Indian/Alaska Native,ALZ,Alzheimer's disease,ICD-10,,1,Cell suppressed for small numbers,02/17/2026,02/17/2026
33,2024,01,Occurrence,Race-Ethnicity,Asian,ALZ,Alzheimer's disease,ICD-10,204.0,,,02/17/2026,02/17/2026
34,2024,01,Occurrence,Race-Ethnicity,Black,ALZ,Alzheimer's disease,ICD-10,100.0,,,02/17/2026,02/17/2026
35,2024,01,Occurrence,Race-Ethnicity,Hawaiian/Pacific Islander,ALZ,Alzheimer's disease,ICD-10,,1,Cell suppressed for small numbers,02/17/2026,02/17/2026
36,2024,01,Occurrence,Race-Ethnicity,Hispanic,ALZ,Alzheimer's disease,ICD-10,289.0,,,02/17/2026,02/17/2026
37,2024,01,Occurrence,Race-Ethnicity,Multi-Race,ALZ,Alzheimer's disease,ICD-10,12.0,,,02/17/2026,02/17/2026
38,2024,01,Occurrence,Race-Ethnicity,White,ALZ,Alzheimer's disease,ICD-10,1051.0,,,02/17/2026,02/17/2026
39,2024,01,Occurrence,Race-Ethnicity,Other/Unknown,ALZ,Alzheimer's disease,ICD-10,,1,Cell suppressed for small numbers,02/17/2026,02/17/2026
40,2024,01,Occurrence,Total Population,Total Population,CAN,Malignant neoplasms,ICD-10,5399.0,,,02/17/2026,02/17/2026
41,2024,01,Occurrence,Gender,Female,CAN,Malignant neoplasms,ICD-10,2647.0,,,02/17/2026,02/17/2026
42,2024,01,Occurrence,Gender,Male,CAN,Malignant neoplasms,ICD-10,2751.0,,,02/17/2026,02/17/2026
43,2024,01,Occurrence,Race-Ethnicity,American Indian/Alaska Native,CAN,Malignant neoplasms,ICD-10,21.0,,,02/17/2026,02/17/2026
44,2024,01,Occurrence,Race-Ethnicity,Asian,CAN,Malignant neoplasms,ICD-10,684.0,,,02/17/2026,02/17/2026
45,2024,01,Occurrence,Race-Ethnicity,Black,CAN,Malignant neoplasms,ICD-10,405.0,,,02/17/2026,02/17/2026
46,2024,01,Occurrence,Race-Ethnicity,Hawaiian/Pacific Islander,CAN,Malignant neoplasms,ICD-10,27.0,,,02/17/2026,02/17/2026
47,2024,01,Occurrence,Race-Ethnicity,Hispanic,CAN,Malignant neoplasms,ICD-10,1166.0,,,02/17/2026,02/17/2026
48,2024,01,Occurrence,Race-Ethnicity,Multi-Race,CAN,Malignant neoplasms,ICD-10,45.0,,,02/17/2026,02/17/2026
49,2024,01,Occurrence,Race-Ethnicity,White,CAN,Malignant neoplasms,ICD-10,3013.0,,,02/17/2026,02/17/2026
50,2024,01,Occurrence,Race-Ethnicity,Other/Unknown,CAN,Malignant neoplasms,ICD-10,38.0,,,02/17/2026,02/17/2026
51,2024,01,Occurrence,Total Population,Total Population,CLD,Chronic lower respiratory diseases,ICD-10,1176.0,,,02/17/2026,02/17/2026
52,2024,01,Occurrence,Gender,Female,CLD,Chronic lower respiratory diseases,ICD-10,592.0,,,02/17/2026,02/17/2026
53,2024,01,Occurrence,Gender,Male,CLD,Chronic lower respiratory diseases,ICD-10,584.0,,,02/17/2026,02/17/2026
54,2024,01,Occurrence,Race-Ethnicity,American Indian/Alaska Native,CLD,Chronic lower respiratory diseases,ICD-10,,1,Cell suppressed for small numbers,02/17/2026,02/17/2026
55,2024,01,Occurrence,Race-Ethnicity,Asian,CLD,Chronic lower respiratory diseases,ICD-10,91.0,,,02/17/2026,02/17/2026
56,2024,01,Occurrence,Race-Ethnicity,Black,CLD,Chronic lower respiratory diseases,ICD-10,77.0,,,02/17/2026,02/17/2026
57,2024,01,Occurrence,Race-Ethnicity,Hawaiian/Pacific Islander,CLD,Chronic lower respiratory diseases,ICD-10,,1,Cell suppressed for small numbers,02/17/2026,02/17/2026
58,2024,01,Occurrence,Race-Ethnicity,Hispanic,CLD,Chronic lower respiratory diseases,ICD-10,117.0,,,02/17/2026,02/17/2026
59,2024,01,Occurrence,Race-Ethnicity,Multi-Race,CLD,Chronic lower respiratory diseases,ICD-10,12.0,,,02/17/2026,02/17/2026
60,2024,01,Occurrence,Race-Ethnicity,White,CLD,Chronic lower respiratory diseases,ICD-10,850.0,,,02/17/2026,02/17/2026
61,2024,01,Occurrence,Race-Ethnicity,Other/Unknown,CLD,Chronic lower respiratory diseases,ICD-10,18.0,,,02/17/2026,02/17/2026
62,2024,01,Occurrence,Total Population,Total Population,DIA,Diabetes mellitus,ICD-10,1090.0,,,02/17/2026,02/17/2026
63,2024,01,Occurrence,Gender,Female,DIA,Diabetes mellitus,ICD-10,490.0,,,02/17/2026,02/17/2026
64,2024,01,Occurrence,Gender,Male,DIA,Diabetes mellitus,ICD-10,600.0,,,02/17/2026,02/17/2026
65,2024,01,Occurrence,Race-Ethnicity,American Indian/Alaska Native,DIA,Diabetes mellitus,ICD-10,,1,Cell suppressed for small numbers,02/17/2026,02/17/2026
66,2024,01,Occurrence,Race-Ethnicity,Asian,DIA,Diabetes mellitus,ICD-10,158.0,,,02/17/2026,02/17/2026
67,2024,01,Occurrence,Race-Ethnicity,Black,DIA,Diabetes mellitus,ICD-10,113.0,,,02/17/2026,02/17/2026
68,2024,01,Occurrence,Race-Ethnicity,Hawaiian/Pacific Islander,DIA,Diabetes mellitus,ICD-10,15.0,,,02/17/2026,02/17/2026
69,2024,01,Occurrence,Race-Ethnicity,Hispanic,DIA,Diabetes mellitus,ICD-10,369.0,,,02/17/2026,02/17/2026
70,2024,01,Occurrence,Race-Ethnicity,Multi-Race,DIA,Diabetes mellitus,ICD-10,,1,Cell suppressed for small numbers,02/17/2026,02/17/2026
71,2024,01,Occurrence,Race-Ethnicity,White,DIA,Diabetes mellitus,ICD-10,406.0,,,02/17/2026,02/17/2026
72,2024,01,Occurrence,Race-Ethnicity,Other/Unknown,DIA,Diabetes mellitus,ICD-10,15.0,,,02/17/2026,02/17/2026
73,2024,01,Occurrence,Total Population,Total Population,HOM,Assault (homicide),ICD-10,159.0,,,02/17/2026,02/17/2026
74,2024,01,Occurrence,Gender,Female,HOM,Assault (homicide),ICD-10,30.0,,,02/17/2026,02/17/2026
75,2024,01,Occurrence,Gender,Male,HOM,Assault (homicide),ICD-10,129.0,,,02/17/2026,02/17/2026
76,2024,01,Occurrence,Race-Ethnicity,American Indian/Alaska Native,HOM,Assault (homicide),ICD-10,0.0,,,02/17/2026,02/17/2026
77,2024,01,Occurrence,Race-Ethnicity,Asian,HOM,Assault (homicide),ICD-10,,1,Cell suppressed for small numbers,02/17/2026,02/17/2026
78,2024,01,Occurrence,Race-Ethnicity,Black,HOM,Assault (homicide),ICD-10,39.0,,,02/17/2026,02/17/2026
79,2024,01,Occurrence,Race-Ethnicity,Hawaiian/Pacific Islander,HOM,Assault (homicide),ICD-10,,1,Cell suppressed for small numbers,02/17/2026,02/17/2026
80,2024,01,Occurrence,Race-Ethnicity,Hispanic,HOM,Assault (homicide),ICD-10,77.0,,,02/17/2026,02/17/2026
81,2024,01,Occurrence,Race-Ethnicity,Multi-Race,HOM,Assault (homicide),ICD-10,,1,Cell suppressed for small numbers,02/17/2026,02/17/2026
82,2024,01,Occurrence,Race-Ethnicity,White,HOM,Assault (homicide),ICD-10,32.0,,,02/17/2026,02/17/2026
83,2024,01,Occurrence,Race-Ethnicity,Other/Unknown,HOM,Assault (homicide),ICD-10,0.0,,,02/17/2026,02/17/2026
84,2024,01,Occurrence,Total Population,Total Population,HTD,Diseases of heart,ICD-10,5948.0,,,02/17/2026,02/17/2026
85,2024,01,Occurrence,Gender,Female,HTD,Diseases of heart,ICD-10,2541.0,,,02/17/2026,02/17/2026
86,2024,01,Occurrence,Gender,Male,HTD,Diseases of heart,ICD-10,3407.0,,,02/17/2026,02/17/2026
87,2024,01,Occurrence,Race-Ethnicity,American Indian/Alaska Native,HTD,Diseases of heart,ICD-10,22.0,,,02/17/2026,02/17/2026
88,2024,01,Occurrence,Race-Ethnicity,Asian,HTD,Diseases of heart,ICD-10,659.0,,,02/17/2026,02/17/2026
89,2024,01,Occurrence,Race-Ethnicity,Black,HTD,Diseases of heart,ICD-10,518.0,,,02/17/2026,02/17/2026
90,2024,01,Occurrence,Race-Ethnicity,Hawaiian/Pacific Islander,HTD,Diseases of heart,ICD-10,28.0,,,02/17/2026,02/17/2026
91,2024,01,Occurrence,Race-Ethnicity,Hispanic,HTD,Diseases of heart,ICD-10,1125.0,,,02/17/2026,02/17/2026
92,2024,01,Occurrence,Race-Ethnicity,Multi-Race,HTD,Diseases of heart,ICD-10,58.0,,,02/17/2026,02/17/2026
93,2024,01,Occurrence,Race-Ethnicity,White,HTD,Diseases of heart,ICD-10,3498.0,,,02/17/2026,02/17/2026
94,2024,01,Occurrence,Race-Ethnicity,Other/Unknown,HTD,Diseases of heart,ICD-10,40.0,,,02/17/2026,02/17/2026
95,2024,01,Occurrence,Total Population,Total Population,HYP,Essential hypertension and hypertensive renal disease,ICD-10,642.0,,,02/17/2026,02/17/2026
96,2024,01,Occurrence,Gender,Female,HYP,Essential hypertension and hypertensive renal disease,ICD-10,339.0,,,02/17/2026,02/17/2026
97,2024,01,Occurrence,Gender,Male,HYP,Essential hypertension and hypertensive renal disease,ICD-10,303.0,,,02/17/2026,02/17/2026
98,2024,01,Occurrence,Race-Ethnicity,American Indian/Alaska Native,HYP,Essential hypertension and hypertensive renal disease,ICD-10,,1,Cell suppressed for small numbers,02/17/2026,02/17/2026
99,2024,01,Occurrence,Race-Ethnicity,Asian,HYP,Essential hypertension and hypertensive renal disease,ICD-10,91.0,,,02/17/2026,02/17/2026
100,2024,01,Occurrence,Race-Ethnicity,Black,HYP,Essential hypertension and hypertensive renal disease,ICD-10,63.0,,,02/17/2026,02/17/2026
101,2024,01,Occurrence,Race-Ethnicity,Hawaiian/Pacific Islander,HYP,Essential hypertension and hypertensive renal disease,ICD-10,,1,Cell suppressed for small numbers,02/17/2026,02/17/2026
102,2024,01,Occurrence,Race-Ethnicity,Hispanic,HYP,Essential hypertension and hypertensive renal disease,ICD-10,147.0,,,02/17/2026,02/17/2026
103,2024,01,Occurrence,Race-Ethnicity,Multi-Race,HYP,Essential hypertension and hypertensive renal disease,ICD-10,,1,Cell suppressed for small numbers,02/17/2026,02/17/2026
104,2024,01,Occurrence,Race-Ethnicity,White,HYP,Essential hypertension and hypertensive renal disease,ICD-10,327.0,,,02/17/2026,02/17/2026
105,2024,01,Occurrence,Race-Ethnicity,Other/Unknown,HYP,Essential hypertension and hypertensive renal disease,ICD-10,,1,Cell suppressed for small numbers,02/17/2026,02/17/2026
106,2024,01,Occurrence,Total Population,Total Population,INJ,Accidents (unintentional injuries),ICD-10,1759.0,,,02/17/2026,02/17/2026
107,2024,01,Occurrence,Gender,Female,INJ,Accidents (unintentional injuries),ICD-10,490.0,,,02/17/2026,02/17/2026
108,2024,01,Occurrence,Gender,Male,INJ,Accidents (unintentional injuries),ICD-10,1269.0,,,02/17/2026,02/17/2026
109,2024,01,Occurrence,Race-Ethnicity,American Indian/Alaska Native,INJ,Accidents (unintentional injuries),ICD-10,,2,Cell suppressed for complementary cell,02/17/2026,02/17/2026
110,2024,01,Occurrence,Race-Ethnicity,Asian,INJ,Accidents (unintentional injuries),ICD-10,87.0,,,02/17/2026,02/17/2026
111,2024,01,Occurrence,Race-Ethnicity,Black,INJ,Accidents (unintentional injuries),ICD-10,191.0,,,02/17/2026,02/17/2026
112,2024,01,Occurrence,Race-Ethnicity,Hawaiian/Pacific Islander,INJ,Accidents (unintentional injuries),ICD-10,,1,Cell suppressed for small numbers,02/17/2026,02/17/2026
113,2024,01,Occurrence,Race-Ethnicity,Hispanic,INJ,Accidents (unintentional injuries),ICD-10,569.0,,,02/17/2026,02/17/2026
114,2024,01,Occurrence,Race-Ethnicity,Multi-Race,INJ,Accidents (unintentional injuries),ICD-10,33.0,,,02/17/2026,02/17/2026
115,2024,01,Occurrence,Race-Ethnicity,White,INJ,Accidents (unintentional injuries),ICD-10,811.0,,,02/17/2026,02/17/2026
116,2024,01,Occurrence,Race-Ethnicity,Other/Unknown,INJ,Accidents (unintentional injuries),ICD-10,40.0,,,02/17/2026,02/17/2026
117,2024,01,Occurrence,Total Population,Total Population,LIV,Chronic liver disease and cirrhosis,ICD-10,548.0,,,02/17/2026,02/17/2026
118,2024,01,Occurrence,Gender,Female,LIV,Chronic liver disease and cirrhosis,ICD-10,212.0,,,02/17/2026,02/17/2026
119,2024,01,Occurrence,Gender,Male,LIV,Chronic liver disease and cirrhosis,ICD-10,336.0,,,02/17/2026,02/17/2026
120,2024,01,Occurrence,Race-Ethnicity,American Indian/Alaska Native,LIV,Chronic liver disease and cirrhosis,ICD-10,,1,Cell suppressed for small numbers,02/17/2026,02/17/2026
121,2024,01,Occurrence,Race-Ethnicity,Asian,LIV,Chronic liver disease and cirrhosis,ICD-10,18.0,,,02/17/2026,02/17/2026
122,2024,01,Occurrence,Race-Ethnicity,Black,LIV,Chronic liver disease and cirrhosis,ICD-10,19.0,,,02/17/2026,02/17/2026
123,2024,01,Occurrence,Race-Ethnicity,Hawaiian/Pacific Islander,LIV,Chronic liver disease and cirrhosis,ICD-10,,1,Cell suppressed for small numbers,02/17/2026,02/17/2026
124,2024,01,Occurrence,Race-Ethnicity,Hispanic,LIV,Chronic liver disease and cirrhosis,ICD-10,262.0,,,02/17/2026,02/17/2026
125,2024,01,Occurrence,Race-Ethnicity,Multi-Race,LIV,Chronic liver disease and cirrhosis,ICD-10,,1,Cell suppressed for small numbers,02/17/2026,02/17/2026
126,2024,01,Occurrence,Race-Ethnicity,White,LIV,Chronic liver disease and cirrhosis,ICD-10,231.0,,,02/17/2026,02/17/2026
127,2024,01,Occurrence,Race-Ethnicity,Other/Unknown,LIV,Chronic liver disease and cirrhosis,ICD-10,,1,Cell suppressed for small numbers,02/17/2026,02/17/2026
128,2024,01,Occurrence,Total Population,Total Population,NEP,"Nephritis, nephrotic syndrome and nephrosis",ICD-10,493.0,,,02/17/2026,02/17/2026
129,2024,01,Occurrence,Gender,Female,NEP,"Nephritis, nephrotic syndrome and nephrosis",ICD-10,238.0,,,02/17/2026,02/17/2026
130,2024,01,Occurrence,Gender,Male,NEP,"Nephritis, nephrotic syndrome and nephrosis",ICD-10,255.0,,,02/17/2026,02/17/2026
131,2024,01,Occurrence,Race-Ethnicity,American Indian/Alaska Native,NEP,"Nephritis, nephrotic syndrome and nephrosis",ICD-10,,1,Cell suppressed for small numbers,02/17/2026,02/17/2026
132,2024,01,Occurrence,Race-Ethnicity,Asian,NEP,"Nephritis, nephrotic syndrome and nephrosis",ICD-10,67.0,,,02/17/2026,02/17/2026
133,2024,01,Occurrence,Race-Ethnicity,Black,NEP,"Nephritis, nephrotic syndrome and nephrosis",ICD-10,53.0,,,02/17/2026,02/17/2026
134,2024,01,Occurrence,Race-Ethnicity,Hawaiian/Pacific Islander,NEP,"Nephritis, nephrotic syndrome and nephrosis",ICD-10,,1,Cell suppressed for small numbers,02/17/2026,02/17/2026
135,2024,01,Occurrence,Race-Ethnicity,Hispanic,NEP,"Nephritis, nephrotic syndrome and nephrosis",ICD-10,136.0,,,02/17/2026,02/17/2026
136,2024,01,Occurrence,Race-Ethnicity,Multi-Race,NEP,"Nephritis, nephrotic syndrome and nephrosis",ICD-10,,1,Cell suppressed for small numbers,02/17/2026,02/17/2026
137,2024,01,Occurrence,Race-Ethnicity,White,NEP,"Nephritis, nephrotic syndrome and nephrosis",ICD-10,219.0,,,02/17/2026,02/17/2026
138,2024,01,Occurrence,Race-Ethnicity,Other/Unknown,NEP,"Nephritis, nephrotic syndrome and nephrosis",ICD-10,,1,Cell suppressed for small numbers,02/17/2026,02/17/2026
139,2024,01,Occurrence,Total Population,Total Population,PAR,Parkinson's disease,ICD-10,378.0,,,02/17/2026,02/17/2026
140,2024,01,Occurrence,Gender,Female,PAR,Parkinson's disease,ICD-10,151.0,,,02/17/2026,02/17/2026
141,2024,01,Occurrence,Gender,Male,PAR,Parkinson's disease,ICD-10,227.0,,,02/17/2026,02/17/2026
142,2024,01,Occurrence,Race-Ethnicity,American Indian/Alaska Native,PAR,Parkinson's disease,ICD-10,,1,Cell suppressed for small numbers,02/17/2026,02/17/2026
143,2024,01,Occurrence,Race-Ethnicity,Asian,PAR,Parkinson's disease,ICD-10,48.0,,,02/17/2026,02/17/2026
144,2024,01,Occurrence,Race-Ethnicity,Black,PAR,Parkinson's disease,ICD-10,19.0,,,02/17/2026,02/17/2026
145,2024,01,Occurrence,Race-Ethnicity,Hawaiian/Pacific Islander,PAR,Parkinson's disease,ICD-10,0.0,,,02/17/2026,02/17/2026
146,2024,01,Occurrence,Race-Ethnicity,Hispanic,PAR,Parkinson's disease,ICD-10,44.0,,,02/17/2026,02/17/2026
147,2024,01,Occurrence,Race-Ethnicity,Multi-Race,PAR,Parkinson's disease,ICD-10,,1,Cell suppressed for small numbers,02/17/2026,02/17/2026
148,2024,01,Occurrence,Race-Ethnicity,White,PAR,Parkinson's disease,ICD-10,262.0,,,02/17/2026,02/17/2026
149,2024,01,Occurrence,Race-Ethnicity,Other/Unknown,PAR,Parkinson's disease,ICD-10,,1,Cell suppressed for small numbers,02/17/2026,02/17/2026
150,2024,01,Occurrence,Total Population,Total Population,PNF,Influenza and pneumonia,ICD-10,798.0,,,02/17/2026,02/17/2026
151,2024,01,Occurrence,Gender,Female,PNF,Influenza and pneumonia,ICD-10,386.0,,,02/17/2026,02/17/2026
152,2024,01,Occurrence,Gender,Male,PNF,Influenza and pneumonia,ICD-10,412.0,,,02/17/2026,02/17/2026
153,2024,01,Occurrence,Race-Ethnicity,American Indian/Alaska Native,PNF,Influenza and pneumonia,ICD-10,,1,Cell suppressed for small numbers,02/17/2026,02/17/2026
154,2024,01,Occurrence,Race-Ethnicity,Asian,PNF,Influenza and pneumonia,ICD-10,119.0,,,02/17/2026,02/17/2026
155,2024,01,Occurrence,Race-Ethnicity,Black,PNF,Influenza and pneumonia,ICD-10,48.0,,,02/17/2026,02/17/2026
156,2024,01,Occurrence,Race-Ethnicity,Hawaiian/Pacific Islander,PNF,Influenza and pneumonia,ICD-10,,1,Cell suppressed for small numbers,02/17/2026,02/17/2026
157,2024,01,Occurrence,Race-Ethnicity,Hispanic,PNF,Influenza and pneumonia,ICD-10,198.0,,,02/17/2026,02/17/2026
158,2024,01,Occurrence,Race-Ethnicity,Multi-Race,PNF,Influenza and pneumonia,ICD-10,,1,Cell suppressed for small numbers,02/17/2026,02/17/2026
159,2024,01,Occurrence,Race-Ethnicity,White,PNF,Influenza and pneumonia,ICD-10,409.0,,,02/17/2026,02/17/2026
160,2024,01,Occurrence,Race-Ethnicity,Other/Unknown,PNF,Influenza and pneumonia,ICD-10,,1,Cell suppressed for small numbers,02/17/2026,02/17/2026
161,2024,01,Occurrence,Total Population,Total Population,STK,Cerebrovascular diseases,ICD-10,1645.0,,,02/17/2026,02/17/2026
162,2024,01,Occurrence,Gender,Female,STK,Cerebrovascular diseases,ICD-10,910.0,,,02/17/2026,02/17/2026
163,2024,01,Occurrence,Gender,Male,STK,Cerebrovascular diseases,ICD-10,735.0,,,02/17/2026,02/17/2026
164,2024,01,Occurrence,Race-Ethnicity,American Indian/Alaska Native,STK,Cerebrovascular diseases,ICD-10,,1,Cell suppressed for small numbers,02/17/2026,02/17/2026
165,2024,01,Occurrence,Race-Ethnicity,Asian,STK,Cerebrovascular diseases,ICD-10,239.0,,,02/17/2026,02/17/2026
166,2024,01,Occurrence,Race-Ethnicity,Black,STK,Cerebrovascular diseases,ICD-10,117.0,,,02/17/2026,02/17/2026
167,2024,01,Occurrence,Race-Ethnicity,Hawaiian/Pacific Islander,STK,Cerebrovascular diseases,ICD-10,,1,Cell suppressed for small numbers,02/17/2026,02/17/2026
168,2024,01,Occurrence,Race-Ethnicity,Hispanic,STK,Cerebrovascular diseases,ICD-10,338.0,,,02/17/2026,02/17/2026
169,2024,01,Occurrence,Race-Ethnicity,Multi-Race,STK,Cerebrovascular diseases,ICD-10,14.0,,,02/17/2026,02/17/2026
170,2024,01,Occurrence,Race-Ethnicity,White,STK,Cerebrovascular diseases,ICD-10,917.0,,,02/17/2026,02/17/2026
171,2024,01,Occurrence,Race-Ethnicity,Other/Unknown,STK,Cerebrovascular diseases,ICD-10,,1,Cell suppressed for small numbers,02/17/2026,02/17/2026
172,2024,01,Occurrence,Total Population,Total Population,SUI,Intentional self-harm (suicide),ICD-10,362.0,,,02/17/2026,02/17/2026
173,2024,01,Occurrence,Gender,Female,SUI,Intentional self-harm (suicide),ICD-10,71.0,,,02/17/2026,02/17/2026
174,2024,01,Occurrence,Gender,Male,SUI,Intentional self-harm (suicide),ICD-10,291.0,,,02/17/2026,02/17/2026
175,2024,01,Occurrence,Race-Ethnicity,American Indian/Alaska Native,SUI,Intentional self-harm (suicide),ICD-10,,1,Cell suppressed for small numbers,02/17/2026,02/17/2026
176,2024,01,Occurrence,Race-Ethnicity,Asian,SUI,Intentional self-harm (suicide),ICD-10,35.0,,,02/17/2026,02/17/2026
177,2024,01,Occurrence,Race-Ethnicity,Black,SUI,Intentional self-harm (suicide),ICD-10,16.0,,,02/17/2026,02/17/2026
178,2024,01,Occurrence,Race-Ethnicity,Hawaiian/Pacific Islander,SUI,Intentional self-harm (suicide),ICD-10,,1,Cell suppressed for small numbers,02/17/2026,02/17/2026
179,2024,01,Occurrence,Race-Ethnicity,Hispanic,SUI,Intentional self-harm (suicide),ICD-10,104.0,,,02/17/2026,02/17/2026
180,2024,01,Occurrence,Race-Ethnicity,Multi-Race,SUI,Intentional self-harm (suicide),ICD-10,,1,Cell suppressed for small numbers,02/17/2026,02/17/2026
181,2024,01,Occurrence,Race-Ethnicity,White,SUI,Intentional self-harm (suicide),ICD-10,195.0,,,02/17/2026,02/17/2026
182,2024,01,Occurrence,Race-Ethnicity,Other/Unknown,SUI,Intentional self-harm (suicide),ICD-10,,1,Cell suppressed for small numbers,02/17/2026,02/17/2026
183,2024,02,Occurrence,Total Population,Total Population,ALL,All causes (total),ICD-10,23742.0,,,02/17/2026,02/17/2026
184,2024,02,Occurrence,Age,Under 1 year,ALL,All causes (total),ICD-10,132.0,,,02/17/2026,02/17/2026
185,2024,02,Occurrence,Age,1-4 years,ALL,All causes (total),ICD-10,26.0,,,02/17/2026,02/17/2026
186,2024,02,Occurrence,Age,5-14 years,ALL,All causes (total),ICD-10,55.0,,,02/17/2026,02/17/2026
187,2024,02,Occurrence,Age,15-24 years,ALL,All causes (total),ICD-10,205.0,,,02/17/2026,02/17/2026
188,2024,02,Occurrence,Age,25-34 years,ALL,All causes (total),ICD-10,545.0,,,02/17/2026,02/17/2026
189,2024,02,Occurrence,Age,35-44 years,ALL,All causes (total),ICD-10,837.0,,,02/17/2026,02/17/2026
190,2024,02,Occurrence,Age,45-54 years,ALL,All causes (total),ICD-10,1308.0,,,02/17/2026,02/17/2026
191,2024,02,Occurrence,Age,55-64 years,ALL,All causes (total),ICD-10,2696.0,,,02/17/2026,02/17/2026
192,2024,02,Occurrence,Age,65-74 years,ALL,All causes (total),ICD-10,4447.0,,,02/17/2026,02/17/2026
193,2024,02,Occurrence,Age,75-84 years,ALL,All causes (total),ICD-10,5984.0,,,02/17/2026,02/17/2026
194,2024,02,Occurrence,Age,85 years and over,ALL,All causes (total),ICD-10,7500.0,,,02/17/2026,02/17/2026
195,2024,02,Occurrence,Gender,Female,ALL,All causes (total),ICD-10,11092.0,,,02/17/2026,02/17/2026
196,2024,02,Occurrence,Gender,Male,ALL,All causes (total),ICD-10,12649.0,,,02/17/2026,02/17/2026
197,2024,02,Occurrence,Place Type,Inpatient,ALL,All causes (total),ICD-10,7640.0,,,02/17/2026,02/17/2026
198,2024,02,Occurrence,Place Type,Emergency Room/Outpatient,ALL,All causes (total),ICD-10,1228.0,,,02/17/2026,02/17/2026
199,2024,02,Occurrence,Place Type,Decedent's Home,ALL,All causes (total),ICD-10,8962.0,,,02/17/2026,02/17/2026
200,2024,02,Occurrence,Place Type,Hospice Facility,ALL,All causes (total),ICD-10,212.0,,,02/17/2026,02/17/2026
201,2024,02,Occurrence,Place Type,Nursing Home/Long Term Care Facility,ALL,All causes (total),ICD-10,1756.0,,,02/17/2026,02/17/2026
202,2024,02,Occurrence,Place Type,Other/Unknown,ALL,All causes (total),ICD-10,3944.0,,,02/17/2026,02/17/2026
203,2024,02,Occurrence,Race-Ethnicity,American Indian/Alaska Native,ALL,All causes (total),ICD-10,127.0,,,02/17/2026,02/17/2026
204,2024,02,Occurrence,Race-Ethnicity,Asian,ALL,All causes (total),ICD-10,2659.0,,,02/17/2026,02/17/2026
205,2024,02,Occurrence,Race-Ethnicity,Black,ALL,All causes (total),ICD-10,1918.0,,,02/17/2026,02/17/2026
206,2024,02,Occurrence,Race-Ethnicity,Hawaiian/Pacific Islander,ALL,All causes (total),ICD-10,89.0,,,02/17/2026,02/17/2026
207,2024,02,Occurrence,Race-Ethnicity,Hispanic,ALL,All causes (total),ICD-10,5418.0,,,02/17/2026,02/17/2026
208,2024,02,Occurrence,Race-Ethnicity,Multi-Race,ALL,All causes (total),ICD-10,242.0,,,02/17/2026,02/17/2026
209,2024,02,Occurrence,Race-Ethnicity,White,ALL,All causes (total),ICD-10,13079.0,,,02/17/2026,02/17/2026
210,2024,02,Occurrence,Race-Ethnicity,Other/Unknown,ALL,All causes (total),ICD-10,210.0,,,02/17/2026,02/17/2026
211,2024,02,Occurrence,Total Population,Total Population,ALZ,Alzheimer's disease,ICD-10,1315.0,,,02/17/2026,02/17/2026
212,2024,02,Occurrence,Gender,Female,ALZ,Alzheimer's disease,ICD-10,877.0,,,02/17/2026,02/17/2026
213,2024,02,Occurrence,Gender,Male,ALZ,Alzheimer's disease,ICD-10,438.0,,,02/17/2026,02/17/2026
214,2024,02,Occurrence,Race-Ethnicity,American Indian/Alaska Native,ALZ,Alzheimer's disease,ICD-10,,1,Cell suppressed for small numbers,02/17/2026,02/17/2026
215,2024,02,Occurrence,Race-Ethnicity,Asian,ALZ,Alzheimer's disease,ICD-10,133.0,,,02/17/2026,02/17/2026
216,2024,02,Occurrence,Race-Ethnicity,Black,ALZ,Alzheimer's disease,ICD-10,76.0,,,02/17/2026,02/17/2026
217,2024,02,Occurrence,Race-Ethnicity,Hawaiian/Pacific Islander,ALZ,Alzheimer's disease,ICD-10,,1,Cell suppressed for small numbers,02/17/2026,02/17/2026
218,2024,02,Occurrence,Race-Ethnicity,Hispanic,ALZ,Alzheimer's disease,ICD-10,239.0,,,02/17/2026,02/17/2026
219,2024,02,Occurrence,Race-Ethnicity,Multi-Race,ALZ,Alzheimer's disease,ICD-10,,1,Cell suppressed for small numbers,02/17/2026,02/17/2026
220,2024,02,Occurrence,Race-Ethnicity,White,ALZ,Alzheimer's disease,ICD-10,844.0,,,02/17/2026,02/17/2026
221,2024,02,Occurrence,Race-Ethnicity,Other/Unknown,ALZ,Alzheimer's disease,ICD-10,,1,Cell suppressed for small numbers,02/17/2026,02/17/2026
222,2024,02,Occurrence,Total Population,Total Population,CAN,Malignant neoplasms,ICD-10,4902.0,,,02/17/2026,02/17/2026
223,2024,02,Occurrence,Gender,Female,CAN,Malignant neoplasms,ICD-10,2379.0,,,02/17/2026,02/17/2026
224,2024,02,Occurrence,Gender,Male,CAN,Malignant neoplasms,ICD-10,2523.0,,,02/17/2026,02/17/2026
225,2024,02,Occurrence,Race-Ethnicity,American Indian/Alaska Native,CAN,Malignant neoplasms,ICD-10,25.0,,,02/17/2026,02/17/2026
226,2024,02,Occurrence,Race-Ethnicity,Asian,CAN,Malignant neoplasms,ICD-10,654.0,,,02/17/2026,02/17/2026
227,2024,02,Occurrence,Race-Ethnicity,Black,CAN,Malignant neoplasms,ICD-10,353.0,,,02/17/2026,02/17/2026
228,2024,02,Occurrence,Race-Ethnicity,Hawaiian/Pacific Islander,CAN,Malignant neoplasms,ICD-10,24.0,,,02/17/2026,02/17/2026
229,2024,02,Occurrence,Race-Ethnicity,Hispanic,CAN,Malignant neoplasms,ICD-10,1119.0,,,02/17/2026,02/17/2026
230,2024,02,Occurrence,Race-Ethnicity,Multi-Race,CAN,Malignant neoplasms,ICD-10,42.0,,,02/17/2026,02/17/2026
231,2024,02,Occurrence,Race-Ethnicity,White,CAN,Malignant neoplasms,ICD-10,2654.0,,,02/17/2026,02/17/2026
232,2024,02,Occurrence,Race-Ethnicity,Other/Unknown,CAN,Malignant neoplasms,ICD-10,31.0,,,02/17/2026,02/17/2026
233,2024,02,Occurrence,Total Population,Total Population,CLD,Chronic lower respiratory diseases,ICD-10,928.0,,,02/17/2026,02/17/2026
234,2024,02,Occurrence,Gender,Female,CLD,Chronic lower respiratory diseases,ICD-10,474.0,,,02/17/2026,02/17/2026
235,2024,02,Occurrence,Gender,Male,CLD,Chronic lower respiratory diseases,ICD-10,454.0,,,02/17/2026,02/17/2026
236,2024,02,Occurrence,Race-Ethnicity,American Indian/Alaska Native,CLD,Chronic lower respiratory diseases,ICD-10,,1,Cell suppressed for small numbers,02/17/2026,02/17/2026
237,2024,02,Occurrence,Race-Ethnicity,Asian,CLD,Chronic lower respiratory diseases,ICD-10,64.0,,,02/17/2026,02/17/2026
238,2024,02,Occurrence,Race-Ethnicity,Black,CLD,Chronic lower respiratory diseases,ICD-10,80.0,,,02/17/2026,02/17/2026
239,2024,02,Occurrence,Race-Ethnicity,Hawaiian/Pacific Islander,CLD,Chronic lower respiratory diseases,ICD-10,0.0,,,02/17/2026,02/17/2026
240,2024,02,Occurrence,Race-Ethnicity,Hispanic,CLD,Chronic lower respiratory diseases,ICD-10,92.0,,,02/17/2026,02/17/2026
241,2024,02,Occurrence,Race-Ethnicity,Multi-Race,CLD,Chronic lower respiratory diseases,ICD-10,,1,Cell suppressed for small numbers,02/17/2026,02/17/2026
242,2024,02,Occurrence,Race-Ethnicity,White,CLD,Chronic lower respiratory diseases,ICD-10,678.0,,,02/17/2026,02/17/2026
243,2024,02,Occurrence,Race-Ethnicity,Other/Unknown,CLD,Chronic lower respiratory diseases,ICD-10,,1,Cell suppressed for small numbers,02/17/2026,02/17/2026
244,2024,02,Occurrence,Total Population,Total Population,DIA,Diabetes mellitus,ICD-10,949.0,,,02/17/2026,02/17/2026
245,2024,02,Occurrence,Gender,Female,DIA,Diabetes mellitus,ICD-10,408.0,,,02/17/2026,02/17/2026
246,2024,02,Occurrence,Gender,Male,DIA,Diabetes mellitus,ICD-10,541.0,,,02/17/2026,02/17/2026
247,2024,02,Occurrence,Race-Ethnicity,American Indian/Alaska Native,DIA,Diabetes mellitus,ICD-10,,1,Cell suppressed for small numbers,02/17/2026,02/17/2026
248,2024,02,Occurrence,Race-Ethnicity,Asian,DIA,Diabetes mellitus,ICD-10,136.0,,,02/17/2026,02/17/2026
249,2024,02,Occurrence,Race-Ethnicity,Black,DIA,Diabetes mellitus,ICD-10,109.0,,,02/17/2026,02/17/2026
250,2024,02,Occurrence,Race-Ethnicity,Hawaiian/Pacific Islander,DIA,Diabetes mellitus,ICD-10,,1,Cell suppressed for small numbers,02/17/2026,02/17/2026
251,2024,02,Occurrence,Race-Ethnicity,Hispanic,DIA,Diabetes mellitus,ICD-10,314.0,,,02/17/2026,02/17/2026
252,2024,02,Occurrence,Race-Ethnicity,Multi-Race,DIA,Diabetes mellitus,ICD-10,,1,Cell suppressed for small numbers,02/17/2026,02/17/2026
253,2024,02,Occurrence,Race-Ethnicity,White,DIA,Diabetes mellitus,ICD-10,355.0,,,02/17/2026,02/17/2026
254,2024,02,Occurrence,Race-Ethnicity,Other/Unknown,DIA,Diabetes mellitus,ICD-10,,1,Cell suppressed for small numbers,02/17/2026,02/17/2026
255,2024,02,Occurrence,Total Population,Total Population,HOM,Assault (homicide),ICD-10,144.0,,,02/17/2026,02/17/2026
256,2024,02,Occurrence,Gender,Female,HOM,Assault (homicide),ICD-10,26.0,,,02/17/2026,02/17/2026
257,2024,02,Occurrence,Gender,Male,HOM,Assault (homicide),ICD-10,118.0,,,02/17/2026,02/17/2026
258,2024,02,Occurrence,Race-Ethnicity,American Indian/Alaska Native,HOM,Assault (homicide),ICD-10,,1,Cell suppressed for small numbers,02/17/2026,02/17/2026
259,2024,02,Occurrence,Race-Ethnicity,Asian,HOM,Assault (homicide),ICD-10,,1,Cell suppressed for small numbers,02/17/2026,02/17/2026
260,2024,02,Occurrence,Race-Ethnicity,Black,HOM,Assault (homicide),ICD-10,27.0,,,02/17/2026,02/17/2026
261,2024,02,Occurrence,Race-Ethnicity,Hawaiian/Pacific Islander,HOM,Assault (homicide),ICD-10,0.0,,,02/17/2026,02/17/2026
262,2024,02,Occurrence,Race-Ethnicity,Hispanic,HOM,Assault (homicide),ICD-10,67.0,,,02/17/2026,02/17/2026
263,2024,02,Occurrence,Race-Ethnicity,Multi-Race,HOM,Assault (homicide),ICD-10,,1,Cell suppressed for small numbers,02/17/2026,02/17/2026
264,2024,02,Occurrence,Race-Ethnicity,White,HOM,Assault (homicide),ICD-10,37.0,,,02/17/2026,02/17/2026
265,2024,02,Occurrence,Race-Ethnicity,Other/Unknown,HOM,Assault (homicide),ICD-10,0.0,,,02/17/2026,02/17/2026
266,2024,02,Occurrence,Total Population,Total Population,HTD,Diseases of heart,ICD-10,5155.0,,,02/17/2026,02/17/2026
267,2024,02,Occurrence,Gender,Female,HTD,Diseases of heart,ICD-10,2306.0,,,02/17/2026,02/17/2026
268,2024,02,Occurrence,Gender,Male,HTD,Diseases of heart,ICD-10,2849.0,,,02/17/2026,02/17/2026
269,2024,02,Occurrence,Race-Ethnicity,American Indian/Alaska Native,HTD,Diseases of heart,ICD-10,21.0,,,02/17/2026,02/17/2026
270,2024,02,Occurrence,Race-Ethnicity,Asian,HTD,Diseases of heart,ICD-10,555.0,,,02/17/2026,02/17/2026
271,2024,02,Occurrence,Race-Ethnicity,Black,HTD,Diseases of heart,ICD-10,442.0,,,02/17/2026,02/17/2026
272,2024,02,Occurrence,Race-Ethnicity,Hawaiian/Pacific Islander,HTD,Diseases of heart,ICD-10,23.0,,,02/17/2026,02/17/2026
273,2024,02,Occurrence,Race-Ethnicity,Hispanic,HTD,Diseases of heart,ICD-10,990.0,,,02/17/2026,02/17/2026
274,2024,02,Occurrence,Race-Ethnicity,Multi-Race,HTD,Diseases of heart,ICD-10,39.0,,,02/17/2026,02/17/2026
275,2024,02,Occurrence,Race-Ethnicity,White,HTD,Diseases of heart,ICD-10,3037.0,,,02/17/2026,02/17/2026
276,2024,02,Occurrence,Race-Ethnicity,Other/Unknown,HTD,Diseases of heart,ICD-10,48.0,,,02/17/2026,02/17/2026
277,2024,02,Occurrence,Total Population,Total Population,HYP,Essential hypertension and hypertensive renal disease,ICD-10,536.0,,,02/17/2026,02/17/2026
278,2024,02,Occurrence,Gender,Female,HYP,Essential hypertension and hypertensive renal disease,ICD-10,267.0,,,02/17/2026,02/17/2026
279,2024,02,Occurrence,Gender,Male,HYP,Essential hypertension and hypertensive renal disease,ICD-10,269.0,,,02/17/2026,02/17/2026
280,2024,02,Occurrence,Race-Ethnicity,American Indian/Alaska Native,HYP,Essential hypertension and hypertensive renal disease,ICD-10,,1,Cell suppressed for small numbers,02/17/2026,02/17/2026
281,2024,02,Occurrence,Race-Ethnicity,Asian,HYP,Essential hypertension and hypertensive renal disease,ICD-10,68.0,,,02/17/2026,02/17/2026
282,2024,02,Occurrence,Race-Ethnicity,Black,HYP,Essential hypertension and hypertensive renal disease,ICD-10,68.0,,,02/17/2026,02/17/2026
283,2024,02,Occurrence,Race-Ethnicity,Hawaiian/Pacific Islander,HYP,Essential hypertension and hypertensive renal disease,ICD-10,,1,Cell suppressed for small numbers,02/17/2026,02/17/2026
284,2024,02,Occurrence,Race-Ethnicity,Hispanic,HYP,Essential hypertension and hypertensive renal disease,ICD-10,134.0,,,02/17/2026,02/17/2026
285,2024,02,Occurrence,Race-Ethnicity,Multi-Race,HYP,Essential hypertension and hypertensive renal disease,ICD-10,,1,Cell suppressed for small numbers,02/17/2026,02/17/2026
286,2024,02,Occurrence,Race-Ethnicity,White,HYP,Essential hypertension and hypertensive renal disease,ICD-10,256.0,,,02/17/2026,02/17/2026
287,2024,02,Occurrence,Race-Ethnicity,Other/Unknown,HYP,Essential hypertension and hypertensive renal disease,ICD-10,,1,Cell suppressed for small numbers,02/17/2026,02/17/2026
288,2024,02,Occurrence,Total Population,Total Population,INJ,Accidents (unintentional injuries),ICD-10,1678.0,,,02/17/2026,02/17/2026
289,2024,02,Occurrence,Gender,Female,INJ,Accidents (unintentional injuries),ICD-10,467.0,,,02/17/2026,02/17/2026
290,2024,02,Occurrence,Gender,Male,INJ,Accidents (unintentional injuries),ICD-10,1210.0,,,02/17/2026,02/17/2026
291,2024,02,Occurrence,Race-Ethnicity,American Indian/Alaska Native,INJ,Accidents (unintentional injuries),ICD-10,,2,Cell suppressed for complementary cell,02/17/2026,02/17/2026
292,2024,02,Occurrence,Race-Ethnicity,Asian,INJ,Accidents (unintentional injuries),ICD-10,101.0,,,02/17/2026,02/17/2026
293,2024,02,Occurrence,Race-Ethnicity,Black,INJ,Accidents (unintentional injuries),ICD-10,195.0,,,02/17/2026,02/17/2026
294,2024,02,Occurrence,Race-Ethnicity,Hawaiian/Pacific Islander,INJ,Accidents (unintentional injuries),ICD-10,,1,Cell suppressed for small numbers,02/17/2026,02/17/2026
295,2024,02,Occurrence,Race-Ethnicity,Hispanic,INJ,Accidents (unintentional injuries),ICD-10,545.0,,,02/17/2026,02/17/2026
296,2024,02,Occurrence,Race-Ethnicity,Multi-Race,INJ,Accidents (unintentional injuries),ICD-10,41.0,,,02/17/2026,02/17/2026
297,2024,02,Occurrence,Race-Ethnicity,White,INJ,Accidents (unintentional injuries),ICD-10,742.0,,,02/17/2026,02/17/2026
298,2024,02,Occurrence,Race-Ethnicity,Other/Unknown,INJ,Accidents (unintentional injuries),ICD-10,28.0,,,02/17/2026,02/17/2026
299,2024,02,Occurrence,Total Population,Total Population,LIV,Chronic liver disease and cirrhosis,ICD-10,522.0,,,02/17/2026,02/17/2026
300,2024,02,Occurrence,Gender,Female,LIV,Chronic liver disease and cirrhosis,ICD-10,208.0,,,02/17/2026,02/17/2026
301,2024,02,Occurrence,Gender,Male,LIV,Chronic liver disease and cirrhosis,ICD-10,314.0,,,02/17/2026,02/17/2026
302,2024,02,Occurrence,Race-Ethnicity,American Indian/Alaska Native,LIV,Chronic liver disease and cirrhosis,ICD-10,,1,Cell suppressed for small numbers,02/17/2026,02/17/2026
303,2024,02,Occurrence,Race-Ethnicity,Asian,LIV,Chronic liver disease and cirrhosis,ICD-10,21.0,,,02/17/2026,02/17/2026
304,2024,02,Occurrence,Race-Ethnicity,Black,LIV,Chronic liver disease and cirrhosis,ICD-10,28.0,,,02/17/2026,02/17/2026
305,2024,02,Occurrence,Race-Ethnicity,Hawaiian/Pacific Islander,LIV,Chronic liver disease and cirrhosis,ICD-10,,1,Cell suppressed for small numbers,02/17/2026,02/17/2026
306,2024,02,Occurrence,Race-Ethnicity,Hispanic,LIV,Chronic liver disease and cirrhosis,ICD-10,216.0,,,02/17/2026,02/17/2026
307,2024,02,Occurrence,Race-Ethnicity,Multi-Race,LIV,Chronic liver disease and cirrhosis,ICD-10,,1,Cell suppressed for small numbers,02/17/2026,02/17/2026
308,2024,02,Occurrence,Race-Ethnicity,White,LIV,Chronic liver disease and cirrhosis,ICD-10,245.0,,,02/17/2026,02/17/2026
309,2024,02,Occurrence,Race-Ethnicity,Other/Unknown,LIV,Chronic liver disease and cirrhosis,ICD-10,,1,Cell suppressed for small numbers,02/17/2026,02/17/2026
310,2024,02,Occurrence,Total Population,Total Population,NEP,"Nephritis, nephrotic syndrome and nephrosis",ICD-10,367.0,,,02/17/2026,02/17/2026
311,2024,02,Occurrence,Gender,Female,NEP,"Nephritis, nephrotic syndrome and nephrosis",ICD-10,170.0,,,02/17/2026,02/17/2026
312,2024,02,Occurrence,Gender,Male,NEP,"Nephritis, nephrotic syndrome and nephrosis",ICD-10,197.0,,,02/17/2026,02/17/2026
313,2024,02,Occurrence,Race-Ethnicity,American Indian/Alaska Native,NEP,"Nephritis, nephrotic syndrome and nephrosis",ICD-10,,1,Cell suppressed for small numbers,02/17/2026,02/17/2026
314,2024,02,Occurrence,Race-Ethnicity,Asian,NEP,"Nephritis, nephrotic syndrome and nephrosis",ICD-10,66.0,,,02/17/2026,02/17/2026
315,2024,02,Occurrence,Race-Ethnicity,Black,NEP,"Nephritis, nephrotic syndrome and nephrosis",ICD-10,29.0,,,02/17/2026,02/17/2026
316,2024,02,Occurrence,Race-Ethnicity,Hawaiian/Pacific Islander,NEP,"Nephritis, nephrotic syndrome and nephrosis",ICD-10,0.0,,,02/17/2026,02/17/2026
317,2024,02,Occurrence,Race-Ethnicity,Hispanic,NEP,"Nephritis, nephrotic syndrome and nephrosis",ICD-10,97.0,,,02/17/2026,02/17/2026
318,2024,02,Occurrence,Race-Ethnicity,Multi-Race,NEP,"Nephritis, nephrotic syndrome and nephrosis",ICD-10,,1,Cell suppressed for small numbers,02/17/2026,02/17/2026
319,2024,02,Occurrence,Race-Ethnicity,White,NEP,"Nephritis, nephrotic syndrome and nephrosis",ICD-10,168.0,,,02/17/2026,02/17/2026
320,2024,02,Occurrence,Race-Ethnicity,Other/Unknown,NEP,"Nephritis, nephrotic syndrome and nephrosis",ICD-10,,1,Cell suppressed for small numbers,02/17/2026,02/17/2026
321,2024,02,Occurrence,Total Population,Total Population,PAR,Parkinson's disease,ICD-10,337.0,,,02/17/2026,02/17/2026
322,2024,02,Occurrence,Gender,Female,PAR,Parkinson's disease,ICD-10,122.0,,,02/17/2026,02/17/2026
323,2024,02,Occurrence,Gender,Male,PAR,Parkinson's disease,ICD-10,215.0,,,02/17/2026,02/17/2026
324,2024,02,Occurrence,Race-Ethnicity,American Indian/Alaska Native,PAR,Parkinson's disease,ICD-10,0.0,,,02/17/2026,02/17/2026
325,2024,02,Occurrence,Race-Ethnicity,Asian,PAR,Parkinson's disease,ICD-10,37.0,,,02/17/2026,02/17/2026
326,2024,02,Occurrence,Race-Ethnicity,Black,PAR,Parkinson's disease,ICD-10,,2,Cell suppressed for complementary cell,02/17/2026,02/17/2026
327,2024,02,Occurrence,Race-Ethnicity,Hawaiian/Pacific Islander,PAR,Parkinson's disease,ICD-10,0.0,,,02/17/2026,02/17/2026
328,2024,02,Occurrence,Race-Ethnicity,Hispanic,PAR,Parkinson's disease,ICD-10,59.0,,,02/17/2026,02/17/2026
329,2024,02,Occurrence,Race-Ethnicity,Multi-Race,PAR,Parkinson's disease,ICD-10,0.0,,,02/17/2026,02/17/2026
330,2024,02,Occurrence,Race-Ethnicity,White,PAR,Parkinson's disease,ICD-10,227.0,,,02/17/2026,02/17/2026
331,2024,02,Occurrence,Race-Ethnicity,Other/Unknown,PAR,Parkinson's disease,ICD-10,,1,Cell suppressed for small numbers,02/17/2026,02/17/2026
332,2024,02,Occurrence,Total Population,Total Population,PNF,Influenza and pneumonia,ICD-10,513.0,,,02/17/2026,02/17/2026
333,2024,02,Occurrence,Gender,Female,PNF,Influenza and pneumonia,ICD-10,241.0,,,02/17/2026,02/17/2026
334,2024,02,Occurrence,Gender,Male,PNF,Influenza and pneumonia,ICD-10,272.0,,,02/17/2026,02/17/2026
335,2024,02,Occurrence,Race-Ethnicity,American Indian/Alaska Native,PNF,Influenza and pneumonia,ICD-10,,1,Cell suppressed for small numbers,02/17/2026,02/17/2026
336,2024,02,Occurrence,Race-Ethnicity,Asian,PNF,Influenza and pneumonia,ICD-10,81.0,,,02/17/2026,02/17/2026
337,2024,02,Occurrence,Race-Ethnicity,Black,PNF,Influenza and pneumonia,ICD-10,40.0,,,02/17/2026,02/17/2026
338,2024,02,Occurrence,Race-Ethnicity,Hawaiian/Pacific Islander,PNF,Influenza and pneumonia,ICD-10,0.0,,,02/17/2026,02/17/2026
339,2024,02,Occurrence,Race-Ethnicity,Hispanic,PNF,Influenza and pneumonia,ICD-10,133.0,,,02/17/2026,02/17/2026
340,2024,02,Occurrence,Race-Ethnicity,Multi-Race,PNF,Influenza and pneumonia,ICD-10,,1,Cell suppressed for small numbers,02/17/2026,02/17/2026
341,2024,02,Occurrence,Race-Ethnicity,White,PNF,Influenza and pneumonia,ICD-10,249.0,,,02/17/2026,02/17/2026
342,2024,02,Occurrence,Race-Ethnicity,Other/Unknown,PNF,Influenza and pneumonia,ICD-10,,1,Cell suppressed for small numbers,02/17/2026,02/17/2026
343,2024,02,Occurrence,Total Population,Total Population,STK,Cerebrovascular diseases,ICD-10,1437.0,,,02/17/2026,02/17/2026
344,2024,02,Occurrence,Gender,Female,STK,Cerebrovascular diseases,ICD-10,763.0,,,02/17/2026,02/17/2026
345,2024,02,Occurrence,Gender,Male,STK,Cerebrovascular diseases,ICD-10,674.0,,,02/17/2026,02/17/2026
346,2024,02,Occurrence,Race-Ethnicity,American Indian/Alaska Native,STK,Cerebrovascular diseases,ICD-10,,1,Cell suppressed for small numbers,02/17/2026,02/17/2026
347,2024,02,Occurrence,Race-Ethnicity,Asian,STK,Cerebrovascular diseases,ICD-10,223.0,,,02/17/2026,02/17/2026
348,2024,02,Occurrence,Race-Ethnicity,Black,STK,Cerebrovascular diseases,ICD-10,124.0,,,02/17/2026,02/17/2026
349,2024,02,Occurrence,Race-Ethnicity,Hawaiian/Pacific Islander,STK,Cerebrovascular diseases,ICD-10,,1,Cell suppressed for small numbers,02/17/2026,02/17/2026
350,2024,02,Occurrence,Race-Ethnicity,Hispanic,STK,Cerebrovascular diseases,ICD-10,284.0,,,02/17/2026,02/17/2026
351,2024,02,Occurrence,Race-Ethnicity,Multi-Race,STK,Cerebrovascular diseases,ICD-10,15.0,,,02/17/2026,02/17/2026
352,2024,02,Occurrence,Race-Ethnicity,White,STK,Cerebrovascular diseases,ICD-10,762.0,,,02/17/2026,02/17/2026
353,2024,02,Occurrence,Race-Ethnicity,Other/Unknown,STK,Cerebrovascular diseases,ICD-10,14.0,,,02/17/2026,02/17/2026
354,2024,02,Occurrence,Total Population,Total Population,SUI,Intentional self-harm (suicide),ICD-10,298.0,,,02/17/2026,02/17/2026
355,2024,02,Occurrence,Gender,Female,SUI,Intentional self-harm (suicide),ICD-10,52.0,,,02/17/2026,02/17/2026
356,2024,02,Occurrence,Gender,Male,SUI,Intentional self-harm (suicide),ICD-10,246.0,,,02/17/2026,02/17/2026
357,2024,02,Occurrence,Race-Ethnicity,American Indian/Alaska Native,SUI,Intentional self-harm (suicide),ICD-10,,1,Cell suppressed for small numbers,02/17/2026,02/17/2026
358,2024,02,Occurrence,Race-Ethnicity,Asian,SUI,Intentional self-harm (suicide),ICD-10,32.0,,,02/17/2026,02/17/2026
359,2024,02,Occurrence,Race-Ethnicity,Black,SUI,Intentional self-harm (suicide),ICD-10,13.0,,,02/17/2026,02/17/2026
360,2024,02,Occurrence,Race-Ethnicity,Hawaiian/Pacific Islander,SUI,Intentional self-harm (suicide),ICD-10,,1,Cell suppressed for small numbers,02/17/2026,02/17/2026
361,2024,02,Occurrence,Race-Ethnicity,Hispanic,SUI,Intentional self-harm (suicide),ICD-10,75.0,,,02/17/2026,02/17/2026
362,2024,02,Occurrence,Race-Ethnicity,Multi-Race,SUI,Intentional self-harm (suicide),ICD-10,,1,Cell suppressed for small numbers,02/17/2026,02/17/2026
363,2024,02,Occurrence,Race-Ethnicity,White,SUI,Intentional self-harm (suicide),ICD-10,167.0,,,02/17/2026,02/17/2026
364,2024,02,Occurrence,Race-Ethnicity,Other/Unknown,SUI,Intentional self-harm (suicide),ICD-10,,1,Cell suppressed for small numbers,02/17/2026,02/17/2026
365,2024,03,Occurrence,Total Population,Total Population,ALL,All causes (total),ICD-10,24559.0,,,02/17/2026,02/17/2026
366,2024,03,Occurrence,Age,Under 1 year,ALL,All causes (total),ICD-10,150.0,,,02/17/2026,02/17/2026
367,2024,03,Occurrence,Age,1-4 years,ALL,All causes (total),ICD-10,16.0,,,02/17/2026,02/17/2026
368,2024,03,Occurrence,Age,5-14 years,ALL,All causes (total),ICD-10,54.0,,,02/17/2026,02/17/2026
369,2024,03,Occurrence,Age,15-24 years,ALL,All causes (total),ICD-10,229.0,,,02/17/2026,02/17/2026
370,2024,03,Occurrence,Age,25-34 years,ALL,All causes (total),ICD-10,581.0,,,02/17/2026,02/17/2026
371,2024,03,Occurrence,Age,35-44 years,ALL,All causes (total),ICD-10,882.0,,,02/17/2026,02/17/2026
372,2024,03,Occurrence,Age,45-54 years,ALL,All causes (total),ICD-10,1295.0,,,02/17/2026,02/17/2026
373,2024,03,Occurrence,Age,55-64 years,ALL,All causes (total),ICD-10,2761.0,,,02/17/2026,02/17/2026
374,2024,03,Occurrence,Age,65-74 years,ALL,All causes (total),ICD-10,4617.0,,,02/17/2026,02/17/2026
375,2024,03,Occurrence,Age,75-84 years,ALL,All causes (total),ICD-10,6124.0,,,02/17/2026,02/17/2026
376,2024,03,Occurrence,Age,85 years and over,ALL,All causes (total),ICD-10,7847.0,,,02/17/2026,02/17/2026
377,2024,03,Occurrence,Gender,Female,ALL,All causes (total),ICD-10,11423.0,,,02/17/2026,02/17/2026
378,2024,03,Occurrence,Gender,Male,ALL,All causes (total),ICD-10,13134.0,,,02/17/2026,02/17/2026
379,2024,03,Occurrence,Place Type,Inpatient,ALL,All causes (total),ICD-10,7720.0,,,02/17/2026,02/17/2026
380,2024,03,Occurrence,Place Type,Emergency Room/Outpatient,ALL,All causes (total),ICD-10,1332.0,,,02/17/2026,02/17/2026
381,2024,03,Occurrence,Place Type,Decedent's Home,ALL,All causes (total),ICD-10,9315.0,,,02/17/2026,02/17/2026
382,2024,03,Occurrence,Place Type,Hospice Facility,ALL,All causes (total),ICD-10,235.0,,,02/17/2026,02/17/2026
383,2024,03,Occurrence,Place Type,Nursing Home/Long Term Care Facility,ALL,All causes (total),ICD-10,1925.0,,,02/17/2026,02/17/2026
384,2024,03,Occurrence,Place Type,Other/Unknown,ALL,All causes (total),ICD-10,4032.0,,,02/17/2026,02/17/2026
385,2024,03,Occurrence,Race-Ethnicity,American Indian/Alaska Native,ALL,All causes (total),ICD-10,131.0,,,02/17/2026,02/17/2026
386,2024,03,Occurrence,Race-Ethnicity,Asian,ALL,All causes (total),ICD-10,2761.0,,,02/17/2026,02/17/2026
387,2024,03,Occurrence,Race-Ethnicity,Black,ALL,All causes (total),ICD-10,1885.0,,,02/17/2026,02/17/2026
388,2024,03,Occurrence,Race-Ethnicity,Hawaiian/Pacific Islander,ALL,All causes (total),ICD-10,107.0,,,02/17/2026,02/17/2026
389,2024,03,Occurrence,Race-Ethnicity,Hispanic,ALL,All causes (total),ICD-10,5513.0,,,02/17/2026,02/17/2026
390,2024,03,Occurrence,Race-Ethnicity,Multi-Race,ALL,All causes (total),ICD-10,244.0,,,02/17/2026,02/17/2026
391,2024,03,Occurrence,Race-Ethnicity,White,ALL,All causes (total),ICD-10,13695.0,,,02/17/2026,02/17/2026
392,2024,03,Occurrence,Race-Ethnicity,Other/Unknown,ALL,All causes (total),ICD-10,223.0,,,02/17/2026,02/17/2026
393,2024,03,Occurrence,Total Population,Total Population,ALZ,Alzheimer's disease,ICD-10,1314.0,,,02/17/2026,02/17/2026
394,2024,03,Occurrence,Gender,Female,ALZ,Alzheimer's disease,ICD-10,905.0,,,02/17/2026,02/17/2026
395,2024,03,Occurrence,Gender,Male,ALZ,Alzheimer's disease,ICD-10,409.0,,,02/17/2026,02/17/2026
396,2024,03,Occurrence,Race-Ethnicity,American Indian/Alaska Native,ALZ,Alzheimer's disease,ICD-10,,1,Cell suppressed for small numbers,02/17/2026,02/17/2026
397,2024,03,Occurrence,Race-Ethnicity,Asian,ALZ,Alzheimer's disease,ICD-10,141.0,,,02/17/2026,02/17/2026
398,2024,03,Occurrence,Race-Ethnicity,Black,ALZ,Alzheimer's disease,ICD-10,73.0,,,02/17/2026,02/17/2026
399,2024,03,Occurrence,Race-Ethnicity,Hawaiian/Pacific Islander,ALZ,Alzheimer's disease,ICD-10,,1,Cell suppressed for small numbers,02/17/2026,02/17/2026
400,2024,03,Occurrence,Race-Ethnicity,Hispanic,ALZ,Alzheimer's disease,ICD-10,225.0,,,02/17/2026,02/17/2026
401,2024,03,Occurrence,Race-Ethnicity,Multi-Race,ALZ,Alzheimer's disease,ICD-10,,1,Cell suppressed for small numbers,02/17/2026,02/17/2026
402,2024,03,Occurrence,Race-Ethnicity,White,ALZ,Alzheimer's disease,ICD-10,858.0,,,02/17/2026,02/17/2026
403,2024,03,Occurrence,Race-Ethnicity,Other/Unknown,ALZ,Alzheimer's disease,ICD-10,,1,Cell suppressed for small numbers,02/17/2026,02/17/2026
404,2024,03,Occurrence,Total Population,Total Population,CAN,Malignant neoplasms,ICD-10,5122.0,,,02/17/2026,02/17/2026
405,2024,03,Occurrence,Gender,Female,CAN,Malignant neoplasms,ICD-10,2475.0,,,02/17/2026,02/17/2026
406,2024,03,Occurrence,Gender,Male,CAN,Malignant neoplasms,ICD-10,2646.0,,,02/17/2026,02/17/2026
407,2024,03,Occurrence,Race-Ethnicity,American Indian/Alaska Native,CAN,Malignant neoplasms,ICD-10,22.0,,,02/17/2026,02/17/2026
408,2024,03,Occurrence,Race-Ethnicity,Asian,CAN,Malignant neoplasms,ICD-10,671.0,,,02/17/2026,02/17/2026
409,2024,03,Occurrence,Race-Ethnicity,Black,CAN,Malignant neoplasms,ICD-10,325.0,,,02/17/2026,02/17/2026
410,2024,03,Occurrence,Race-Ethnicity,Hawaiian/Pacific Islander,CAN,Malignant neoplasms,ICD-10,19.0,,,02/17/2026,02/17/2026
411,2024,03,Occurrence,Race-Ethnicity,Hispanic,CAN,Malignant neoplasms,ICD-10,1130.0,,,02/17/2026,02/17/2026
412,2024,03,Occurrence,Race-Ethnicity,Multi-Race,CAN,Malignant neoplasms,ICD-10,45.0,,,02/17/2026,02/17/2026
413,2024,03,Occurrence,Race-Ethnicity,White,CAN,Malignant neoplasms,ICD-10,2888.0,,,02/17/2026,02/17/2026
414,2024,03,Occurrence,Race-Ethnicity,Other/Unknown,CAN,Malignant neoplasms,ICD-10,22.0,,,02/17/2026,02/17/2026
415,2024,03,Occurrence,Total Population,Total Population,CLD,Chronic lower respiratory diseases,ICD-10,1011.0,,,02/17/2026,02/17/2026
416,2024,03,Occurrence,Gender,Female,CLD,Chronic lower respiratory diseases,ICD-10,502.0,,,02/17/2026,02/17/2026
417,2024,03,Occurrence,Gender,Male,CLD,Chronic lower respiratory diseases,ICD-10,509.0,,,02/17/2026,02/17/2026
418,2024,03,Occurrence,Race-Ethnicity,American Indian/Alaska Native,CLD,Chronic lower respiratory diseases,ICD-10,,1,Cell suppressed for small numbers,02/17/2026,02/17/2026
419,2024,03,Occurrence,Race-Ethnicity,Asian,CLD,Chronic lower respiratory diseases,ICD-10,64.0,,,02/17/2026,02/17/2026
420,2024,03,Occurrence,Race-Ethnicity,Black,CLD,Chronic lower respiratory diseases,ICD-10,76.0,,,02/17/2026,02/17/2026
421,2024,03,Occurrence,Race-Ethnicity,Hawaiian/Pacific Islander,CLD,Chronic lower respiratory diseases,ICD-10,,1,Cell suppressed for small numbers,02/17/2026,02/17/2026
422,2024,03,Occurrence,Race-Ethnicity,Hispanic,CLD,Chronic lower respiratory diseases,ICD-10,109.0,,,02/17/2026,02/17/2026
423,2024,03,Occurrence,Race-Ethnicity,Multi-Race,CLD,Chronic lower respiratory diseases,ICD-10,,1,Cell suppressed for small numbers,02/17/2026,02/17/2026
424,2024,03,Occurrence,Race-Ethnicity,White,CLD,Chronic lower respiratory diseases,ICD-10,731.0,,,02/17/2026,02/17/2026
425,2024,03,Occurrence,Race-Ethnicity,Other/Unknown,CLD,Chronic lower respiratory diseases,ICD-10,15.0,,,02/17/2026,02/17/2026
426,2024,03,Occurrence,Total Population,Total Population,DIA,Diabetes mellitus,ICD-10,977.0,,,02/17/2026,02/17/2026
427,2024,03,Occurrence,Gender,Female,DIA,Diabetes mellitus,ICD-10,401.0,,,02/17/2026,02/17/2026
428,2024,03,Occurrence,Gender,Male,DIA,Diabetes mellitus,ICD-10,575.0,,,02/17/2026,02/17/2026
429,2024,03,Occurrence,Race-Ethnicity,American Indian/Alaska Native,DIA,Diabetes mellitus,ICD-10,,1,Cell suppressed for small numbers,02/17/2026,02/17/2026
430,2024,03,Occurrence,Race-Ethnicity,Asian,DIA,Diabetes mellitus,ICD-10,153.0,,,02/17/2026,02/17/2026
431,2024,03,Occurrence,Race-Ethnicity,Black,DIA,Diabetes mellitus,ICD-10,108.0,,,02/17/2026,02/17/2026
432,2024,03,Occurrence,Race-Ethnicity,Hawaiian/Pacific Islander,DIA,Diabetes mellitus,ICD-10,,1,Cell suppressed for small numbers,02/17/2026,02/17/2026
433,2024,03,Occurrence,Race-Ethnicity,Hispanic,DIA,Diabetes mellitus,ICD-10,325.0,,,02/17/2026,02/17/2026
434,2024,03,Occurrence,Race-Ethnicity,Multi-Race,DIA,Diabetes mellitus,ICD-10,,1,Cell suppressed for small numbers,02/17/2026,02/17/2026
435,2024,03,Occurrence,Race-Ethnicity,White,DIA,Diabetes mellitus,ICD-10,353.0,,,02/17/2026,02/17/2026
436,2024,03,Occurrence,Race-Ethnicity,Other/Unknown,DIA,Diabetes mellitus,ICD-10,13.0,,,02/17/2026,02/17/2026
437,2024,03,Occurrence,Total Population,Total Population,HOM,Assault (homicide),ICD-10,144.0,,,02/17/2026,02/17/2026
438,2024,03,Occurrence,Gender,Female,HOM,Assault (homicide),ICD-10,26.0,,,02/17/2026,02/17/2026
439,2024,03,Occurrence,Gender,Male,HOM,Assault (homicide),ICD-10,118.0,,,02/17/2026,02/17/2026
440,2024,03,Occurrence,Race-Ethnicity,American Indian/Alaska Native,HOM,Assault (homicide),ICD-10,,1,Cell suppressed for small numbers,02/17/2026,02/17/2026
441,2024,03,Occurrence,Race-Ethnicity,Asian,HOM,Assault (homicide),ICD-10,,1,Cell suppressed for small numbers,02/17/2026,02/17/2026
442,2024,03,Occurrence,Race-Ethnicity,Black,HOM,Assault (homicide),ICD-10,40.0,,,02/17/2026,02/17/2026
443,2024,03,Occurrence,Race-Ethnicity,Hawaiian/Pacific Islander,HOM,Assault (homicide),ICD-10,0.0,,,02/17/2026,02/17/2026
444,2024,03,Occurrence,Race-Ethnicity,Hispanic,HOM,Assault (homicide),ICD-10,62.0,,,02/17/2026,02/17/2026
445,2024,03,Occurrence,Race-Ethnicity,Multi-Race,HOM,Assault (homicide),ICD-10,,1,Cell suppressed for small numbers,02/17/2026,02/17/2026
446,2024,03,Occurrence,Race-Ethnicity,White,HOM,Assault (homicide),ICD-10,30.0,,,02/17/2026,02/17/2026
447,2024,03,Occurrence,Race-Ethnicity,Other/Unknown,HOM,Assault (homicide),ICD-10,,1,Cell suppressed for small numbers,02/17/2026,02/17/2026
448,2024,03,Occurrence,Total Population,Total Population,HTD,Diseases of heart,ICD-10,5475.0,,,02/17/2026,02/17/2026
449,2024,03,Occurrence,Gender,Female,HTD,Diseases of heart,ICD-10,2382.0,,,02/17/2026,02/17/2026
450,2024,03,Occurrence,Gender,Male,HTD,Diseases of heart,ICD-10,3093.0,,,02/17/2026,02/17/2026
451,2024,03,Occurrence,Race-Ethnicity,American Indian/Alaska Native,HTD,Diseases of heart,ICD-10,34.0,,,02/17/2026,02/17/2026
452,2024,03,Occurrence,Race-Ethnicity,Asian,HTD,Diseases of heart,ICD-10,591.0,,,02/17/2026,02/17/2026
453,2024,03,Occurrence,Race-Ethnicity,Black,HTD,Diseases of heart,ICD-10,477.0,,,02/17/2026,02/17/2026
454,2024,03,Occurrence,Race-Ethnicity,Hawaiian/Pacific Islander,HTD,Diseases of heart,ICD-10,31.0,,,02/17/2026,02/17/2026
455,2024,03,Occurrence,Race-Ethnicity,Hispanic,HTD,Diseases of heart,ICD-10,1033.0,,,02/17/2026,02/17/2026
456,2024,03,Occurrence,Race-Ethnicity,Multi-Race,HTD,Diseases of heart,ICD-10,46.0,,,02/17/2026,02/17/2026
457,2024,03,Occurrence,Race-Ethnicity,White,HTD,Diseases of heart,ICD-10,3223.0,,,02/17/2026,02/17/2026
458,2024,03,Occurrence,Race-Ethnicity,Other/Unknown,HTD,Diseases of heart,ICD-10,40.0,,,02/17/2026,02/17/2026
459,2024,03,Occurrence,Total Population,Total Population,HYP,Essential hypertension and hypertensive renal disease,ICD-10,563.0,,,02/17/2026,02/17/2026
460,2024,03,Occurrence,Gender,Female,HYP,Essential hypertension and hypertensive renal disease,ICD-10,300.0,,,02/17/2026,02/17/2026
461,2024,03,Occurrence,Gender,Male,HYP,Essential hypertension and hypertensive renal disease,ICD-10,263.0,,,02/17/2026,02/17/2026
462,2024,03,Occurrence,Race-Ethnicity,American Indian/Alaska Native,HYP,Essential hypertension and hypertensive renal disease,ICD-10,,1,Cell suppressed for small numbers,02/17/2026,02/17/2026
463,2024,03,Occurrence,Race-Ethnicity,Asian,HYP,Essential hypertension and hypertensive renal disease,ICD-10,106.0,,,02/17/2026,02/17/2026
464,2024,03,Occurrence,Race-Ethnicity,Black,HYP,Essential hypertension and hypertensive renal disease,ICD-10,53.0,,,02/17/2026,02/17/2026
465,2024,03,Occurrence,Race-Ethnicity,Hawaiian/Pacific Islander,HYP,Essential hypertension and hypertensive renal disease,ICD-10,,1,Cell suppressed for small numbers,02/17/2026,02/17/2026
466,2024,03,Occurrence,Race-Ethnicity,Hispanic,HYP,Essential hypertension and hypertensive renal disease,ICD-10,118.0,,,02/17/2026,02/17/2026
467,2024,03,Occurrence,Race-Ethnicity,Multi-Race,HYP,Essential hypertension and hypertensive renal disease,ICD-10,,1,Cell suppressed for small numbers,02/17/2026,02/17/2026
468,2024,03,Occurrence,Race-Ethnicity,White,HYP,Essential hypertension and hypertensive renal disease,ICD-10,267.0,,,02/17/2026,02/17/2026
469,2024,03,Occurrence,Race-Ethnicity,Other/Unknown,HYP,Essential hypertension and hypertensive renal disease,ICD-10,11.0,,,02/17/2026,02/17/2026
470,2024,03,Occurrence,Total Population,Total Population,INJ,Accidents (unintentional injuries),ICD-10,1662.0,,,02/17/2026,02/17/2026
471,2024,03,Occurrence,Gender,Female,INJ,Accidents (unintentional injuries),ICD-10,470.0,,,02/17/2026,02/17/2026
472,2024,03,Occurrence,Gender,Male,INJ,Accidents (unintentional injuries),ICD-10,1192.0,,,02/17/2026,02/17/2026
473,2024,03,Occurrence,Race-Ethnicity,American Indian/Alaska Native,INJ,Accidents (unintentional injuries),ICD-10,,2,Cell suppressed for complementary cell,02/17/2026,02/17/2026
474,2024,03,Occurrence,Race-Ethnicity,Asian,INJ,Accidents (unintentional injuries),ICD-10,96.0,,,02/17/2026,02/17/2026
475,2024,03,Occurrence,Race-Ethnicity,Black,INJ,Accidents (unintentional injuries),ICD-10,179.0,,,02/17/2026,02/17/2026
476,2024,03,Occurrence,Race-Ethnicity,Hawaiian/Pacific Islander,INJ,Accidents (unintentional injuries),ICD-10,,1,Cell suppressed for small numbers,02/17/2026,02/17/2026
477,2024,03,Occurrence,Race-Ethnicity,Hispanic,INJ,Accidents (unintentional injuries),ICD-10,534.0,,,02/17/2026,02/17/2026
478,2024,03,Occurrence,Race-Ethnicity,Multi-Race,INJ,Accidents (unintentional injuries),ICD-10,34.0,,,02/17/2026,02/17/2026
479,2024,03,Occurrence,Race-Ethnicity,White,INJ,Accidents (unintentional injuries),ICD-10,763.0,,,02/17/2026,02/17/2026
480,2024,03,Occurrence,Race-Ethnicity,Other/Unknown,INJ,Accidents (unintentional injuries),ICD-10,30.0,,,02/17/2026,02/17/2026
481,2024,03,Occurrence,Total Population,Total Population,LIV,Chronic liver disease and cirrhosis,ICD-10,529.0,,,02/17/2026,02/17/2026
482,2024,03,Occurrence,Gender,Female,LIV,Chronic liver disease and cirrhosis,ICD-10,185.0,,,02/17/2026,02/17/2026
483,2024,03,Occurrence,Gender,Male,LIV,Chronic liver disease and cirrhosis,ICD-10,344.0,,,02/17/2026,02/17/2026
484,2024,03,Occurrence,Race-Ethnicity,American Indian/Alaska Native,LIV,Chronic liver disease and cirrhosis,ICD-10,,1,Cell suppressed for small numbers,02/17/2026,02/17/2026
485,2024,03,Occurrence,Race-Ethnicity,Asian,LIV,Chronic liver disease and cirrhosis,ICD-10,25.0,,,02/17/2026,02/17/2026
486,2024,03,Occurrence,Race-Ethnicity,Black,LIV,Chronic liver disease and cirrhosis,ICD-10,23.0,,,02/17/2026,02/17/2026
487,2024,03,Occurrence,Race-Ethnicity,Hawaiian/Pacific Islander,LIV,Chronic liver disease and cirrhosis,ICD-10,0.0,,,02/17/2026,02/17/2026
488,2024,03,Occurrence,Race-Ethnicity,Hispanic,LIV,Chronic liver disease and cirrhosis,ICD-10,226.0,,,02/17/2026,02/17/2026
489,2024,03,Occurrence,Race-Ethnicity,Multi-Race,LIV,Chronic liver disease and cirrhosis,ICD-10,,1,Cell suppressed for small numbers,02/17/2026,02/17/2026
490,2024,03,Occurrence,Race-Ethnicity,White,LIV,Chronic liver disease and cirrhosis,ICD-10,238.0,,,02/17/2026,02/17/2026
491,2024,03,Occurrence,Race-Ethnicity,Other/Unknown,LIV,Chronic liver disease and cirrhosis,ICD-10,,1,Cell suppressed for small numbers,02/17/2026,02/17/2026
492,2024,03,Occurrence,Total Population,Total Population,NEP,"Nephritis, nephrotic syndrome and nephrosis",ICD-10,445.0,,,02/17/2026,02/17/2026
493,2024,03,Occurrence,Gender,Female,NEP,"Nephritis, nephrotic syndrome and nephrosis",ICD-10,189.0,,,02/17/2026,02/17/2026
494,2024,03,Occurrence,Gender,Male,NEP,"Nephritis, nephrotic syndrome and nephrosis",ICD-10,256.0,,,02/17/2026,02/17/2026
495,2024,03,Occurrence,Race-Ethnicity,American Indian/Alaska Native,NEP,"Nephritis, nephrotic syndrome and nephrosis",ICD-10,,1,Cell suppressed for small numbers,02/17/2026,02/17/2026
496,2024,03,Occurrence,Race-Ethnicity,Asian,NEP,"Nephritis, nephrotic syndrome and nephrosis",ICD-10,76.0,,,02/17/2026,02/17/2026
497,2024,03,Occurrence,Race-Ethnicity,Black,NEP,"Nephritis, nephrotic syndrome and nephrosis",ICD-10,45.0,,,02/17/2026,02/17/2026
498,2024,03,Occurrence,Race-Ethnicity,Hawaiian/Pacific Islander,NEP,"Nephritis, nephrotic syndrome and nephrosis",ICD-10,,1,Cell suppressed for small numbers,02/17/2026,02/17/2026
499,2024,03,Occurrence,Race-Ethnicity,Hispanic,NEP,"Nephritis, nephrotic syndrome and nephrosis",ICD-10,118.0,,,02/17/2026,02/17/2026
500,2024,03,Occurrence,Race-Ethnicity,Multi-Race,NEP,"Nephritis, nephrotic syndrome and nephrosis",ICD-10,,1,Cell suppressed for small numbers,02/17/2026,02/17/2026
501,2024,03,Occurrence,Race-Ethnicity,White,NEP,"Nephritis, nephrotic syndrome and nephrosis",ICD-10,192.0,,,02/17/2026,02/17/2026
502,2024,03,Occurrence,Race-Ethnicity,Other/Unknown,NEP,"Nephritis, nephrotic syndrome and nephrosis",ICD-10,,1,Cell suppressed for small numbers,02/17/2026,02/17/2026
503,2024,03,Occurrence,Total Population,Total Population,PAR,Parkinson's disease,ICD-10,331.0,,,02/17/2026,02/17/2026
504,2024,03,Occurrence,Gender,Female,PAR,Parkinson's disease,ICD-10,139.0,,,02/17/2026,02/17/2026
505,2024,03,Occurrence,Gender,Male,PAR,Parkinson's disease,ICD-10,192.0,,,02/17/2026,02/17/2026
506,2024,03,Occurrence,Race-Ethnicity,American Indian/Alaska Native,PAR,Parkinson's disease,ICD-10,0.0,,,02/17/2026,02/17/2026
507,2024,03,Occurrence,Race-Ethnicity,Asian,PAR,Parkinson's disease,ICD-10,53.0,,,02/17/2026,02/17/2026
508,2024,03,Occurrence,Race-Ethnicity,Black,PAR,Parkinson's disease,ICD-10,,2,Cell suppressed for complementary cell,02/17/2026,02/17/2026
509,2024,03,Occurrence,Race-Ethnicity,Hawaiian/Pacific Islander,PAR,Parkinson's disease,ICD-10,0.0,,,02/17/2026,02/17/2026
510,2024,03,Occurrence,Race-Ethnicity,Hispanic,PAR,Parkinson's disease,ICD-10,51.0,,,02/17/2026,02/17/2026
511,2024,03,Occurrence,Race-Ethnicity,Multi-Race,PAR,Parkinson's disease,ICD-10,,1,Cell suppressed for small numbers,02/17/2026,02/17/2026
512,2024,03,Occurrence,Race-Ethnicity,White,PAR,Parkinson's disease,ICD-10,211.0,,,02/17/2026,02/17/2026
513,2024,03,Occurrence,Race-Ethnicity,Other/Unknown,PAR,Parkinson's disease,ICD-10,0.0,,,02/17/2026,02/17/2026
514,2024,03,Occurrence,Total Population,Total Population,PNF,Influenza and pneumonia,ICD-10,475.0,,,02/17/2026,02/17/2026
515,2024,03,Occurrence,Gender,Female,PNF,Influenza and pneumonia,ICD-10,211.0,,,02/17/2026,02/17/2026
516,2024,03,Occurrence,Gender,Male,PNF,Influenza and pneumonia,ICD-10,264.0,,,02/17/2026,02/17/2026
517,2024,03,Occurrence,Race-Ethnicity,American Indian/Alaska Native,PNF,Influenza and pneumonia,ICD-10,,1,Cell suppressed for small numbers,02/17/2026,02/17/2026
518,2024,03,Occurrence,Race-Ethnicity,Asian,PNF,Influenza and pneumonia,ICD-10,62.0,,,02/17/2026,02/17/2026
519,2024,03,Occurrence,Race-Ethnicity,Black,PNF,Influenza and pneumonia,ICD-10,36.0,,,02/17/2026,02/17/2026
520,2024,03,Occurrence,Race-Ethnicity,Hawaiian/Pacific Islander,PNF,Influenza and pneumonia,ICD-10,0.0,,,02/17/2026,02/17/2026
521,2024,03,Occurrence,Race-Ethnicity,Hispanic,PNF,Influenza and pneumonia,ICD-10,127.0,,,02/17/2026,02/17/2026
522,2024,03,Occurrence,Race-Ethnicity,Multi-Race,PNF,Influenza and pneumonia,ICD-10,,1,Cell suppressed for small numbers,02/17/2026,02/17/2026
523,2024,03,Occurrence,Race-Ethnicity,White,PNF,Influenza and pneumonia,ICD-10,238.0,,,02/17/2026,02/17/2026
524,2024,03,Occurrence,Race-Ethnicity,Other/Unknown,PNF,Influenza and pneumonia,ICD-10,,1,Cell suppressed for small numbers,02/17/2026,02/17/2026
525,2024,03,Occurrence,Total Population,Total Population,STK,Cerebrovascular diseases,ICD-10,1480.0,,,02/17/2026,02/17/2026
526,2024,03,Occurrence,Gender,Female,STK,Cerebrovascular diseases,ICD-10,835.0,,,02/17/2026,02/17/2026
527,2024,03,Occurrence,Gender,Male,STK,Cerebrovascular diseases,ICD-10,645.0,,,02/17/2026,02/17/2026
528,2024,03,Occurrence,Race-Ethnicity,American Indian/Alaska Native,STK,Cerebrovascular diseases,ICD-10,,1,Cell suppressed for small numbers,02/17/2026,02/17/2026
529,2024,03,Occurrence,Race-Ethnicity,Asian,STK,Cerebrovascular diseases,ICD-10,212.0,,,02/17/2026,02/17/2026
530,2024,03,Occurrence,Race-Ethnicity,Black,STK,Cerebrovascular diseases,ICD-10,109.0,,,02/17/2026,02/17/2026
531,2024,03,Occurrence,Race-Ethnicity,Hawaiian/Pacific Islander,STK,Cerebrovascular diseases,ICD-10,,1,Cell suppressed for small numbers,02/17/2026,02/17/2026
532,2024,03,Occurrence,Race-Ethnicity,Hispanic,STK,Cerebrovascular diseases,ICD-10,303.0,,,02/17/2026,02/17/2026
533,2024,03,Occurrence,Race-Ethnicity,Multi-Race,STK,Cerebrovascular diseases,ICD-10,,1,Cell suppressed for small numbers,02/17/2026,02/17/2026
534,2024,03,Occurrence,Race-Ethnicity,White,STK,Cerebrovascular diseases,ICD-10,817.0,,,02/17/2026,02/17/2026
535,2024,03,Occurrence,Race-Ethnicity,Other/Unknown,STK,Cerebrovascular diseases,ICD-10,16.0,,,02/17/2026,02/17/2026
536,2024,03,Occurrence,Total Population,Total Population,SUI,Intentional self-harm (suicide),ICD-10,359.0,,,02/17/2026,02/17/2026
537,2024,03,Occurrence,Gender,Female,SUI,Intentional self-harm (suicide),ICD-10,85.0,,,02/17/2026,02/17/2026
538,2024,03,Occurrence,Gender,Male,SUI,Intentional self-harm (suicide),ICD-10,274.0,,,02/17/2026,02/17/2026
539,2024,03,Occurrence,Race-Ethnicity,American Indian/Alaska Native,SUI,Intentional self-harm (suicide),ICD-10,0.0,,,02/17/2026,02/17/2026
540,2024,03,Occurrence,Race-Ethnicity,Asian,SUI,Intentional self-harm (suicide),ICD-10,44.0,,,02/17/2026,02/17/2026
541,2024,03,Occurrence,Race-Ethnicity,Black,SUI,Intentional self-harm (suicide),ICD-10,14.0,,,02/17/2026,02/17/2026
542,2024,03,Occurrence,Race-Ethnicity,Hawaiian/Pacific Islander,SUI,Intentional self-harm (suicide),ICD-10,,1,Cell suppressed for small numbers,02/17/2026,02/17/2026
543,2024,03,Occurrence,Race-Ethnicity,Hispanic,SUI,Intentional self-harm (suicide),ICD-10,75.0,,,02/17/2026,02/17/2026
544,2024,03,Occurrence,Race-Ethnicity,Multi-Race,SUI,Intentional self-harm (suicide),ICD-10,,1,Cell suppressed for small numbers,02/17/2026,02/17/2026
545,2024,03,Occurrence,Race-Ethnicity,White,SUI,Intentional self-harm (suicide),ICD-10,215.0,,,02/17/2026,02/17/2026
546,2024,03,Occurrence,Race-Ethnicity,Other/Unknown,SUI,Intentional self-harm (suicide),ICD-10,,1,Cell suppressed for small numbers,02/17/2026,02/17/2026
547,2024,04,Occurrence,Total Population,Total Population,ALL,All causes (total),ICD-10,23578.0,,,02/17/2026,02/17/2026
548,2024,04,Occurrence,Age,Under 1 year,ALL,All causes (total),ICD-10,149.0,,,02/17/2026,02/17/2026
549,2024,04,Occurrence,Age,1-4 years,ALL,All causes (total),ICD-10,27.0,,,02/17/2026,02/17/2026
550,2024,04,Occurrence,Age,5-14 years,ALL,All causes (total),ICD-10,42.0,,,02/17/2026,02/17/2026
551,2024,04,Occurrence,Age,15-24 years,ALL,All causes (total),ICD-10,244.0,,,02/17/2026,02/17/2026
552,2024,04,Occurrence,Age,25-34 years,ALL,All causes (total),ICD-10,526.0,,,02/17/2026,02/17/2026
553,2024,04,Occurrence,Age,35-44 years,ALL,All causes (total),ICD-10,791.0,,,02/17/2026,02/17/2026
554,2024,04,Occurrence,Age,45-54 years,ALL,All causes (total),ICD-10,1262.0,,,02/17/2026,02/17/2026
555,2024,04,Occurrence,Age,55-64 years,ALL,All causes (total),ICD-10,2694.0,,,02/17/2026,02/17/2026
556,2024,04,Occurrence,Age,65-74 years,ALL,All causes (total),ICD-10,4475.0,,,02/17/2026,02/17/2026
557,2024,04,Occurrence,Age,75-84 years,ALL,All causes (total),ICD-10,5932.0,,,02/17/2026,02/17/2026
558,2024,04,Occurrence,Age,85 years and over,ALL,All causes (total),ICD-10,7431.0,,,02/17/2026,02/17/2026
559,2024,04,Occurrence,Gender,Female,ALL,All causes (total),ICD-10,11076.0,,,02/17/2026,02/17/2026
560,2024,04,Occurrence,Gender,Male,ALL,All causes (total),ICD-10,12498.0,,,02/17/2026,02/17/2026
561,2024,04,Occurrence,Place Type,Inpatient,ALL,All causes (total),ICD-10,7347.0,,,02/17/2026,02/17/2026
562,2024,04,Occurrence,Place Type,Emergency Room/Outpatient,ALL,All causes (total),ICD-10,1217.0,,,02/17/2026,02/17/2026
563,2024,04,Occurrence,Place Type,Decedent's Home,ALL,All causes (total),ICD-10,8991.0,,,02/17/2026,02/17/2026
564,2024,04,Occurrence,Place Type,Hospice Facility,ALL,All causes (total),ICD-10,228.0,,,02/17/2026,02/17/2026
565,2024,04,Occurrence,Place Type,Nursing Home/Long Term Care Facility,ALL,All causes (total),ICD-10,1927.0,,,02/17/2026,02/17/2026
566,2024,04,Occurrence,Place Type,Other/Unknown,ALL,All causes (total),ICD-10,3868.0,,,02/17/2026,02/17/2026
567,2024,04,Occurrence,Race-Ethnicity,American Indian/Alaska Native,ALL,All causes (total),ICD-10,100.0,,,02/17/2026,02/17/2026
568,2024,04,Occurrence,Race-Ethnicity,Asian,ALL,All causes (total),ICD-10,2632.0,,,02/17/2026,02/17/2026
569,2024,04,Occurrence,Race-Ethnicity,Black,ALL,All causes (total),ICD-10,1884.0,,,02/17/2026,02/17/2026
570,2024,04,Occurrence,Race-Ethnicity,Hawaiian/Pacific Islander,ALL,All causes (total),ICD-10,92.0,,,02/17/2026,02/17/2026
571,2024,04,Occurrence,Race-Ethnicity,Hispanic,ALL,All causes (total),ICD-10,5254.0,,,02/17/2026,02/17/2026
572,2024,04,Occurrence,Race-Ethnicity,Multi-Race,ALL,All causes (total),ICD-10,296.0,,,02/17/2026,02/17/2026
573,2024,04,Occurrence,Race-Ethnicity,White,ALL,All causes (total),ICD-10,13091.0,,,02/17/2026,02/17/2026
574,2024,04,Occurrence,Race-Ethnicity,Other/Unknown,ALL,All causes (total),ICD-10,229.0,,,02/17/2026,02/17/2026
575,2024,04,Occurrence,Total Population,Total Population,ALZ,Alzheimer's disease,ICD-10,1347.0,,,02/17/2026,02/17/2026
576,2024,04,Occurrence,Gender,Female,ALZ,Alzheimer's disease,ICD-10,955.0,,,02/17/2026,02/17/2026
577,2024,04,Occurrence,Gender,Male,ALZ,Alzheimer's disease,ICD-10,392.0,,,02/17/2026,02/17/2026
578,2024,04,Occurrence,Race-Ethnicity,American Indian/Alaska Native,ALZ,Alzheimer's disease,ICD-10,,1,Cell suppressed for small numbers,02/17/2026,02/17/2026
579,2024,04,Occurrence,Race-Ethnicity,Asian,ALZ,Alzheimer's disease,ICD-10,148.0,,,02/17/2026,02/17/2026
580,2024,04,Occurrence,Race-Ethnicity,Black,ALZ,Alzheimer's disease,ICD-10,89.0,,,02/17/2026,02/17/2026
581,2024,04,Occurrence,Race-Ethnicity,Hawaiian/Pacific Islander,ALZ,Alzheimer's disease,ICD-10,,1,Cell suppressed for small numbers,02/17/2026,02/17/2026
582,2024,04,Occurrence,Race-Ethnicity,Hispanic,ALZ,Alzheimer's disease,ICD-10,243.0,,,02/17/2026,02/17/2026
583,2024,04,Occurrence,Race-Ethnicity,Multi-Race,ALZ,Alzheimer's disease,ICD-10,12.0,,,02/17/2026,02/17/2026
584,2024,04,Occurrence,Race-Ethnicity,White,ALZ,Alzheimer's disease,ICD-10,840.0,,,02/17/2026,02/17/2026
585,2024,04,Occurrence,Race-Ethnicity,Other/Unknown,ALZ,Alzheimer's disease,ICD-10,,1,Cell suppressed for small numbers,02/17/2026,02/17/2026
586,2024,04,Occurrence,Total Population,Total Population,CAN,Malignant neoplasms,ICD-10,4998.0,,,02/17/2026,02/17/2026
587,2024,04,Occurrence,Gender,Female,CAN,Malignant neoplasms,ICD-10,2432.0,,,02/17/2026,02/17/2026
588,2024,04,Occurrence,Gender,Male,CAN,Malignant neoplasms,ICD-10,2566.0,,,02/17/2026,02/17/2026
589,2024,04,Occurrence,Race-Ethnicity,American Indian/Alaska Native,CAN,Malignant neoplasms,ICD-10,16.0,,,02/17/2026,02/17/2026
590,2024,04,Occurrence,Race-Ethnicity,Asian,CAN,Malignant neoplasms,ICD-10,642.0,,,02/17/2026,02/17/2026
591,2024,04,Occurrence,Race-Ethnicity,Black,CAN,Malignant neoplasms,ICD-10,359.0,,,02/17/2026,02/17/2026
592,2024,04,Occurrence,Race-Ethnicity,Hawaiian/Pacific Islander,CAN,Malignant neoplasms,ICD-10,24.0,,,02/17/2026,02/17/2026
593,2024,04,Occurrence,Race-Ethnicity,Hispanic,CAN,Malignant neoplasms,ICD-10,1058.0,,,02/17/2026,02/17/2026
594,2024,04,Occurrence,Race-Ethnicity,Multi-Race,CAN,Malignant neoplasms,ICD-10,47.0,,,02/17/2026,02/17/2026
595,2024,04,Occurrence,Race-Ethnicity,White,CAN,Malignant neoplasms,ICD-10,2824.0,,,02/17/2026,02/17/2026
596,2024,04,Occurrence,Race-Ethnicity,Other/Unknown,CAN,Malignant neoplasms,ICD-10,28.0,,,02/17/2026,02/17/2026
597,2024,04,Occurrence,Total Population,Total Population,CLD,Chronic lower respiratory diseases,ICD-10,991.0,,,02/17/2026,02/17/2026
598,2024,04,Occurrence,Gender,Female,CLD,Chronic lower respiratory diseases,ICD-10,501.0,,,02/17/2026,02/17/2026
599,2024,04,Occurrence,Gender,Male,CLD,Chronic lower respiratory diseases,ICD-10,490.0,,,02/17/2026,02/17/2026
600,2024,04,Occurrence,Race-Ethnicity,American Indian/Alaska Native,CLD,Chronic lower respiratory diseases,ICD-10,,1,Cell suppressed for small numbers,02/17/2026,02/17/2026
601,2024,04,Occurrence,Race-Ethnicity,Asian,CLD,Chronic lower respiratory diseases,ICD-10,61.0,,,02/17/2026,02/17/2026
602,2024,04,Occurrence,Race-Ethnicity,Black,CLD,Chronic lower respiratory diseases,ICD-10,54.0,,,02/17/2026,02/17/2026
603,2024,04,Occurrence,Race-Ethnicity,Hawaiian/Pacific Islander,CLD,Chronic lower respiratory diseases,ICD-10,,1,Cell suppressed for small numbers,02/17/2026,02/17/2026
604,2024,04,Occurrence,Race-Ethnicity,Hispanic,CLD,Chronic lower respiratory diseases,ICD-10,107.0,,,02/17/2026,02/17/2026
605,2024,04,Occurrence,Race-Ethnicity,Multi-Race,CLD,Chronic lower respiratory diseases,ICD-10,12.0,,,02/17/2026,02/17/2026
606,2024,04,Occurrence,Race-Ethnicity,White,CLD,Chronic lower respiratory diseases,ICD-10,731.0,,,02/17/2026,02/17/2026
607,2024,04,Occurrence,Race-Ethnicity,Other/Unknown,CLD,Chronic lower respiratory diseases,ICD-10,17.0,,,02/17/2026,02/17/2026
608,2024,04,Occurrence,Total Population,Total Population,DIA,Diabetes mellitus,ICD-10,856.0,,,02/17/2026,02/17/2026
609,2024,04,Occurrence,Gender,Female,DIA,Diabetes mellitus,ICD-10,384.0,,,02/17/2026,02/17/2026
610,2024,04,Occurrence,Gender,Male,DIA,Diabetes mellitus,ICD-10,472.0,,,02/17/2026,02/17/2026
611,2024,04,Occurrence,Race-Ethnicity,American Indian/Alaska Native,DIA,Diabetes mellitus,ICD-10,,1,Cell suppressed for small numbers,02/17/2026,02/17/2026
612,2024,04,Occurrence,Race-Ethnicity,Asian,DIA,Diabetes mellitus,ICD-10,136.0,,,02/17/2026,02/17/2026
613,2024,04,Occurrence,Race-Ethnicity,Black,DIA,Diabetes mellitus,ICD-10,94.0,,,02/17/2026,02/17/2026
614,2024,04,Occurrence,Race-Ethnicity,Hawaiian/Pacific Islander,DIA,Diabetes mellitus,ICD-10,,1,Cell suppressed for small numbers,02/17/2026,02/17/2026
615,2024,04,Occurrence,Race-Ethnicity,Hispanic,DIA,Diabetes mellitus,ICD-10,253.0,,,02/17/2026,02/17/2026
616,2024,04,Occurrence,Race-Ethnicity,Multi-Race,DIA,Diabetes mellitus,ICD-10,17.0,,,02/17/2026,02/17/2026
617,2024,04,Occurrence,Race-Ethnicity,White,DIA,Diabetes mellitus,ICD-10,333.0,,,02/17/2026,02/17/2026
618,2024,04,Occurrence,Race-Ethnicity,Other/Unknown,DIA,Diabetes mellitus,ICD-10,13.0,,,02/17/2026,02/17/2026
619,2024,04,Occurrence,Total Population,Total Population,HOM,Assault (homicide),ICD-10,139.0,,,02/17/2026,02/17/2026
620,2024,04,Occurrence,Gender,Female,HOM,Assault (homicide),ICD-10,29.0,,,02/17/2026,02/17/2026
621,2024,04,Occurrence,Gender,Male,HOM,Assault (homicide),ICD-10,110.0,,,02/17/2026,02/17/2026
622,2024,04,Occurrence,Race-Ethnicity,American Indian/Alaska Native,HOM,Assault (homicide),ICD-10,,1,Cell suppressed for small numbers,02/17/2026,02/17/2026
623,2024,04,Occurrence,Race-Ethnicity,Asian,HOM,Assault (homicide),ICD-10,,1,Cell suppressed for small numbers,02/17/2026,02/17/2026
624,2024,04,Occurrence,Race-Ethnicity,Black,HOM,Assault (homicide),ICD-10,37.0,,,02/17/2026,02/17/2026
625,2024,04,Occurrence,Race-Ethnicity,Hawaiian/Pacific Islander,HOM,Assault (homicide),ICD-10,0.0,,,02/17/2026,02/17/2026
626,2024,04,Occurrence,Race-Ethnicity,Hispanic,HOM,Assault (homicide),ICD-10,67.0,,,02/17/2026,02/17/2026
627,2024,04,Occurrence,Race-Ethnicity,Multi-Race,HOM,Assault (homicide),ICD-10,,1,Cell suppressed for small numbers,02/17/2026,02/17/2026
628,2024,04,Occurrence,Race-Ethnicity,White,HOM,Assault (homicide),ICD-10,21.0,,,02/17/2026,02/17/2026
629,2024,04,Occurrence,Race-Ethnicity,Other/Unknown,HOM,Assault (homicide),ICD-10,,1,Cell suppressed for small numbers,02/17/2026,02/17/2026
630,2024,04,Occurrence,Total Population,Total Population,HTD,Diseases of heart,ICD-10,5185.0,,,02/17/2026,02/17/2026
631,2024,04,Occurrence,Gender,Female,HTD,Diseases of heart,ICD-10,2238.0,,,02/17/2026,02/17/2026
632,2024,04,Occurrence,Gender,Male,HTD,Diseases of heart,ICD-10,2947.0,,,02/17/2026,02/17/2026
633,2024,04,Occurrence,Race-Ethnicity,American Indian/Alaska Native,HTD,Diseases of heart,ICD-10,22.0,,,02/17/2026,02/17/2026
634,2024,04,Occurrence,Race-Ethnicity,Asian,HTD,Diseases of heart,ICD-10,569.0,,,02/17/2026,02/17/2026
635,2024,04,Occurrence,Race-Ethnicity,Black,HTD,Diseases of heart,ICD-10,442.0,,,02/17/2026,02/17/2026
636,2024,04,Occurrence,Race-Ethnicity,Hawaiian/Pacific Islander,HTD,Diseases of heart,ICD-10,17.0,,,02/17/2026,02/17/2026
637,2024,04,Occurrence,Race-Ethnicity,Hispanic,HTD,Diseases of heart,ICD-10,964.0,,,02/17/2026,02/17/2026
638,2024,04,Occurrence,Race-Ethnicity,Multi-Race,HTD,Diseases of heart,ICD-10,66.0,,,02/17/2026,02/17/2026
639,2024,04,Occurrence,Race-Ethnicity,White,HTD,Diseases of heart,ICD-10,3048.0,,,02/17/2026,02/17/2026
640,2024,04,Occurrence,Race-Ethnicity,Other/Unknown,HTD,Diseases of heart,ICD-10,57.0,,,02/17/2026,02/17/2026
641,2024,04,Occurrence,Total Population,Total Population,HYP,Essential hypertension and hypertensive renal disease,ICD-10,523.0,,,02/17/2026,02/17/2026
642,2024,04,Occurrence,Gender,Female,HYP,Essential hypertension and hypertensive renal disease,ICD-10,274.0,,,02/17/2026,02/17/2026
643,2024,04,Occurrence,Gender,Male,HYP,Essential hypertension and hypertensive renal disease,ICD-10,249.0,,,02/17/2026,02/17/2026
644,2024,04,Occurrence,Race-Ethnicity,American Indian/Alaska Native,HYP,Essential hypertension and hypertensive renal disease,ICD-10,0.0,,,02/17/2026,02/17/2026
645,2024,04,Occurrence,Race-Ethnicity,Asian,HYP,Essential hypertension and hypertensive renal disease,ICD-10,68.0,,,02/17/2026,02/17/2026
646,2024,04,Occurrence,Race-Ethnicity,Black,HYP,Essential hypertension and hypertensive renal disease,ICD-10,54.0,,,02/17/2026,02/17/2026
647,2024,04,Occurrence,Race-Ethnicity,Hawaiian/Pacific Islander,HYP,Essential hypertension and hypertensive renal disease,ICD-10,,1,Cell suppressed for small numbers,02/17/2026,02/17/2026
648,2024,04,Occurrence,Race-Ethnicity,Hispanic,HYP,Essential hypertension and hypertensive renal disease,ICD-10,114.0,,,02/17/2026,02/17/2026
649,2024,04,Occurrence,Race-Ethnicity,Multi-Race,HYP,Essential hypertension and hypertensive renal disease,ICD-10,,1,Cell suppressed for small numbers,02/17/2026,02/17/2026
650,2024,04,Occurrence,Race-Ethnicity,White,HYP,Essential hypertension and hypertensive renal disease,ICD-10,271.0,,,02/17/2026,02/17/2026
651,2024,04,Occurrence,Race-Ethnicity,Other/Unknown,HYP,Essential hypertension and hypertensive renal disease,ICD-10,,1,Cell suppressed for small numbers,02/17/2026,02/17/2026
652,2024,04,Occurrence,Total Population,Total Population,INJ,Accidents (unintentional injuries),ICD-10,1606.0,,,02/17/2026,02/17/2026
653,2024,04,Occurrence,Gender,Female,INJ,Accidents (unintentional injuries),ICD-10,424.0,,,02/17/2026,02/17/2026
654,2024,04,Occurrence,Gender,Male,INJ,Accidents (unintentional injuries),ICD-10,1182.0,,,02/17/2026,02/17/2026
655,2024,04,Occurrence,Race-Ethnicity,American Indian/Alaska Native,INJ,Accidents (unintentional injuries),ICD-10,,2,Cell suppressed for complementary cell,02/17/2026,02/17/2026
656,2024,04,Occurrence,Race-Ethnicity,Asian,INJ,Accidents (unintentional injuries),ICD-10,105.0,,,02/17/2026,02/17/2026
657,2024,04,Occurrence,Race-Ethnicity,Black,INJ,Accidents (unintentional injuries),ICD-10,187.0,,,02/17/2026,02/17/2026
658,2024,04,Occurrence,Race-Ethnicity,Hawaiian/Pacific Islander,INJ,Accidents (unintentional injuries),ICD-10,,1,Cell suppressed for small numbers,02/17/2026,02/17/2026
659,2024,04,Occurrence,Race-Ethnicity,Hispanic,INJ,Accidents (unintentional injuries),ICD-10,546.0,,,02/17/2026,02/17/2026
660,2024,04,Occurrence,Race-Ethnicity,Multi-Race,INJ,Accidents (unintentional injuries),ICD-10,38.0,,,02/17/2026,02/17/2026
661,2024,04,Occurrence,Race-Ethnicity,White,INJ,Accidents (unintentional injuries),ICD-10,692.0,,,02/17/2026,02/17/2026
662,2024,04,Occurrence,Race-Ethnicity,Other/Unknown,INJ,Accidents (unintentional injuries),ICD-10,21.0,,,02/17/2026,02/17/2026
663,2024,04,Occurrence,Total Population,Total Population,LIV,Chronic liver disease and cirrhosis,ICD-10,536.0,,,02/17/2026,02/17/2026
664,2024,04,Occurrence,Gender,Female,LIV,Chronic liver disease and cirrhosis,ICD-10,201.0,,,02/17/2026,02/17/2026
665,2024,04,Occurrence,Gender,Male,LIV,Chronic liver disease and cirrhosis,ICD-10,334.0,,,02/17/2026,02/17/2026
666,2024,04,Occurrence,Race-Ethnicity,American Indian/Alaska Native,LIV,Chronic liver disease and cirrhosis,ICD-10,,1,Cell suppressed for small numbers,02/17/2026,02/17/2026
667,2024,04,Occurrence,Race-Ethnicity,Asian,LIV,Chronic liver disease and cirrhosis,ICD-10,26.0,,,02/17/2026,02/17/2026
668,2024,04,Occurrence,Race-Ethnicity,Black,LIV,Chronic liver disease and cirrhosis,ICD-10,21.0,,,02/17/2026,02/17/2026
669,2024,04,Occurrence,Race-Ethnicity,Hawaiian/Pacific Islander,LIV,Chronic liver disease and cirrhosis,ICD-10,,1,Cell suppressed for small numbers,02/17/2026,02/17/2026
670,2024,04,Occurrence,Race-Ethnicity,Hispanic,LIV,Chronic liver disease and cirrhosis,ICD-10,239.0,,,02/17/2026,02/17/2026
671,2024,04,Occurrence,Race-Ethnicity,Multi-Race,LIV,Chronic liver disease and cirrhosis,ICD-10,,1,Cell suppressed for small numbers,02/17/2026,02/17/2026
672,2024,04,Occurrence,Race-Ethnicity,White,LIV,Chronic liver disease and cirrhosis,ICD-10,233.0,,,02/17/2026,02/17/2026
673,2024,04,Occurrence,Race-Ethnicity,Other/Unknown,LIV,Chronic liver disease and cirrhosis,ICD-10,,1,Cell suppressed for small numbers,02/17/2026,02/17/2026
674,2024,04,Occurrence,Total Population,Total Population,NEP,"Nephritis, nephrotic syndrome and nephrosis",ICD-10,396.0,,,02/17/2026,02/17/2026
675,2024,04,Occurrence,Gender,Female,NEP,"Nephritis, nephrotic syndrome and nephrosis",ICD-10,177.0,,,02/17/2026,02/17/2026
676,2024,04,Occurrence,Gender,Male,NEP,"Nephritis, nephrotic syndrome and nephrosis",ICD-10,219.0,,,02/17/2026,02/17/2026
677,2024,04,Occurrence,Race-Ethnicity,American Indian/Alaska Native,NEP,"Nephritis, nephrotic syndrome and nephrosis",ICD-10,,1,Cell suppressed for small numbers,02/17/2026,02/17/2026
678,2024,04,Occurrence,Race-Ethnicity,Asian,NEP,"Nephritis, nephrotic syndrome and nephrosis",ICD-10,62.0,,,02/17/2026,02/17/2026
679,2024,04,Occurrence,Race-Ethnicity,Black,NEP,"Nephritis, nephrotic syndrome and nephrosis",ICD-10,46.0,,,02/17/2026,02/17/2026
680,2024,04,Occurrence,Race-Ethnicity,Hawaiian/Pacific Islander,NEP,"Nephritis, nephrotic syndrome and nephrosis",ICD-10,,1,Cell suppressed for small numbers,02/17/2026,02/17/2026
681,2024,04,Occurrence,Race-Ethnicity,Hispanic,NEP,"Nephritis, nephrotic syndrome and nephrosis",ICD-10,102.0,,,02/17/2026,02/17/2026
682,2024,04,Occurrence,Race-Ethnicity,Multi-Race,NEP,"Nephritis, nephrotic syndrome and nephrosis",ICD-10,,1,Cell suppressed for small numbers,02/17/2026,02/17/2026
683,2024,04,Occurrence,Race-Ethnicity,White,NEP,"Nephritis, nephrotic syndrome and nephrosis",ICD-10,173.0,,,02/17/2026,02/17/2026
684,2024,04,Occurrence,Race-Ethnicity,Other/Unknown,NEP,"Nephritis, nephrotic syndrome and nephrosis",ICD-10,,1,Cell suppressed for small numbers,02/17/2026,02/17/2026
685,2024,04,Occurrence,Total Population,Total Population,PAR,Parkinson's disease,ICD-10,309.0,,,02/17/2026,02/17/2026
686,2024,04,Occurrence,Gender,Female,PAR,Parkinson's disease,ICD-10,122.0,,,02/17/2026,02/17/2026
687,2024,04,Occurrence,Gender,Male,PAR,Parkinson's disease,ICD-10,187.0,,,02/17/2026,02/17/2026
688,2024,04,Occurrence,Race-Ethnicity,American Indian/Alaska Native,PAR,Parkinson's disease,ICD-10,0.0,,,02/17/2026,02/17/2026
689,2024,04,Occurrence,Race-Ethnicity,Asian,PAR,Parkinson's disease,ICD-10,33.0,,,02/17/2026,02/17/2026
690,2024,04,Occurrence,Race-Ethnicity,Black,PAR,Parkinson's disease,ICD-10,,1,Cell suppressed for small numbers,02/17/2026,02/17/2026
691,2024,04,Occurrence,Race-Ethnicity,Hawaiian/Pacific Islander,PAR,Parkinson's disease,ICD-10,0.0,,,02/17/2026,02/17/2026
692,2024,04,Occurrence,Race-Ethnicity,Hispanic,PAR,Parkinson's disease,ICD-10,38.0,,,02/17/2026,02/17/2026
693,2024,04,Occurrence,Race-Ethnicity,Multi-Race,PAR,Parkinson's disease,ICD-10,,1,Cell suppressed for small numbers,02/17/2026,02/17/2026
694,2024,04,Occurrence,Race-Ethnicity,White,PAR,Parkinson's disease,ICD-10,231.0,,,02/17/2026,02/17/2026
695,2024,04,Occurrence,Race-Ethnicity,Other/Unknown,PAR,Parkinson's disease,ICD-10,0.0,,,02/17/2026,02/17/2026
696,2024,04,Occurrence,Total Population,Total Population,PNF,Influenza and pneumonia,ICD-10,467.0,,,02/17/2026,02/17/2026
697,2024,04,Occurrence,Gender,Female,PNF,Influenza and pneumonia,ICD-10,214.0,,,02/17/2026,02/17/2026
698,2024,04,Occurrence,Gender,Male,PNF,Influenza and pneumonia,ICD-10,253.0,,,02/17/2026,02/17/2026
699,2024,04,Occurrence,Race-Ethnicity,American Indian/Alaska Native,PNF,Influenza and pneumonia,ICD-10,,1,Cell suppressed for small numbers,02/17/2026,02/17/2026
700,2024,04,Occurrence,Race-Ethnicity,Asian,PNF,Influenza and pneumonia,ICD-10,74.0,,,02/17/2026,02/17/2026
701,2024,04,Occurrence,Race-Ethnicity,Black,PNF,Influenza and pneumonia,ICD-10,30.0,,,02/17/2026,02/17/2026
702,2024,04,Occurrence,Race-Ethnicity,Hawaiian/Pacific Islander,PNF,Influenza and pneumonia,ICD-10,,1,Cell suppressed for small numbers,02/17/2026,02/17/2026
703,2024,04,Occurrence,Race-Ethnicity,Hispanic,PNF,Influenza and pneumonia,ICD-10,100.0,,,02/17/2026,02/17/2026
704,2024,04,Occurrence,Race-Ethnicity,Multi-Race,PNF,Influenza and pneumonia,ICD-10,,1,Cell suppressed for small numbers,02/17/2026,02/17/2026
705,2024,04,Occurrence,Race-Ethnicity,White,PNF,Influenza and pneumonia,ICD-10,248.0,,,02/17/2026,02/17/2026
706,2024,04,Occurrence,Race-Ethnicity,Other/Unknown,PNF,Influenza and pneumonia,ICD-10,,1,Cell suppressed for small numbers,02/17/2026,02/17/2026
707,2024,04,Occurrence,Total Population,Total Population,STK,Cerebrovascular diseases,ICD-10,1468.0,,,02/17/2026,02/17/2026
708,2024,04,Occurrence,Gender,Female,STK,Cerebrovascular diseases,ICD-10,827.0,,,02/17/2026,02/17/2026
709,2024,04,Occurrence,Gender,Male,STK,Cerebrovascular diseases,ICD-10,641.0,,,02/17/2026,02/17/2026
710,2024,04,Occurrence,Race-Ethnicity,American Indian/Alaska Native,STK,Cerebrovascular diseases,ICD-10,,1,Cell suppressed for small numbers,02/17/2026,02/17/2026
711,2024,04,Occurrence,Race-Ethnicity,Asian,STK,Cerebrovascular diseases,ICD-10,234.0,,,02/17/2026,02/17/2026
712,2024,04,Occurrence,Race-Ethnicity,Black,STK,Cerebrovascular diseases,ICD-10,127.0,,,02/17/2026,02/17/2026
713,2024,04,Occurrence,Race-Ethnicity,Hawaiian/Pacific Islander,STK,Cerebrovascular diseases,ICD-10,,1,Cell suppressed for small numbers,02/17/2026,02/17/2026
714,2024,04,Occurrence,Race-Ethnicity,Hispanic,STK,Cerebrovascular diseases,ICD-10,332.0,,,02/17/2026,02/17/2026
715,2024,04,Occurrence,Race-Ethnicity,Multi-Race,STK,Cerebrovascular diseases,ICD-10,16.0,,,02/17/2026,02/17/2026
716,2024,04,Occurrence,Race-Ethnicity,White,STK,Cerebrovascular diseases,ICD-10,740.0,,,02/17/2026,02/17/2026
717,2024,04,Occurrence,Race-Ethnicity,Other/Unknown,STK,Cerebrovascular diseases,ICD-10,11.0,,,02/17/2026,02/17/2026
718,2024,04,Occurrence,Total Population,Total Population,SUI,Intentional self-harm (suicide),ICD-10,344.0,,,02/17/2026,02/17/2026
719,2024,04,Occurrence,Gender,Female,SUI,Intentional self-harm (suicide),ICD-10,76.0,,,02/17/2026,02/17/2026
720,2024,04,Occurrence,Gender,Male,SUI,Intentional self-harm (suicide),ICD-10,268.0,,,02/17/2026,02/17/2026
721,2024,04,Occurrence,Race-Ethnicity,American Indian/Alaska Native,SUI,Intentional self-harm (suicide),ICD-10,,1,Cell suppressed for small numbers,02/17/2026,02/17/2026
722,2024,04,Occurrence,Race-Ethnicity,Asian,SUI,Intentional self-harm (suicide),ICD-10,45.0,,,02/17/2026,02/17/2026
723,2024,04,Occurrence,Race-Ethnicity,Black,SUI,Intentional self-harm (suicide),ICD-10,23.0,,,02/17/2026,02/17/2026
724,2024,04,Occurrence,Race-Ethnicity,Hawaiian/Pacific Islander,SUI,Intentional self-harm (suicide),ICD-10,0.0,,,02/17/2026,02/17/2026
725,2024,04,Occurrence,Race-Ethnicity,Hispanic,SUI,Intentional self-harm (suicide),ICD-10,79.0,,,02/17/2026,02/17/2026
726,2024,04,Occurrence,Race-Ethnicity,Multi-Race,SUI,Intentional self-harm (suicide),ICD-10,,1,Cell suppressed for small numbers,02/17/2026,02/17/2026
727,2024,04,Occurrence,Race-Ethnicity,White,SUI,Intentional self-harm (suicide),ICD-10,184.0,,,02/17/2026,02/17/2026
728,2024,04,Occurrence,Race-Ethnicity,Other/Unknown,SUI,Intentional self-harm (suicide),ICD-10,,1,Cell suppressed for small numbers,02/17/2026,02/17/2026
729,2024,05,Occurrence,Total Population,Total Population,ALL,All causes (total),ICD-10,23823.0,,,02/17/2026,02/17/2026
730,2024,05,Occurrence,Age,Under 1 year,ALL,All causes (total),ICD-10,133.0,,,02/17/2026,02/17/2026
731,2024,05,Occurrence,Age,1-4 years,ALL,All causes (total),ICD-10,37.0,,,02/17/2026,02/17/2026
732,2024,05,Occurrence,Age,5-14 years,ALL,All causes (total),ICD-10,43.0,,,02/17/2026,02/17/2026
733,2024,05,Occurrence,Age,15-24 years,ALL,All causes (total),ICD-10,244.0,,,02/17/2026,02/17/2026
734,2024,05,Occurrence,Age,25-34 years,ALL,All causes (total),ICD-10,517.0,,,02/17/2026,02/17/2026
735,2024,05,Occurrence,Age,35-44 years,ALL,All causes (total),ICD-10,875.0,,,02/17/2026,02/17/2026
736,2024,05,Occurrence,Age,45-54 years,ALL,All causes (total),ICD-10,1215.0,,,02/17/2026,02/17/2026
737,2024,05,Occurrence,Age,55-64 years,ALL,All causes (total),ICD-10,2700.0,,,02/17/2026,02/17/2026
738,2024,05,Occurrence,Age,65-74 years,ALL,All causes (total),ICD-10,4458.0,,,02/17/2026,02/17/2026
739,2024,05,Occurrence,Age,75-84 years,ALL,All causes (total),ICD-10,6091.0,,,02/17/2026,02/17/2026
740,2024,05,Occurrence,Age,85 years and over,ALL,All causes (total),ICD-10,7506.0,,,02/17/2026,02/17/2026
741,2024,05,Occurrence,Gender,Female,ALL,All causes (total),ICD-10,11100.0,,,02/17/2026,02/17/2026
742,2024,05,Occurrence,Gender,Male,ALL,All causes (total),ICD-10,12720.0,,,02/17/2026,02/17/2026
743,2024,05,Occurrence,Place Type,Inpatient,ALL,All causes (total),ICD-10,7434.0,,,02/17/2026,02/17/2026
744,2024,05,Occurrence,Place Type,Emergency Room/Outpatient,ALL,All causes (total),ICD-10,1189.0,,,02/17/2026,02/17/2026
745,2024,05,Occurrence,Place Type,Decedent's Home,ALL,All causes (total),ICD-10,9126.0,,,02/17/2026,02/17/2026
746,2024,05,Occurrence,Place Type,Hospice Facility,ALL,All causes (total),ICD-10,275.0,,,02/17/2026,02/17/2026
747,2024,05,Occurrence,Place Type,Nursing Home/Long Term Care Facility,ALL,All causes (total),ICD-10,2145.0,,,02/17/2026,02/17/2026
748,2024,05,Occurrence,Place Type,Other/Unknown,ALL,All causes (total),ICD-10,3654.0,,,02/17/2026,02/17/2026
749,2024,05,Occurrence,Race-Ethnicity,American Indian/Alaska Native,ALL,All causes (total),ICD-10,116.0,,,02/17/2026,02/17/2026
750,2024,05,Occurrence,Race-Ethnicity,Asian,ALL,All causes (total),ICD-10,2680.0,,,02/17/2026,02/17/2026
751,2024,05,Occurrence,Race-Ethnicity,Black,ALL,All causes (total),ICD-10,1791.0,,,02/17/2026,02/17/2026
752,2024,05,Occurrence,Race-Ethnicity,Hawaiian/Pacific Islander,ALL,All causes (total),ICD-10,97.0,,,02/17/2026,02/17/2026
753,2024,05,Occurrence,Race-Ethnicity,Hispanic,ALL,All causes (total),ICD-10,5362.0,,,02/17/2026,02/17/2026
754,2024,05,Occurrence,Race-Ethnicity,Multi-Race,ALL,All causes (total),ICD-10,268.0,,,02/17/2026,02/17/2026
755,2024,05,Occurrence,Race-Ethnicity,White,ALL,All causes (total),ICD-10,13297.0,,,02/17/2026,02/17/2026
756,2024,05,Occurrence,Race-Ethnicity,Other/Unknown,ALL,All causes (total),ICD-10,212.0,,,02/17/2026,02/17/2026
757,2024,05,Occurrence,Total Population,Total Population,ALZ,Alzheimer's disease,ICD-10,1279.0,,,02/17/2026,02/17/2026
758,2024,05,Occurrence,Gender,Female,ALZ,Alzheimer's disease,ICD-10,863.0,,,02/17/2026,02/17/2026
759,2024,05,Occurrence,Gender,Male,ALZ,Alzheimer's disease,ICD-10,416.0,,,02/17/2026,02/17/2026
760,2024,05,Occurrence,Race-Ethnicity,American Indian/Alaska Native,ALZ,Alzheimer's disease,ICD-10,,1,Cell suppressed for small numbers,02/17/2026,02/17/2026
761,2024,05,Occurrence,Race-Ethnicity,Asian,ALZ,Alzheimer's disease,ICD-10,139.0,,,02/17/2026,02/17/2026
762,2024,05,Occurrence,Race-Ethnicity,Black,ALZ,Alzheimer's disease,ICD-10,82.0,,,02/17/2026,02/17/2026
763,2024,05,Occurrence,Race-Ethnicity,Hawaiian/Pacific Islander,ALZ,Alzheimer's disease,ICD-10,,1,Cell suppressed for small numbers,02/17/2026,02/17/2026
764,2024,05,Occurrence,Race-Ethnicity,Hispanic,ALZ,Alzheimer's disease,ICD-10,225.0,,,02/17/2026,02/17/2026
765,2024,05,Occurrence,Race-Ethnicity,Multi-Race,ALZ,Alzheimer's disease,ICD-10,,1,Cell suppressed for small numbers,02/17/2026,02/17/2026
766,2024,05,Occurrence,Race-Ethnicity,White,ALZ,Alzheimer's disease,ICD-10,819.0,,,02/17/2026,02/17/2026
767,2024,05,Occurrence,Race-Ethnicity,Other/Unknown,ALZ,Alzheimer's disease,ICD-10,,1,Cell suppressed for small numbers,02/17/2026,02/17/2026
768,2024,05,Occurrence,Total Population,Total Population,CAN,Malignant neoplasms,ICD-10,5195.0,,,02/17/2026,02/17/2026
769,2024,05,Occurrence,Gender,Female,CAN,Malignant neoplasms,ICD-10,2477.0,,,02/17/2026,02/17/2026
770,2024,05,Occurrence,Gender,Male,CAN,Malignant neoplasms,ICD-10,2717.0,,,02/17/2026,02/17/2026
771,2024,05,Occurrence,Race-Ethnicity,American Indian/Alaska Native,CAN,Malignant neoplasms,ICD-10,24.0,,,02/17/2026,02/17/2026
772,2024,05,Occurrence,Race-Ethnicity,Asian,CAN,Malignant neoplasms,ICD-10,694.0,,,02/17/2026,02/17/2026
773,2024,05,Occurrence,Race-Ethnicity,Black,CAN,Malignant neoplasms,ICD-10,388.0,,,02/17/2026,02/17/2026
774,2024,05,Occurrence,Race-Ethnicity,Hawaiian/Pacific Islander,CAN,Malignant neoplasms,ICD-10,17.0,,,02/17/2026,02/17/2026
775,2024,05,Occurrence,Race-Ethnicity,Hispanic,CAN,Malignant neoplasms,ICD-10,1177.0,,,02/17/2026,02/17/2026
776,2024,05,Occurrence,Race-Ethnicity,Multi-Race,CAN,Malignant neoplasms,ICD-10,61.0,,,02/17/2026,02/17/2026
777,2024,05,Occurrence,Race-Ethnicity,White,CAN,Malignant neoplasms,ICD-10,2796.0,,,02/17/2026,02/17/2026
778,2024,05,Occurrence,Race-Ethnicity,Other/Unknown,CAN,Malignant neoplasms,ICD-10,38.0,,,02/17/2026,02/17/2026
779,2024,05,Occurrence,Total Population,Total Population,CLD,Chronic lower respiratory diseases,ICD-10,1026.0,,,02/17/2026,02/17/2026
780,2024,05,Occurrence,Gender,Female,CLD,Chronic lower respiratory diseases,ICD-10,528.0,,,02/17/2026,02/17/2026
781,2024,05,Occurrence,Gender,Male,CLD,Chronic lower respiratory diseases,ICD-10,498.0,,,02/17/2026,02/17/2026
782,2024,05,Occurrence,Race-Ethnicity,American Indian/Alaska Native,CLD,Chronic lower respiratory diseases,ICD-10,,1,Cell suppressed for small numbers,02/17/2026,02/17/2026
783,2024,05,Occurrence,Race-Ethnicity,Asian,CLD,Chronic lower respiratory diseases,ICD-10,72.0,,,02/17/2026,02/17/2026
784,2024,05,Occurrence,Race-Ethnicity,Black,CLD,Chronic lower respiratory diseases,ICD-10,69.0,,,02/17/2026,02/17/2026
785,2024,05,Occurrence,Race-Ethnicity,Hawaiian/Pacific Islander,CLD,Chronic lower respiratory diseases,ICD-10,0.0,,,02/17/2026,02/17/2026
786,2024,05,Occurrence,Race-Ethnicity,Hispanic,CLD,Chronic lower respiratory diseases,ICD-10,111.0,,,02/17/2026,02/17/2026
787,2024,05,Occurrence,Race-Ethnicity,Multi-Race,CLD,Chronic lower respiratory diseases,ICD-10,,2,Cell suppressed for complementary cell,02/17/2026,02/17/2026
788,2024,05,Occurrence,Race-Ethnicity,White,CLD,Chronic lower respiratory diseases,ICD-10,744.0,,,02/17/2026,02/17/2026
789,2024,05,Occurrence,Race-Ethnicity,Other/Unknown,CLD,Chronic lower respiratory diseases,ICD-10,,1,Cell suppressed for small numbers,02/17/2026,02/17/2026
790,2024,05,Occurrence,Total Population,Total Population,DIA,Diabetes mellitus,ICD-10,852.0,,,02/17/2026,02/17/2026
791,2024,05,Occurrence,Gender,Female,DIA,Diabetes mellitus,ICD-10,356.0,,,02/17/2026,02/17/2026
792,2024,05,Occurrence,Gender,Male,DIA,Diabetes mellitus,ICD-10,496.0,,,02/17/2026,02/17/2026
793,2024,05,Occurrence,Race-Ethnicity,American Indian/Alaska Native,DIA,Diabetes mellitus,ICD-10,,1,Cell suppressed for small numbers,02/17/2026,02/17/2026
794,2024,05,Occurrence,Race-Ethnicity,Asian,DIA,Diabetes mellitus,ICD-10,126.0,,,02/17/2026,02/17/2026
795,2024,05,Occurrence,Race-Ethnicity,Black,DIA,Diabetes mellitus,ICD-10,89.0,,,02/17/2026,02/17/2026
796,2024,05,Occurrence,Race-Ethnicity,Hawaiian/Pacific Islander,DIA,Diabetes mellitus,ICD-10,,1,Cell suppressed for small numbers,02/17/2026,02/17/2026
797,2024,05,Occurrence,Race-Ethnicity,Hispanic,DIA,Diabetes mellitus,ICD-10,295.0,,,02/17/2026,02/17/2026
798,2024,05,Occurrence,Race-Ethnicity,Multi-Race,DIA,Diabetes mellitus,ICD-10,,1,Cell suppressed for small numbers,02/17/2026,02/17/2026
799,2024,05,Occurrence,Race-Ethnicity,White,DIA,Diabetes mellitus,ICD-10,321.0,,,02/17/2026,02/17/2026
800,2024,05,Occurrence,Race-Ethnicity,Other/Unknown,DIA,Diabetes mellitus,ICD-10,,1,Cell suppressed for small numbers,02/17/2026,02/17/2026
801,2024,05,Occurrence,Total Population,Total Population,HOM,Assault (homicide),ICD-10,139.0,,,02/17/2026,02/17/2026
802,2024,05,Occurrence,Gender,Female,HOM,Assault (homicide),ICD-10,24.0,,,02/17/2026,02/17/2026
803,2024,05,Occurrence,Gender,Male,HOM,Assault (homicide),ICD-10,115.0,,,02/17/2026,02/17/2026
804,2024,05,Occurrence,Race-Ethnicity,American Indian/Alaska Native,HOM,Assault (homicide),ICD-10,,1,Cell suppressed for small numbers,02/17/2026,02/17/2026
805,2024,05,Occurrence,Race-Ethnicity,Asian,HOM,Assault (homicide),ICD-10,14.0,,,02/17/2026,02/17/2026
806,2024,05,Occurrence,Race-Ethnicity,Black,HOM,Assault (homicide),ICD-10,32.0,,,02/17/2026,02/17/2026
807,2024,05,Occurrence,Race-Ethnicity,Hawaiian/Pacific Islander,HOM,Assault (homicide),ICD-10,0.0,,,02/17/2026,02/17/2026
808,2024,05,Occurrence,Race-Ethnicity,Hispanic,HOM,Assault (homicide),ICD-10,54.0,,,02/17/2026,02/17/2026
809,2024,05,Occurrence,Race-Ethnicity,Multi-Race,HOM,Assault (homicide),ICD-10,,1,Cell suppressed for small numbers,02/17/2026,02/17/2026
810,2024,05,Occurrence,Race-Ethnicity,White,HOM,Assault (homicide),ICD-10,33.0,,,02/17/2026,02/17/2026
811,2024,05,Occurrence,Race-Ethnicity,Other/Unknown,HOM,Assault (homicide),ICD-10,,1,Cell suppressed for small numbers,02/17/2026,02/17/2026
812,2024,05,Occurrence,Total Population,Total Population,HTD,Diseases of heart,ICD-10,5231.0,,,02/17/2026,02/17/2026
813,2024,05,Occurrence,Gender,Female,HTD,Diseases of heart,ICD-10,2319.0,,,02/17/2026,02/17/2026
814,2024,05,Occurrence,Gender,Male,HTD,Diseases of heart,ICD-10,2912.0,,,02/17/2026,02/17/2026
815,2024,05,Occurrence,Race-Ethnicity,American Indian/Alaska Native,HTD,Diseases of heart,ICD-10,24.0,,,02/17/2026,02/17/2026
816,2024,05,Occurrence,Race-Ethnicity,Asian,HTD,Diseases of heart,ICD-10,540.0,,,02/17/2026,02/17/2026
817,2024,05,Occurrence,Race-Ethnicity,Black,HTD,Diseases of heart,ICD-10,410.0,,,02/17/2026,02/17/2026
818,2024,05,Occurrence,Race-Ethnicity,Hawaiian/Pacific Islander,HTD,Diseases of heart,ICD-10,27.0,,,02/17/2026,02/17/2026
819,2024,05,Occurrence,Race-Ethnicity,Hispanic,HTD,Diseases of heart,ICD-10,969.0,,,02/17/2026,02/17/2026
820,2024,05,Occurrence,Race-Ethnicity,Multi-Race,HTD,Diseases of heart,ICD-10,63.0,,,02/17/2026,02/17/2026
821,2024,05,Occurrence,Race-Ethnicity,White,HTD,Diseases of heart,ICD-10,3151.0,,,02/17/2026,02/17/2026
822,2024,05,Occurrence,Race-Ethnicity,Other/Unknown,HTD,Diseases of heart,ICD-10,47.0,,,02/17/2026,02/17/2026
823,2024,05,Occurrence,Total Population,Total Population,HYP,Essential hypertension and hypertensive renal disease,ICD-10,513.0,,,02/17/2026,02/17/2026
824,2024,05,Occurrence,Gender,Female,HYP,Essential hypertension and hypertensive renal disease,ICD-10,265.0,,,02/17/2026,02/17/2026
825,2024,05,Occurrence,Gender,Male,HYP,Essential hypertension and hypertensive renal disease,ICD-10,248.0,,,02/17/2026,02/17/2026
826,2024,05,Occurrence,Race-Ethnicity,American Indian/Alaska Native,HYP,Essential hypertension and hypertensive renal disease,ICD-10,,1,Cell suppressed for small numbers,02/17/2026,02/17/2026
827,2024,05,Occurrence,Race-Ethnicity,Asian,HYP,Essential hypertension and hypertensive renal disease,ICD-10,66.0,,,02/17/2026,02/17/2026
828,2024,05,Occurrence,Race-Ethnicity,Black,HYP,Essential hypertension and hypertensive renal disease,ICD-10,54.0,,,02/17/2026,02/17/2026
829,2024,05,Occurrence,Race-Ethnicity,Hawaiian/Pacific Islander,HYP,Essential hypertension and hypertensive renal disease,ICD-10,,1,Cell suppressed for small numbers,02/17/2026,02/17/2026
830,2024,05,Occurrence,Race-Ethnicity,Hispanic,HYP,Essential hypertension and hypertensive renal disease,ICD-10,114.0,,,02/17/2026,02/17/2026
831,2024,05,Occurrence,Race-Ethnicity,Multi-Race,HYP,Essential hypertension and hypertensive renal disease,ICD-10,,1,Cell suppressed for small numbers,02/17/2026,02/17/2026
832,2024,05,Occurrence,Race-Ethnicity,White,HYP,Essential hypertension and hypertensive renal disease,ICD-10,263.0,,,02/17/2026,02/17/2026
833,2024,05,Occurrence,Race-Ethnicity,Other/Unknown,HYP,Essential hypertension and hypertensive renal disease,ICD-10,,1,Cell suppressed for small numbers,02/17/2026,02/17/2026
834,2024,05,Occurrence,Total Population,Total Population,INJ,Accidents (unintentional injuries),ICD-10,1593.0,,,02/17/2026,02/17/2026
835,2024,05,Occurrence,Gender,Female,INJ,Accidents (unintentional injuries),ICD-10,400.0,,,02/17/2026,02/17/2026
836,2024,05,Occurrence,Gender,Male,INJ,Accidents (unintentional injuries),ICD-10,1192.0,,,02/17/2026,02/17/2026
837,2024,05,Occurrence,Race-Ethnicity,American Indian/Alaska Native,INJ,Accidents (unintentional injuries),ICD-10,14.0,,,02/17/2026,02/17/2026
838,2024,05,Occurrence,Race-Ethnicity,Asian,INJ,Accidents (unintentional injuries),ICD-10,103.0,,,02/17/2026,02/17/2026
839,2024,05,Occurrence,Race-Ethnicity,Black,INJ,Accidents (unintentional injuries),ICD-10,158.0,,,02/17/2026,02/17/2026
840,2024,05,Occurrence,Race-Ethnicity,Hawaiian/Pacific Islander,INJ,Accidents (unintentional injuries),ICD-10,12.0,,,02/17/2026,02/17/2026
841,2024,05,Occurrence,Race-Ethnicity,Hispanic,INJ,Accidents (unintentional injuries),ICD-10,526.0,,,02/17/2026,02/17/2026
842,2024,05,Occurrence,Race-Ethnicity,Multi-Race,INJ,Accidents (unintentional injuries),ICD-10,22.0,,,02/17/2026,02/17/2026
843,2024,05,Occurrence,Race-Ethnicity,White,INJ,Accidents (unintentional injuries),ICD-10,731.0,,,02/17/2026,02/17/2026
844,2024,05,Occurrence,Race-Ethnicity,Other/Unknown,INJ,Accidents (unintentional injuries),ICD-10,27.0,,,02/17/2026,02/17/2026
845,2024,05,Occurrence,Total Population,Total Population,LIV,Chronic liver disease and cirrhosis,ICD-10,503.0,,,02/17/2026,02/17/2026
846,2024,05,Occurrence,Gender,Female,LIV,Chronic liver disease and cirrhosis,ICD-10,203.0,,,02/17/2026,02/17/2026
847,2024,05,Occurrence,Gender,Male,LIV,Chronic liver disease and cirrhosis,ICD-10,300.0,,,02/17/2026,02/17/2026
848,2024,05,Occurrence,Race-Ethnicity,American Indian/Alaska Native,LIV,Chronic liver disease and cirrhosis,ICD-10,,1,Cell suppressed for small numbers,02/17/2026,02/17/2026
849,2024,05,Occurrence,Race-Ethnicity,Asian,LIV,Chronic liver disease and cirrhosis,ICD-10,24.0,,,02/17/2026,02/17/2026
850,2024,05,Occurrence,Race-Ethnicity,Black,LIV,Chronic liver disease and cirrhosis,ICD-10,21.0,,,02/17/2026,02/17/2026
851,2024,05,Occurrence,Race-Ethnicity,Hawaiian/Pacific Islander,LIV,Chronic liver disease and cirrhosis,ICD-10,,1,Cell suppressed for small numbers,02/17/2026,02/17/2026
852,2024,05,Occurrence,Race-Ethnicity,Hispanic,LIV,Chronic liver disease and cirrhosis,ICD-10,215.0,,,02/17/2026,02/17/2026
853,2024,05,Occurrence,Race-Ethnicity,Multi-Race,LIV,Chronic liver disease and cirrhosis,ICD-10,,1,Cell suppressed for small numbers,02/17/2026,02/17/2026
854,2024,05,Occurrence,Race-Ethnicity,White,LIV,Chronic liver disease and cirrhosis,ICD-10,224.0,,,02/17/2026,02/17/2026
855,2024,05,Occurrence,Race-Ethnicity,Other/Unknown,LIV,Chronic liver disease and cirrhosis,ICD-10,,1,Cell suppressed for small numbers,02/17/2026,02/17/2026
856,2024,05,Occurrence,Total Population,Total Population,NEP,"Nephritis, nephrotic syndrome and nephrosis",ICD-10,397.0,,,02/17/2026,02/17/2026
857,2024,05,Occurrence,Gender,Female,NEP,"Nephritis, nephrotic syndrome and nephrosis",ICD-10,176.0,,,02/17/2026,02/17/2026
858,2024,05,Occurrence,Gender,Male,NEP,"Nephritis, nephrotic syndrome and nephrosis",ICD-10,221.0,,,02/17/2026,02/17/2026
859,2024,05,Occurrence,Race-Ethnicity,American Indian/Alaska Native,NEP,"Nephritis, nephrotic syndrome and nephrosis",ICD-10,,1,Cell suppressed for small numbers,02/17/2026,02/17/2026
860,2024,05,Occurrence,Race-Ethnicity,Asian,NEP,"Nephritis, nephrotic syndrome and nephrosis",ICD-10,45.0,,,02/17/2026,02/17/2026
861,2024,05,Occurrence,Race-Ethnicity,Black,NEP,"Nephritis, nephrotic syndrome and nephrosis",ICD-10,38.0,,,02/17/2026,02/17/2026
862,2024,05,Occurrence,Race-Ethnicity,Hawaiian/Pacific Islander,NEP,"Nephritis, nephrotic syndrome and nephrosis",ICD-10,,1,Cell suppressed for small numbers,02/17/2026,02/17/2026
863,2024,05,Occurrence,Race-Ethnicity,Hispanic,NEP,"Nephritis, nephrotic syndrome and nephrosis",ICD-10,133.0,,,02/17/2026,02/17/2026
864,2024,05,Occurrence,Race-Ethnicity,Multi-Race,NEP,"Nephritis, nephrotic syndrome and nephrosis",ICD-10,,1,Cell suppressed for small numbers,02/17/2026,02/17/2026
865,2024,05,Occurrence,Race-Ethnicity,White,NEP,"Nephritis, nephrotic syndrome and nephrosis",ICD-10,162.0,,,02/17/2026,02/17/2026
866,2024,05,Occurrence,Race-Ethnicity,Other/Unknown,NEP,"Nephritis, nephrotic syndrome and nephrosis",ICD-10,,1,Cell suppressed for small numbers,02/17/2026,02/17/2026
867,2024,05,Occurrence,Total Population,Total Population,PAR,Parkinson's disease,ICD-10,302.0,,,02/17/2026,02/17/2026
868,2024,05,Occurrence,Gender,Female,PAR,Parkinson's disease,ICD-10,112.0,,,02/17/2026,02/17/2026
869,2024,05,Occurrence,Gender,Male,PAR,Parkinson's disease,ICD-10,190.0,,,02/17/2026,02/17/2026
870,2024,05,Occurrence,Race-Ethnicity,American Indian/Alaska Native,PAR,Parkinson's disease,ICD-10,0.0,,,02/17/2026,02/17/2026
871,2024,05,Occurrence,Race-Ethnicity,Asian,PAR,Parkinson's disease,ICD-10,43.0,,,02/17/2026,02/17/2026
872,2024,05,Occurrence,Race-Ethnicity,Black,PAR,Parkinson's disease,ICD-10,,1,Cell suppressed for small numbers,02/17/2026,02/17/2026
873,2024,05,Occurrence,Race-Ethnicity,Hawaiian/Pacific Islander,PAR,Parkinson's disease,ICD-10,0.0,,,02/17/2026,02/17/2026
874,2024,05,Occurrence,Race-Ethnicity,Hispanic,PAR,Parkinson's disease,ICD-10,46.0,,,02/17/2026,02/17/2026
875,2024,05,Occurrence,Race-Ethnicity,Multi-Race,PAR,Parkinson's disease,ICD-10,,1,Cell suppressed for small numbers,02/17/2026,02/17/2026
876,2024,05,Occurrence,Race-Ethnicity,White,PAR,Parkinson's disease,ICD-10,201.0,,,02/17/2026,02/17/2026
877,2024,05,Occurrence,Race-Ethnicity,Other/Unknown,PAR,Parkinson's disease,ICD-10,,1,Cell suppressed for small numbers,02/17/2026,02/17/2026
878,2024,05,Occurrence,Total Population,Total Population,PNF,Influenza and pneumonia,ICD-10,432.0,,,02/17/2026,02/17/2026
879,2024,05,Occurrence,Gender,Female,PNF,Influenza and pneumonia,ICD-10,223.0,,,02/17/2026,02/17/2026
880,2024,05,Occurrence,Gender,Male,PNF,Influenza and pneumonia,ICD-10,209.0,,,02/17/2026,02/17/2026
881,2024,05,Occurrence,Race-Ethnicity,American Indian/Alaska Native,PNF,Influenza and pneumonia,ICD-10,,1,Cell suppressed for small numbers,02/17/2026,02/17/2026
882,2024,05,Occurrence,Race-Ethnicity,Asian,PNF,Influenza and pneumonia,ICD-10,78.0,,,02/17/2026,02/17/2026
883,2024,05,Occurrence,Race-Ethnicity,Black,PNF,Influenza and pneumonia,ICD-10,23.0,,,02/17/2026,02/17/2026
884,2024,05,Occurrence,Race-Ethnicity,Hawaiian/Pacific Islander,PNF,Influenza and pneumonia,ICD-10,,1,Cell suppressed for small numbers,02/17/2026,02/17/2026
885,2024,05,Occurrence,Race-Ethnicity,Hispanic,PNF,Influenza and pneumonia,ICD-10,113.0,,,02/17/2026,02/17/2026
886,2024,05,Occurrence,Race-Ethnicity,Multi-Race,PNF,Influenza and pneumonia,ICD-10,,1,Cell suppressed for small numbers,02/17/2026,02/17/2026
887,2024,05,Occurrence,Race-Ethnicity,White,PNF,Influenza and pneumonia,ICD-10,206.0,,,02/17/2026,02/17/2026
888,2024,05,Occurrence,Race-Ethnicity,Other/Unknown,PNF,Influenza and pneumonia,ICD-10,,1,Cell suppressed for small numbers,02/17/2026,02/17/2026
889,2024,05,Occurrence,Total Population,Total Population,STK,Cerebrovascular diseases,ICD-10,1493.0,,,02/17/2026,02/17/2026
890,2024,05,Occurrence,Gender,Female,STK,Cerebrovascular diseases,ICD-10,816.0,,,02/17/2026,02/17/2026
891,2024,05,Occurrence,Gender,Male,STK,Cerebrovascular diseases,ICD-10,677.0,,,02/17/2026,02/17/2026
892,2024,05,Occurrence,Race-Ethnicity,American Indian/Alaska Native,STK,Cerebrovascular diseases,ICD-10,,1,Cell suppressed for small numbers,02/17/2026,02/17/2026
893,2024,05,Occurrence,Race-Ethnicity,Asian,STK,Cerebrovascular diseases,ICD-10,238.0,,,02/17/2026,02/17/2026
894,2024,05,Occurrence,Race-Ethnicity,Black,STK,Cerebrovascular diseases,ICD-10,115.0,,,02/17/2026,02/17/2026
895,2024,05,Occurrence,Race-Ethnicity,Hawaiian/Pacific Islander,STK,Cerebrovascular diseases,ICD-10,,1,Cell suppressed for small numbers,02/17/2026,02/17/2026
896,2024,05,Occurrence,Race-Ethnicity,Hispanic,STK,Cerebrovascular diseases,ICD-10,319.0,,,02/17/2026,02/17/2026
897,2024,05,Occurrence,Race-Ethnicity,Multi-Race,STK,Cerebrovascular diseases,ICD-10,20.0,,,02/17/2026,02/17/2026
898,2024,05,Occurrence,Race-Ethnicity,White,STK,Cerebrovascular diseases,ICD-10,783.0,,,02/17/2026,02/17/2026
899,2024,05,Occurrence,Race-Ethnicity,Other/Unknown,STK,Cerebrovascular diseases,ICD-10,11.0,,,02/17/2026,02/17/2026
900,2024,05,Occurrence,Total Population,Total Population,SUI,Intentional self-harm (suicide),ICD-10,371.0,,,02/17/2026,02/17/2026
901,2024,05,Occurrence,Gender,Female,SUI,Intentional self-harm (suicide),ICD-10,89.0,,,02/17/2026,02/17/2026
902,2024,05,Occurrence,Gender,Male,SUI,Intentional self-harm (suicide),ICD-10,282.0,,,02/17/2026,02/17/2026
903,2024,05,Occurrence,Race-Ethnicity,American Indian/Alaska Native,SUI,Intentional self-harm (suicide),ICD-10,,1,Cell suppressed for small numbers,02/17/2026,02/17/2026
904,2024,05,Occurrence,Race-Ethnicity,Asian,SUI,Intentional self-harm (suicide),ICD-10,34.0,,,02/17/2026,02/17/2026
905,2024,05,Occurrence,Race-Ethnicity,Black,SUI,Intentional self-harm (suicide),ICD-10,15.0,,,02/17/2026,02/17/2026
906,2024,05,Occurrence,Race-Ethnicity,Hawaiian/Pacific Islander,SUI,Intentional self-harm (suicide),ICD-10,,1,Cell suppressed for small numbers,02/17/2026,02/17/2026
907,2024,05,Occurrence,Race-Ethnicity,Hispanic,SUI,Intentional self-harm (suicide),ICD-10,89.0,,,02/17/2026,02/17/2026
908,2024,05,Occurrence,Race-Ethnicity,Multi-Race,SUI,Intentional self-harm (suicide),ICD-10,,1,Cell suppressed for small numbers,02/17/2026,02/17/2026
909,2024,05,Occurrence,Race-Ethnicity,White,SUI,Intentional self-harm (suicide),ICD-10,216.0,,,02/17/2026,02/17/2026
910,2024,05,Occurrence,Race-Ethnicity,Other/Unknown,SUI,Intentional self-harm (suicide),ICD-10,,1,Cell suppressed for small numbers,02/17/2026,02/17/2026
911,2024,06,Occurrence,Total Population,Total Population,ALL,All causes (total),ICD-10,23285.0,,,02/17/2026,02/17/2026
912,2024,06,Occurrence,Age,Under 1 year,ALL,All causes (total),ICD-10,155.0,,,02/17/2026,02/17/2026
913,2024,06,Occurrence,Age,1-4 years,ALL,All causes (total),ICD-10,27.0,,,02/17/2026,02/17/2026
914,2024,06,Occurrence,Age,5-14 years,ALL,All causes (total),ICD-10,46.0,,,02/17/2026,02/17/2026
915,2024,06,Occurrence,Age,15-24 years,ALL,All causes (total),ICD-10,235.0,,,02/17/2026,02/17/2026
916,2024,06,Occurrence,Age,25-34 years,ALL,All causes (total),ICD-10,579.0,,,02/17/2026,02/17/2026
917,2024,06,Occurrence,Age,35-44 years,ALL,All causes (total),ICD-10,892.0,,,02/17/2026,02/17/2026
918,2024,06,Occurrence,Age,45-54 years,ALL,All causes (total),ICD-10,1272.0,,,02/17/2026,02/17/2026
919,2024,06,Occurrence,Age,55-64 years,ALL,All causes (total),ICD-10,2634.0,,,02/17/2026,02/17/2026
920,2024,06,Occurrence,Age,65-74 years,ALL,All causes (total),ICD-10,4365.0,,,02/17/2026,02/17/2026
921,2024,06,Occurrence,Age,75-84 years,ALL,All causes (total),ICD-10,5818.0,,,02/17/2026,02/17/2026
922,2024,06,Occurrence,Age,85 years and over,ALL,All causes (total),ICD-10,7259.0,,,02/17/2026,02/17/2026
923,2024,06,Occurrence,Gender,Female,ALL,All causes (total),ICD-10,10834.0,,,02/17/2026,02/17/2026
924,2024,06,Occurrence,Gender,Male,ALL,All causes (total),ICD-10,12450.0,,,02/17/2026,02/17/2026
925,2024,06,Occurrence,Place Type,Inpatient,ALL,All causes (total),ICD-10,7166.0,,,02/17/2026,02/17/2026
926,2024,06,Occurrence,Place Type,Emergency Room/Outpatient,ALL,All causes (total),ICD-10,1255.0,,,02/17/2026,02/17/2026
927,2024,06,Occurrence,Place Type,Decedent's Home,ALL,All causes (total),ICD-10,8899.0,,,02/17/2026,02/17/2026
928,2024,06,Occurrence,Place Type,Hospice Facility,ALL,All causes (total),ICD-10,232.0,,,02/17/2026,02/17/2026
929,2024,06,Occurrence,Place Type,Nursing Home/Long Term Care Facility,ALL,All causes (total),ICD-10,2184.0,,,02/17/2026,02/17/2026
930,2024,06,Occurrence,Place Type,Other/Unknown,ALL,All causes (total),ICD-10,3549.0,,,02/17/2026,02/17/2026
931,2024,06,Occurrence,Race-Ethnicity,American Indian/Alaska Native,ALL,All causes (total),ICD-10,107.0,,,02/17/2026,02/17/2026
932,2024,06,Occurrence,Race-Ethnicity,Asian,ALL,All causes (total),ICD-10,2596.0,,,02/17/2026,02/17/2026
933,2024,06,Occurrence,Race-Ethnicity,Black,ALL,All causes (total),ICD-10,1799.0,,,02/17/2026,02/17/2026
934,2024,06,Occurrence,Race-Ethnicity,Hawaiian/Pacific Islander,ALL,All causes (total),ICD-10,108.0,,,02/17/2026,02/17/2026
935,2024,06,Occurrence,Race-Ethnicity,Hispanic,ALL,All causes (total),ICD-10,5379.0,,,02/17/2026,02/17/2026
936,2024,06,Occurrence,Race-Ethnicity,Multi-Race,ALL,All causes (total),ICD-10,274.0,,,02/17/2026,02/17/2026
937,2024,06,Occurrence,Race-Ethnicity,White,ALL,All causes (total),ICD-10,12822.0,,,02/17/2026,02/17/2026
938,2024,06,Occurrence,Race-Ethnicity,Other/Unknown,ALL,All causes (total),ICD-10,200.0,,,02/17/2026,02/17/2026
939,2024,06,Occurrence,Total Population,Total Population,ALZ,Alzheimer's disease,ICD-10,1270.0,,,02/17/2026,02/17/2026
940,2024,06,Occurrence,Gender,Female,ALZ,Alzheimer's disease,ICD-10,859.0,,,02/17/2026,02/17/2026
941,2024,06,Occurrence,Gender,Male,ALZ,Alzheimer's disease,ICD-10,411.0,,,02/17/2026,02/17/2026
942,2024,06,Occurrence,Race-Ethnicity,American Indian/Alaska Native,ALZ,Alzheimer's disease,ICD-10,,1,Cell suppressed for small numbers,02/17/2026,02/17/2026
943,2024,06,Occurrence,Race-Ethnicity,Asian,ALZ,Alzheimer's disease,ICD-10,155.0,,,02/17/2026,02/17/2026
944,2024,06,Occurrence,Race-Ethnicity,Black,ALZ,Alzheimer's disease,ICD-10,74.0,,,02/17/2026,02/17/2026
945,2024,06,Occurrence,Race-Ethnicity,Hawaiian/Pacific Islander,ALZ,Alzheimer's disease,ICD-10,,1,Cell suppressed for small numbers,02/17/2026,02/17/2026
946,2024,06,Occurrence,Race-Ethnicity,Hispanic,ALZ,Alzheimer's disease,ICD-10,239.0,,,02/17/2026,02/17/2026
947,2024,06,Occurrence,Race-Ethnicity,Multi-Race,ALZ,Alzheimer's disease,ICD-10,,1,Cell suppressed for small numbers,02/17/2026,02/17/2026
948,2024,06,Occurrence,Race-Ethnicity,White,ALZ,Alzheimer's disease,ICD-10,781.0,,,02/17/2026,02/17/2026
949,2024,06,Occurrence,Race-Ethnicity,Other/Unknown,ALZ,Alzheimer's disease,ICD-10,,1,Cell suppressed for small numbers,02/17/2026,02/17/2026
950,2024,06,Occurrence,Total Population,Total Population,CAN,Malignant neoplasms,ICD-10,4988.0,,,02/17/2026,02/17/2026
951,2024,06,Occurrence,Gender,Female,CAN,Malignant neoplasms,ICD-10,2426.0,,,02/17/2026,02/17/2026
952,2024,06,Occurrence,Gender,Male,CAN,Malignant neoplasms,ICD-10,2562.0,,,02/17/2026,02/17/2026
953,2024,06,Occurrence,Race-Ethnicity,American Indian/Alaska Native,CAN,Malignant neoplasms,ICD-10,14.0,,,02/17/2026,02/17/2026
954,2024,06,Occurrence,Race-Ethnicity,Asian,CAN,Malignant neoplasms,ICD-10,651.0,,,02/17/2026,02/17/2026
955,2024,06,Occurrence,Race-Ethnicity,Black,CAN,Malignant neoplasms,ICD-10,320.0,,,02/17/2026,02/17/2026
956,2024,06,Occurrence,Race-Ethnicity,Hawaiian/Pacific Islander,CAN,Malignant neoplasms,ICD-10,17.0,,,02/17/2026,02/17/2026
957,2024,06,Occurrence,Race-Ethnicity,Hispanic,CAN,Malignant neoplasms,ICD-10,1134.0,,,02/17/2026,02/17/2026
958,2024,06,Occurrence,Race-Ethnicity,Multi-Race,CAN,Malignant neoplasms,ICD-10,49.0,,,02/17/2026,02/17/2026
959,2024,06,Occurrence,Race-Ethnicity,White,CAN,Malignant neoplasms,ICD-10,2770.0,,,02/17/2026,02/17/2026
960,2024,06,Occurrence,Race-Ethnicity,Other/Unknown,CAN,Malignant neoplasms,ICD-10,33.0,,,02/17/2026,02/17/2026
961,2024,06,Occurrence,Total Population,Total Population,CLD,Chronic lower respiratory diseases,ICD-10,920.0,,,02/17/2026,02/17/2026
962,2024,06,Occurrence,Gender,Female,CLD,Chronic lower respiratory diseases,ICD-10,471.0,,,02/17/2026,02/17/2026
963,2024,06,Occurrence,Gender,Male,CLD,Chronic lower respiratory diseases,ICD-10,449.0,,,02/17/2026,02/17/2026
964,2024,06,Occurrence,Race-Ethnicity,American Indian/Alaska Native,CLD,Chronic lower respiratory diseases,ICD-10,,1,Cell suppressed for small numbers,02/17/2026,02/17/2026
965,2024,06,Occurrence,Race-Ethnicity,Asian,CLD,Chronic lower respiratory diseases,ICD-10,71.0,,,02/17/2026,02/17/2026
966,2024,06,Occurrence,Race-Ethnicity,Black,CLD,Chronic lower respiratory diseases,ICD-10,65.0,,,02/17/2026,02/17/2026
967,2024,06,Occurrence,Race-Ethnicity,Hawaiian/Pacific Islander,CLD,Chronic lower respiratory diseases,ICD-10,,1,Cell suppressed for small numbers,02/17/2026,02/17/2026
968,2024,06,Occurrence,Race-Ethnicity,Hispanic,CLD,Chronic lower respiratory diseases,ICD-10,118.0,,,02/17/2026,02/17/2026
969,2024,06,Occurrence,Race-Ethnicity,Multi-Race,CLD,Chronic lower respiratory diseases,ICD-10,11.0,,,02/17/2026,02/17/2026
970,2024,06,Occurrence,Race-Ethnicity,White,CLD,Chronic lower respiratory diseases,ICD-10,639.0,,,02/17/2026,02/17/2026
971,2024,06,Occurrence,Race-Ethnicity,Other/Unknown,CLD,Chronic lower respiratory diseases,ICD-10,11.0,,,02/17/2026,02/17/2026
972,2024,06,Occurrence,Total Population,Total Population,DIA,Diabetes mellitus,ICD-10,847.0,,,02/17/2026,02/17/2026
973,2024,06,Occurrence,Gender,Female,DIA,Diabetes mellitus,ICD-10,370.0,,,02/17/2026,02/17/2026
974,2024,06,Occurrence,Gender,Male,DIA,Diabetes mellitus,ICD-10,477.0,,,02/17/2026,02/17/2026
975,2024,06,Occurrence,Race-Ethnicity,American Indian/Alaska Native,DIA,Diabetes mellitus,ICD-10,,1,Cell suppressed for small numbers,02/17/2026,02/17/2026
976,2024,06,Occurrence,Race-Ethnicity,Asian,DIA,Diabetes mellitus,ICD-10,139.0,,,02/17/2026,02/17/2026
977,2024,06,Occurrence,Race-Ethnicity,Black,DIA,Diabetes mellitus,ICD-10,83.0,,,02/17/2026,02/17/2026
978,2024,06,Occurrence,Race-Ethnicity,Hawaiian/Pacific Islander,DIA,Diabetes mellitus,ICD-10,,1,Cell suppressed for small numbers,02/17/2026,02/17/2026
979,2024,06,Occurrence,Race-Ethnicity,Hispanic,DIA,Diabetes mellitus,ICD-10,310.0,,,02/17/2026,02/17/2026
980,2024,06,Occurrence,Race-Ethnicity,Multi-Race,DIA,Diabetes mellitus,ICD-10,,1,Cell suppressed for small numbers,02/17/2026,02/17/2026
981,2024,06,Occurrence,Race-Ethnicity,White,DIA,Diabetes mellitus,ICD-10,287.0,,,02/17/2026,02/17/2026
982,2024,06,Occurrence,Race-Ethnicity,Other/Unknown,DIA,Diabetes mellitus,ICD-10,,1,Cell suppressed for small numbers,02/17/2026,02/17/2026
983,2024,06,Occurrence,Total Population,Total Population,HOM,Assault (homicide),ICD-10,182.0,,,02/17/2026,02/17/2026
984,2024,06,Occurrence,Gender,Female,HOM,Assault (homicide),ICD-10,24.0,,,02/17/2026,02/17/2026
985,2024,06,Occurrence,Gender,Male,HOM,Assault (homicide),ICD-10,158.0,,,02/17/2026,02/17/2026
986,2024,06,Occurrence,Race-Ethnicity,American Indian/Alaska Native,HOM,Assault (homicide),ICD-10,0.0,,,02/17/2026,02/17/2026
987,2024,06,Occurrence,Race-Ethnicity,Asian,HOM,Assault (homicide),ICD-10,12.0,,,02/17/2026,02/17/2026
988,2024,06,Occurrence,Race-Ethnicity,Black,HOM,Assault (homicide),ICD-10,59.0,,,02/17/2026,02/17/2026
989,2024,06,Occurrence,Race-Ethnicity,Hawaiian/Pacific Islander,HOM,Assault (homicide),ICD-10,0.0,,,02/17/2026,02/17/2026
990,2024,06,Occurrence,Race-Ethnicity,Hispanic,HOM,Assault (homicide),ICD-10,83.0,,,02/17/2026,02/17/2026
991,2024,06,Occurrence,Race-Ethnicity,Multi-Race,HOM,Assault (homicide),ICD-10,,1,Cell suppressed for small numbers,02/17/2026,02/17/2026
992,2024,06,Occurrence,Race-Ethnicity,White,HOM,Assault (homicide),ICD-10,25.0,,,02/17/2026,02/17/2026
993,2024,06,Occurrence,Race-Ethnicity,Other/Unknown,HOM,Assault (homicide),ICD-10,,1,Cell suppressed for small numbers,02/17/2026,02/17/2026
994,2024,06,Occurrence,Total Population,Total Population,HTD,Diseases of heart,ICD-10,5056.0,,,02/17/2026,02/17/2026
995,2024,06,Occurrence,Gender,Female,HTD,Diseases of heart,ICD-10,2225.0,,,02/17/2026,02/17/2026
996,2024,06,Occurrence,Gender,Male,HTD,Diseases of heart,ICD-10,2831.0,,,02/17/2026,02/17/2026
997,2024,06,Occurrence,Race-Ethnicity,American Indian/Alaska Native,HTD,Diseases of heart,ICD-10,27.0,,,02/17/2026,02/17/2026
998,2024,06,Occurrence,Race-Ethnicity,Asian,HTD,Diseases of heart,ICD-10,512.0,,,02/17/2026,02/17/2026
999,2024,06,Occurrence,Race-Ethnicity,Black,HTD,Diseases of heart,ICD-10,437.0,,,02/17/2026,02/17/2026
1000,2024,06,Occurrence,Race-Ethnicity,Hawaiian/Pacific Islander,HTD,Diseases of heart,ICD-10,42.0,,,02/17/2026,02/17/2026
1001,2024,06,Occurrence,Race-Ethnicity,Hispanic,HTD,Diseases of heart,ICD-10,957.0,,,02/17/2026,02/17/2026
1002,2024,06,Occurrence,Race-Ethnicity,Multi-Race,HTD,Diseases of heart,ICD-10,65.0,,,02/17/2026,02/17/2026
1003,2024,06,Occurrence,Race-Ethnicity,White,HTD,Diseases of heart,ICD-10,2977.0,,,02/17/2026,02/17/2026
1004,2024,06,Occurrence,Race-Ethnicity,Other/Unknown,HTD,Diseases of heart,ICD-10,39.0,,,02/17/2026,02/17/2026
1005,2024,06,Occurrence,Total Population,Total Population,HYP,Essential hypertension and hypertensive renal disease,ICD-10,470.0,,,02/17/2026,02/17/2026
1006,2024,06,Occurrence,Gender,Female,HYP,Essential hypertension and hypertensive renal disease,ICD-10,258.0,,,02/17/2026,02/17/2026
1007,2024,06,Occurrence,Gender,Male,HYP,Essential hypertension and hypertensive renal disease,ICD-10,212.0,,,02/17/2026,02/17/2026
1008,2024,06,Occurrence,Race-Ethnicity,American Indian/Alaska Native,HYP,Essential hypertension and hypertensive renal disease,ICD-10,,1,Cell suppressed for small numbers,02/17/2026,02/17/2026
1009,2024,06,Occurrence,Race-Ethnicity,Asian,HYP,Essential hypertension and hypertensive renal disease,ICD-10,78.0,,,02/17/2026,02/17/2026
1010,2024,06,Occurrence,Race-Ethnicity,Black,HYP,Essential hypertension and hypertensive renal disease,ICD-10,48.0,,,02/17/2026,02/17/2026
1011,2024,06,Occurrence,Race-Ethnicity,Hawaiian/Pacific Islander,HYP,Essential hypertension and hypertensive renal disease,ICD-10,,1,Cell suppressed for small numbers,02/17/2026,02/17/2026
1012,2024,06,Occurrence,Race-Ethnicity,Hispanic,HYP,Essential hypertension and hypertensive renal disease,ICD-10,106.0,,,02/17/2026,02/17/2026
1013,2024,06,Occurrence,Race-Ethnicity,Multi-Race,HYP,Essential hypertension and hypertensive renal disease,ICD-10,,1,Cell suppressed for small numbers,02/17/2026,02/17/2026
1014,2024,06,Occurrence,Race-Ethnicity,White,HYP,Essential hypertension and hypertensive renal disease,ICD-10,230.0,,,02/17/2026,02/17/2026
1015,2024,06,Occurrence,Race-Ethnicity,Other/Unknown,HYP,Essential hypertension and hypertensive renal disease,ICD-10,,1,Cell suppressed for small numbers,02/17/2026,02/17/2026
1016,2024,06,Occurrence,Total Population,Total Population,INJ,Accidents (unintentional injuries),ICD-10,1689.0,,,02/17/2026,02/17/2026
1017,2024,06,Occurrence,Gender,Female,INJ,Accidents (unintentional injuries),ICD-10,452.0,,,02/17/2026,02/17/2026
1018,2024,06,Occurrence,Gender,Male,INJ,Accidents (unintentional injuries),ICD-10,1237.0,,,02/17/2026,02/17/2026
1019,2024,06,Occurrence,Race-Ethnicity,American Indian/Alaska Native,INJ,Accidents (unintentional injuries),ICD-10,,2,Cell suppressed for complementary cell,02/17/2026,02/17/2026
1020,2024,06,Occurrence,Race-Ethnicity,Asian,INJ,Accidents (unintentional injuries),ICD-10,105.0,,,02/17/2026,02/17/2026
1021,2024,06,Occurrence,Race-Ethnicity,Black,INJ,Accidents (unintentional injuries),ICD-10,182.0,,,02/17/2026,02/17/2026
1022,2024,06,Occurrence,Race-Ethnicity,Hawaiian/Pacific Islander,INJ,Accidents (unintentional injuries),ICD-10,,1,Cell suppressed for small numbers,02/17/2026,02/17/2026
1023,2024,06,Occurrence,Race-Ethnicity,Hispanic,INJ,Accidents (unintentional injuries),ICD-10,546.0,,,02/17/2026,02/17/2026
1024,2024,06,Occurrence,Race-Ethnicity,Multi-Race,INJ,Accidents (unintentional injuries),ICD-10,30.0,,,02/17/2026,02/17/2026
1025,2024,06,Occurrence,Race-Ethnicity,White,INJ,Accidents (unintentional injuries),ICD-10,776.0,,,02/17/2026,02/17/2026
1026,2024,06,Occurrence,Race-Ethnicity,Other/Unknown,INJ,Accidents (unintentional injuries),ICD-10,30.0,,,02/17/2026,02/17/2026
1027,2024,06,Occurrence,Total Population,Total Population,LIV,Chronic liver disease and cirrhosis,ICD-10,501.0,,,02/17/2026,02/17/2026
1028,2024,06,Occurrence,Gender,Female,LIV,Chronic liver disease and cirrhosis,ICD-10,190.0,,,02/17/2026,02/17/2026
1029,2024,06,Occurrence,Gender,Male,LIV,Chronic liver disease and cirrhosis,ICD-10,311.0,,,02/17/2026,02/17/2026
1030,2024,06,Occurrence,Race-Ethnicity,American Indian/Alaska Native,LIV,Chronic liver disease and cirrhosis,ICD-10,,1,Cell suppressed for small numbers,02/17/2026,02/17/2026
1031,2024,06,Occurrence,Race-Ethnicity,Asian,LIV,Chronic liver disease and cirrhosis,ICD-10,18.0,,,02/17/2026,02/17/2026
1032,2024,06,Occurrence,Race-Ethnicity,Black,LIV,Chronic liver disease and cirrhosis,ICD-10,24.0,,,02/17/2026,02/17/2026
1033,2024,06,Occurrence,Race-Ethnicity,Hawaiian/Pacific Islander,LIV,Chronic liver disease and cirrhosis,ICD-10,0.0,,,02/17/2026,02/17/2026
1034,2024,06,Occurrence,Race-Ethnicity,Hispanic,LIV,Chronic liver disease and cirrhosis,ICD-10,230.0,,,02/17/2026,02/17/2026
1035,2024,06,Occurrence,Race-Ethnicity,Multi-Race,LIV,Chronic liver disease and cirrhosis,ICD-10,,1,Cell suppressed for small numbers,02/17/2026,02/17/2026
1036,2024,06,Occurrence,Race-Ethnicity,White,LIV,Chronic liver disease and cirrhosis,ICD-10,208.0,,,02/17/2026,02/17/2026
1037,2024,06,Occurrence,Race-Ethnicity,Other/Unknown,LIV,Chronic liver disease and cirrhosis,ICD-10,,1,Cell suppressed for small numbers,02/17/2026,02/17/2026
1038,2024,06,Occurrence,Total Population,Total Population,NEP,"Nephritis, nephrotic syndrome and nephrosis",ICD-10,356.0,,,02/17/2026,02/17/2026
1039,2024,06,Occurrence,Gender,Female,NEP,"Nephritis, nephrotic syndrome and nephrosis",ICD-10,163.0,,,02/17/2026,02/17/2026
1040,2024,06,Occurrence,Gender,Male,NEP,"Nephritis, nephrotic syndrome and nephrosis",ICD-10,192.0,,,02/17/2026,02/17/2026
1041,2024,06,Occurrence,Race-Ethnicity,American Indian/Alaska Native,NEP,"Nephritis, nephrotic syndrome and nephrosis",ICD-10,,1,Cell suppressed for small numbers,02/17/2026,02/17/2026
1042,2024,06,Occurrence,Race-Ethnicity,Asian,NEP,"Nephritis, nephrotic syndrome and nephrosis",ICD-10,50.0,,,02/17/2026,02/17/2026
1043,2024,06,Occurrence,Race-Ethnicity,Black,NEP,"Nephritis, nephrotic syndrome and nephrosis",ICD-10,36.0,,,02/17/2026,02/17/2026
1044,2024,06,Occurrence,Race-Ethnicity,Hawaiian/Pacific Islander,NEP,"Nephritis, nephrotic syndrome and nephrosis",ICD-10,,1,Cell suppressed for small numbers,02/17/2026,02/17/2026
1045,2024,06,Occurrence,Race-Ethnicity,Hispanic,NEP,"Nephritis, nephrotic syndrome and nephrosis",ICD-10,100.0,,,02/17/2026,02/17/2026
1046,2024,06,Occurrence,Race-Ethnicity,Multi-Race,NEP,"Nephritis, nephrotic syndrome and nephrosis",ICD-10,,1,Cell suppressed for small numbers,02/17/2026,02/17/2026
1047,2024,06,Occurrence,Race-Ethnicity,White,NEP,"Nephritis, nephrotic syndrome and nephrosis",ICD-10,155.0,,,02/17/2026,02/17/2026
1048,2024,06,Occurrence,Race-Ethnicity,Other/Unknown,NEP,"Nephritis, nephrotic syndrome and nephrosis",ICD-10,,1,Cell suppressed for small numbers,02/17/2026,02/17/2026
1049,2024,06,Occurrence,Total Population,Total Population,PAR,Parkinson's disease,ICD-10,343.0,,,02/17/2026,02/17/2026
1050,2024,06,Occurrence,Gender,Female,PAR,Parkinson's disease,ICD-10,122.0,,,02/17/2026,02/17/2026
1051,2024,06,Occurrence,Gender,Male,PAR,Parkinson's disease,ICD-10,221.0,,,02/17/2026,02/17/2026
1052,2024,06,Occurrence,Race-Ethnicity,American Indian/Alaska Native,PAR,Parkinson's disease,ICD-10,0.0,,,02/17/2026,02/17/2026
1053,2024,06,Occurrence,Race-Ethnicity,Asian,PAR,Parkinson's disease,ICD-10,47.0,,,02/17/2026,02/17/2026
1054,2024,06,Occurrence,Race-Ethnicity,Black,PAR,Parkinson's disease,ICD-10,13.0,,,02/17/2026,02/17/2026
1055,2024,06,Occurrence,Race-Ethnicity,Hawaiian/Pacific Islander,PAR,Parkinson's disease,ICD-10,,1,Cell suppressed for small numbers,02/17/2026,02/17/2026
1056,2024,06,Occurrence,Race-Ethnicity,Hispanic,PAR,Parkinson's disease,ICD-10,42.0,,,02/17/2026,02/17/2026
1057,2024,06,Occurrence,Race-Ethnicity,Multi-Race,PAR,Parkinson's disease,ICD-10,,1,Cell suppressed for small numbers,02/17/2026,02/17/2026
1058,2024,06,Occurrence,Race-Ethnicity,White,PAR,Parkinson's disease,ICD-10,237.0,,,02/17/2026,02/17/2026
1059,2024,06,Occurrence,Race-Ethnicity,Other/Unknown,PAR,Parkinson's disease,ICD-10,,1,Cell suppressed for small numbers,02/17/2026,02/17/2026
1060,2024,06,Occurrence,Total Population,Total Population,PNF,Influenza and pneumonia,ICD-10,379.0,,,02/17/2026,02/17/2026
1061,2024,06,Occurrence,Gender,Female,PNF,Influenza and pneumonia,ICD-10,176.0,,,02/17/2026,02/17/2026
1062,2024,06,Occurrence,Gender,Male,PNF,Influenza and pneumonia,ICD-10,203.0,,,02/17/2026,02/17/2026
1063,2024,06,Occurrence,Race-Ethnicity,American Indian/Alaska Native,PNF,Influenza and pneumonia,ICD-10,,1,Cell suppressed for small numbers,02/17/2026,02/17/2026
1064,2024,06,Occurrence,Race-Ethnicity,Asian,PNF,Influenza and pneumonia,ICD-10,67.0,,,02/17/2026,02/17/2026
1065,2024,06,Occurrence,Race-Ethnicity,Black,PNF,Influenza and pneumonia,ICD-10,33.0,,,02/17/2026,02/17/2026
1066,2024,06,Occurrence,Race-Ethnicity,Hawaiian/Pacific Islander,PNF,Influenza and pneumonia,ICD-10,,1,Cell suppressed for small numbers,02/17/2026,02/17/2026
1067,2024,06,Occurrence,Race-Ethnicity,Hispanic,PNF,Influenza and pneumonia,ICD-10,83.0,,,02/17/2026,02/17/2026
1068,2024,06,Occurrence,Race-Ethnicity,Multi-Race,PNF,Influenza and pneumonia,ICD-10,,1,Cell suppressed for small numbers,02/17/2026,02/17/2026
1069,2024,06,Occurrence,Race-Ethnicity,White,PNF,Influenza and pneumonia,ICD-10,185.0,,,02/17/2026,02/17/2026
1070,2024,06,Occurrence,Race-Ethnicity,Other/Unknown,PNF,Influenza and pneumonia,ICD-10,,1,Cell suppressed for small numbers,02/17/2026,02/17/2026
1071,2024,06,Occurrence,Total Population,Total Population,STK,Cerebrovascular diseases,ICD-10,1396.0,,,02/17/2026,02/17/2026
1072,2024,06,Occurrence,Gender,Female,STK,Cerebrovascular diseases,ICD-10,740.0,,,02/17/2026,02/17/2026
1073,2024,06,Occurrence,Gender,Male,STK,Cerebrovascular diseases,ICD-10,656.0,,,02/17/2026,02/17/2026
1074,2024,06,Occurrence,Race-Ethnicity,American Indian/Alaska Native,STK,Cerebrovascular diseases,ICD-10,,1,Cell suppressed for small numbers,02/17/2026,02/17/2026
1075,2024,06,Occurrence,Race-Ethnicity,Asian,STK,Cerebrovascular diseases,ICD-10,209.0,,,02/17/2026,02/17/2026
1076,2024,06,Occurrence,Race-Ethnicity,Black,STK,Cerebrovascular diseases,ICD-10,100.0,,,02/17/2026,02/17/2026
1077,2024,06,Occurrence,Race-Ethnicity,Hawaiian/Pacific Islander,STK,Cerebrovascular diseases,ICD-10,,1,Cell suppressed for small numbers,02/17/2026,02/17/2026
1078,2024,06,Occurrence,Race-Ethnicity,Hispanic,STK,Cerebrovascular diseases,ICD-10,305.0,,,02/17/2026,02/17/2026
1079,2024,06,Occurrence,Race-Ethnicity,Multi-Race,STK,Cerebrovascular diseases,ICD-10,13.0,,,02/17/2026,02/17/2026
1080,2024,06,Occurrence,Race-Ethnicity,White,STK,Cerebrovascular diseases,ICD-10,750.0,,,02/17/2026,02/17/2026
1081,2024,06,Occurrence,Race-Ethnicity,Other/Unknown,STK,Cerebrovascular diseases,ICD-10,,1,Cell suppressed for small numbers,02/17/2026,02/17/2026
1082,2024,06,Occurrence,Total Population,Total Population,SUI,Intentional self-harm (suicide),ICD-10,339.0,,,02/17/2026,02/17/2026
1083,2024,06,Occurrence,Gender,Female,SUI,Intentional self-harm (suicide),ICD-10,58.0,,,02/17/2026,02/17/2026
1084,2024,06,Occurrence,Gender,Male,SUI,Intentional self-harm (suicide),ICD-10,281.0,,,02/17/2026,02/17/2026
1085,2024,06,Occurrence,Race-Ethnicity,American Indian/Alaska Native,SUI,Intentional self-harm (suicide),ICD-10,,1,Cell suppressed for small numbers,02/17/2026,02/17/2026
1086,2024,06,Occurrence,Race-Ethnicity,Asian,SUI,Intentional self-harm (suicide),ICD-10,31.0,,,02/17/2026,02/17/2026
1087,2024,06,Occurrence,Race-Ethnicity,Black,SUI,Intentional self-harm (suicide),ICD-10,18.0,,,02/17/2026,02/17/2026
1088,2024,06,Occurrence,Race-Ethnicity,Hawaiian/Pacific Islander,SUI,Intentional self-harm (suicide),ICD-10,0.0,,,02/17/2026,02/17/2026
1089,2024,06,Occurrence,Race-Ethnicity,Hispanic,SUI,Intentional self-harm (suicide),ICD-10,82.0,,,02/17/2026,02/17/2026
1090,2024,06,Occurrence,Race-Ethnicity,Multi-Race,SUI,Intentional self-harm (suicide),ICD-10,13.0,,,02/17/2026,02/17/2026
1091,2024,06,Occurrence,Race-Ethnicity,White,SUI,Intentional self-harm (suicide),ICD-10,188.0,,,02/17/2026,02/17/2026
1092,2024,06,Occurrence,Race-Ethnicity,Other/Unknown,SUI,Intentional self-harm (suicide),ICD-10,,1,Cell suppressed for small numbers,02/17/2026,02/17/2026
1093,2024,07,Occurrence,Total Population,Total Population,ALL,All causes (total),ICD-10,24037.0,,,02/17/2026,02/17/2026
1094,2024,07,Occurrence,Age,Under 1 year,ALL,All causes (total),ICD-10,157.0,,,02/17/2026,02/17/2026
1095,2024,07,Occurrence,Age,1-4 years,ALL,All causes (total),ICD-10,32.0,,,02/17/2026,02/17/2026
1096,2024,07,Occurrence,Age,5-14 years,ALL,All causes (total),ICD-10,39.0,,,02/17/2026,02/17/2026
1097,2024,07,Occurrence,Age,15-24 years,ALL,All causes (total),ICD-10,235.0,,,02/17/2026,02/17/2026
1098,2024,07,Occurrence,Age,25-34 years,ALL,All causes (total),ICD-10,597.0,,,02/17/2026,02/17/2026
1099,2024,07,Occurrence,Age,35-44 years,ALL,All causes (total),ICD-10,842.0,,,02/17/2026,02/17/2026
1100,2024,07,Occurrence,Age,45-54 years,ALL,All causes (total),ICD-10,1287.0,,,02/17/2026,02/17/2026
1101,2024,07,Occurrence,Age,55-64 years,ALL,All causes (total),ICD-10,2787.0,,,02/17/2026,02/17/2026
1102,2024,07,Occurrence,Age,65-74 years,ALL,All causes (total),ICD-10,4720.0,,,02/17/2026,02/17/2026
1103,2024,07,Occurrence,Age,75-84 years,ALL,All causes (total),ICD-10,5916.0,,,02/17/2026,02/17/2026
1104,2024,07,Occurrence,Age,85 years and over,ALL,All causes (total),ICD-10,7416.0,,,02/17/2026,02/17/2026
1105,2024,07,Occurrence,Gender,Female,ALL,All causes (total),ICD-10,11163.0,,,02/17/2026,02/17/2026
1106,2024,07,Occurrence,Gender,Male,ALL,All causes (total),ICD-10,12872.0,,,02/17/2026,02/17/2026
1107,2024,07,Occurrence,Place Type,Inpatient,ALL,All causes (total),ICD-10,7124.0,,,02/17/2026,02/17/2026
1108,2024,07,Occurrence,Place Type,Emergency Room/Outpatient,ALL,All causes (total),ICD-10,1391.0,,,02/17/2026,02/17/2026
1109,2024,07,Occurrence,Place Type,Decedent's Home,ALL,All causes (total),ICD-10,9343.0,,,02/17/2026,02/17/2026
1110,2024,07,Occurrence,Place Type,Hospice Facility,ALL,All causes (total),ICD-10,243.0,,,02/17/2026,02/17/2026
1111,2024,07,Occurrence,Place Type,Nursing Home/Long Term Care Facility,ALL,All causes (total),ICD-10,2385.0,,,02/17/2026,02/17/2026
1112,2024,07,Occurrence,Place Type,Other/Unknown,ALL,All causes (total),ICD-10,3551.0,,,02/17/2026,02/17/2026
1113,2024,07,Occurrence,Race-Ethnicity,American Indian/Alaska Native,ALL,All causes (total),ICD-10,118.0,,,02/17/2026,02/17/2026
1114,2024,07,Occurrence,Race-Ethnicity,Asian,ALL,All causes (total),ICD-10,2670.0,,,02/17/2026,02/17/2026
1115,2024,07,Occurrence,Race-Ethnicity,Black,ALL,All causes (total),ICD-10,1822.0,,,02/17/2026,02/17/2026
1116,2024,07,Occurrence,Race-Ethnicity,Hawaiian/Pacific Islander,ALL,All causes (total),ICD-10,109.0,,,02/17/2026,02/17/2026
1117,2024,07,Occurrence,Race-Ethnicity,Hispanic,ALL,All causes (total),ICD-10,5506.0,,,02/17/2026,02/17/2026
1118,2024,07,Occurrence,Race-Ethnicity,Multi-Race,ALL,All causes (total),ICD-10,242.0,,,02/17/2026,02/17/2026
1119,2024,07,Occurrence,Race-Ethnicity,White,ALL,All causes (total),ICD-10,13310.0,,,02/17/2026,02/17/2026
1120,2024,07,Occurrence,Race-Ethnicity,Other/Unknown,ALL,All causes (total),ICD-10,260.0,,,02/17/2026,02/17/2026
1121,2024,07,Occurrence,Total Population,Total Population,ALZ,Alzheimer's disease,ICD-10,1319.0,,,02/17/2026,02/17/2026
1122,2024,07,Occurrence,Gender,Female,ALZ,Alzheimer's disease,ICD-10,910.0,,,02/17/2026,02/17/2026
1123,2024,07,Occurrence,Gender,Male,ALZ,Alzheimer's disease,ICD-10,409.0,,,02/17/2026,02/17/2026
1124,2024,07,Occurrence,Race-Ethnicity,American Indian/Alaska Native,ALZ,Alzheimer's disease,ICD-10,,1,Cell suppressed for small numbers,02/17/2026,02/17/2026
1125,2024,07,Occurrence,Race-Ethnicity,Asian,ALZ,Alzheimer's disease,ICD-10,143.0,,,02/17/2026,02/17/2026
1126,2024,07,Occurrence,Race-Ethnicity,Black,ALZ,Alzheimer's disease,ICD-10,60.0,,,02/17/2026,02/17/2026
1127,2024,07,Occurrence,Race-Ethnicity,Hawaiian/Pacific Islander,ALZ,Alzheimer's disease,ICD-10,,1,Cell suppressed for small numbers,02/17/2026,02/17/2026
1128,2024,07,Occurrence,Race-Ethnicity,Hispanic,ALZ,Alzheimer's disease,ICD-10,238.0,,,02/17/2026,02/17/2026
1129,2024,07,Occurrence,Race-Ethnicity,Multi-Race,ALZ,Alzheimer's disease,ICD-10,,1,Cell suppressed for small numbers,02/17/2026,02/17/2026
1130,2024,07,Occurrence,Race-Ethnicity,White,ALZ,Alzheimer's disease,ICD-10,854.0,,,02/17/2026,02/17/2026
1131,2024,07,Occurrence,Race-Ethnicity,Other/Unknown,ALZ,Alzheimer's disease,ICD-10,,1,Cell suppressed for small numbers,02/17/2026,02/17/2026
1132,2024,07,Occurrence,Total Population,Total Population,CAN,Malignant neoplasms,ICD-10,5151.0,,,02/17/2026,02/17/2026
1133,2024,07,Occurrence,Gender,Female,CAN,Malignant neoplasms,ICD-10,2522.0,,,02/17/2026,02/17/2026
1134,2024,07,Occurrence,Gender,Male,CAN,Malignant neoplasms,ICD-10,2628.0,,,02/17/2026,02/17/2026
1135,2024,07,Occurrence,Race-Ethnicity,American Indian/Alaska Native,CAN,Malignant neoplasms,ICD-10,21.0,,,02/17/2026,02/17/2026
1136,2024,07,Occurrence,Race-Ethnicity,Asian,CAN,Malignant neoplasms,ICD-10,674.0,,,02/17/2026,02/17/2026
1137,2024,07,Occurrence,Race-Ethnicity,Black,CAN,Malignant neoplasms,ICD-10,359.0,,,02/17/2026,02/17/2026
1138,2024,07,Occurrence,Race-Ethnicity,Hawaiian/Pacific Islander,CAN,Malignant neoplasms,ICD-10,25.0,,,02/17/2026,02/17/2026
1139,2024,07,Occurrence,Race-Ethnicity,Hispanic,CAN,Malignant neoplasms,ICD-10,1137.0,,,02/17/2026,02/17/2026
1140,2024,07,Occurrence,Race-Ethnicity,Multi-Race,CAN,Malignant neoplasms,ICD-10,50.0,,,02/17/2026,02/17/2026
1141,2024,07,Occurrence,Race-Ethnicity,White,CAN,Malignant neoplasms,ICD-10,2842.0,,,02/17/2026,02/17/2026
1142,2024,07,Occurrence,Race-Ethnicity,Other/Unknown,CAN,Malignant neoplasms,ICD-10,43.0,,,02/17/2026,02/17/2026
1143,2024,07,Occurrence,Total Population,Total Population,CLD,Chronic lower respiratory diseases,ICD-10,898.0,,,02/17/2026,02/17/2026
1144,2024,07,Occurrence,Gender,Female,CLD,Chronic lower respiratory diseases,ICD-10,483.0,,,02/17/2026,02/17/2026
1145,2024,07,Occurrence,Gender,Male,CLD,Chronic lower respiratory diseases,ICD-10,415.0,,,02/17/2026,02/17/2026
1146,2024,07,Occurrence,Race-Ethnicity,American Indian/Alaska Native,CLD,Chronic lower respiratory diseases,ICD-10,,1,Cell suppressed for small numbers,02/17/2026,02/17/2026
1147,2024,07,Occurrence,Race-Ethnicity,Asian,CLD,Chronic lower respiratory diseases,ICD-10,64.0,,,02/17/2026,02/17/2026
1148,2024,07,Occurrence,Race-Ethnicity,Black,CLD,Chronic lower respiratory diseases,ICD-10,65.0,,,02/17/2026,02/17/2026
1149,2024,07,Occurrence,Race-Ethnicity,Hawaiian/Pacific Islander,CLD,Chronic lower respiratory diseases,ICD-10,,1,Cell suppressed for small numbers,02/17/2026,02/17/2026
1150,2024,07,Occurrence,Race-Ethnicity,Hispanic,CLD,Chronic lower respiratory diseases,ICD-10,101.0,,,02/17/2026,02/17/2026
1151,2024,07,Occurrence,Race-Ethnicity,Multi-Race,CLD,Chronic lower respiratory diseases,ICD-10,13.0,,,02/17/2026,02/17/2026
1152,2024,07,Occurrence,Race-Ethnicity,White,CLD,Chronic lower respiratory diseases,ICD-10,644.0,,,02/17/2026,02/17/2026
1153,2024,07,Occurrence,Race-Ethnicity,Other/Unknown,CLD,Chronic lower respiratory diseases,ICD-10,,1,Cell suppressed for small numbers,02/17/2026,02/17/2026
1154,2024,07,Occurrence,Total Population,Total Population,DIA,Diabetes mellitus,ICD-10,900.0,,,02/17/2026,02/17/2026
1155,2024,07,Occurrence,Gender,Female,DIA,Diabetes mellitus,ICD-10,391.0,,,02/17/2026,02/17/2026
1156,2024,07,Occurrence,Gender,Male,DIA,Diabetes mellitus,ICD-10,509.0,,,02/17/2026,02/17/2026
1157,2024,07,Occurrence,Race-Ethnicity,American Indian/Alaska Native,DIA,Diabetes mellitus,ICD-10,,1,Cell suppressed for small numbers,02/17/2026,02/17/2026
1158,2024,07,Occurrence,Race-Ethnicity,Asian,DIA,Diabetes mellitus,ICD-10,124.0,,,02/17/2026,02/17/2026
1159,2024,07,Occurrence,Race-Ethnicity,Black,DIA,Diabetes mellitus,ICD-10,100.0,,,02/17/2026,02/17/2026
1160,2024,07,Occurrence,Race-Ethnicity,Hawaiian/Pacific Islander,DIA,Diabetes mellitus,ICD-10,,1,Cell suppressed for small numbers,02/17/2026,02/17/2026
1161,2024,07,Occurrence,Race-Ethnicity,Hispanic,DIA,Diabetes mellitus,ICD-10,299.0,,,02/17/2026,02/17/2026
1162,2024,07,Occurrence,Race-Ethnicity,Multi-Race,DIA,Diabetes mellitus,ICD-10,,1,Cell suppressed for small numbers,02/17/2026,02/17/2026
1163,2024,07,Occurrence,Race-Ethnicity,White,DIA,Diabetes mellitus,ICD-10,342.0,,,02/17/2026,02/17/2026
1164,2024,07,Occurrence,Race-Ethnicity,Other/Unknown,DIA,Diabetes mellitus,ICD-10,12.0,,,02/17/2026,02/17/2026
1165,2024,07,Occurrence,Total Population,Total Population,HOM,Assault (homicide),ICD-10,182.0,,,02/17/2026,02/17/2026
1166,2024,07,Occurrence,Gender,Female,HOM,Assault (homicide),ICD-10,35.0,,,02/17/2026,02/17/2026
1167,2024,07,Occurrence,Gender,Male,HOM,Assault (homicide),ICD-10,147.0,,,02/17/2026,02/17/2026
1168,2024,07,Occurrence,Race-Ethnicity,American Indian/Alaska Native,HOM,Assault (homicide),ICD-10,,1,Cell suppressed for small numbers,02/17/2026,02/17/2026
1169,2024,07,Occurrence,Race-Ethnicity,Asian,HOM,Assault (homicide),ICD-10,,1,Cell suppressed for small numbers,02/17/2026,02/17/2026
1170,2024,07,Occurrence,Race-Ethnicity,Black,HOM,Assault (homicide),ICD-10,49.0,,,02/17/2026,02/17/2026
1171,2024,07,Occurrence,Race-Ethnicity,Hawaiian/Pacific Islander,HOM,Assault (homicide),ICD-10,0.0,,,02/17/2026,02/17/2026
1172,2024,07,Occurrence,Race-Ethnicity,Hispanic,HOM,Assault (homicide),ICD-10,85.0,,,02/17/2026,02/17/2026
1173,2024,07,Occurrence,Race-Ethnicity,Multi-Race,HOM,Assault (homicide),ICD-10,,1,Cell suppressed for small numbers,02/17/2026,02/17/2026
1174,2024,07,Occurrence,Race-Ethnicity,White,HOM,Assault (homicide),ICD-10,38.0,,,02/17/2026,02/17/2026
1175,2024,07,Occurrence,Race-Ethnicity,Other/Unknown,HOM,Assault (homicide),ICD-10,0.0,,,02/17/2026,02/17/2026
1176,2024,07,Occurrence,Total Population,Total Population,HTD,Diseases of heart,ICD-10,5210.0,,,02/17/2026,02/17/2026
1177,2024,07,Occurrence,Gender,Female,HTD,Diseases of heart,ICD-10,2292.0,,,02/17/2026,02/17/2026
1178,2024,07,Occurrence,Gender,Male,HTD,Diseases of heart,ICD-10,2918.0,,,02/17/2026,02/17/2026
1179,2024,07,Occurrence,Race-Ethnicity,American Indian/Alaska Native,HTD,Diseases of heart,ICD-10,16.0,,,02/17/2026,02/17/2026
1180,2024,07,Occurrence,Race-Ethnicity,Asian,HTD,Diseases of heart,ICD-10,523.0,,,02/17/2026,02/17/2026
1181,2024,07,Occurrence,Race-Ethnicity,Black,HTD,Diseases of heart,ICD-10,423.0,,,02/17/2026,02/17/2026
1182,2024,07,Occurrence,Race-Ethnicity,Hawaiian/Pacific Islander,HTD,Diseases of heart,ICD-10,21.0,,,02/17/2026,02/17/2026
1183,2024,07,Occurrence,Race-Ethnicity,Hispanic,HTD,Diseases of heart,ICD-10,979.0,,,02/17/2026,02/17/2026
1184,2024,07,Occurrence,Race-Ethnicity,Multi-Race,HTD,Diseases of heart,ICD-10,43.0,,,02/17/2026,02/17/2026
1185,2024,07,Occurrence,Race-Ethnicity,White,HTD,Diseases of heart,ICD-10,3140.0,,,02/17/2026,02/17/2026
1186,2024,07,Occurrence,Race-Ethnicity,Other/Unknown,HTD,Diseases of heart,ICD-10,65.0,,,02/17/2026,02/17/2026
1187,2024,07,Occurrence,Total Population,Total Population,HYP,Essential hypertension and hypertensive renal disease,ICD-10,556.0,,,02/17/2026,02/17/2026
1188,2024,07,Occurrence,Gender,Female,HYP,Essential hypertension and hypertensive renal disease,ICD-10,278.0,,,02/17/2026,02/17/2026
1189,2024,07,Occurrence,Gender,Male,HYP,Essential hypertension and hypertensive renal disease,ICD-10,278.0,,,02/17/2026,02/17/2026
1190,2024,07,Occurrence,Race-Ethnicity,American Indian/Alaska Native,HYP,Essential hypertension and hypertensive renal disease,ICD-10,,1,Cell suppressed for small numbers,02/17/2026,02/17/2026
1191,2024,07,Occurrence,Race-Ethnicity,Asian,HYP,Essential hypertension and hypertensive renal disease,ICD-10,86.0,,,02/17/2026,02/17/2026
1192,2024,07,Occurrence,Race-Ethnicity,Black,HYP,Essential hypertension and hypertensive renal disease,ICD-10,53.0,,,02/17/2026,02/17/2026
1193,2024,07,Occurrence,Race-Ethnicity,Hawaiian/Pacific Islander,HYP,Essential hypertension and hypertensive renal disease,ICD-10,,1,Cell suppressed for small numbers,02/17/2026,02/17/2026
1194,2024,07,Occurrence,Race-Ethnicity,Hispanic,HYP,Essential hypertension and hypertensive renal disease,ICD-10,121.0,,,02/17/2026,02/17/2026
1195,2024,07,Occurrence,Race-Ethnicity,Multi-Race,HYP,Essential hypertension and hypertensive renal disease,ICD-10,,1,Cell suppressed for small numbers,02/17/2026,02/17/2026
1196,2024,07,Occurrence,Race-Ethnicity,White,HYP,Essential hypertension and hypertensive renal disease,ICD-10,278.0,,,02/17/2026,02/17/2026
1197,2024,07,Occurrence,Race-Ethnicity,Other/Unknown,HYP,Essential hypertension and hypertensive renal disease,ICD-10,,1,Cell suppressed for small numbers,02/17/2026,02/17/2026
1198,2024,07,Occurrence,Total Population,Total Population,INJ,Accidents (unintentional injuries),ICD-10,1717.0,,,02/17/2026,02/17/2026
1199,2024,07,Occurrence,Gender,Female,INJ,Accidents (unintentional injuries),ICD-10,444.0,,,02/17/2026,02/17/2026
1200,2024,07,Occurrence,Gender,Male,INJ,Accidents (unintentional injuries),ICD-10,1273.0,,,02/17/2026,02/17/2026
1201,2024,07,Occurrence,Race-Ethnicity,American Indian/Alaska Native,INJ,Accidents (unintentional injuries),ICD-10,,2,Cell suppressed for complementary cell,02/17/2026,02/17/2026
1202,2024,07,Occurrence,Race-Ethnicity,Asian,INJ,Accidents (unintentional injuries),ICD-10,105.0,,,02/17/2026,02/17/2026
1203,2024,07,Occurrence,Race-Ethnicity,Black,INJ,Accidents (unintentional injuries),ICD-10,165.0,,,02/17/2026,02/17/2026
1204,2024,07,Occurrence,Race-Ethnicity,Hawaiian/Pacific Islander,INJ,Accidents (unintentional injuries),ICD-10,,1,Cell suppressed for small numbers,02/17/2026,02/17/2026
1205,2024,07,Occurrence,Race-Ethnicity,Hispanic,INJ,Accidents (unintentional injuries),ICD-10,586.0,,,02/17/2026,02/17/2026
1206,2024,07,Occurrence,Race-Ethnicity,Multi-Race,INJ,Accidents (unintentional injuries),ICD-10,30.0,,,02/17/2026,02/17/2026
1207,2024,07,Occurrence,Race-Ethnicity,White,INJ,Accidents (unintentional injuries),ICD-10,765.0,,,02/17/2026,02/17/2026
1208,2024,07,Occurrence,Race-Ethnicity,Other/Unknown,INJ,Accidents (unintentional injuries),ICD-10,34.0,,,02/17/2026,02/17/2026
1209,2024,07,Occurrence,Total Population,Total Population,LIV,Chronic liver disease and cirrhosis,ICD-10,502.0,,,02/17/2026,02/17/2026
1210,2024,07,Occurrence,Gender,Female,LIV,Chronic liver disease and cirrhosis,ICD-10,176.0,,,02/17/2026,02/17/2026
1211,2024,07,Occurrence,Gender,Male,LIV,Chronic liver disease and cirrhosis,ICD-10,326.0,,,02/17/2026,02/17/2026
1212,2024,07,Occurrence,Race-Ethnicity,American Indian/Alaska Native,LIV,Chronic liver disease and cirrhosis,ICD-10,,1,Cell suppressed for small numbers,02/17/2026,02/17/2026
1213,2024,07,Occurrence,Race-Ethnicity,Asian,LIV,Chronic liver disease and cirrhosis,ICD-10,27.0,,,02/17/2026,02/17/2026
1214,2024,07,Occurrence,Race-Ethnicity,Black,LIV,Chronic liver disease and cirrhosis,ICD-10,21.0,,,02/17/2026,02/17/2026
1215,2024,07,Occurrence,Race-Ethnicity,Hawaiian/Pacific Islander,LIV,Chronic liver disease and cirrhosis,ICD-10,,1,Cell suppressed for small numbers,02/17/2026,02/17/2026
1216,2024,07,Occurrence,Race-Ethnicity,Hispanic,LIV,Chronic liver disease and cirrhosis,ICD-10,230.0,,,02/17/2026,02/17/2026
1217,2024,07,Occurrence,Race-Ethnicity,Multi-Race,LIV,Chronic liver disease and cirrhosis,ICD-10,,1,Cell suppressed for small numbers,02/17/2026,02/17/2026
1218,2024,07,Occurrence,Race-Ethnicity,White,LIV,Chronic liver disease and cirrhosis,ICD-10,205.0,,,02/17/2026,02/17/2026
1219,2024,07,Occurrence,Race-Ethnicity,Other/Unknown,LIV,Chronic liver disease and cirrhosis,ICD-10,,1,Cell suppressed for small numbers,02/17/2026,02/17/2026
1220,2024,07,Occurrence,Total Population,Total Population,NEP,"Nephritis, nephrotic syndrome and nephrosis",ICD-10,401.0,,,02/17/2026,02/17/2026
1221,2024,07,Occurrence,Gender,Female,NEP,"Nephritis, nephrotic syndrome and nephrosis",ICD-10,179.0,,,02/17/2026,02/17/2026
1222,2024,07,Occurrence,Gender,Male,NEP,"Nephritis, nephrotic syndrome and nephrosis",ICD-10,222.0,,,02/17/2026,02/17/2026
1223,2024,07,Occurrence,Race-Ethnicity,American Indian/Alaska Native,NEP,"Nephritis, nephrotic syndrome and nephrosis",ICD-10,0.0,,,02/17/2026,02/17/2026
1224,2024,07,Occurrence,Race-Ethnicity,Asian,NEP,"Nephritis, nephrotic syndrome and nephrosis",ICD-10,60.0,,,02/17/2026,02/17/2026
1225,2024,07,Occurrence,Race-Ethnicity,Black,NEP,"Nephritis, nephrotic syndrome and nephrosis",ICD-10,37.0,,,02/17/2026,02/17/2026
1226,2024,07,Occurrence,Race-Ethnicity,Hawaiian/Pacific Islander,NEP,"Nephritis, nephrotic syndrome and nephrosis",ICD-10,,1,Cell suppressed for small numbers,02/17/2026,02/17/2026
1227,2024,07,Occurrence,Race-Ethnicity,Hispanic,NEP,"Nephritis, nephrotic syndrome and nephrosis",ICD-10,126.0,,,02/17/2026,02/17/2026
1228,2024,07,Occurrence,Race-Ethnicity,Multi-Race,NEP,"Nephritis, nephrotic syndrome and nephrosis",ICD-10,,1,Cell suppressed for small numbers,02/17/2026,02/17/2026
1229,2024,07,Occurrence,Race-Ethnicity,White,NEP,"Nephritis, nephrotic syndrome and nephrosis",ICD-10,162.0,,,02/17/2026,02/17/2026
1230,2024,07,Occurrence,Race-Ethnicity,Other/Unknown,NEP,"Nephritis, nephrotic syndrome and nephrosis",ICD-10,,1,Cell suppressed for small numbers,02/17/2026,02/17/2026
1231,2024,07,Occurrence,Total Population,Total Population,PAR,Parkinson's disease,ICD-10,372.0,,,02/17/2026,02/17/2026
1232,2024,07,Occurrence,Gender,Female,PAR,Parkinson's disease,ICD-10,119.0,,,02/17/2026,02/17/2026
1233,2024,07,Occurrence,Gender,Male,PAR,Parkinson's disease,ICD-10,253.0,,,02/17/2026,02/17/2026
1234,2024,07,Occurrence,Race-Ethnicity,American Indian/Alaska Native,PAR,Parkinson's disease,ICD-10,,1,Cell suppressed for small numbers,02/17/2026,02/17/2026
1235,2024,07,Occurrence,Race-Ethnicity,Asian,PAR,Parkinson's disease,ICD-10,54.0,,,02/17/2026,02/17/2026
1236,2024,07,Occurrence,Race-Ethnicity,Black,PAR,Parkinson's disease,ICD-10,,1,Cell suppressed for small numbers,02/17/2026,02/17/2026
1237,2024,07,Occurrence,Race-Ethnicity,Hawaiian/Pacific Islander,PAR,Parkinson's disease,ICD-10,,1,Cell suppressed for small numbers,02/17/2026,02/17/2026
1238,2024,07,Occurrence,Race-Ethnicity,Hispanic,PAR,Parkinson's disease,ICD-10,44.0,,,02/17/2026,02/17/2026
1239,2024,07,Occurrence,Race-Ethnicity,Multi-Race,PAR,Parkinson's disease,ICD-10,,1,Cell suppressed for small numbers,02/17/2026,02/17/2026
1240,2024,07,Occurrence,Race-Ethnicity,White,PAR,Parkinson's disease,ICD-10,254.0,,,02/17/2026,02/17/2026
1241,2024,07,Occurrence,Race-Ethnicity,Other/Unknown,PAR,Parkinson's disease,ICD-10,,1,Cell suppressed for small numbers,02/17/2026,02/17/2026
1242,2024,07,Occurrence,Total Population,Total Population,PNF,Influenza and pneumonia,ICD-10,383.0,,,02/17/2026,02/17/2026
1243,2024,07,Occurrence,Gender,Female,PNF,Influenza and pneumonia,ICD-10,179.0,,,02/17/2026,02/17/2026
1244,2024,07,Occurrence,Gender,Male,PNF,Influenza and pneumonia,ICD-10,204.0,,,02/17/2026,02/17/2026
1245,2024,07,Occurrence,Race-Ethnicity,American Indian/Alaska Native,PNF,Influenza and pneumonia,ICD-10,0.0,,,02/17/2026,02/17/2026
1246,2024,07,Occurrence,Race-Ethnicity,Asian,PNF,Influenza and pneumonia,ICD-10,76.0,,,02/17/2026,02/17/2026
1247,2024,07,Occurrence,Race-Ethnicity,Black,PNF,Influenza and pneumonia,ICD-10,25.0,,,02/17/2026,02/17/2026
1248,2024,07,Occurrence,Race-Ethnicity,Hawaiian/Pacific Islander,PNF,Influenza and pneumonia,ICD-10,,1,Cell suppressed for small numbers,02/17/2026,02/17/2026
1249,2024,07,Occurrence,Race-Ethnicity,Hispanic,PNF,Influenza and pneumonia,ICD-10,87.0,,,02/17/2026,02/17/2026
1250,2024,07,Occurrence,Race-Ethnicity,Multi-Race,PNF,Influenza and pneumonia,ICD-10,,1,Cell suppressed for small numbers,02/17/2026,02/17/2026
1251,2024,07,Occurrence,Race-Ethnicity,White,PNF,Influenza and pneumonia,ICD-10,187.0,,,02/17/2026,02/17/2026
1252,2024,07,Occurrence,Race-Ethnicity,Other/Unknown,PNF,Influenza and pneumonia,ICD-10,,1,Cell suppressed for small numbers,02/17/2026,02/17/2026
1253,2024,07,Occurrence,Total Population,Total Population,STK,Cerebrovascular diseases,ICD-10,1405.0,,,02/17/2026,02/17/2026
1254,2024,07,Occurrence,Gender,Female,STK,Cerebrovascular diseases,ICD-10,775.0,,,02/17/2026,02/17/2026
1255,2024,07,Occurrence,Gender,Male,STK,Cerebrovascular diseases,ICD-10,630.0,,,02/17/2026,02/17/2026
1256,2024,07,Occurrence,Race-Ethnicity,American Indian/Alaska Native,STK,Cerebrovascular diseases,ICD-10,,1,Cell suppressed for small numbers,02/17/2026,02/17/2026
1257,2024,07,Occurrence,Race-Ethnicity,Asian,STK,Cerebrovascular diseases,ICD-10,208.0,,,02/17/2026,02/17/2026
1258,2024,07,Occurrence,Race-Ethnicity,Black,STK,Cerebrovascular diseases,ICD-10,100.0,,,02/17/2026,02/17/2026
1259,2024,07,Occurrence,Race-Ethnicity,Hawaiian/Pacific Islander,STK,Cerebrovascular diseases,ICD-10,,1,Cell suppressed for small numbers,02/17/2026,02/17/2026
1260,2024,07,Occurrence,Race-Ethnicity,Hispanic,STK,Cerebrovascular diseases,ICD-10,306.0,,,02/17/2026,02/17/2026
1261,2024,07,Occurrence,Race-Ethnicity,Multi-Race,STK,Cerebrovascular diseases,ICD-10,13.0,,,02/17/2026,02/17/2026
1262,2024,07,Occurrence,Race-Ethnicity,White,STK,Cerebrovascular diseases,ICD-10,751.0,,,02/17/2026,02/17/2026
1263,2024,07,Occurrence,Race-Ethnicity,Other/Unknown,STK,Cerebrovascular diseases,ICD-10,12.0,,,02/17/2026,02/17/2026
1264,2024,07,Occurrence,Total Population,Total Population,SUI,Intentional self-harm (suicide),ICD-10,381.0,,,02/17/2026,02/17/2026
1265,2024,07,Occurrence,Gender,Female,SUI,Intentional self-harm (suicide),ICD-10,82.0,,,02/17/2026,02/17/2026
1266,2024,07,Occurrence,Gender,Male,SUI,Intentional self-harm (suicide),ICD-10,299.0,,,02/17/2026,02/17/2026
1267,2024,07,Occurrence,Race-Ethnicity,American Indian/Alaska Native,SUI,Intentional self-harm (suicide),ICD-10,0.0,,,02/17/2026,02/17/2026
1268,2024,07,Occurrence,Race-Ethnicity,Asian,SUI,Intentional self-harm (suicide),ICD-10,38.0,,,02/17/2026,02/17/2026
1269,2024,07,Occurrence,Race-Ethnicity,Black,SUI,Intentional self-harm (suicide),ICD-10,15.0,,,02/17/2026,02/17/2026
1270,2024,07,Occurrence,Race-Ethnicity,Hawaiian/Pacific Islander,SUI,Intentional self-harm (suicide),ICD-10,,1,Cell suppressed for small numbers,02/17/2026,02/17/2026
1271,2024,07,Occurrence,Race-Ethnicity,Hispanic,SUI,Intentional self-harm (suicide),ICD-10,100.0,,,02/17/2026,02/17/2026
1272,2024,07,Occurrence,Race-Ethnicity,Multi-Race,SUI,Intentional self-harm (suicide),ICD-10,,1,Cell suppressed for small numbers,02/17/2026,02/17/2026
1273,2024,07,Occurrence,Race-Ethnicity,White,SUI,Intentional self-harm (suicide),ICD-10,215.0,,,02/17/2026,02/17/2026
1274,2024,07,Occurrence,Race-Ethnicity,Other/Unknown,SUI,Intentional self-harm (suicide),ICD-10,,1,Cell suppressed for small numbers,02/17/2026,02/17/2026
1275,2024,08,Occurrence,Total Population,Total Population,ALL,All causes (total),ICD-10,23519.0,,,02/17/2026,02/17/2026
1276,2024,08,Occurrence,Age,Under 1 year,ALL,All causes (total),ICD-10,129.0,,,02/17/2026,02/17/2026
1277,2024,08,Occurrence,Age,1-4 years,ALL,All causes (total),ICD-10,20.0,,,02/17/2026,02/17/2026
1278,2024,08,Occurrence,Age,5-14 years,ALL,All causes (total),ICD-10,42.0,,,02/17/2026,02/17/2026
1279,2024,08,Occurrence,Age,15-24 years,ALL,All causes (total),ICD-10,238.0,,,02/17/2026,02/17/2026
1280,2024,08,Occurrence,Age,25-34 years,ALL,All causes (total),ICD-10,494.0,,,02/17/2026,02/17/2026
1281,2024,08,Occurrence,Age,35-44 years,ALL,All causes (total),ICD-10,854.0,,,02/17/2026,02/17/2026
1282,2024,08,Occurrence,Age,45-54 years,ALL,All causes (total),ICD-10,1257.0,,,02/17/2026,02/17/2026
1283,2024,08,Occurrence,Age,55-64 years,ALL,All causes (total),ICD-10,2690.0,,,02/17/2026,02/17/2026
1284,2024,08,Occurrence,Age,65-74 years,ALL,All causes (total),ICD-10,4423.0,,,02/17/2026,02/17/2026
1285,2024,08,Occurrence,Age,75-84 years,ALL,All causes (total),ICD-10,5922.0,,,02/17/2026,02/17/2026
1286,2024,08,Occurrence,Age,85 years and over,ALL,All causes (total),ICD-10,7442.0,,,02/17/2026,02/17/2026
1287,2024,08,Occurrence,Gender,Female,ALL,All causes (total),ICD-10,10903.0,,,02/17/2026,02/17/2026
1288,2024,08,Occurrence,Gender,Male,ALL,All causes (total),ICD-10,12611.0,,,02/17/2026,02/17/2026
1289,2024,08,Occurrence,Place Type,Inpatient,ALL,All causes (total),ICD-10,7144.0,,,02/17/2026,02/17/2026
1290,2024,08,Occurrence,Place Type,Emergency Room/Outpatient,ALL,All causes (total),ICD-10,1233.0,,,02/17/2026,02/17/2026
1291,2024,08,Occurrence,Place Type,Decedent's Home,ALL,All causes (total),ICD-10,9006.0,,,02/17/2026,02/17/2026
1292,2024,08,Occurrence,Place Type,Hospice Facility,ALL,All causes (total),ICD-10,308.0,,,02/17/2026,02/17/2026
1293,2024,08,Occurrence,Place Type,Nursing Home/Long Term Care Facility,ALL,All causes (total),ICD-10,2992.0,,,02/17/2026,02/17/2026
1294,2024,08,Occurrence,Place Type,Other/Unknown,ALL,All causes (total),ICD-10,2836.0,,,02/17/2026,02/17/2026
1295,2024,08,Occurrence,Race-Ethnicity,American Indian/Alaska Native,ALL,All causes (total),ICD-10,126.0,,,02/17/2026,02/17/2026
1296,2024,08,Occurrence,Race-Ethnicity,Asian,ALL,All causes (total),ICD-10,2598.0,,,02/17/2026,02/17/2026
1297,2024,08,Occurrence,Race-Ethnicity,Black,ALL,All causes (total),ICD-10,1851.0,,,02/17/2026,02/17/2026
1298,2024,08,Occurrence,Race-Ethnicity,Hawaiian/Pacific Islander,ALL,All causes (total),ICD-10,95.0,,,02/17/2026,02/17/2026
1299,2024,08,Occurrence,Race-Ethnicity,Hispanic,ALL,All causes (total),ICD-10,5313.0,,,02/17/2026,02/17/2026
1300,2024,08,Occurrence,Race-Ethnicity,Multi-Race,ALL,All causes (total),ICD-10,272.0,,,02/17/2026,02/17/2026
1301,2024,08,Occurrence,Race-Ethnicity,White,ALL,All causes (total),ICD-10,13077.0,,,02/17/2026,02/17/2026
1302,2024,08,Occurrence,Race-Ethnicity,Other/Unknown,ALL,All causes (total),ICD-10,187.0,,,02/17/2026,02/17/2026
1303,2024,08,Occurrence,Total Population,Total Population,ALZ,Alzheimer's disease,ICD-10,1351.0,,,02/17/2026,02/17/2026
1304,2024,08,Occurrence,Gender,Female,ALZ,Alzheimer's disease,ICD-10,893.0,,,02/17/2026,02/17/2026
1305,2024,08,Occurrence,Gender,Male,ALZ,Alzheimer's disease,ICD-10,458.0,,,02/17/2026,02/17/2026
1306,2024,08,Occurrence,Race-Ethnicity,American Indian/Alaska Native,ALZ,Alzheimer's disease,ICD-10,,1,Cell suppressed for small numbers,02/17/2026,02/17/2026
1307,2024,08,Occurrence,Race-Ethnicity,Asian,ALZ,Alzheimer's disease,ICD-10,148.0,,,02/17/2026,02/17/2026
1308,2024,08,Occurrence,Race-Ethnicity,Black,ALZ,Alzheimer's disease,ICD-10,74.0,,,02/17/2026,02/17/2026
1309,2024,08,Occurrence,Race-Ethnicity,Hawaiian/Pacific Islander,ALZ,Alzheimer's disease,ICD-10,,1,Cell suppressed for small numbers,02/17/2026,02/17/2026
1310,2024,08,Occurrence,Race-Ethnicity,Hispanic,ALZ,Alzheimer's disease,ICD-10,251.0,,,02/17/2026,02/17/2026
1311,2024,08,Occurrence,Race-Ethnicity,Multi-Race,ALZ,Alzheimer's disease,ICD-10,,1,Cell suppressed for small numbers,02/17/2026,02/17/2026
1312,2024,08,Occurrence,Race-Ethnicity,White,ALZ,Alzheimer's disease,ICD-10,852.0,,,02/17/2026,02/17/2026
1313,2024,08,Occurrence,Race-Ethnicity,Other/Unknown,ALZ,Alzheimer's disease,ICD-10,,1,Cell suppressed for small numbers,02/17/2026,02/17/2026
1314,2024,08,Occurrence,Total Population,Total Population,CAN,Malignant neoplasms,ICD-10,5164.0,,,02/17/2026,02/17/2026
1315,2024,08,Occurrence,Gender,Female,CAN,Malignant neoplasms,ICD-10,2468.0,,,02/17/2026,02/17/2026
1316,2024,08,Occurrence,Gender,Male,CAN,Malignant neoplasms,ICD-10,2696.0,,,02/17/2026,02/17/2026
1317,2024,08,Occurrence,Race-Ethnicity,American Indian/Alaska Native,CAN,Malignant neoplasms,ICD-10,24.0,,,02/17/2026,02/17/2026
1318,2024,08,Occurrence,Race-Ethnicity,Asian,CAN,Malignant neoplasms,ICD-10,663.0,,,02/17/2026,02/17/2026
1319,2024,08,Occurrence,Race-Ethnicity,Black,CAN,Malignant neoplasms,ICD-10,380.0,,,02/17/2026,02/17/2026
1320,2024,08,Occurrence,Race-Ethnicity,Hawaiian/Pacific Islander,CAN,Malignant neoplasms,ICD-10,23.0,,,02/17/2026,02/17/2026
1321,2024,08,Occurrence,Race-Ethnicity,Hispanic,CAN,Malignant neoplasms,ICD-10,1120.0,,,02/17/2026,02/17/2026
1322,2024,08,Occurrence,Race-Ethnicity,Multi-Race,CAN,Malignant neoplasms,ICD-10,59.0,,,02/17/2026,02/17/2026
1323,2024,08,Occurrence,Race-Ethnicity,White,CAN,Malignant neoplasms,ICD-10,2875.0,,,02/17/2026,02/17/2026
1324,2024,08,Occurrence,Race-Ethnicity,Other/Unknown,CAN,Malignant neoplasms,ICD-10,20.0,,,02/17/2026,02/17/2026
1325,2024,08,Occurrence,Total Population,Total Population,CLD,Chronic lower respiratory diseases,ICD-10,920.0,,,02/17/2026,02/17/2026
1326,2024,08,Occurrence,Gender,Female,CLD,Chronic lower respiratory diseases,ICD-10,472.0,,,02/17/2026,02/17/2026
1327,2024,08,Occurrence,Gender,Male,CLD,Chronic lower respiratory diseases,ICD-10,448.0,,,02/17/2026,02/17/2026
1328,2024,08,Occurrence,Race-Ethnicity,American Indian/Alaska Native,CLD,Chronic lower respiratory diseases,ICD-10,,1,Cell suppressed for small numbers,02/17/2026,02/17/2026
1329,2024,08,Occurrence,Race-Ethnicity,Asian,CLD,Chronic lower respiratory diseases,ICD-10,56.0,,,02/17/2026,02/17/2026
1330,2024,08,Occurrence,Race-Ethnicity,Black,CLD,Chronic lower respiratory diseases,ICD-10,77.0,,,02/17/2026,02/17/2026
1331,2024,08,Occurrence,Race-Ethnicity,Hawaiian/Pacific Islander,CLD,Chronic lower respiratory diseases,ICD-10,,1,Cell suppressed for small numbers,02/17/2026,02/17/2026
1332,2024,08,Occurrence,Race-Ethnicity,Hispanic,CLD,Chronic lower respiratory diseases,ICD-10,101.0,,,02/17/2026,02/17/2026
1333,2024,08,Occurrence,Race-Ethnicity,Multi-Race,CLD,Chronic lower respiratory diseases,ICD-10,11.0,,,02/17/2026,02/17/2026
1334,2024,08,Occurrence,Race-Ethnicity,White,CLD,Chronic lower respiratory diseases,ICD-10,662.0,,,02/17/2026,02/17/2026
1335,2024,08,Occurrence,Race-Ethnicity,Other/Unknown,CLD,Chronic lower respiratory diseases,ICD-10,,1,Cell suppressed for small numbers,02/17/2026,02/17/2026
1336,2024,08,Occurrence,Total Population,Total Population,DIA,Diabetes mellitus,ICD-10,886.0,,,02/17/2026,02/17/2026
1337,2024,08,Occurrence,Gender,Female,DIA,Diabetes mellitus,ICD-10,376.0,,,02/17/2026,02/17/2026
1338,2024,08,Occurrence,Gender,Male,DIA,Diabetes mellitus,ICD-10,510.0,,,02/17/2026,02/17/2026
1339,2024,08,Occurrence,Race-Ethnicity,American Indian/Alaska Native,DIA,Diabetes mellitus,ICD-10,,1,Cell suppressed for small numbers,02/17/2026,02/17/2026
1340,2024,08,Occurrence,Race-Ethnicity,Asian,DIA,Diabetes mellitus,ICD-10,135.0,,,02/17/2026,02/17/2026
1341,2024,08,Occurrence,Race-Ethnicity,Black,DIA,Diabetes mellitus,ICD-10,101.0,,,02/17/2026,02/17/2026
1342,2024,08,Occurrence,Race-Ethnicity,Hawaiian/Pacific Islander,DIA,Diabetes mellitus,ICD-10,,1,Cell suppressed for small numbers,02/17/2026,02/17/2026
1343,2024,08,Occurrence,Race-Ethnicity,Hispanic,DIA,Diabetes mellitus,ICD-10,294.0,,,02/17/2026,02/17/2026
1344,2024,08,Occurrence,Race-Ethnicity,Multi-Race,DIA,Diabetes mellitus,ICD-10,12.0,,,02/17/2026,02/17/2026
1345,2024,08,Occurrence,Race-Ethnicity,White,DIA,Diabetes mellitus,ICD-10,334.0,,,02/17/2026,02/17/2026
1346,2024,08,Occurrence,Race-Ethnicity,Other/Unknown,DIA,Diabetes mellitus,ICD-10,,1,Cell suppressed for small numbers,02/17/2026,02/17/2026
1347,2024,08,Occurrence,Total Population,Total Population,HOM,Assault (homicide),ICD-10,154.0,,,02/17/2026,02/17/2026
1348,2024,08,Occurrence,Gender,Female,HOM,Assault (homicide),ICD-10,26.0,,,02/17/2026,02/17/2026
1349,2024,08,Occurrence,Gender,Male,HOM,Assault (homicide),ICD-10,128.0,,,02/17/2026,02/17/2026
1350,2024,08,Occurrence,Race-Ethnicity,American Indian/Alaska Native,HOM,Assault (homicide),ICD-10,0.0,,,02/17/2026,02/17/2026
1351,2024,08,Occurrence,Race-Ethnicity,Asian,HOM,Assault (homicide),ICD-10,,1,Cell suppressed for small numbers,02/17/2026,02/17/2026
1352,2024,08,Occurrence,Race-Ethnicity,Black,HOM,Assault (homicide),ICD-10,40.0,,,02/17/2026,02/17/2026
1353,2024,08,Occurrence,Race-Ethnicity,Hawaiian/Pacific Islander,HOM,Assault (homicide),ICD-10,,1,Cell suppressed for small numbers,02/17/2026,02/17/2026
1354,2024,08,Occurrence,Race-Ethnicity,Hispanic,HOM,Assault (homicide),ICD-10,73.0,,,02/17/2026,02/17/2026
1355,2024,08,Occurrence,Race-Ethnicity,Multi-Race,HOM,Assault (homicide),ICD-10,,1,Cell suppressed for small numbers,02/17/2026,02/17/2026
1356,2024,08,Occurrence,Race-Ethnicity,White,HOM,Assault (homicide),ICD-10,34.0,,,02/17/2026,02/17/2026
1357,2024,08,Occurrence,Race-Ethnicity,Other/Unknown,HOM,Assault (homicide),ICD-10,0.0,,,02/17/2026,02/17/2026
1358,2024,08,Occurrence,Total Population,Total Population,HTD,Diseases of heart,ICD-10,4863.0,,,02/17/2026,02/17/2026
1359,2024,08,Occurrence,Gender,Female,HTD,Diseases of heart,ICD-10,2074.0,,,02/17/2026,02/17/2026
1360,2024,08,Occurrence,Gender,Male,HTD,Diseases of heart,ICD-10,2788.0,,,02/17/2026,02/17/2026
1361,2024,08,Occurrence,Race-Ethnicity,American Indian/Alaska Native,HTD,Diseases of heart,ICD-10,31.0,,,02/17/2026,02/17/2026
1362,2024,08,Occurrence,Race-Ethnicity,Asian,HTD,Diseases of heart,ICD-10,499.0,,,02/17/2026,02/17/2026
1363,2024,08,Occurrence,Race-Ethnicity,Black,HTD,Diseases of heart,ICD-10,420.0,,,02/17/2026,02/17/2026
1364,2024,08,Occurrence,Race-Ethnicity,Hawaiian/Pacific Islander,HTD,Diseases of heart,ICD-10,16.0,,,02/17/2026,02/17/2026
1365,2024,08,Occurrence,Race-Ethnicity,Hispanic,HTD,Diseases of heart,ICD-10,913.0,,,02/17/2026,02/17/2026
1366,2024,08,Occurrence,Race-Ethnicity,Multi-Race,HTD,Diseases of heart,ICD-10,59.0,,,02/17/2026,02/17/2026
1367,2024,08,Occurrence,Race-Ethnicity,White,HTD,Diseases of heart,ICD-10,2874.0,,,02/17/2026,02/17/2026
1368,2024,08,Occurrence,Race-Ethnicity,Other/Unknown,HTD,Diseases of heart,ICD-10,51.0,,,02/17/2026,02/17/2026
1369,2024,08,Occurrence,Total Population,Total Population,HYP,Essential hypertension and hypertensive renal disease,ICD-10,494.0,,,02/17/2026,02/17/2026
1370,2024,08,Occurrence,Gender,Female,HYP,Essential hypertension and hypertensive renal disease,ICD-10,256.0,,,02/17/2026,02/17/2026
1371,2024,08,Occurrence,Gender,Male,HYP,Essential hypertension and hypertensive renal disease,ICD-10,238.0,,,02/17/2026,02/17/2026
1372,2024,08,Occurrence,Race-Ethnicity,American Indian/Alaska Native,HYP,Essential hypertension and hypertensive renal disease,ICD-10,,1,Cell suppressed for small numbers,02/17/2026,02/17/2026
1373,2024,08,Occurrence,Race-Ethnicity,Asian,HYP,Essential hypertension and hypertensive renal disease,ICD-10,89.0,,,02/17/2026,02/17/2026
1374,2024,08,Occurrence,Race-Ethnicity,Black,HYP,Essential hypertension and hypertensive renal disease,ICD-10,37.0,,,02/17/2026,02/17/2026
1375,2024,08,Occurrence,Race-Ethnicity,Hawaiian/Pacific Islander,HYP,Essential hypertension and hypertensive renal disease,ICD-10,,1,Cell suppressed for small numbers,02/17/2026,02/17/2026
1376,2024,08,Occurrence,Race-Ethnicity,Hispanic,HYP,Essential hypertension and hypertensive renal disease,ICD-10,114.0,,,02/17/2026,02/17/2026
1377,2024,08,Occurrence,Race-Ethnicity,Multi-Race,HYP,Essential hypertension and hypertensive renal disease,ICD-10,,1,Cell suppressed for small numbers,02/17/2026,02/17/2026
1378,2024,08,Occurrence,Race-Ethnicity,White,HYP,Essential hypertension and hypertensive renal disease,ICD-10,235.0,,,02/17/2026,02/17/2026
1379,2024,08,Occurrence,Race-Ethnicity,Other/Unknown,HYP,Essential hypertension and hypertensive renal disease,ICD-10,,1,Cell suppressed for small numbers,02/17/2026,02/17/2026
1380,2024,08,Occurrence,Total Population,Total Population,INJ,Accidents (unintentional injuries),ICD-10,1623.0,,,02/17/2026,02/17/2026
1381,2024,08,Occurrence,Gender,Female,INJ,Accidents (unintentional injuries),ICD-10,463.0,,,02/17/2026,02/17/2026
1382,2024,08,Occurrence,Gender,Male,INJ,Accidents (unintentional injuries),ICD-10,1160.0,,,02/17/2026,02/17/2026
1383,2024,08,Occurrence,Race-Ethnicity,American Indian/Alaska Native,INJ,Accidents (unintentional injuries),ICD-10,,2,Cell suppressed for complementary cell,02/17/2026,02/17/2026
1384,2024,08,Occurrence,Race-Ethnicity,Asian,INJ,Accidents (unintentional injuries),ICD-10,107.0,,,02/17/2026,02/17/2026
1385,2024,08,Occurrence,Race-Ethnicity,Black,INJ,Accidents (unintentional injuries),ICD-10,166.0,,,02/17/2026,02/17/2026
1386,2024,08,Occurrence,Race-Ethnicity,Hawaiian/Pacific Islander,INJ,Accidents (unintentional injuries),ICD-10,,1,Cell suppressed for small numbers,02/17/2026,02/17/2026
1387,2024,08,Occurrence,Race-Ethnicity,Hispanic,INJ,Accidents (unintentional injuries),ICD-10,528.0,,,02/17/2026,02/17/2026
1388,2024,08,Occurrence,Race-Ethnicity,Multi-Race,INJ,Accidents (unintentional injuries),ICD-10,32.0,,,02/17/2026,02/17/2026
1389,2024,08,Occurrence,Race-Ethnicity,White,INJ,Accidents (unintentional injuries),ICD-10,753.0,,,02/17/2026,02/17/2026
1390,2024,08,Occurrence,Race-Ethnicity,Other/Unknown,INJ,Accidents (unintentional injuries),ICD-10,,2,Cell suppressed for complementary cell,02/17/2026,02/17/2026
1391,2024,08,Occurrence,Total Population,Total Population,LIV,Chronic liver disease and cirrhosis,ICD-10,480.0,,,02/17/2026,02/17/2026
1392,2024,08,Occurrence,Gender,Female,LIV,Chronic liver disease and cirrhosis,ICD-10,180.0,,,02/17/2026,02/17/2026
1393,2024,08,Occurrence,Gender,Male,LIV,Chronic liver disease and cirrhosis,ICD-10,300.0,,,02/17/2026,02/17/2026
1394,2024,08,Occurrence,Race-Ethnicity,American Indian/Alaska Native,LIV,Chronic liver disease and cirrhosis,ICD-10,,1,Cell suppressed for small numbers,02/17/2026,02/17/2026
1395,2024,08,Occurrence,Race-Ethnicity,Asian,LIV,Chronic liver disease and cirrhosis,ICD-10,21.0,,,02/17/2026,02/17/2026
1396,2024,08,Occurrence,Race-Ethnicity,Black,LIV,Chronic liver disease and cirrhosis,ICD-10,26.0,,,02/17/2026,02/17/2026
1397,2024,08,Occurrence,Race-Ethnicity,Hawaiian/Pacific Islander,LIV,Chronic liver disease and cirrhosis,ICD-10,,1,Cell suppressed for small numbers,02/17/2026,02/17/2026
1398,2024,08,Occurrence,Race-Ethnicity,Hispanic,LIV,Chronic liver disease and cirrhosis,ICD-10,214.0,,,02/17/2026,02/17/2026
1399,2024,08,Occurrence,Race-Ethnicity,Multi-Race,LIV,Chronic liver disease and cirrhosis,ICD-10,,1,Cell suppressed for small numbers,02/17/2026,02/17/2026
1400,2024,08,Occurrence,Race-Ethnicity,White,LIV,Chronic liver disease and cirrhosis,ICD-10,194.0,,,02/17/2026,02/17/2026
1401,2024,08,Occurrence,Race-Ethnicity,Other/Unknown,LIV,Chronic liver disease and cirrhosis,ICD-10,,1,Cell suppressed for small numbers,02/17/2026,02/17/2026
1402,2024,08,Occurrence,Total Population,Total Population,NEP,"Nephritis, nephrotic syndrome and nephrosis",ICD-10,392.0,,,02/17/2026,02/17/2026
1403,2024,08,Occurrence,Gender,Female,NEP,"Nephritis, nephrotic syndrome and nephrosis",ICD-10,176.0,,,02/17/2026,02/17/2026
1404,2024,08,Occurrence,Gender,Male,NEP,"Nephritis, nephrotic syndrome and nephrosis",ICD-10,216.0,,,02/17/2026,02/17/2026
1405,2024,08,Occurrence,Race-Ethnicity,American Indian/Alaska Native,NEP,"Nephritis, nephrotic syndrome and nephrosis",ICD-10,,1,Cell suppressed for small numbers,02/17/2026,02/17/2026
1406,2024,08,Occurrence,Race-Ethnicity,Asian,NEP,"Nephritis, nephrotic syndrome and nephrosis",ICD-10,54.0,,,02/17/2026,02/17/2026
1407,2024,08,Occurrence,Race-Ethnicity,Black,NEP,"Nephritis, nephrotic syndrome and nephrosis",ICD-10,35.0,,,02/17/2026,02/17/2026
1408,2024,08,Occurrence,Race-Ethnicity,Hawaiian/Pacific Islander,NEP,"Nephritis, nephrotic syndrome and nephrosis",ICD-10,,1,Cell suppressed for small numbers,02/17/2026,02/17/2026
1409,2024,08,Occurrence,Race-Ethnicity,Hispanic,NEP,"Nephritis, nephrotic syndrome and nephrosis",ICD-10,116.0,,,02/17/2026,02/17/2026
1410,2024,08,Occurrence,Race-Ethnicity,Multi-Race,NEP,"Nephritis, nephrotic syndrome and nephrosis",ICD-10,,1,Cell suppressed for small numbers,02/17/2026,02/17/2026
1411,2024,08,Occurrence,Race-Ethnicity,White,NEP,"Nephritis, nephrotic syndrome and nephrosis",ICD-10,175.0,,,02/17/2026,02/17/2026
1412,2024,08,Occurrence,Race-Ethnicity,Other/Unknown,NEP,"Nephritis, nephrotic syndrome and nephrosis",ICD-10,,1,Cell suppressed for small numbers,02/17/2026,02/17/2026
1413,2024,08,Occurrence,Total Population,Total Population,PAR,Parkinson's disease,ICD-10,357.0,,,02/17/2026,02/17/2026
1414,2024,08,Occurrence,Gender,Female,PAR,Parkinson's disease,ICD-10,120.0,,,02/17/2026,02/17/2026
1415,2024,08,Occurrence,Gender,Male,PAR,Parkinson's disease,ICD-10,237.0,,,02/17/2026,02/17/2026
1416,2024,08,Occurrence,Race-Ethnicity,American Indian/Alaska Native,PAR,Parkinson's disease,ICD-10,,1,Cell suppressed for small numbers,02/17/2026,02/17/2026
1417,2024,08,Occurrence,Race-Ethnicity,Asian,PAR,Parkinson's disease,ICD-10,45.0,,,02/17/2026,02/17/2026
1418,2024,08,Occurrence,Race-Ethnicity,Black,PAR,Parkinson's disease,ICD-10,12.0,,,02/17/2026,02/17/2026
1419,2024,08,Occurrence,Race-Ethnicity,Hawaiian/Pacific Islander,PAR,Parkinson's disease,ICD-10,,1,Cell suppressed for small numbers,02/17/2026,02/17/2026
1420,2024,08,Occurrence,Race-Ethnicity,Hispanic,PAR,Parkinson's disease,ICD-10,65.0,,,02/17/2026,02/17/2026
1421,2024,08,Occurrence,Race-Ethnicity,Multi-Race,PAR,Parkinson's disease,ICD-10,,1,Cell suppressed for small numbers,02/17/2026,02/17/2026
1422,2024,08,Occurrence,Race-Ethnicity,White,PAR,Parkinson's disease,ICD-10,228.0,,,02/17/2026,02/17/2026
1423,2024,08,Occurrence,Race-Ethnicity,Other/Unknown,PAR,Parkinson's disease,ICD-10,,1,Cell suppressed for small numbers,02/17/2026,02/17/2026
1424,2024,08,Occurrence,Total Population,Total Population,PNF,Influenza and pneumonia,ICD-10,346.0,,,02/17/2026,02/17/2026
1425,2024,08,Occurrence,Gender,Female,PNF,Influenza and pneumonia,ICD-10,155.0,,,02/17/2026,02/17/2026
1426,2024,08,Occurrence,Gender,Male,PNF,Influenza and pneumonia,ICD-10,191.0,,,02/17/2026,02/17/2026
1427,2024,08,Occurrence,Race-Ethnicity,American Indian/Alaska Native,PNF,Influenza and pneumonia,ICD-10,,1,Cell suppressed for small numbers,02/17/2026,02/17/2026
1428,2024,08,Occurrence,Race-Ethnicity,Asian,PNF,Influenza and pneumonia,ICD-10,38.0,,,02/17/2026,02/17/2026
1429,2024,08,Occurrence,Race-Ethnicity,Black,PNF,Influenza and pneumonia,ICD-10,25.0,,,02/17/2026,02/17/2026
1430,2024,08,Occurrence,Race-Ethnicity,Hawaiian/Pacific Islander,PNF,Influenza and pneumonia,ICD-10,0.0,,,02/17/2026,02/17/2026
1431,2024,08,Occurrence,Race-Ethnicity,Hispanic,PNF,Influenza and pneumonia,ICD-10,87.0,,,02/17/2026,02/17/2026
1432,2024,08,Occurrence,Race-Ethnicity,Multi-Race,PNF,Influenza and pneumonia,ICD-10,,1,Cell suppressed for small numbers,02/17/2026,02/17/2026
1433,2024,08,Occurrence,Race-Ethnicity,White,PNF,Influenza and pneumonia,ICD-10,187.0,,,02/17/2026,02/17/2026
1434,2024,08,Occurrence,Race-Ethnicity,Other/Unknown,PNF,Influenza and pneumonia,ICD-10,,1,Cell suppressed for small numbers,02/17/2026,02/17/2026
1435,2024,08,Occurrence,Total Population,Total Population,STK,Cerebrovascular diseases,ICD-10,1422.0,,,02/17/2026,02/17/2026
1436,2024,08,Occurrence,Gender,Female,STK,Cerebrovascular diseases,ICD-10,800.0,,,02/17/2026,02/17/2026
1437,2024,08,Occurrence,Gender,Male,STK,Cerebrovascular diseases,ICD-10,622.0,,,02/17/2026,02/17/2026
1438,2024,08,Occurrence,Race-Ethnicity,American Indian/Alaska Native,STK,Cerebrovascular diseases,ICD-10,,1,Cell suppressed for small numbers,02/17/2026,02/17/2026
1439,2024,08,Occurrence,Race-Ethnicity,Asian,STK,Cerebrovascular diseases,ICD-10,204.0,,,02/17/2026,02/17/2026
1440,2024,08,Occurrence,Race-Ethnicity,Black,STK,Cerebrovascular diseases,ICD-10,123.0,,,02/17/2026,02/17/2026
1441,2024,08,Occurrence,Race-Ethnicity,Hawaiian/Pacific Islander,STK,Cerebrovascular diseases,ICD-10,,1,Cell suppressed for small numbers,02/17/2026,02/17/2026
1442,2024,08,Occurrence,Race-Ethnicity,Hispanic,STK,Cerebrovascular diseases,ICD-10,312.0,,,02/17/2026,02/17/2026
1443,2024,08,Occurrence,Race-Ethnicity,Multi-Race,STK,Cerebrovascular diseases,ICD-10,,1,Cell suppressed for small numbers,02/17/2026,02/17/2026
1444,2024,08,Occurrence,Race-Ethnicity,White,STK,Cerebrovascular diseases,ICD-10,750.0,,,02/17/2026,02/17/2026
1445,2024,08,Occurrence,Race-Ethnicity,Other/Unknown,STK,Cerebrovascular diseases,ICD-10,11.0,,,02/17/2026,02/17/2026
1446,2024,08,Occurrence,Total Population,Total Population,SUI,Intentional self-harm (suicide),ICD-10,381.0,,,02/17/2026,02/17/2026
1447,2024,08,Occurrence,Gender,Female,SUI,Intentional self-harm (suicide),ICD-10,91.0,,,02/17/2026,02/17/2026
1448,2024,08,Occurrence,Gender,Male,SUI,Intentional self-harm (suicide),ICD-10,290.0,,,02/17/2026,02/17/2026
1449,2024,08,Occurrence,Race-Ethnicity,American Indian/Alaska Native,SUI,Intentional self-harm (suicide),ICD-10,,1,Cell suppressed for small numbers,02/17/2026,02/17/2026
1450,2024,08,Occurrence,Race-Ethnicity,Asian,SUI,Intentional self-harm (suicide),ICD-10,34.0,,,02/17/2026,02/17/2026
1451,2024,08,Occurrence,Race-Ethnicity,Black,SUI,Intentional self-harm (suicide),ICD-10,21.0,,,02/17/2026,02/17/2026
1452,2024,08,Occurrence,Race-Ethnicity,Hawaiian/Pacific Islander,SUI,Intentional self-harm (suicide),ICD-10,,1,Cell suppressed for small numbers,02/17/2026,02/17/2026
1453,2024,08,Occurrence,Race-Ethnicity,Hispanic,SUI,Intentional self-harm (suicide),ICD-10,84.0,,,02/17/2026,02/17/2026
1454,2024,08,Occurrence,Race-Ethnicity,Multi-Race,SUI,Intentional self-harm (suicide),ICD-10,,1,Cell suppressed for small numbers,02/17/2026,02/17/2026
1455,2024,08,Occurrence,Race-Ethnicity,White,SUI,Intentional self-harm (suicide),ICD-10,228.0,,,02/17/2026,02/17/2026
1456,2024,08,Occurrence,Race-Ethnicity,Other/Unknown,SUI,Intentional self-harm (suicide),ICD-10,,1,Cell suppressed for small numbers,02/17/2026,02/17/2026
1457,2024,09,Occurrence,Total Population,Total Population,ALL,All causes (total),ICD-10,22539.0,,,02/17/2026,02/17/2026
1458,2024,09,Occurrence,Age,Under 1 year,ALL,All causes (total),ICD-10,139.0,,,02/17/2026,02/17/2026
1459,2024,09,Occurrence,Age,1-4 years,ALL,All causes (total),ICD-10,27.0,,,02/17/2026,02/17/2026
1460,2024,09,Occurrence,Age,5-14 years,ALL,All causes (total),ICD-10,43.0,,,02/17/2026,02/17/2026
1461,2024,09,Occurrence,Age,15-24 years,ALL,All causes (total),ICD-10,238.0,,,02/17/2026,02/17/2026
1462,2024,09,Occurrence,Age,25-34 years,ALL,All causes (total),ICD-10,482.0,,,02/17/2026,02/17/2026
1463,2024,09,Occurrence,Age,35-44 years,ALL,All causes (total),ICD-10,770.0,,,02/17/2026,02/17/2026
1464,2024,09,Occurrence,Age,45-54 years,ALL,All causes (total),ICD-10,1227.0,,,02/17/2026,02/17/2026
1465,2024,09,Occurrence,Age,55-64 years,ALL,All causes (total),ICD-10,2564.0,,,02/17/2026,02/17/2026
1466,2024,09,Occurrence,Age,65-74 years,ALL,All causes (total),ICD-10,4219.0,,,02/17/2026,02/17/2026
1467,2024,09,Occurrence,Age,75-84 years,ALL,All causes (total),ICD-10,5708.0,,,02/17/2026,02/17/2026
1468,2024,09,Occurrence,Age,85 years and over,ALL,All causes (total),ICD-10,7109.0,,,02/17/2026,02/17/2026
1469,2024,09,Occurrence,Gender,Female,ALL,All causes (total),ICD-10,10585.0,,,02/17/2026,02/17/2026
1470,2024,09,Occurrence,Gender,Male,ALL,All causes (total),ICD-10,11947.0,,,02/17/2026,02/17/2026
1471,2024,09,Occurrence,Place Type,Inpatient,ALL,All causes (total),ICD-10,7036.0,,,02/17/2026,02/17/2026
1472,2024,09,Occurrence,Place Type,Emergency Room/Outpatient,ALL,All causes (total),ICD-10,1206.0,,,02/17/2026,02/17/2026
1473,2024,09,Occurrence,Place Type,Decedent's Home,ALL,All causes (total),ICD-10,8657.0,,,02/17/2026,02/17/2026
1474,2024,09,Occurrence,Place Type,Hospice Facility,ALL,All causes (total),ICD-10,285.0,,,02/17/2026,02/17/2026
1475,2024,09,Occurrence,Place Type,Nursing Home/Long Term Care Facility,ALL,All causes (total),ICD-10,2784.0,,,02/17/2026,02/17/2026
1476,2024,09,Occurrence,Place Type,Other/Unknown,ALL,All causes (total),ICD-10,2571.0,,,02/17/2026,02/17/2026
1477,2024,09,Occurrence,Race-Ethnicity,American Indian/Alaska Native,ALL,All causes (total),ICD-10,93.0,,,02/17/2026,02/17/2026
1478,2024,09,Occurrence,Race-Ethnicity,Asian,ALL,All causes (total),ICD-10,2530.0,,,02/17/2026,02/17/2026
1479,2024,09,Occurrence,Race-Ethnicity,Black,ALL,All causes (total),ICD-10,1736.0,,,02/17/2026,02/17/2026
1480,2024,09,Occurrence,Race-Ethnicity,Hawaiian/Pacific Islander,ALL,All causes (total),ICD-10,86.0,,,02/17/2026,02/17/2026
1481,2024,09,Occurrence,Race-Ethnicity,Hispanic,ALL,All causes (total),ICD-10,5287.0,,,02/17/2026,02/17/2026
1482,2024,09,Occurrence,Race-Ethnicity,Multi-Race,ALL,All causes (total),ICD-10,250.0,,,02/17/2026,02/17/2026
1483,2024,09,Occurrence,Race-Ethnicity,White,ALL,All causes (total),ICD-10,12362.0,,,02/17/2026,02/17/2026
1484,2024,09,Occurrence,Race-Ethnicity,Other/Unknown,ALL,All causes (total),ICD-10,195.0,,,02/17/2026,02/17/2026
1485,2024,09,Occurrence,Total Population,Total Population,ALZ,Alzheimer's disease,ICD-10,1273.0,,,02/17/2026,02/17/2026
1486,2024,09,Occurrence,Gender,Female,ALZ,Alzheimer's disease,ICD-10,837.0,,,02/17/2026,02/17/2026
1487,2024,09,Occurrence,Gender,Male,ALZ,Alzheimer's disease,ICD-10,436.0,,,02/17/2026,02/17/2026
1488,2024,09,Occurrence,Race-Ethnicity,American Indian/Alaska Native,ALZ,Alzheimer's disease,ICD-10,,1,Cell suppressed for small numbers,02/17/2026,02/17/2026
1489,2024,09,Occurrence,Race-Ethnicity,Asian,ALZ,Alzheimer's disease,ICD-10,139.0,,,02/17/2026,02/17/2026
1490,2024,09,Occurrence,Race-Ethnicity,Black,ALZ,Alzheimer's disease,ICD-10,62.0,,,02/17/2026,02/17/2026
1491,2024,09,Occurrence,Race-Ethnicity,Hawaiian/Pacific Islander,ALZ,Alzheimer's disease,ICD-10,,1,Cell suppressed for small numbers,02/17/2026,02/17/2026
1492,2024,09,Occurrence,Race-Ethnicity,Hispanic,ALZ,Alzheimer's disease,ICD-10,232.0,,,02/17/2026,02/17/2026
1493,2024,09,Occurrence,Race-Ethnicity,Multi-Race,ALZ,Alzheimer's disease,ICD-10,,1,Cell suppressed for small numbers,02/17/2026,02/17/2026
1494,2024,09,Occurrence,Race-Ethnicity,White,ALZ,Alzheimer's disease,ICD-10,823.0,,,02/17/2026,02/17/2026
1495,2024,09,Occurrence,Race-Ethnicity,Other/Unknown,ALZ,Alzheimer's disease,ICD-10,,1,Cell suppressed for small numbers,02/17/2026,02/17/2026
1496,2024,09,Occurrence,Total Population,Total Population,CAN,Malignant neoplasms,ICD-10,4929.0,,,02/17/2026,02/17/2026
1497,2024,09,Occurrence,Gender,Female,CAN,Malignant neoplasms,ICD-10,2405.0,,,02/17/2026,02/17/2026
1498,2024,09,Occurrence,Gender,Male,CAN,Malignant neoplasms,ICD-10,2524.0,,,02/17/2026,02/17/2026
1499,2024,09,Occurrence,Race-Ethnicity,American Indian/Alaska Native,CAN,Malignant neoplasms,ICD-10,15.0,,,02/17/2026,02/17/2026
1500,2024,09,Occurrence,Race-Ethnicity,Asian,CAN,Malignant neoplasms,ICD-10,606.0,,,02/17/2026,02/17/2026
1501,2024,09,Occurrence,Race-Ethnicity,Black,CAN,Malignant neoplasms,ICD-10,350.0,,,02/17/2026,02/17/2026
1502,2024,09,Occurrence,Race-Ethnicity,Hawaiian/Pacific Islander,CAN,Malignant neoplasms,ICD-10,16.0,,,02/17/2026,02/17/2026
1503,2024,09,Occurrence,Race-Ethnicity,Hispanic,CAN,Malignant neoplasms,ICD-10,1137.0,,,02/17/2026,02/17/2026
1504,2024,09,Occurrence,Race-Ethnicity,Multi-Race,CAN,Malignant neoplasms,ICD-10,47.0,,,02/17/2026,02/17/2026
1505,2024,09,Occurrence,Race-Ethnicity,White,CAN,Malignant neoplasms,ICD-10,2725.0,,,02/17/2026,02/17/2026
1506,2024,09,Occurrence,Race-Ethnicity,Other/Unknown,CAN,Malignant neoplasms,ICD-10,33.0,,,02/17/2026,02/17/2026
1507,2024,09,Occurrence,Total Population,Total Population,CLD,Chronic lower respiratory diseases,ICD-10,826.0,,,02/17/2026,02/17/2026
1508,2024,09,Occurrence,Gender,Female,CLD,Chronic lower respiratory diseases,ICD-10,429.0,,,02/17/2026,02/17/2026
1509,2024,09,Occurrence,Gender,Male,CLD,Chronic lower respiratory diseases,ICD-10,397.0,,,02/17/2026,02/17/2026
1510,2024,09,Occurrence,Race-Ethnicity,American Indian/Alaska Native,CLD,Chronic lower respiratory diseases,ICD-10,,1,Cell suppressed for small numbers,02/17/2026,02/17/2026
1511,2024,09,Occurrence,Race-Ethnicity,Asian,CLD,Chronic lower respiratory diseases,ICD-10,63.0,,,02/17/2026,02/17/2026
1512,2024,09,Occurrence,Race-Ethnicity,Black,CLD,Chronic lower respiratory diseases,ICD-10,61.0,,,02/17/2026,02/17/2026
1513,2024,09,Occurrence,Race-Ethnicity,Hawaiian/Pacific Islander,CLD,Chronic lower respiratory diseases,ICD-10,,1,Cell suppressed for small numbers,02/17/2026,02/17/2026
1514,2024,09,Occurrence,Race-Ethnicity,Hispanic,CLD,Chronic lower respiratory diseases,ICD-10,93.0,,,02/17/2026,02/17/2026
1515,2024,09,Occurrence,Race-Ethnicity,Multi-Race,CLD,Chronic lower respiratory diseases,ICD-10,,1,Cell suppressed for small numbers,02/17/2026,02/17/2026
1516,2024,09,Occurrence,Race-Ethnicity,White,CLD,Chronic lower respiratory diseases,ICD-10,585.0,,,02/17/2026,02/17/2026
1517,2024,09,Occurrence,Race-Ethnicity,Other/Unknown,CLD,Chronic lower respiratory diseases,ICD-10,,1,Cell suppressed for small numbers,02/17/2026,02/17/2026
1518,2024,09,Occurrence,Total Population,Total Population,DIA,Diabetes mellitus,ICD-10,867.0,,,02/17/2026,02/17/2026
1519,2024,09,Occurrence,Gender,Female,DIA,Diabetes mellitus,ICD-10,380.0,,,02/17/2026,02/17/2026
1520,2024,09,Occurrence,Gender,Male,DIA,Diabetes mellitus,ICD-10,486.0,,,02/17/2026,02/17/2026
1521,2024,09,Occurrence,Race-Ethnicity,American Indian/Alaska Native,DIA,Diabetes mellitus,ICD-10,,1,Cell suppressed for small numbers,02/17/2026,02/17/2026
1522,2024,09,Occurrence,Race-Ethnicity,Asian,DIA,Diabetes mellitus,ICD-10,146.0,,,02/17/2026,02/17/2026
1523,2024,09,Occurrence,Race-Ethnicity,Black,DIA,Diabetes mellitus,ICD-10,97.0,,,02/17/2026,02/17/2026
1524,2024,09,Occurrence,Race-Ethnicity,Hawaiian/Pacific Islander,DIA,Diabetes mellitus,ICD-10,,1,Cell suppressed for small numbers,02/17/2026,02/17/2026
1525,2024,09,Occurrence,Race-Ethnicity,Hispanic,DIA,Diabetes mellitus,ICD-10,308.0,,,02/17/2026,02/17/2026
1526,2024,09,Occurrence,Race-Ethnicity,Multi-Race,DIA,Diabetes mellitus,ICD-10,13.0,,,02/17/2026,02/17/2026
1527,2024,09,Occurrence,Race-Ethnicity,White,DIA,Diabetes mellitus,ICD-10,285.0,,,02/17/2026,02/17/2026
1528,2024,09,Occurrence,Race-Ethnicity,Other/Unknown,DIA,Diabetes mellitus,ICD-10,11.0,,,02/17/2026,02/17/2026
1529,2024,09,Occurrence,Total Population,Total Population,HOM,Assault (homicide),ICD-10,155.0,,,02/17/2026,02/17/2026
1530,2024,09,Occurrence,Gender,Female,HOM,Assault (homicide),ICD-10,35.0,,,02/17/2026,02/17/2026
1531,2024,09,Occurrence,Gender,Male,HOM,Assault (homicide),ICD-10,120.0,,,02/17/2026,02/17/2026
1532,2024,09,Occurrence,Race-Ethnicity,American Indian/Alaska Native,HOM,Assault (homicide),ICD-10,0.0,,,02/17/2026,02/17/2026
1533,2024,09,Occurrence,Race-Ethnicity,Asian,HOM,Assault (homicide),ICD-10,,1,Cell suppressed for small numbers,02/17/2026,02/17/2026
1534,2024,09,Occurrence,Race-Ethnicity,Black,HOM,Assault (homicide),ICD-10,40.0,,,02/17/2026,02/17/2026
1535,2024,09,Occurrence,Race-Ethnicity,Hawaiian/Pacific Islander,HOM,Assault (homicide),ICD-10,0.0,,,02/17/2026,02/17/2026
1536,2024,09,Occurrence,Race-Ethnicity,Hispanic,HOM,Assault (homicide),ICD-10,81.0,,,02/17/2026,02/17/2026
1537,2024,09,Occurrence,Race-Ethnicity,Multi-Race,HOM,Assault (homicide),ICD-10,,1,Cell suppressed for small numbers,02/17/2026,02/17/2026
1538,2024,09,Occurrence,Race-Ethnicity,White,HOM,Assault (homicide),ICD-10,26.0,,,02/17/2026,02/17/2026
1539,2024,09,Occurrence,Race-Ethnicity,Other/Unknown,HOM,Assault (homicide),ICD-10,0.0,,,02/17/2026,02/17/2026
1540,2024,09,Occurrence,Total Population,Total Population,HTD,Diseases of heart,ICD-10,4750.0,,,02/17/2026,02/17/2026
1541,2024,09,Occurrence,Gender,Female,HTD,Diseases of heart,ICD-10,2102.0,,,02/17/2026,02/17/2026
1542,2024,09,Occurrence,Gender,Male,HTD,Diseases of heart,ICD-10,2648.0,,,02/17/2026,02/17/2026
1543,2024,09,Occurrence,Race-Ethnicity,American Indian/Alaska Native,HTD,Diseases of heart,ICD-10,16.0,,,02/17/2026,02/17/2026
1544,2024,09,Occurrence,Race-Ethnicity,Asian,HTD,Diseases of heart,ICD-10,539.0,,,02/17/2026,02/17/2026
1545,2024,09,Occurrence,Race-Ethnicity,Black,HTD,Diseases of heart,ICD-10,408.0,,,02/17/2026,02/17/2026
1546,2024,09,Occurrence,Race-Ethnicity,Hawaiian/Pacific Islander,HTD,Diseases of heart,ICD-10,25.0,,,02/17/2026,02/17/2026
1547,2024,09,Occurrence,Race-Ethnicity,Hispanic,HTD,Diseases of heart,ICD-10,912.0,,,02/17/2026,02/17/2026
1548,2024,09,Occurrence,Race-Ethnicity,Multi-Race,HTD,Diseases of heart,ICD-10,39.0,,,02/17/2026,02/17/2026
1549,2024,09,Occurrence,Race-Ethnicity,White,HTD,Diseases of heart,ICD-10,2771.0,,,02/17/2026,02/17/2026
1550,2024,09,Occurrence,Race-Ethnicity,Other/Unknown,HTD,Diseases of heart,ICD-10,40.0,,,02/17/2026,02/17/2026
1551,2024,09,Occurrence,Total Population,Total Population,HYP,Essential hypertension and hypertensive renal disease,ICD-10,471.0,,,02/17/2026,02/17/2026
1552,2024,09,Occurrence,Gender,Female,HYP,Essential hypertension and hypertensive renal disease,ICD-10,241.0,,,02/17/2026,02/17/2026
1553,2024,09,Occurrence,Gender,Male,HYP,Essential hypertension and hypertensive renal disease,ICD-10,230.0,,,02/17/2026,02/17/2026
1554,2024,09,Occurrence,Race-Ethnicity,American Indian/Alaska Native,HYP,Essential hypertension and hypertensive renal disease,ICD-10,,1,Cell suppressed for small numbers,02/17/2026,02/17/2026
1555,2024,09,Occurrence,Race-Ethnicity,Asian,HYP,Essential hypertension and hypertensive renal disease,ICD-10,57.0,,,02/17/2026,02/17/2026
1556,2024,09,Occurrence,Race-Ethnicity,Black,HYP,Essential hypertension and hypertensive renal disease,ICD-10,54.0,,,02/17/2026,02/17/2026
1557,2024,09,Occurrence,Race-Ethnicity,Hawaiian/Pacific Islander,HYP,Essential hypertension and hypertensive renal disease,ICD-10,,1,Cell suppressed for small numbers,02/17/2026,02/17/2026
1558,2024,09,Occurrence,Race-Ethnicity,Hispanic,HYP,Essential hypertension and hypertensive renal disease,ICD-10,96.0,,,02/17/2026,02/17/2026
1559,2024,09,Occurrence,Race-Ethnicity,Multi-Race,HYP,Essential hypertension and hypertensive renal disease,ICD-10,,1,Cell suppressed for small numbers,02/17/2026,02/17/2026
1560,2024,09,Occurrence,Race-Ethnicity,White,HYP,Essential hypertension and hypertensive renal disease,ICD-10,254.0,,,02/17/2026,02/17/2026
1561,2024,09,Occurrence,Race-Ethnicity,Other/Unknown,HYP,Essential hypertension and hypertensive renal disease,ICD-10,,1,Cell suppressed for small numbers,02/17/2026,02/17/2026
1562,2024,09,Occurrence,Total Population,Total Population,INJ,Accidents (unintentional injuries),ICD-10,1536.0,,,02/17/2026,02/17/2026
1563,2024,09,Occurrence,Gender,Female,INJ,Accidents (unintentional injuries),ICD-10,427.0,,,02/17/2026,02/17/2026
1564,2024,09,Occurrence,Gender,Male,INJ,Accidents (unintentional injuries),ICD-10,1108.0,,,02/17/2026,02/17/2026
1565,2024,09,Occurrence,Race-Ethnicity,American Indian/Alaska Native,INJ,Accidents (unintentional injuries),ICD-10,,1,Cell suppressed for small numbers,02/17/2026,02/17/2026
1566,2024,09,Occurrence,Race-Ethnicity,Asian,INJ,Accidents (unintentional injuries),ICD-10,105.0,,,02/17/2026,02/17/2026
1567,2024,09,Occurrence,Race-Ethnicity,Black,INJ,Accidents (unintentional injuries),ICD-10,162.0,,,02/17/2026,02/17/2026
1568,2024,09,Occurrence,Race-Ethnicity,Hawaiian/Pacific Islander,INJ,Accidents (unintentional injuries),ICD-10,,1,Cell suppressed for small numbers,02/17/2026,02/17/2026
1569,2024,09,Occurrence,Race-Ethnicity,Hispanic,INJ,Accidents (unintentional injuries),ICD-10,552.0,,,02/17/2026,02/17/2026
1570,2024,09,Occurrence,Race-Ethnicity,Multi-Race,INJ,Accidents (unintentional injuries),ICD-10,37.0,,,02/17/2026,02/17/2026
1571,2024,09,Occurrence,Race-Ethnicity,White,INJ,Accidents (unintentional injuries),ICD-10,638.0,,,02/17/2026,02/17/2026
1572,2024,09,Occurrence,Race-Ethnicity,Other/Unknown,INJ,Accidents (unintentional injuries),ICD-10,26.0,,,02/17/2026,02/17/2026
1573,2024,09,Occurrence,Total Population,Total Population,LIV,Chronic liver disease and cirrhosis,ICD-10,503.0,,,02/17/2026,02/17/2026
1574,2024,09,Occurrence,Gender,Female,LIV,Chronic liver disease and cirrhosis,ICD-10,198.0,,,02/17/2026,02/17/2026
1575,2024,09,Occurrence,Gender,Male,LIV,Chronic liver disease and cirrhosis,ICD-10,305.0,,,02/17/2026,02/17/2026
1576,2024,09,Occurrence,Race-Ethnicity,American Indian/Alaska Native,LIV,Chronic liver disease and cirrhosis,ICD-10,,1,Cell suppressed for small numbers,02/17/2026,02/17/2026
1577,2024,09,Occurrence,Race-Ethnicity,Asian,LIV,Chronic liver disease and cirrhosis,ICD-10,30.0,,,02/17/2026,02/17/2026
1578,2024,09,Occurrence,Race-Ethnicity,Black,LIV,Chronic liver disease and cirrhosis,ICD-10,21.0,,,02/17/2026,02/17/2026
1579,2024,09,Occurrence,Race-Ethnicity,Hawaiian/Pacific Islander,LIV,Chronic liver disease and cirrhosis,ICD-10,,1,Cell suppressed for small numbers,02/17/2026,02/17/2026
1580,2024,09,Occurrence,Race-Ethnicity,Hispanic,LIV,Chronic liver disease and cirrhosis,ICD-10,243.0,,,02/17/2026,02/17/2026
1581,2024,09,Occurrence,Race-Ethnicity,Multi-Race,LIV,Chronic liver disease and cirrhosis,ICD-10,,1,Cell suppressed for small numbers,02/17/2026,02/17/2026
1582,2024,09,Occurrence,Race-Ethnicity,White,LIV,Chronic liver disease and cirrhosis,ICD-10,192.0,,,02/17/2026,02/17/2026
1583,2024,09,Occurrence,Race-Ethnicity,Other/Unknown,LIV,Chronic liver disease and cirrhosis,ICD-10,,1,Cell suppressed for small numbers,02/17/2026,02/17/2026
1584,2024,09,Occurrence,Total Population,Total Population,NEP,"Nephritis, nephrotic syndrome and nephrosis",ICD-10,369.0,,,02/17/2026,02/17/2026
1585,2024,09,Occurrence,Gender,Female,NEP,"Nephritis, nephrotic syndrome and nephrosis",ICD-10,160.0,,,02/17/2026,02/17/2026
1586,2024,09,Occurrence,Gender,Male,NEP,"Nephritis, nephrotic syndrome and nephrosis",ICD-10,209.0,,,02/17/2026,02/17/2026
1587,2024,09,Occurrence,Race-Ethnicity,American Indian/Alaska Native,NEP,"Nephritis, nephrotic syndrome and nephrosis",ICD-10,,1,Cell suppressed for small numbers,02/17/2026,02/17/2026
1588,2024,09,Occurrence,Race-Ethnicity,Asian,NEP,"Nephritis, nephrotic syndrome and nephrosis",ICD-10,55.0,,,02/17/2026,02/17/2026
1589,2024,09,Occurrence,Race-Ethnicity,Black,NEP,"Nephritis, nephrotic syndrome and nephrosis",ICD-10,49.0,,,02/17/2026,02/17/2026
1590,2024,09,Occurrence,Race-Ethnicity,Hawaiian/Pacific Islander,NEP,"Nephritis, nephrotic syndrome and nephrosis",ICD-10,,1,Cell suppressed for small numbers,02/17/2026,02/17/2026
1591,2024,09,Occurrence,Race-Ethnicity,Hispanic,NEP,"Nephritis, nephrotic syndrome and nephrosis",ICD-10,105.0,,,02/17/2026,02/17/2026
1592,2024,09,Occurrence,Race-Ethnicity,Multi-Race,NEP,"Nephritis, nephrotic syndrome and nephrosis",ICD-10,,1,Cell suppressed for small numbers,02/17/2026,02/17/2026
1593,2024,09,Occurrence,Race-Ethnicity,White,NEP,"Nephritis, nephrotic syndrome and nephrosis",ICD-10,150.0,,,02/17/2026,02/17/2026
1594,2024,09,Occurrence,Race-Ethnicity,Other/Unknown,NEP,"Nephritis, nephrotic syndrome and nephrosis",ICD-10,0.0,,,02/17/2026,02/17/2026
1595,2024,09,Occurrence,Total Population,Total Population,PAR,Parkinson's disease,ICD-10,332.0,,,02/17/2026,02/17/2026
1596,2024,09,Occurrence,Gender,Female,PAR,Parkinson's disease,ICD-10,148.0,,,02/17/2026,02/17/2026
1597,2024,09,Occurrence,Gender,Male,PAR,Parkinson's disease,ICD-10,184.0,,,02/17/2026,02/17/2026
1598,2024,09,Occurrence,Race-Ethnicity,American Indian/Alaska Native,PAR,Parkinson's disease,ICD-10,,1,Cell suppressed for small numbers,02/17/2026,02/17/2026
1599,2024,09,Occurrence,Race-Ethnicity,Asian,PAR,Parkinson's disease,ICD-10,53.0,,,02/17/2026,02/17/2026
1600,2024,09,Occurrence,Race-Ethnicity,Black,PAR,Parkinson's disease,ICD-10,15.0,,,02/17/2026,02/17/2026
1601,2024,09,Occurrence,Race-Ethnicity,Hawaiian/Pacific Islander,PAR,Parkinson's disease,ICD-10,0.0,,,02/17/2026,02/17/2026
1602,2024,09,Occurrence,Race-Ethnicity,Hispanic,PAR,Parkinson's disease,ICD-10,46.0,,,02/17/2026,02/17/2026
1603,2024,09,Occurrence,Race-Ethnicity,Multi-Race,PAR,Parkinson's disease,ICD-10,,1,Cell suppressed for small numbers,02/17/2026,02/17/2026
1604,2024,09,Occurrence,Race-Ethnicity,White,PAR,Parkinson's disease,ICD-10,212.0,,,02/17/2026,02/17/2026
1605,2024,09,Occurrence,Race-Ethnicity,Other/Unknown,PAR,Parkinson's disease,ICD-10,,1,Cell suppressed for small numbers,02/17/2026,02/17/2026
1606,2024,09,Occurrence,Total Population,Total Population,PNF,Influenza and pneumonia,ICD-10,319.0,,,02/17/2026,02/17/2026
1607,2024,09,Occurrence,Gender,Female,PNF,Influenza and pneumonia,ICD-10,147.0,,,02/17/2026,02/17/2026
1608,2024,09,Occurrence,Gender,Male,PNF,Influenza and pneumonia,ICD-10,172.0,,,02/17/2026,02/17/2026
1609,2024,09,Occurrence,Race-Ethnicity,American Indian/Alaska Native,PNF,Influenza and pneumonia,ICD-10,,1,Cell suppressed for small numbers,02/17/2026,02/17/2026
1610,2024,09,Occurrence,Race-Ethnicity,Asian,PNF,Influenza and pneumonia,ICD-10,38.0,,,02/17/2026,02/17/2026
1611,2024,09,Occurrence,Race-Ethnicity,Black,PNF,Influenza and pneumonia,ICD-10,26.0,,,02/17/2026,02/17/2026
1612,2024,09,Occurrence,Race-Ethnicity,Hawaiian/Pacific Islander,PNF,Influenza and pneumonia,ICD-10,0.0,,,02/17/2026,02/17/2026
1613,2024,09,Occurrence,Race-Ethnicity,Hispanic,PNF,Influenza and pneumonia,ICD-10,76.0,,,02/17/2026,02/17/2026
1614,2024,09,Occurrence,Race-Ethnicity,Multi-Race,PNF,Influenza and pneumonia,ICD-10,,1,Cell suppressed for small numbers,02/17/2026,02/17/2026
1615,2024,09,Occurrence,Race-Ethnicity,White,PNF,Influenza and pneumonia,ICD-10,168.0,,,02/17/2026,02/17/2026
1616,2024,09,Occurrence,Race-Ethnicity,Other/Unknown,PNF,Influenza and pneumonia,ICD-10,,1,Cell suppressed for small numbers,02/17/2026,02/17/2026
1617,2024,09,Occurrence,Total Population,Total Population,STK,Cerebrovascular diseases,ICD-10,1422.0,,,02/17/2026,02/17/2026
1618,2024,09,Occurrence,Gender,Female,STK,Cerebrovascular diseases,ICD-10,773.0,,,02/17/2026,02/17/2026
1619,2024,09,Occurrence,Gender,Male,STK,Cerebrovascular diseases,ICD-10,649.0,,,02/17/2026,02/17/2026
1620,2024,09,Occurrence,Race-Ethnicity,American Indian/Alaska Native,STK,Cerebrovascular diseases,ICD-10,,1,Cell suppressed for small numbers,02/17/2026,02/17/2026
1621,2024,09,Occurrence,Race-Ethnicity,Asian,STK,Cerebrovascular diseases,ICD-10,206.0,,,02/17/2026,02/17/2026
1622,2024,09,Occurrence,Race-Ethnicity,Black,STK,Cerebrovascular diseases,ICD-10,98.0,,,02/17/2026,02/17/2026
1623,2024,09,Occurrence,Race-Ethnicity,Hawaiian/Pacific Islander,STK,Cerebrovascular diseases,ICD-10,,1,Cell suppressed for small numbers,02/17/2026,02/17/2026
1624,2024,09,Occurrence,Race-Ethnicity,Hispanic,STK,Cerebrovascular diseases,ICD-10,314.0,,,02/17/2026,02/17/2026
1625,2024,09,Occurrence,Race-Ethnicity,Multi-Race,STK,Cerebrovascular diseases,ICD-10,12.0,,,02/17/2026,02/17/2026
1626,2024,09,Occurrence,Race-Ethnicity,White,STK,Cerebrovascular diseases,ICD-10,772.0,,,02/17/2026,02/17/2026
1627,2024,09,Occurrence,Race-Ethnicity,Other/Unknown,STK,Cerebrovascular diseases,ICD-10,,1,Cell suppressed for small numbers,02/17/2026,02/17/2026
1628,2024,09,Occurrence,Total Population,Total Population,SUI,Intentional self-harm (suicide),ICD-10,349.0,,,02/17/2026,02/17/2026
1629,2024,09,Occurrence,Gender,Female,SUI,Intentional self-harm (suicide),ICD-10,81.0,,,02/17/2026,02/17/2026
1630,2024,09,Occurrence,Gender,Male,SUI,Intentional self-harm (suicide),ICD-10,268.0,,,02/17/2026,02/17/2026
1631,2024,09,Occurrence,Race-Ethnicity,American Indian/Alaska Native,SUI,Intentional self-harm (suicide),ICD-10,,1,Cell suppressed for small numbers,02/17/2026,02/17/2026
1632,2024,09,Occurrence,Race-Ethnicity,Asian,SUI,Intentional self-harm (suicide),ICD-10,33.0,,,02/17/2026,02/17/2026
1633,2024,09,Occurrence,Race-Ethnicity,Black,SUI,Intentional self-harm (suicide),ICD-10,25.0,,,02/17/2026,02/17/2026
1634,2024,09,Occurrence,Race-Ethnicity,Hawaiian/Pacific Islander,SUI,Intentional self-harm (suicide),ICD-10,,1,Cell suppressed for small numbers,02/17/2026,02/17/2026
1635,2024,09,Occurrence,Race-Ethnicity,Hispanic,SUI,Intentional self-harm (suicide),ICD-10,79.0,,,02/17/2026,02/17/2026
1636,2024,09,Occurrence,Race-Ethnicity,Multi-Race,SUI,Intentional self-harm (suicide),ICD-10,15.0,,,02/17/2026,02/17/2026
1637,2024,09,Occurrence,Race-Ethnicity,White,SUI,Intentional self-harm (suicide),ICD-10,192.0,,,02/17/2026,02/17/2026
1638,2024,09,Occurrence,Race-Ethnicity,Other/Unknown,SUI,Intentional self-harm (suicide),ICD-10,0.0,,,02/17/2026,02/17/2026
1639,2024,10,Occurrence,Total Population,Total Population,ALL,All causes (total),ICD-10,23373.0,,,02/17/2026,02/17/2026
1640,2024,10,Occurrence,Age,Under 1 year,ALL,All causes (total),ICD-10,157.0,,,02/17/2026,02/17/2026
1641,2024,10,Occurrence,Age,1-4 years,ALL,All causes (total),ICD-10,24.0,,,02/17/2026,02/17/2026
1642,2024,10,Occurrence,Age,5-14 years,ALL,All causes (total),ICD-10,40.0,,,02/17/2026,02/17/2026
1643,2024,10,Occurrence,Age,15-24 years,ALL,All causes (total),ICD-10,223.0,,,02/17/2026,02/17/2026
1644,2024,10,Occurrence,Age,25-34 years,ALL,All causes (total),ICD-10,542.0,,,02/17/2026,02/17/2026
1645,2024,10,Occurrence,Age,35-44 years,ALL,All causes (total),ICD-10,796.0,,,02/17/2026,02/17/2026
1646,2024,10,Occurrence,Age,45-54 years,ALL,All causes (total),ICD-10,1218.0,,,02/17/2026,02/17/2026
1647,2024,10,Occurrence,Age,55-64 years,ALL,All causes (total),ICD-10,2664.0,,,02/17/2026,02/17/2026
1648,2024,10,Occurrence,Age,65-74 years,ALL,All causes (total),ICD-10,4511.0,,,02/17/2026,02/17/2026
1649,2024,10,Occurrence,Age,75-84 years,ALL,All causes (total),ICD-10,5962.0,,,02/17/2026,02/17/2026
1650,2024,10,Occurrence,Age,85 years and over,ALL,All causes (total),ICD-10,7231.0,,,02/17/2026,02/17/2026
1651,2024,10,Occurrence,Gender,Female,ALL,All causes (total),ICD-10,10989.0,,,02/17/2026,02/17/2026
1652,2024,10,Occurrence,Gender,Male,ALL,All causes (total),ICD-10,12381.0,,,02/17/2026,02/17/2026
1653,2024,10,Occurrence,Place Type,Inpatient,ALL,All causes (total),ICD-10,7243.0,,,02/17/2026,02/17/2026
1654,2024,10,Occurrence,Place Type,Emergency Room/Outpatient,ALL,All causes (total),ICD-10,1321.0,,,02/17/2026,02/17/2026
1655,2024,10,Occurrence,Place Type,Decedent's Home,ALL,All causes (total),ICD-10,9004.0,,,02/17/2026,02/17/2026
1656,2024,10,Occurrence,Place Type,Hospice Facility,ALL,All causes (total),ICD-10,287.0,,,02/17/2026,02/17/2026
1657,2024,10,Occurrence,Place Type,Nursing Home/Long Term Care Facility,ALL,All causes (total),ICD-10,3106.0,,,02/17/2026,02/17/2026
1658,2024,10,Occurrence,Place Type,Other/Unknown,ALL,All causes (total),ICD-10,2412.0,,,02/17/2026,02/17/2026
1659,2024,10,Occurrence,Race-Ethnicity,American Indian/Alaska Native,ALL,All causes (total),ICD-10,99.0,,,02/17/2026,02/17/2026
1660,2024,10,Occurrence,Race-Ethnicity,Asian,ALL,All causes (total),ICD-10,2641.0,,,02/17/2026,02/17/2026
1661,2024,10,Occurrence,Race-Ethnicity,Black,ALL,All causes (total),ICD-10,1886.0,,,02/17/2026,02/17/2026
1662,2024,10,Occurrence,Race-Ethnicity,Hawaiian/Pacific Islander,ALL,All causes (total),ICD-10,99.0,,,02/17/2026,02/17/2026
1663,2024,10,Occurrence,Race-Ethnicity,Hispanic,ALL,All causes (total),ICD-10,5320.0,,,02/17/2026,02/17/2026
1664,2024,10,Occurrence,Race-Ethnicity,Multi-Race,ALL,All causes (total),ICD-10,285.0,,,02/17/2026,02/17/2026
1665,2024,10,Occurrence,Race-Ethnicity,White,ALL,All causes (total),ICD-10,12823.0,,,02/17/2026,02/17/2026
1666,2024,10,Occurrence,Race-Ethnicity,Other/Unknown,ALL,All causes (total),ICD-10,220.0,,,02/17/2026,02/17/2026
1667,2024,10,Occurrence,Total Population,Total Population,ALZ,Alzheimer's disease,ICD-10,1296.0,,,02/17/2026,02/17/2026
1668,2024,10,Occurrence,Gender,Female,ALZ,Alzheimer's disease,ICD-10,844.0,,,02/17/2026,02/17/2026
1669,2024,10,Occurrence,Gender,Male,ALZ,Alzheimer's disease,ICD-10,452.0,,,02/17/2026,02/17/2026
1670,2024,10,Occurrence,Race-Ethnicity,American Indian/Alaska Native,ALZ,Alzheimer's disease,ICD-10,,1,Cell suppressed for small numbers,02/17/2026,02/17/2026
1671,2024,10,Occurrence,Race-Ethnicity,Asian,ALZ,Alzheimer's disease,ICD-10,159.0,,,02/17/2026,02/17/2026
1672,2024,10,Occurrence,Race-Ethnicity,Black,ALZ,Alzheimer's disease,ICD-10,71.0,,,02/17/2026,02/17/2026
1673,2024,10,Occurrence,Race-Ethnicity,Hawaiian/Pacific Islander,ALZ,Alzheimer's disease,ICD-10,,1,Cell suppressed for small numbers,02/17/2026,02/17/2026
1674,2024,10,Occurrence,Race-Ethnicity,Hispanic,ALZ,Alzheimer's disease,ICD-10,239.0,,,02/17/2026,02/17/2026
1675,2024,10,Occurrence,Race-Ethnicity,Multi-Race,ALZ,Alzheimer's disease,ICD-10,,1,Cell suppressed for small numbers,02/17/2026,02/17/2026
1676,2024,10,Occurrence,Race-Ethnicity,White,ALZ,Alzheimer's disease,ICD-10,809.0,,,02/17/2026,02/17/2026
1677,2024,10,Occurrence,Race-Ethnicity,Other/Unknown,ALZ,Alzheimer's disease,ICD-10,,1,Cell suppressed for small numbers,02/17/2026,02/17/2026
1678,2024,10,Occurrence,Total Population,Total Population,CAN,Malignant neoplasms,ICD-10,5204.0,,,02/17/2026,02/17/2026
1679,2024,10,Occurrence,Gender,Female,CAN,Malignant neoplasms,ICD-10,2521.0,,,02/17/2026,02/17/2026
1680,2024,10,Occurrence,Gender,Male,CAN,Malignant neoplasms,ICD-10,2682.0,,,02/17/2026,02/17/2026
1681,2024,10,Occurrence,Race-Ethnicity,American Indian/Alaska Native,CAN,Malignant neoplasms,ICD-10,20.0,,,02/17/2026,02/17/2026
1682,2024,10,Occurrence,Race-Ethnicity,Asian,CAN,Malignant neoplasms,ICD-10,636.0,,,02/17/2026,02/17/2026
1683,2024,10,Occurrence,Race-Ethnicity,Black,CAN,Malignant neoplasms,ICD-10,379.0,,,02/17/2026,02/17/2026
1684,2024,10,Occurrence,Race-Ethnicity,Hawaiian/Pacific Islander,CAN,Malignant neoplasms,ICD-10,23.0,,,02/17/2026,02/17/2026
1685,2024,10,Occurrence,Race-Ethnicity,Hispanic,CAN,Malignant neoplasms,ICD-10,1145.0,,,02/17/2026,02/17/2026
1686,2024,10,Occurrence,Race-Ethnicity,Multi-Race,CAN,Malignant neoplasms,ICD-10,58.0,,,02/17/2026,02/17/2026
1687,2024,10,Occurrence,Race-Ethnicity,White,CAN,Malignant neoplasms,ICD-10,2901.0,,,02/17/2026,02/17/2026
1688,2024,10,Occurrence,Race-Ethnicity,Other/Unknown,CAN,Malignant neoplasms,ICD-10,42.0,,,02/17/2026,02/17/2026
1689,2024,10,Occurrence,Total Population,Total Population,CLD,Chronic lower respiratory diseases,ICD-10,898.0,,,02/17/2026,02/17/2026
1690,2024,10,Occurrence,Gender,Female,CLD,Chronic lower respiratory diseases,ICD-10,468.0,,,02/17/2026,02/17/2026
1691,2024,10,Occurrence,Gender,Male,CLD,Chronic lower respiratory diseases,ICD-10,430.0,,,02/17/2026,02/17/2026
1692,2024,10,Occurrence,Race-Ethnicity,American Indian/Alaska Native,CLD,Chronic lower respiratory diseases,ICD-10,,1,Cell suppressed for small numbers,02/17/2026,02/17/2026
1693,2024,10,Occurrence,Race-Ethnicity,Asian,CLD,Chronic lower respiratory diseases,ICD-10,64.0,,,02/17/2026,02/17/2026
1694,2024,10,Occurrence,Race-Ethnicity,Black,CLD,Chronic lower respiratory diseases,ICD-10,61.0,,,02/17/2026,02/17/2026
1695,2024,10,Occurrence,Race-Ethnicity,Hawaiian/Pacific Islander,CLD,Chronic lower respiratory diseases,ICD-10,0.0,,,02/17/2026,02/17/2026
1696,2024,10,Occurrence,Race-Ethnicity,Hispanic,CLD,Chronic lower respiratory diseases,ICD-10,104.0,,,02/17/2026,02/17/2026
1697,2024,10,Occurrence,Race-Ethnicity,Multi-Race,CLD,Chronic lower respiratory diseases,ICD-10,14.0,,,02/17/2026,02/17/2026
1698,2024,10,Occurrence,Race-Ethnicity,White,CLD,Chronic lower respiratory diseases,ICD-10,644.0,,,02/17/2026,02/17/2026
1699,2024,10,Occurrence,Race-Ethnicity,Other/Unknown,CLD,Chronic lower respiratory diseases,ICD-10,,1,Cell suppressed for small numbers,02/17/2026,02/17/2026
1700,2024,10,Occurrence,Total Population,Total Population,DIA,Diabetes mellitus,ICD-10,898.0,,,02/17/2026,02/17/2026
1701,2024,10,Occurrence,Gender,Female,DIA,Diabetes mellitus,ICD-10,374.0,,,02/17/2026,02/17/2026
1702,2024,10,Occurrence,Gender,Male,DIA,Diabetes mellitus,ICD-10,524.0,,,02/17/2026,02/17/2026
1703,2024,10,Occurrence,Race-Ethnicity,American Indian/Alaska Native,DIA,Diabetes mellitus,ICD-10,,1,Cell suppressed for small numbers,02/17/2026,02/17/2026
1704,2024,10,Occurrence,Race-Ethnicity,Asian,DIA,Diabetes mellitus,ICD-10,132.0,,,02/17/2026,02/17/2026
1705,2024,10,Occurrence,Race-Ethnicity,Black,DIA,Diabetes mellitus,ICD-10,90.0,,,02/17/2026,02/17/2026
1706,2024,10,Occurrence,Race-Ethnicity,Hawaiian/Pacific Islander,DIA,Diabetes mellitus,ICD-10,,1,Cell suppressed for small numbers,02/17/2026,02/17/2026
1707,2024,10,Occurrence,Race-Ethnicity,Hispanic,DIA,Diabetes mellitus,ICD-10,313.0,,,02/17/2026,02/17/2026
1708,2024,10,Occurrence,Race-Ethnicity,Multi-Race,DIA,Diabetes mellitus,ICD-10,,1,Cell suppressed for small numbers,02/17/2026,02/17/2026
1709,2024,10,Occurrence,Race-Ethnicity,White,DIA,Diabetes mellitus,ICD-10,331.0,,,02/17/2026,02/17/2026
1710,2024,10,Occurrence,Race-Ethnicity,Other/Unknown,DIA,Diabetes mellitus,ICD-10,12.0,,,02/17/2026,02/17/2026
1711,2024,10,Occurrence,Total Population,Total Population,HOM,Assault (homicide),ICD-10,155.0,,,02/17/2026,02/17/2026
1712,2024,10,Occurrence,Gender,Female,HOM,Assault (homicide),ICD-10,27.0,,,02/17/2026,02/17/2026
1713,2024,10,Occurrence,Gender,Male,HOM,Assault (homicide),ICD-10,128.0,,,02/17/2026,02/17/2026
1714,2024,10,Occurrence,Race-Ethnicity,American Indian/Alaska Native,HOM,Assault (homicide),ICD-10,,1,Cell suppressed for small numbers,02/17/2026,02/17/2026
1715,2024,10,Occurrence,Race-Ethnicity,Asian,HOM,Assault (homicide),ICD-10,,1,Cell suppressed for small numbers,02/17/2026,02/17/2026
1716,2024,10,Occurrence,Race-Ethnicity,Black,HOM,Assault (homicide),ICD-10,38.0,,,02/17/2026,02/17/2026
1717,2024,10,Occurrence,Race-Ethnicity,Hawaiian/Pacific Islander,HOM,Assault (homicide),ICD-10,0.0,,,02/17/2026,02/17/2026
1718,2024,10,Occurrence,Race-Ethnicity,Hispanic,HOM,Assault (homicide),ICD-10,66.0,,,02/17/2026,02/17/2026
1719,2024,10,Occurrence,Race-Ethnicity,Multi-Race,HOM,Assault (homicide),ICD-10,,1,Cell suppressed for small numbers,02/17/2026,02/17/2026
1720,2024,10,Occurrence,Race-Ethnicity,White,HOM,Assault (homicide),ICD-10,37.0,,,02/17/2026,02/17/2026
1721,2024,10,Occurrence,Race-Ethnicity,Other/Unknown,HOM,Assault (homicide),ICD-10,,1,Cell suppressed for small numbers,02/17/2026,02/17/2026
1722,2024,10,Occurrence,Total Population,Total Population,HTD,Diseases of heart,ICD-10,4971.0,,,02/17/2026,02/17/2026
1723,2024,10,Occurrence,Gender,Female,HTD,Diseases of heart,ICD-10,2201.0,,,02/17/2026,02/17/2026
1724,2024,10,Occurrence,Gender,Male,HTD,Diseases of heart,ICD-10,2770.0,,,02/17/2026,02/17/2026
1725,2024,10,Occurrence,Race-Ethnicity,American Indian/Alaska Native,HTD,Diseases of heart,ICD-10,17.0,,,02/17/2026,02/17/2026
1726,2024,10,Occurrence,Race-Ethnicity,Asian,HTD,Diseases of heart,ICD-10,516.0,,,02/17/2026,02/17/2026
1727,2024,10,Occurrence,Race-Ethnicity,Black,HTD,Diseases of heart,ICD-10,454.0,,,02/17/2026,02/17/2026
1728,2024,10,Occurrence,Race-Ethnicity,Hawaiian/Pacific Islander,HTD,Diseases of heart,ICD-10,22.0,,,02/17/2026,02/17/2026
1729,2024,10,Occurrence,Race-Ethnicity,Hispanic,HTD,Diseases of heart,ICD-10,954.0,,,02/17/2026,02/17/2026
1730,2024,10,Occurrence,Race-Ethnicity,Multi-Race,HTD,Diseases of heart,ICD-10,63.0,,,02/17/2026,02/17/2026
1731,2024,10,Occurrence,Race-Ethnicity,White,HTD,Diseases of heart,ICD-10,2899.0,,,02/17/2026,02/17/2026
1732,2024,10,Occurrence,Race-Ethnicity,Other/Unknown,HTD,Diseases of heart,ICD-10,46.0,,,02/17/2026,02/17/2026
1733,2024,10,Occurrence,Total Population,Total Population,HYP,Essential hypertension and hypertensive renal disease,ICD-10,496.0,,,02/17/2026,02/17/2026
1734,2024,10,Occurrence,Gender,Female,HYP,Essential hypertension and hypertensive renal disease,ICD-10,270.0,,,02/17/2026,02/17/2026
1735,2024,10,Occurrence,Gender,Male,HYP,Essential hypertension and hypertensive renal disease,ICD-10,226.0,,,02/17/2026,02/17/2026
1736,2024,10,Occurrence,Race-Ethnicity,American Indian/Alaska Native,HYP,Essential hypertension and hypertensive renal disease,ICD-10,,1,Cell suppressed for small numbers,02/17/2026,02/17/2026
1737,2024,10,Occurrence,Race-Ethnicity,Asian,HYP,Essential hypertension and hypertensive renal disease,ICD-10,75.0,,,02/17/2026,02/17/2026
1738,2024,10,Occurrence,Race-Ethnicity,Black,HYP,Essential hypertension and hypertensive renal disease,ICD-10,62.0,,,02/17/2026,02/17/2026
1739,2024,10,Occurrence,Race-Ethnicity,Hawaiian/Pacific Islander,HYP,Essential hypertension and hypertensive renal disease,ICD-10,,1,Cell suppressed for small numbers,02/17/2026,02/17/2026
1740,2024,10,Occurrence,Race-Ethnicity,Hispanic,HYP,Essential hypertension and hypertensive renal disease,ICD-10,89.0,,,02/17/2026,02/17/2026
1741,2024,10,Occurrence,Race-Ethnicity,Multi-Race,HYP,Essential hypertension and hypertensive renal disease,ICD-10,,1,Cell suppressed for small numbers,02/17/2026,02/17/2026
1742,2024,10,Occurrence,Race-Ethnicity,White,HYP,Essential hypertension and hypertensive renal disease,ICD-10,255.0,,,02/17/2026,02/17/2026
1743,2024,10,Occurrence,Race-Ethnicity,Other/Unknown,HYP,Essential hypertension and hypertensive renal disease,ICD-10,,1,Cell suppressed for small numbers,02/17/2026,02/17/2026
1744,2024,10,Occurrence,Total Population,Total Population,INJ,Accidents (unintentional injuries),ICD-10,1526.0,,,02/17/2026,02/17/2026
1745,2024,10,Occurrence,Gender,Female,INJ,Accidents (unintentional injuries),ICD-10,442.0,,,02/17/2026,02/17/2026
1746,2024,10,Occurrence,Gender,Male,INJ,Accidents (unintentional injuries),ICD-10,1082.0,,,02/17/2026,02/17/2026
1747,2024,10,Occurrence,Race-Ethnicity,American Indian/Alaska Native,INJ,Accidents (unintentional injuries),ICD-10,,2,Cell suppressed for complementary cell,02/17/2026,02/17/2026
1748,2024,10,Occurrence,Race-Ethnicity,Asian,INJ,Accidents (unintentional injuries),ICD-10,118.0,,,02/17/2026,02/17/2026
1749,2024,10,Occurrence,Race-Ethnicity,Black,INJ,Accidents (unintentional injuries),ICD-10,152.0,,,02/17/2026,02/17/2026
1750,2024,10,Occurrence,Race-Ethnicity,Hawaiian/Pacific Islander,INJ,Accidents (unintentional injuries),ICD-10,,1,Cell suppressed for small numbers,02/17/2026,02/17/2026
1751,2024,10,Occurrence,Race-Ethnicity,Hispanic,INJ,Accidents (unintentional injuries),ICD-10,494.0,,,02/17/2026,02/17/2026
1752,2024,10,Occurrence,Race-Ethnicity,Multi-Race,INJ,Accidents (unintentional injuries),ICD-10,42.0,,,02/17/2026,02/17/2026
1753,2024,10,Occurrence,Race-Ethnicity,White,INJ,Accidents (unintentional injuries),ICD-10,672.0,,,02/17/2026,02/17/2026
1754,2024,10,Occurrence,Race-Ethnicity,Other/Unknown,INJ,Accidents (unintentional injuries),ICD-10,25.0,,,02/17/2026,02/17/2026
1755,2024,10,Occurrence,Total Population,Total Population,LIV,Chronic liver disease and cirrhosis,ICD-10,538.0,,,02/17/2026,02/17/2026
1756,2024,10,Occurrence,Gender,Female,LIV,Chronic liver disease and cirrhosis,ICD-10,208.0,,,02/17/2026,02/17/2026
1757,2024,10,Occurrence,Gender,Male,LIV,Chronic liver disease and cirrhosis,ICD-10,330.0,,,02/17/2026,02/17/2026
1758,2024,10,Occurrence,Race-Ethnicity,American Indian/Alaska Native,LIV,Chronic liver disease and cirrhosis,ICD-10,,1,Cell suppressed for small numbers,02/17/2026,02/17/2026
1759,2024,10,Occurrence,Race-Ethnicity,Asian,LIV,Chronic liver disease and cirrhosis,ICD-10,31.0,,,02/17/2026,02/17/2026
1760,2024,10,Occurrence,Race-Ethnicity,Black,LIV,Chronic liver disease and cirrhosis,ICD-10,17.0,,,02/17/2026,02/17/2026
1761,2024,10,Occurrence,Race-Ethnicity,Hawaiian/Pacific Islander,LIV,Chronic liver disease and cirrhosis,ICD-10,,1,Cell suppressed for small numbers,02/17/2026,02/17/2026
1762,2024,10,Occurrence,Race-Ethnicity,Hispanic,LIV,Chronic liver disease and cirrhosis,ICD-10,239.0,,,02/17/2026,02/17/2026
1763,2024,10,Occurrence,Race-Ethnicity,Multi-Race,LIV,Chronic liver disease and cirrhosis,ICD-10,,1,Cell suppressed for small numbers,02/17/2026,02/17/2026
1764,2024,10,Occurrence,Race-Ethnicity,White,LIV,Chronic liver disease and cirrhosis,ICD-10,236.0,,,02/17/2026,02/17/2026
1765,2024,10,Occurrence,Race-Ethnicity,Other/Unknown,LIV,Chronic liver disease and cirrhosis,ICD-10,,1,Cell suppressed for small numbers,02/17/2026,02/17/2026
1766,2024,10,Occurrence,Total Population,Total Population,NEP,"Nephritis, nephrotic syndrome and nephrosis",ICD-10,404.0,,,02/17/2026,02/17/2026
1767,2024,10,Occurrence,Gender,Female,NEP,"Nephritis, nephrotic syndrome and nephrosis",ICD-10,197.0,,,02/17/2026,02/17/2026
1768,2024,10,Occurrence,Gender,Male,NEP,"Nephritis, nephrotic syndrome and nephrosis",ICD-10,207.0,,,02/17/2026,02/17/2026
1769,2024,10,Occurrence,Race-Ethnicity,American Indian/Alaska Native,NEP,"Nephritis, nephrotic syndrome and nephrosis",ICD-10,,1,Cell suppressed for small numbers,02/17/2026,02/17/2026
1770,2024,10,Occurrence,Race-Ethnicity,Asian,NEP,"Nephritis, nephrotic syndrome and nephrosis",ICD-10,56.0,,,02/17/2026,02/17/2026
1771,2024,10,Occurrence,Race-Ethnicity,Black,NEP,"Nephritis, nephrotic syndrome and nephrosis",ICD-10,50.0,,,02/17/2026,02/17/2026
1772,2024,10,Occurrence,Race-Ethnicity,Hawaiian/Pacific Islander,NEP,"Nephritis, nephrotic syndrome and nephrosis",ICD-10,,1,Cell suppressed for small numbers,02/17/2026,02/17/2026
1773,2024,10,Occurrence,Race-Ethnicity,Hispanic,NEP,"Nephritis, nephrotic syndrome and nephrosis",ICD-10,125.0,,,02/17/2026,02/17/2026
1774,2024,10,Occurrence,Race-Ethnicity,Multi-Race,NEP,"Nephritis, nephrotic syndrome and nephrosis",ICD-10,,1,Cell suppressed for small numbers,02/17/2026,02/17/2026
1775,2024,10,Occurrence,Race-Ethnicity,White,NEP,"Nephritis, nephrotic syndrome and nephrosis",ICD-10,156.0,,,02/17/2026,02/17/2026
1776,2024,10,Occurrence,Race-Ethnicity,Other/Unknown,NEP,"Nephritis, nephrotic syndrome and nephrosis",ICD-10,,1,Cell suppressed for small numbers,02/17/2026,02/17/2026
1777,2024,10,Occurrence,Total Population,Total Population,PAR,Parkinson's disease,ICD-10,340.0,,,02/17/2026,02/17/2026
1778,2024,10,Occurrence,Gender,Female,PAR,Parkinson's disease,ICD-10,131.0,,,02/17/2026,02/17/2026
1779,2024,10,Occurrence,Gender,Male,PAR,Parkinson's disease,ICD-10,209.0,,,02/17/2026,02/17/2026
1780,2024,10,Occurrence,Race-Ethnicity,American Indian/Alaska Native,PAR,Parkinson's disease,ICD-10,0.0,,,02/17/2026,02/17/2026
1781,2024,10,Occurrence,Race-Ethnicity,Asian,PAR,Parkinson's disease,ICD-10,38.0,,,02/17/2026,02/17/2026
1782,2024,10,Occurrence,Race-Ethnicity,Black,PAR,Parkinson's disease,ICD-10,11.0,,,02/17/2026,02/17/2026
1783,2024,10,Occurrence,Race-Ethnicity,Hawaiian/Pacific Islander,PAR,Parkinson's disease,ICD-10,0.0,,,02/17/2026,02/17/2026
1784,2024,10,Occurrence,Race-Ethnicity,Hispanic,PAR,Parkinson's disease,ICD-10,48.0,,,02/17/2026,02/17/2026
1785,2024,10,Occurrence,Race-Ethnicity,Multi-Race,PAR,Parkinson's disease,ICD-10,,1,Cell suppressed for small numbers,02/17/2026,02/17/2026
1786,2024,10,Occurrence,Race-Ethnicity,White,PAR,Parkinson's disease,ICD-10,238.0,,,02/17/2026,02/17/2026
1787,2024,10,Occurrence,Race-Ethnicity,Other/Unknown,PAR,Parkinson's disease,ICD-10,,1,Cell suppressed for small numbers,02/17/2026,02/17/2026
1788,2024,10,Occurrence,Total Population,Total Population,PNF,Influenza and pneumonia,ICD-10,360.0,,,02/17/2026,02/17/2026
1789,2024,10,Occurrence,Gender,Female,PNF,Influenza and pneumonia,ICD-10,165.0,,,02/17/2026,02/17/2026
1790,2024,10,Occurrence,Gender,Male,PNF,Influenza and pneumonia,ICD-10,195.0,,,02/17/2026,02/17/2026
1791,2024,10,Occurrence,Race-Ethnicity,American Indian/Alaska Native,PNF,Influenza and pneumonia,ICD-10,,1,Cell suppressed for small numbers,02/17/2026,02/17/2026
1792,2024,10,Occurrence,Race-Ethnicity,Asian,PNF,Influenza and pneumonia,ICD-10,55.0,,,02/17/2026,02/17/2026
1793,2024,10,Occurrence,Race-Ethnicity,Black,PNF,Influenza and pneumonia,ICD-10,27.0,,,02/17/2026,02/17/2026
1794,2024,10,Occurrence,Race-Ethnicity,Hawaiian/Pacific Islander,PNF,Influenza and pneumonia,ICD-10,0.0,,,02/17/2026,02/17/2026
1795,2024,10,Occurrence,Race-Ethnicity,Hispanic,PNF,Influenza and pneumonia,ICD-10,90.0,,,02/17/2026,02/17/2026
1796,2024,10,Occurrence,Race-Ethnicity,Multi-Race,PNF,Influenza and pneumonia,ICD-10,,1,Cell suppressed for small numbers,02/17/2026,02/17/2026
1797,2024,10,Occurrence,Race-Ethnicity,White,PNF,Influenza and pneumonia,ICD-10,178.0,,,02/17/2026,02/17/2026
1798,2024,10,Occurrence,Race-Ethnicity,Other/Unknown,PNF,Influenza and pneumonia,ICD-10,,1,Cell suppressed for small numbers,02/17/2026,02/17/2026
1799,2024,10,Occurrence,Total Population,Total Population,STK,Cerebrovascular diseases,ICD-10,1409.0,,,02/17/2026,02/17/2026
1800,2024,10,Occurrence,Gender,Female,STK,Cerebrovascular diseases,ICD-10,785.0,,,02/17/2026,02/17/2026
1801,2024,10,Occurrence,Gender,Male,STK,Cerebrovascular diseases,ICD-10,624.0,,,02/17/2026,02/17/2026
1802,2024,10,Occurrence,Race-Ethnicity,American Indian/Alaska Native,STK,Cerebrovascular diseases,ICD-10,,1,Cell suppressed for small numbers,02/17/2026,02/17/2026
1803,2024,10,Occurrence,Race-Ethnicity,Asian,STK,Cerebrovascular diseases,ICD-10,241.0,,,02/17/2026,02/17/2026
1804,2024,10,Occurrence,Race-Ethnicity,Black,STK,Cerebrovascular diseases,ICD-10,120.0,,,02/17/2026,02/17/2026
1805,2024,10,Occurrence,Race-Ethnicity,Hawaiian/Pacific Islander,STK,Cerebrovascular diseases,ICD-10,,1,Cell suppressed for small numbers,02/17/2026,02/17/2026
1806,2024,10,Occurrence,Race-Ethnicity,Hispanic,STK,Cerebrovascular diseases,ICD-10,279.0,,,02/17/2026,02/17/2026
1807,2024,10,Occurrence,Race-Ethnicity,Multi-Race,STK,Cerebrovascular diseases,ICD-10,,1,Cell suppressed for small numbers,02/17/2026,02/17/2026
1808,2024,10,Occurrence,Race-Ethnicity,White,STK,Cerebrovascular diseases,ICD-10,747.0,,,02/17/2026,02/17/2026
1809,2024,10,Occurrence,Race-Ethnicity,Other/Unknown,STK,Cerebrovascular diseases,ICD-10,,1,Cell suppressed for small numbers,02/17/2026,02/17/2026
1810,2024,10,Occurrence,Total Population,Total Population,SUI,Intentional self-harm (suicide),ICD-10,338.0,,,02/17/2026,02/17/2026
1811,2024,10,Occurrence,Gender,Female,SUI,Intentional self-harm (suicide),ICD-10,67.0,,,02/17/2026,02/17/2026
1812,2024,10,Occurrence,Gender,Male,SUI,Intentional self-harm (suicide),ICD-10,271.0,,,02/17/2026,02/17/2026
1813,2024,10,Occurrence,Race-Ethnicity,American Indian/Alaska Native,SUI,Intentional self-harm (suicide),ICD-10,0.0,,,02/17/2026,02/17/2026
1814,2024,10,Occurrence,Race-Ethnicity,Asian,SUI,Intentional self-harm (suicide),ICD-10,39.0,,,02/17/2026,02/17/2026
1815,2024,10,Occurrence,Race-Ethnicity,Black,SUI,Intentional self-harm (suicide),ICD-10,22.0,,,02/17/2026,02/17/2026
1816,2024,10,Occurrence,Race-Ethnicity,Hawaiian/Pacific Islander,SUI,Intentional self-harm (suicide),ICD-10,0.0,,,02/17/2026,02/17/2026
1817,2024,10,Occurrence,Race-Ethnicity,Hispanic,SUI,Intentional self-harm (suicide),ICD-10,89.0,,,02/17/2026,02/17/2026
1818,2024,10,Occurrence,Race-Ethnicity,Multi-Race,SUI,Intentional self-harm (suicide),ICD-10,,2,Cell suppressed for complementary cell,02/17/2026,02/17/2026
1819,2024,10,Occurrence,Race-Ethnicity,White,SUI,Intentional self-harm (suicide),ICD-10,172.0,,,02/17/2026,02/17/2026
1820,2024,10,Occurrence,Race-Ethnicity,Other/Unknown,SUI,Intentional self-harm (suicide),ICD-10,,1,Cell suppressed for small numbers,02/17/2026,02/17/2026
1821,2024,11,Occurrence,Total Population,Total Population,ALL,All causes (total),ICD-10,24089.0,,,02/17/2026,02/17/2026
1822,2024,11,Occurrence,Age,Under 1 year,ALL,All causes (total),ICD-10,135.0,,,02/17/2026,02/17/2026
1823,2024,11,Occurrence,Age,1-4 years,ALL,All causes (total),ICD-10,28.0,,,02/17/2026,02/17/2026
1824,2024,11,Occurrence,Age,5-14 years,ALL,All causes (total),ICD-10,44.0,,,02/17/2026,02/17/2026
1825,2024,11,Occurrence,Age,15-24 years,ALL,All causes (total),ICD-10,232.0,,,02/17/2026,02/17/2026
1826,2024,11,Occurrence,Age,25-34 years,ALL,All causes (total),ICD-10,498.0,,,02/17/2026,02/17/2026
1827,2024,11,Occurrence,Age,35-44 years,ALL,All causes (total),ICD-10,785.0,,,02/17/2026,02/17/2026
1828,2024,11,Occurrence,Age,45-54 years,ALL,All causes (total),ICD-10,1229.0,,,02/17/2026,02/17/2026
1829,2024,11,Occurrence,Age,55-64 years,ALL,All causes (total),ICD-10,2627.0,,,02/17/2026,02/17/2026
1830,2024,11,Occurrence,Age,65-74 years,ALL,All causes (total),ICD-10,4654.0,,,02/17/2026,02/17/2026
1831,2024,11,Occurrence,Age,75-84 years,ALL,All causes (total),ICD-10,6360.0,,,02/17/2026,02/17/2026
1832,2024,11,Occurrence,Age,85 years and over,ALL,All causes (total),ICD-10,7491.0,,,02/17/2026,02/17/2026
1833,2024,11,Occurrence,Gender,Female,ALL,All causes (total),ICD-10,11271.0,,,02/17/2026,02/17/2026
1834,2024,11,Occurrence,Gender,Male,ALL,All causes (total),ICD-10,12814.0,,,02/17/2026,02/17/2026
1835,2024,11,Occurrence,Place Type,Inpatient,ALL,All causes (total),ICD-10,7477.0,,,02/17/2026,02/17/2026
1836,2024,11,Occurrence,Place Type,Emergency Room/Outpatient,ALL,All causes (total),ICD-10,1404.0,,,02/17/2026,02/17/2026
1837,2024,11,Occurrence,Place Type,Decedent's Home,ALL,All causes (total),ICD-10,9277.0,,,02/17/2026,02/17/2026
1838,2024,11,Occurrence,Place Type,Hospice Facility,ALL,All causes (total),ICD-10,303.0,,,02/17/2026,02/17/2026
1839,2024,11,Occurrence,Place Type,Nursing Home/Long Term Care Facility,ALL,All causes (total),ICD-10,3794.0,,,02/17/2026,02/17/2026
1840,2024,11,Occurrence,Place Type,Other/Unknown,ALL,All causes (total),ICD-10,1834.0,,,02/17/2026,02/17/2026
1841,2024,11,Occurrence,Race-Ethnicity,American Indian/Alaska Native,ALL,All causes (total),ICD-10,145.0,,,02/17/2026,02/17/2026
1842,2024,11,Occurrence,Race-Ethnicity,Asian,ALL,All causes (total),ICD-10,2667.0,,,02/17/2026,02/17/2026
1843,2024,11,Occurrence,Race-Ethnicity,Black,ALL,All causes (total),ICD-10,1871.0,,,02/17/2026,02/17/2026
1844,2024,11,Occurrence,Race-Ethnicity,Hawaiian/Pacific Islander,ALL,All causes (total),ICD-10,106.0,,,02/17/2026,02/17/2026
1845,2024,11,Occurrence,Race-Ethnicity,Hispanic,ALL,All causes (total),ICD-10,5690.0,,,02/17/2026,02/17/2026
1846,2024,11,Occurrence,Race-Ethnicity,Multi-Race,ALL,All causes (total),ICD-10,277.0,,,02/17/2026,02/17/2026
1847,2024,11,Occurrence,Race-Ethnicity,White,ALL,All causes (total),ICD-10,13102.0,,,02/17/2026,02/17/2026
1848,2024,11,Occurrence,Race-Ethnicity,Other/Unknown,ALL,All causes (total),ICD-10,231.0,,,02/17/2026,02/17/2026
1849,2024,11,Occurrence,Total Population,Total Population,ALZ,Alzheimer's disease,ICD-10,1406.0,,,02/17/2026,02/17/2026
1850,2024,11,Occurrence,Gender,Female,ALZ,Alzheimer's disease,ICD-10,931.0,,,02/17/2026,02/17/2026
1851,2024,11,Occurrence,Gender,Male,ALZ,Alzheimer's disease,ICD-10,475.0,,,02/17/2026,02/17/2026
1852,2024,11,Occurrence,Race-Ethnicity,American Indian/Alaska Native,ALZ,Alzheimer's disease,ICD-10,,1,Cell suppressed for small numbers,02/17/2026,02/17/2026
1853,2024,11,Occurrence,Race-Ethnicity,Asian,ALZ,Alzheimer's disease,ICD-10,133.0,,,02/17/2026,02/17/2026
1854,2024,11,Occurrence,Race-Ethnicity,Black,ALZ,Alzheimer's disease,ICD-10,90.0,,,02/17/2026,02/17/2026
1855,2024,11,Occurrence,Race-Ethnicity,Hawaiian/Pacific Islander,ALZ,Alzheimer's disease,ICD-10,,1,Cell suppressed for small numbers,02/17/2026,02/17/2026
1856,2024,11,Occurrence,Race-Ethnicity,Hispanic,ALZ,Alzheimer's disease,ICD-10,287.0,,,02/17/2026,02/17/2026
1857,2024,11,Occurrence,Race-Ethnicity,Multi-Race,ALZ,Alzheimer's disease,ICD-10,,1,Cell suppressed for small numbers,02/17/2026,02/17/2026
1858,2024,11,Occurrence,Race-Ethnicity,White,ALZ,Alzheimer's disease,ICD-10,882.0,,,02/17/2026,02/17/2026
1859,2024,11,Occurrence,Race-Ethnicity,Other/Unknown,ALZ,Alzheimer's disease,ICD-10,,1,Cell suppressed for small numbers,02/17/2026,02/17/2026
1860,2024,11,Occurrence,Total Population,Total Population,CAN,Malignant neoplasms,ICD-10,5174.0,,,02/17/2026,02/17/2026
1861,2024,11,Occurrence,Gender,Female,CAN,Malignant neoplasms,ICD-10,2500.0,,,02/17/2026,02/17/2026
1862,2024,11,Occurrence,Gender,Male,CAN,Malignant neoplasms,ICD-10,2672.0,,,02/17/2026,02/17/2026
1863,2024,11,Occurrence,Race-Ethnicity,American Indian/Alaska Native,CAN,Malignant neoplasms,ICD-10,27.0,,,02/17/2026,02/17/2026
1864,2024,11,Occurrence,Race-Ethnicity,Asian,CAN,Malignant neoplasms,ICD-10,636.0,,,02/17/2026,02/17/2026
1865,2024,11,Occurrence,Race-Ethnicity,Black,CAN,Malignant neoplasms,ICD-10,385.0,,,02/17/2026,02/17/2026
1866,2024,11,Occurrence,Race-Ethnicity,Hawaiian/Pacific Islander,CAN,Malignant neoplasms,ICD-10,27.0,,,02/17/2026,02/17/2026
1867,2024,11,Occurrence,Race-Ethnicity,Hispanic,CAN,Malignant neoplasms,ICD-10,1179.0,,,02/17/2026,02/17/2026
1868,2024,11,Occurrence,Race-Ethnicity,Multi-Race,CAN,Malignant neoplasms,ICD-10,60.0,,,02/17/2026,02/17/2026
1869,2024,11,Occurrence,Race-Ethnicity,White,CAN,Malignant neoplasms,ICD-10,2817.0,,,02/17/2026,02/17/2026
1870,2024,11,Occurrence,Race-Ethnicity,Other/Unknown,CAN,Malignant neoplasms,ICD-10,43.0,,,02/17/2026,02/17/2026
1871,2024,11,Occurrence,Total Population,Total Population,CLD,Chronic lower respiratory diseases,ICD-10,890.0,,,02/17/2026,02/17/2026
1872,2024,11,Occurrence,Gender,Female,CLD,Chronic lower respiratory diseases,ICD-10,448.0,,,02/17/2026,02/17/2026
1873,2024,11,Occurrence,Gender,Male,CLD,Chronic lower respiratory diseases,ICD-10,442.0,,,02/17/2026,02/17/2026
1874,2024,11,Occurrence,Race-Ethnicity,American Indian/Alaska Native,CLD,Chronic lower respiratory diseases,ICD-10,,1,Cell suppressed for small numbers,02/17/2026,02/17/2026
1875,2024,11,Occurrence,Race-Ethnicity,Asian,CLD,Chronic lower respiratory diseases,ICD-10,59.0,,,02/17/2026,02/17/2026
1876,2024,11,Occurrence,Race-Ethnicity,Black,CLD,Chronic lower respiratory diseases,ICD-10,64.0,,,02/17/2026,02/17/2026
1877,2024,11,Occurrence,Race-Ethnicity,Hawaiian/Pacific Islander,CLD,Chronic lower respiratory diseases,ICD-10,,1,Cell suppressed for small numbers,02/17/2026,02/17/2026
1878,2024,11,Occurrence,Race-Ethnicity,Hispanic,CLD,Chronic lower respiratory diseases,ICD-10,108.0,,,02/17/2026,02/17/2026
1879,2024,11,Occurrence,Race-Ethnicity,Multi-Race,CLD,Chronic lower respiratory diseases,ICD-10,,1,Cell suppressed for small numbers,02/17/2026,02/17/2026
1880,2024,11,Occurrence,Race-Ethnicity,White,CLD,Chronic lower respiratory diseases,ICD-10,630.0,,,02/17/2026,02/17/2026
1881,2024,11,Occurrence,Race-Ethnicity,Other/Unknown,CLD,Chronic lower respiratory diseases,ICD-10,,1,Cell suppressed for small numbers,02/17/2026,02/17/2026
1882,2024,11,Occurrence,Total Population,Total Population,DIA,Diabetes mellitus,ICD-10,946.0,,,02/17/2026,02/17/2026
1883,2024,11,Occurrence,Gender,Female,DIA,Diabetes mellitus,ICD-10,402.0,,,02/17/2026,02/17/2026
1884,2024,11,Occurrence,Gender,Male,DIA,Diabetes mellitus,ICD-10,544.0,,,02/17/2026,02/17/2026
1885,2024,11,Occurrence,Race-Ethnicity,American Indian/Alaska Native,DIA,Diabetes mellitus,ICD-10,,2,Cell suppressed for complementary cell,02/17/2026,02/17/2026
1886,2024,11,Occurrence,Race-Ethnicity,Asian,DIA,Diabetes mellitus,ICD-10,154.0,,,02/17/2026,02/17/2026
1887,2024,11,Occurrence,Race-Ethnicity,Black,DIA,Diabetes mellitus,ICD-10,85.0,,,02/17/2026,02/17/2026
1888,2024,11,Occurrence,Race-Ethnicity,Hawaiian/Pacific Islander,DIA,Diabetes mellitus,ICD-10,,1,Cell suppressed for small numbers,02/17/2026,02/17/2026
1889,2024,11,Occurrence,Race-Ethnicity,Hispanic,DIA,Diabetes mellitus,ICD-10,343.0,,,02/17/2026,02/17/2026
1890,2024,11,Occurrence,Race-Ethnicity,Multi-Race,DIA,Diabetes mellitus,ICD-10,13.0,,,02/17/2026,02/17/2026
1891,2024,11,Occurrence,Race-Ethnicity,White,DIA,Diabetes mellitus,ICD-10,322.0,,,02/17/2026,02/17/2026
1892,2024,11,Occurrence,Race-Ethnicity,Other/Unknown,DIA,Diabetes mellitus,ICD-10,13.0,,,02/17/2026,02/17/2026
1893,2024,11,Occurrence,Total Population,Total Population,HOM,Assault (homicide),ICD-10,149.0,,,02/17/2026,02/17/2026
1894,2024,11,Occurrence,Gender,Female,HOM,Assault (homicide),ICD-10,26.0,,,02/17/2026,02/17/2026
1895,2024,11,Occurrence,Gender,Male,HOM,Assault (homicide),ICD-10,123.0,,,02/17/2026,02/17/2026
1896,2024,11,Occurrence,Race-Ethnicity,American Indian/Alaska Native,HOM,Assault (homicide),ICD-10,,1,Cell suppressed for small numbers,02/17/2026,02/17/2026
1897,2024,11,Occurrence,Race-Ethnicity,Asian,HOM,Assault (homicide),ICD-10,,1,Cell suppressed for small numbers,02/17/2026,02/17/2026
1898,2024,11,Occurrence,Race-Ethnicity,Black,HOM,Assault (homicide),ICD-10,40.0,,,02/17/2026,02/17/2026
1899,2024,11,Occurrence,Race-Ethnicity,Hawaiian/Pacific Islander,HOM,Assault (homicide),ICD-10,0.0,,,02/17/2026,02/17/2026
1900,2024,11,Occurrence,Race-Ethnicity,Hispanic,HOM,Assault (homicide),ICD-10,70.0,,,02/17/2026,02/17/2026
1901,2024,11,Occurrence,Race-Ethnicity,Multi-Race,HOM,Assault (homicide),ICD-10,,1,Cell suppressed for small numbers,02/17/2026,02/17/2026
1902,2024,11,Occurrence,Race-Ethnicity,White,HOM,Assault (homicide),ICD-10,26.0,,,02/17/2026,02/17/2026
1903,2024,11,Occurrence,Race-Ethnicity,Other/Unknown,HOM,Assault (homicide),ICD-10,,1,Cell suppressed for small numbers,02/17/2026,02/17/2026
1904,2024,11,Occurrence,Total Population,Total Population,HTD,Diseases of heart,ICD-10,5256.0,,,02/17/2026,02/17/2026
1905,2024,11,Occurrence,Gender,Female,HTD,Diseases of heart,ICD-10,2234.0,,,02/17/2026,02/17/2026
1906,2024,11,Occurrence,Gender,Male,HTD,Diseases of heart,ICD-10,3022.0,,,02/17/2026,02/17/2026
1907,2024,11,Occurrence,Race-Ethnicity,American Indian/Alaska Native,HTD,Diseases of heart,ICD-10,25.0,,,02/17/2026,02/17/2026
1908,2024,11,Occurrence,Race-Ethnicity,Asian,HTD,Diseases of heart,ICD-10,530.0,,,02/17/2026,02/17/2026
1909,2024,11,Occurrence,Race-Ethnicity,Black,HTD,Diseases of heart,ICD-10,438.0,,,02/17/2026,02/17/2026
1910,2024,11,Occurrence,Race-Ethnicity,Hawaiian/Pacific Islander,HTD,Diseases of heart,ICD-10,23.0,,,02/17/2026,02/17/2026
1911,2024,11,Occurrence,Race-Ethnicity,Hispanic,HTD,Diseases of heart,ICD-10,1070.0,,,02/17/2026,02/17/2026
1912,2024,11,Occurrence,Race-Ethnicity,Multi-Race,HTD,Diseases of heart,ICD-10,67.0,,,02/17/2026,02/17/2026
1913,2024,11,Occurrence,Race-Ethnicity,White,HTD,Diseases of heart,ICD-10,3043.0,,,02/17/2026,02/17/2026
1914,2024,11,Occurrence,Race-Ethnicity,Other/Unknown,HTD,Diseases of heart,ICD-10,60.0,,,02/17/2026,02/17/2026
1915,2024,11,Occurrence,Total Population,Total Population,HYP,Essential hypertension and hypertensive renal disease,ICD-10,582.0,,,02/17/2026,02/17/2026
1916,2024,11,Occurrence,Gender,Female,HYP,Essential hypertension and hypertensive renal disease,ICD-10,295.0,,,02/17/2026,02/17/2026
1917,2024,11,Occurrence,Gender,Male,HYP,Essential hypertension and hypertensive renal disease,ICD-10,287.0,,,02/17/2026,02/17/2026
1918,2024,11,Occurrence,Race-Ethnicity,American Indian/Alaska Native,HYP,Essential hypertension and hypertensive renal disease,ICD-10,,1,Cell suppressed for small numbers,02/17/2026,02/17/2026
1919,2024,11,Occurrence,Race-Ethnicity,Asian,HYP,Essential hypertension and hypertensive renal disease,ICD-10,89.0,,,02/17/2026,02/17/2026
1920,2024,11,Occurrence,Race-Ethnicity,Black,HYP,Essential hypertension and hypertensive renal disease,ICD-10,57.0,,,02/17/2026,02/17/2026
1921,2024,11,Occurrence,Race-Ethnicity,Hawaiian/Pacific Islander,HYP,Essential hypertension and hypertensive renal disease,ICD-10,,1,Cell suppressed for small numbers,02/17/2026,02/17/2026
1922,2024,11,Occurrence,Race-Ethnicity,Hispanic,HYP,Essential hypertension and hypertensive renal disease,ICD-10,128.0,,,02/17/2026,02/17/2026
1923,2024,11,Occurrence,Race-Ethnicity,Multi-Race,HYP,Essential hypertension and hypertensive renal disease,ICD-10,,1,Cell suppressed for small numbers,02/17/2026,02/17/2026
1924,2024,11,Occurrence,Race-Ethnicity,White,HYP,Essential hypertension and hypertensive renal disease,ICD-10,288.0,,,02/17/2026,02/17/2026
1925,2024,11,Occurrence,Race-Ethnicity,Other/Unknown,HYP,Essential hypertension and hypertensive renal disease,ICD-10,,1,Cell suppressed for small numbers,02/17/2026,02/17/2026
1926,2024,11,Occurrence,Total Population,Total Population,INJ,Accidents (unintentional injuries),ICD-10,1499.0,,,02/17/2026,02/17/2026
1927,2024,11,Occurrence,Gender,Female,INJ,Accidents (unintentional injuries),ICD-10,429.0,,,02/17/2026,02/17/2026
1928,2024,11,Occurrence,Gender,Male,INJ,Accidents (unintentional injuries),ICD-10,1070.0,,,02/17/2026,02/17/2026
1929,2024,11,Occurrence,Race-Ethnicity,American Indian/Alaska Native,INJ,Accidents (unintentional injuries),ICD-10,17.0,,,02/17/2026,02/17/2026
1930,2024,11,Occurrence,Race-Ethnicity,Asian,INJ,Accidents (unintentional injuries),ICD-10,102.0,,,02/17/2026,02/17/2026
1931,2024,11,Occurrence,Race-Ethnicity,Black,INJ,Accidents (unintentional injuries),ICD-10,148.0,,,02/17/2026,02/17/2026
1932,2024,11,Occurrence,Race-Ethnicity,Hawaiian/Pacific Islander,INJ,Accidents (unintentional injuries),ICD-10,,1,Cell suppressed for small numbers,02/17/2026,02/17/2026
1933,2024,11,Occurrence,Race-Ethnicity,Hispanic,INJ,Accidents (unintentional injuries),ICD-10,541.0,,,02/17/2026,02/17/2026
1934,2024,11,Occurrence,Race-Ethnicity,Multi-Race,INJ,Accidents (unintentional injuries),ICD-10,23.0,,,02/17/2026,02/17/2026
1935,2024,11,Occurrence,Race-Ethnicity,White,INJ,Accidents (unintentional injuries),ICD-10,645.0,,,02/17/2026,02/17/2026
1936,2024,11,Occurrence,Race-Ethnicity,Other/Unknown,INJ,Accidents (unintentional injuries),ICD-10,,2,Cell suppressed for complementary cell,02/17/2026,02/17/2026
1937,2024,11,Occurrence,Total Population,Total Population,LIV,Chronic liver disease and cirrhosis,ICD-10,526.0,,,02/17/2026,02/17/2026
1938,2024,11,Occurrence,Gender,Female,LIV,Chronic liver disease and cirrhosis,ICD-10,204.0,,,02/17/2026,02/17/2026
1939,2024,11,Occurrence,Gender,Male,LIV,Chronic liver disease and cirrhosis,ICD-10,322.0,,,02/17/2026,02/17/2026
1940,2024,11,Occurrence,Race-Ethnicity,American Indian/Alaska Native,LIV,Chronic liver disease and cirrhosis,ICD-10,,1,Cell suppressed for small numbers,02/17/2026,02/17/2026
1941,2024,11,Occurrence,Race-Ethnicity,Asian,LIV,Chronic liver disease and cirrhosis,ICD-10,31.0,,,02/17/2026,02/17/2026
1942,2024,11,Occurrence,Race-Ethnicity,Black,LIV,Chronic liver disease and cirrhosis,ICD-10,17.0,,,02/17/2026,02/17/2026
1943,2024,11,Occurrence,Race-Ethnicity,Hawaiian/Pacific Islander,LIV,Chronic liver disease and cirrhosis,ICD-10,,1,Cell suppressed for small numbers,02/17/2026,02/17/2026
1944,2024,11,Occurrence,Race-Ethnicity,Hispanic,LIV,Chronic liver disease and cirrhosis,ICD-10,240.0,,,02/17/2026,02/17/2026
1945,2024,11,Occurrence,Race-Ethnicity,Multi-Race,LIV,Chronic liver disease and cirrhosis,ICD-10,,1,Cell suppressed for small numbers,02/17/2026,02/17/2026
1946,2024,11,Occurrence,Race-Ethnicity,White,LIV,Chronic liver disease and cirrhosis,ICD-10,220.0,,,02/17/2026,02/17/2026
1947,2024,11,Occurrence,Race-Ethnicity,Other/Unknown,LIV,Chronic liver disease and cirrhosis,ICD-10,,1,Cell suppressed for small numbers,02/17/2026,02/17/2026
1948,2024,11,Occurrence,Total Population,Total Population,NEP,"Nephritis, nephrotic syndrome and nephrosis",ICD-10,432.0,,,02/17/2026,02/17/2026
1949,2024,11,Occurrence,Gender,Female,NEP,"Nephritis, nephrotic syndrome and nephrosis",ICD-10,201.0,,,02/17/2026,02/17/2026
1950,2024,11,Occurrence,Gender,Male,NEP,"Nephritis, nephrotic syndrome and nephrosis",ICD-10,231.0,,,02/17/2026,02/17/2026
1951,2024,11,Occurrence,Race-Ethnicity,American Indian/Alaska Native,NEP,"Nephritis, nephrotic syndrome and nephrosis",ICD-10,,1,Cell suppressed for small numbers,02/17/2026,02/17/2026
1952,2024,11,Occurrence,Race-Ethnicity,Asian,NEP,"Nephritis, nephrotic syndrome and nephrosis",ICD-10,54.0,,,02/17/2026,02/17/2026
1953,2024,11,Occurrence,Race-Ethnicity,Black,NEP,"Nephritis, nephrotic syndrome and nephrosis",ICD-10,52.0,,,02/17/2026,02/17/2026
1954,2024,11,Occurrence,Race-Ethnicity,Hawaiian/Pacific Islander,NEP,"Nephritis, nephrotic syndrome and nephrosis",ICD-10,,1,Cell suppressed for small numbers,02/17/2026,02/17/2026
1955,2024,11,Occurrence,Race-Ethnicity,Hispanic,NEP,"Nephritis, nephrotic syndrome and nephrosis",ICD-10,126.0,,,02/17/2026,02/17/2026
1956,2024,11,Occurrence,Race-Ethnicity,Multi-Race,NEP,"Nephritis, nephrotic syndrome and nephrosis",ICD-10,,1,Cell suppressed for small numbers,02/17/2026,02/17/2026
1957,2024,11,Occurrence,Race-Ethnicity,White,NEP,"Nephritis, nephrotic syndrome and nephrosis",ICD-10,192.0,,,02/17/2026,02/17/2026
1958,2024,11,Occurrence,Race-Ethnicity,Other/Unknown,NEP,"Nephritis, nephrotic syndrome and nephrosis",ICD-10,,1,Cell suppressed for small numbers,02/17/2026,02/17/2026
1959,2024,11,Occurrence,Total Population,Total Population,PAR,Parkinson's disease,ICD-10,384.0,,,02/17/2026,02/17/2026
1960,2024,11,Occurrence,Gender,Female,PAR,Parkinson's disease,ICD-10,147.0,,,02/17/2026,02/17/2026
1961,2024,11,Occurrence,Gender,Male,PAR,Parkinson's disease,ICD-10,237.0,,,02/17/2026,02/17/2026
1962,2024,11,Occurrence,Race-Ethnicity,American Indian/Alaska Native,PAR,Parkinson's disease,ICD-10,,1,Cell suppressed for small numbers,02/17/2026,02/17/2026
1963,2024,11,Occurrence,Race-Ethnicity,Asian,PAR,Parkinson's disease,ICD-10,39.0,,,02/17/2026,02/17/2026
1964,2024,11,Occurrence,Race-Ethnicity,Black,PAR,Parkinson's disease,ICD-10,,1,Cell suppressed for small numbers,02/17/2026,02/17/2026
1965,2024,11,Occurrence,Race-Ethnicity,Hawaiian/Pacific Islander,PAR,Parkinson's disease,ICD-10,,1,Cell suppressed for small numbers,02/17/2026,02/17/2026
1966,2024,11,Occurrence,Race-Ethnicity,Hispanic,PAR,Parkinson's disease,ICD-10,56.0,,,02/17/2026,02/17/2026
1967,2024,11,Occurrence,Race-Ethnicity,Multi-Race,PAR,Parkinson's disease,ICD-10,0.0,,,02/17/2026,02/17/2026
1968,2024,11,Occurrence,Race-Ethnicity,White,PAR,Parkinson's disease,ICD-10,271.0,,,02/17/2026,02/17/2026
1969,2024,11,Occurrence,Race-Ethnicity,Other/Unknown,PAR,Parkinson's disease,ICD-10,,1,Cell suppressed for small numbers,02/17/2026,02/17/2026
1970,2024,11,Occurrence,Total Population,Total Population,PNF,Influenza and pneumonia,ICD-10,429.0,,,02/17/2026,02/17/2026
1971,2024,11,Occurrence,Gender,Female,PNF,Influenza and pneumonia,ICD-10,199.0,,,02/17/2026,02/17/2026
1972,2024,11,Occurrence,Gender,Male,PNF,Influenza and pneumonia,ICD-10,230.0,,,02/17/2026,02/17/2026
1973,2024,11,Occurrence,Race-Ethnicity,American Indian/Alaska Native,PNF,Influenza and pneumonia,ICD-10,,1,Cell suppressed for small numbers,02/17/2026,02/17/2026
1974,2024,11,Occurrence,Race-Ethnicity,Asian,PNF,Influenza and pneumonia,ICD-10,53.0,,,02/17/2026,02/17/2026
1975,2024,11,Occurrence,Race-Ethnicity,Black,PNF,Influenza and pneumonia,ICD-10,37.0,,,02/17/2026,02/17/2026
1976,2024,11,Occurrence,Race-Ethnicity,Hawaiian/Pacific Islander,PNF,Influenza and pneumonia,ICD-10,,1,Cell suppressed for small numbers,02/17/2026,02/17/2026
1977,2024,11,Occurrence,Race-Ethnicity,Hispanic,PNF,Influenza and pneumonia,ICD-10,109.0,,,02/17/2026,02/17/2026
1978,2024,11,Occurrence,Race-Ethnicity,Multi-Race,PNF,Influenza and pneumonia,ICD-10,,1,Cell suppressed for small numbers,02/17/2026,02/17/2026
1979,2024,11,Occurrence,Race-Ethnicity,White,PNF,Influenza and pneumonia,ICD-10,214.0,,,02/17/2026,02/17/2026
1980,2024,11,Occurrence,Race-Ethnicity,Other/Unknown,PNF,Influenza and pneumonia,ICD-10,,1,Cell suppressed for small numbers,02/17/2026,02/17/2026
1981,2024,11,Occurrence,Total Population,Total Population,STK,Cerebrovascular diseases,ICD-10,1489.0,,,02/17/2026,02/17/2026
1982,2024,11,Occurrence,Gender,Female,STK,Cerebrovascular diseases,ICD-10,826.0,,,02/17/2026,02/17/2026
1983,2024,11,Occurrence,Gender,Male,STK,Cerebrovascular diseases,ICD-10,663.0,,,02/17/2026,02/17/2026
1984,2024,11,Occurrence,Race-Ethnicity,American Indian/Alaska Native,STK,Cerebrovascular diseases,ICD-10,,1,Cell suppressed for small numbers,02/17/2026,02/17/2026
1985,2024,11,Occurrence,Race-Ethnicity,Asian,STK,Cerebrovascular diseases,ICD-10,219.0,,,02/17/2026,02/17/2026
1986,2024,11,Occurrence,Race-Ethnicity,Black,STK,Cerebrovascular diseases,ICD-10,130.0,,,02/17/2026,02/17/2026
1987,2024,11,Occurrence,Race-Ethnicity,Hawaiian/Pacific Islander,STK,Cerebrovascular diseases,ICD-10,,1,Cell suppressed for small numbers,02/17/2026,02/17/2026
1988,2024,11,Occurrence,Race-Ethnicity,Hispanic,STK,Cerebrovascular diseases,ICD-10,346.0,,,02/17/2026,02/17/2026
1989,2024,11,Occurrence,Race-Ethnicity,Multi-Race,STK,Cerebrovascular diseases,ICD-10,11.0,,,02/17/2026,02/17/2026
1990,2024,11,Occurrence,Race-Ethnicity,White,STK,Cerebrovascular diseases,ICD-10,759.0,,,02/17/2026,02/17/2026
1991,2024,11,Occurrence,Race-Ethnicity,Other/Unknown,STK,Cerebrovascular diseases,ICD-10,11.0,,,02/17/2026,02/17/2026
1992,2024,11,Occurrence,Total Population,Total Population,SUI,Intentional self-harm (suicide),ICD-10,277.0,,,02/17/2026,02/17/2026
1993,2024,11,Occurrence,Gender,Female,SUI,Intentional self-harm (suicide),ICD-10,64.0,,,02/17/2026,02/17/2026
1994,2024,11,Occurrence,Gender,Male,SUI,Intentional self-harm (suicide),ICD-10,212.0,,,02/17/2026,02/17/2026
1995,2024,11,Occurrence,Race-Ethnicity,American Indian/Alaska Native,SUI,Intentional self-harm (suicide),ICD-10,,1,Cell suppressed for small numbers,02/17/2026,02/17/2026
1996,2024,11,Occurrence,Race-Ethnicity,Asian,SUI,Intentional self-harm (suicide),ICD-10,32.0,,,02/17/2026,02/17/2026
1997,2024,11,Occurrence,Race-Ethnicity,Black,SUI,Intentional self-harm (suicide),ICD-10,,2,Cell suppressed for complementary cell,02/17/2026,02/17/2026
1998,2024,11,Occurrence,Race-Ethnicity,Hawaiian/Pacific Islander,SUI,Intentional self-harm (suicide),ICD-10,,1,Cell suppressed for small numbers,02/17/2026,02/17/2026
1999,2024,11,Occurrence,Race-Ethnicity,Hispanic,SUI,Intentional self-harm (suicide),ICD-10,65.0,,,02/17/2026,02/17/2026
2000,2024,11,Occurrence,Race-Ethnicity,Multi-Race,SUI,Intentional self-harm (suicide),ICD-10,,1,Cell suppressed for small numbers,02/17/2026,02/17/2026
2001,2024,11,Occurrence,Race-Ethnicity,White,SUI,Intentional self-harm (suicide),ICD-10,154.0,,,02/17/2026,02/17/2026
2002,2024,11,Occurrence,Race-Ethnicity,Other/Unknown,SUI,Intentional self-harm (suicide),ICD-10,,1,Cell suppressed for small numbers,02/17/2026,02/17/2026
2003,2024,12,Occurrence,Total Population,Total Population,ALL,All causes (total),ICD-10,26301.0,,,02/17/2026,02/17/2026
2004,2024,12,Occurrence,Age,Under 1 year,ALL,All causes (total),ICD-10,129.0,,,02/17/2026,02/17/2026
2005,2024,12,Occurrence,Age,1-4 years,ALL,All causes (total),ICD-10,38.0,,,02/17/2026,02/17/2026
2006,2024,12,Occurrence,Age,5-14 years,ALL,All causes (total),ICD-10,59.0,,,02/17/2026,02/17/2026
2007,2024,12,Occurrence,Age,15-24 years,ALL,All causes (total),ICD-10,222.0,,,02/17/2026,02/17/2026
2008,2024,12,Occurrence,Age,25-34 years,ALL,All causes (total),ICD-10,522.0,,,02/17/2026,02/17/2026
2009,2024,12,Occurrence,Age,35-44 years,ALL,All causes (total),ICD-10,835.0,,,02/17/2026,02/17/2026
2010,2024,12,Occurrence,Age,45-54 years,ALL,All causes (total),ICD-10,1392.0,,,02/17/2026,02/17/2026
2011,2024,12,Occurrence,Age,55-64 years,ALL,All causes (total),ICD-10,2821.0,,,02/17/2026,02/17/2026
2012,2024,12,Occurrence,Age,65-74 years,ALL,All causes (total),ICD-10,5031.0,,,02/17/2026,02/17/2026
2013,2024,12,Occurrence,Age,75-84 years,ALL,All causes (total),ICD-10,6807.0,,,02/17/2026,02/17/2026
2014,2024,12,Occurrence,Age,85 years and over,ALL,All causes (total),ICD-10,8435.0,,,02/17/2026,02/17/2026
2015,2024,12,Occurrence,Gender,Female,ALL,All causes (total),ICD-10,12331.0,,,02/17/2026,02/17/2026
2016,2024,12,Occurrence,Gender,Male,ALL,All causes (total),ICD-10,13967.0,,,02/17/2026,02/17/2026
2017,2024,12,Occurrence,Place Type,Inpatient,ALL,All causes (total),ICD-10,8567.0,,,02/17/2026,02/17/2026
2018,2024,12,Occurrence,Place Type,Emergency Room/Outpatient,ALL,All causes (total),ICD-10,1590.0,,,02/17/2026,02/17/2026
2019,2024,12,Occurrence,Place Type,Decedent's Home,ALL,All causes (total),ICD-10,9959.0,,,02/17/2026,02/17/2026
2020,2024,12,Occurrence,Place Type,Hospice Facility,ALL,All causes (total),ICD-10,297.0,,,02/17/2026,02/17/2026
2021,2024,12,Occurrence,Place Type,Nursing Home/Long Term Care Facility,ALL,All causes (total),ICD-10,4335.0,,,02/17/2026,02/17/2026
2022,2024,12,Occurrence,Place Type,Other/Unknown,ALL,All causes (total),ICD-10,1553.0,,,02/17/2026,02/17/2026
2023,2024,12,Occurrence,Race-Ethnicity,American Indian/Alaska Native,ALL,All causes (total),ICD-10,147.0,,,02/17/2026,02/17/2026
2024,2024,12,Occurrence,Race-Ethnicity,Asian,ALL,All causes (total),ICD-10,3033.0,,,02/17/2026,02/17/2026
2025,2024,12,Occurrence,Race-Ethnicity,Black,ALL,All causes (total),ICD-10,2037.0,,,02/17/2026,02/17/2026
2026,2024,12,Occurrence,Race-Ethnicity,Hawaiian/Pacific Islander,ALL,All causes (total),ICD-10,130.0,,,02/17/2026,02/17/2026
2027,2024,12,Occurrence,Race-Ethnicity,Hispanic,ALL,All causes (total),ICD-10,6050.0,,,02/17/2026,02/17/2026
2028,2024,12,Occurrence,Race-Ethnicity,Multi-Race,ALL,All causes (total),ICD-10,264.0,,,02/17/2026,02/17/2026
2029,2024,12,Occurrence,Race-Ethnicity,White,ALL,All causes (total),ICD-10,14398.0,,,02/17/2026,02/17/2026
2030,2024,12,Occurrence,Race-Ethnicity,Other/Unknown,ALL,All causes (total),ICD-10,242.0,,,02/17/2026,02/17/2026
2031,2024,12,Occurrence,Total Population,Total Population,ALZ,Alzheimer's disease,ICD-10,1457.0,,,02/17/2026,02/17/2026
2032,2024,12,Occurrence,Gender,Female,ALZ,Alzheimer's disease,ICD-10,995.0,,,02/17/2026,02/17/2026
2033,2024,12,Occurrence,Gender,Male,ALZ,Alzheimer's disease,ICD-10,462.0,,,02/17/2026,02/17/2026
2034,2024,12,Occurrence,Race-Ethnicity,American Indian/Alaska Native,ALZ,Alzheimer's disease,ICD-10,,1,Cell suppressed for small numbers,02/17/2026,02/17/2026
2035,2024,12,Occurrence,Race-Ethnicity,Asian,ALZ,Alzheimer's disease,ICD-10,161.0,,,02/17/2026,02/17/2026
2036,2024,12,Occurrence,Race-Ethnicity,Black,ALZ,Alzheimer's disease,ICD-10,101.0,,,02/17/2026,02/17/2026
2037,2024,12,Occurrence,Race-Ethnicity,Hawaiian/Pacific Islander,ALZ,Alzheimer's disease,ICD-10,,1,Cell suppressed for small numbers,02/17/2026,02/17/2026
2038,2024,12,Occurrence,Race-Ethnicity,Hispanic,ALZ,Alzheimer's disease,ICD-10,265.0,,,02/17/2026,02/17/2026
2039,2024,12,Occurrence,Race-Ethnicity,Multi-Race,ALZ,Alzheimer's disease,ICD-10,17.0,,,02/17/2026,02/17/2026
2040,2024,12,Occurrence,Race-Ethnicity,White,ALZ,Alzheimer's disease,ICD-10,902.0,,,02/17/2026,02/17/2026
2041,2024,12,Occurrence,Race-Ethnicity,Other/Unknown,ALZ,Alzheimer's disease,ICD-10,,1,Cell suppressed for small numbers,02/17/2026,02/17/2026
2042,2024,12,Occurrence,Total Population,Total Population,CAN,Malignant neoplasms,ICD-10,5289.0,,,02/17/2026,02/17/2026
2043,2024,12,Occurrence,Gender,Female,CAN,Malignant neoplasms,ICD-10,2531.0,,,02/17/2026,02/17/2026
2044,2024,12,Occurrence,Gender,Male,CAN,Malignant neoplasms,ICD-10,2757.0,,,02/17/2026,02/17/2026
2045,2024,12,Occurrence,Race-Ethnicity,American Indian/Alaska Native,CAN,Malignant neoplasms,ICD-10,28.0,,,02/17/2026,02/17/2026
2046,2024,12,Occurrence,Race-Ethnicity,Asian,CAN,Malignant neoplasms,ICD-10,696.0,,,02/17/2026,02/17/2026
2047,2024,12,Occurrence,Race-Ethnicity,Black,CAN,Malignant neoplasms,ICD-10,407.0,,,02/17/2026,02/17/2026
2048,2024,12,Occurrence,Race-Ethnicity,Hawaiian/Pacific Islander,CAN,Malignant neoplasms,ICD-10,19.0,,,02/17/2026,02/17/2026
2049,2024,12,Occurrence,Race-Ethnicity,Hispanic,CAN,Malignant neoplasms,ICD-10,1143.0,,,02/17/2026,02/17/2026
2050,2024,12,Occurrence,Race-Ethnicity,Multi-Race,CAN,Malignant neoplasms,ICD-10,45.0,,,02/17/2026,02/17/2026
2051,2024,12,Occurrence,Race-Ethnicity,White,CAN,Malignant neoplasms,ICD-10,2912.0,,,02/17/2026,02/17/2026
2052,2024,12,Occurrence,Race-Ethnicity,Other/Unknown,CAN,Malignant neoplasms,ICD-10,39.0,,,02/17/2026,02/17/2026
2053,2024,12,Occurrence,Total Population,Total Population,CLD,Chronic lower respiratory diseases,ICD-10,1059.0,,,02/17/2026,02/17/2026
2054,2024,12,Occurrence,Gender,Female,CLD,Chronic lower respiratory diseases,ICD-10,578.0,,,02/17/2026,02/17/2026
2055,2024,12,Occurrence,Gender,Male,CLD,Chronic lower respiratory diseases,ICD-10,481.0,,,02/17/2026,02/17/2026
2056,2024,12,Occurrence,Race-Ethnicity,American Indian/Alaska Native,CLD,Chronic lower respiratory diseases,ICD-10,,1,Cell suppressed for small numbers,02/17/2026,02/17/2026
2057,2024,12,Occurrence,Race-Ethnicity,Asian,CLD,Chronic lower respiratory diseases,ICD-10,73.0,,,02/17/2026,02/17/2026
2058,2024,12,Occurrence,Race-Ethnicity,Black,CLD,Chronic lower respiratory diseases,ICD-10,84.0,,,02/17/2026,02/17/2026
2059,2024,12,Occurrence,Race-Ethnicity,Hawaiian/Pacific Islander,CLD,Chronic lower respiratory diseases,ICD-10,,1,Cell suppressed for small numbers,02/17/2026,02/17/2026
2060,2024,12,Occurrence,Race-Ethnicity,Hispanic,CLD,Chronic lower respiratory diseases,ICD-10,121.0,,,02/17/2026,02/17/2026
2061,2024,12,Occurrence,Race-Ethnicity,Multi-Race,CLD,Chronic lower respiratory diseases,ICD-10,12.0,,,02/17/2026,02/17/2026
2062,2024,12,Occurrence,Race-Ethnicity,White,CLD,Chronic lower respiratory diseases,ICD-10,741.0,,,02/17/2026,02/17/2026
2063,2024,12,Occurrence,Race-Ethnicity,Other/Unknown,CLD,Chronic lower respiratory diseases,ICD-10,18.0,,,02/17/2026,02/17/2026
2064,2024,12,Occurrence,Total Population,Total Population,DIA,Diabetes mellitus,ICD-10,1081.0,,,02/17/2026,02/17/2026
2065,2024,12,Occurrence,Gender,Female,DIA,Diabetes mellitus,ICD-10,452.0,,,02/17/2026,02/17/2026
2066,2024,12,Occurrence,Gender,Male,DIA,Diabetes mellitus,ICD-10,629.0,,,02/17/2026,02/17/2026
2067,2024,12,Occurrence,Race-Ethnicity,American Indian/Alaska Native,DIA,Diabetes mellitus,ICD-10,,1,Cell suppressed for small numbers,02/17/2026,02/17/2026
2068,2024,12,Occurrence,Race-Ethnicity,Asian,DIA,Diabetes mellitus,ICD-10,164.0,,,02/17/2026,02/17/2026
2069,2024,12,Occurrence,Race-Ethnicity,Black,DIA,Diabetes mellitus,ICD-10,106.0,,,02/17/2026,02/17/2026
2070,2024,12,Occurrence,Race-Ethnicity,Hawaiian/Pacific Islander,DIA,Diabetes mellitus,ICD-10,14.0,,,02/17/2026,02/17/2026
2071,2024,12,Occurrence,Race-Ethnicity,Hispanic,DIA,Diabetes mellitus,ICD-10,372.0,,,02/17/2026,02/17/2026
2072,2024,12,Occurrence,Race-Ethnicity,Multi-Race,DIA,Diabetes mellitus,ICD-10,12.0,,,02/17/2026,02/17/2026
2073,2024,12,Occurrence,Race-Ethnicity,White,DIA,Diabetes mellitus,ICD-10,402.0,,,02/17/2026,02/17/2026
2074,2024,12,Occurrence,Race-Ethnicity,Other/Unknown,DIA,Diabetes mellitus,ICD-10,,1,Cell suppressed for small numbers,02/17/2026,02/17/2026
2075,2024,12,Occurrence,Total Population,Total Population,HOM,Assault (homicide),ICD-10,139.0,,,02/17/2026,02/17/2026
2076,2024,12,Occurrence,Gender,Female,HOM,Assault (homicide),ICD-10,27.0,,,02/17/2026,02/17/2026
2077,2024,12,Occurrence,Gender,Male,HOM,Assault (homicide),ICD-10,112.0,,,02/17/2026,02/17/2026
2078,2024,12,Occurrence,Race-Ethnicity,American Indian/Alaska Native,HOM,Assault (homicide),ICD-10,,1,Cell suppressed for small numbers,02/17/2026,02/17/2026
2079,2024,12,Occurrence,Race-Ethnicity,Asian,HOM,Assault (homicide),ICD-10,11.0,,,02/17/2026,02/17/2026
2080,2024,12,Occurrence,Race-Ethnicity,Black,HOM,Assault (homicide),ICD-10,35.0,,,02/17/2026,02/17/2026
2081,2024,12,Occurrence,Race-Ethnicity,Hawaiian/Pacific Islander,HOM,Assault (homicide),ICD-10,,1,Cell suppressed for small numbers,02/17/2026,02/17/2026
2082,2024,12,Occurrence,Race-Ethnicity,Hispanic,HOM,Assault (homicide),ICD-10,56.0,,,02/17/2026,02/17/2026
2083,2024,12,Occurrence,Race-Ethnicity,Multi-Race,HOM,Assault (homicide),ICD-10,,1,Cell suppressed for small numbers,02/17/2026,02/17/2026
2084,2024,12,Occurrence,Race-Ethnicity,White,HOM,Assault (homicide),ICD-10,29.0,,,02/17/2026,02/17/2026
2085,2024,12,Occurrence,Race-Ethnicity,Other/Unknown,HOM,Assault (homicide),ICD-10,,1,Cell suppressed for small numbers,02/17/2026,02/17/2026
2086,2024,12,Occurrence,Total Population,Total Population,HTD,Diseases of heart,ICD-10,5887.0,,,02/17/2026,02/17/2026
2087,2024,12,Occurrence,Gender,Female,HTD,Diseases of heart,ICD-10,2513.0,,,02/17/2026,02/17/2026
2088,2024,12,Occurrence,Gender,Male,HTD,Diseases of heart,ICD-10,3374.0,,,02/17/2026,02/17/2026
2089,2024,12,Occurrence,Race-Ethnicity,American Indian/Alaska Native,HTD,Diseases of heart,ICD-10,24.0,,,02/17/2026,02/17/2026
2090,2024,12,Occurrence,Race-Ethnicity,Asian,HTD,Diseases of heart,ICD-10,628.0,,,02/17/2026,02/17/2026
2091,2024,12,Occurrence,Race-Ethnicity,Black,HTD,Diseases of heart,ICD-10,498.0,,,02/17/2026,02/17/2026
2092,2024,12,Occurrence,Race-Ethnicity,Hawaiian/Pacific Islander,HTD,Diseases of heart,ICD-10,42.0,,,02/17/2026,02/17/2026
2093,2024,12,Occurrence,Race-Ethnicity,Hispanic,HTD,Diseases of heart,ICD-10,1191.0,,,02/17/2026,02/17/2026
2094,2024,12,Occurrence,Race-Ethnicity,Multi-Race,HTD,Diseases of heart,ICD-10,45.0,,,02/17/2026,02/17/2026
2095,2024,12,Occurrence,Race-Ethnicity,White,HTD,Diseases of heart,ICD-10,3401.0,,,02/17/2026,02/17/2026
2096,2024,12,Occurrence,Race-Ethnicity,Other/Unknown,HTD,Diseases of heart,ICD-10,58.0,,,02/17/2026,02/17/2026
2097,2024,12,Occurrence,Total Population,Total Population,HYP,Essential hypertension and hypertensive renal disease,ICD-10,609.0,,,02/17/2026,02/17/2026
2098,2024,12,Occurrence,Gender,Female,HYP,Essential hypertension and hypertensive renal disease,ICD-10,307.0,,,02/17/2026,02/17/2026
2099,2024,12,Occurrence,Gender,Male,HYP,Essential hypertension and hypertensive renal disease,ICD-10,302.0,,,02/17/2026,02/17/2026
2100,2024,12,Occurrence,Race-Ethnicity,American Indian/Alaska Native,HYP,Essential hypertension and hypertensive renal disease,ICD-10,,1,Cell suppressed for small numbers,02/17/2026,02/17/2026
2101,2024,12,Occurrence,Race-Ethnicity,Asian,HYP,Essential hypertension and hypertensive renal disease,ICD-10,92.0,,,02/17/2026,02/17/2026
2102,2024,12,Occurrence,Race-Ethnicity,Black,HYP,Essential hypertension and hypertensive renal disease,ICD-10,60.0,,,02/17/2026,02/17/2026
2103,2024,12,Occurrence,Race-Ethnicity,Hawaiian/Pacific Islander,HYP,Essential hypertension and hypertensive renal disease,ICD-10,,1,Cell suppressed for small numbers,02/17/2026,02/17/2026
2104,2024,12,Occurrence,Race-Ethnicity,Hispanic,HYP,Essential hypertension and hypertensive renal disease,ICD-10,147.0,,,02/17/2026,02/17/2026
2105,2024,12,Occurrence,Race-Ethnicity,Multi-Race,HYP,Essential hypertension and hypertensive renal disease,ICD-10,,1,Cell suppressed for small numbers,02/17/2026,02/17/2026
2106,2024,12,Occurrence,Race-Ethnicity,White,HYP,Essential hypertension and hypertensive renal disease,ICD-10,296.0,,,02/17/2026,02/17/2026
2107,2024,12,Occurrence,Race-Ethnicity,Other/Unknown,HYP,Essential hypertension and hypertensive renal disease,ICD-10,,1,Cell suppressed for small numbers,02/17/2026,02/17/2026
2108,2024,12,Occurrence,Total Population,Total Population,INJ,Accidents (unintentional injuries),ICD-10,1575.0,,,02/17/2026,02/17/2026
2109,2024,12,Occurrence,Gender,Female,INJ,Accidents (unintentional injuries),ICD-10,455.0,,,02/17/2026,02/17/2026
2110,2024,12,Occurrence,Gender,Male,INJ,Accidents (unintentional injuries),ICD-10,1118.0,,,02/17/2026,02/17/2026
2111,2024,12,Occurrence,Race-Ethnicity,American Indian/Alaska Native,INJ,Accidents (unintentional injuries),ICD-10,,2,Cell suppressed for complementary cell,02/17/2026,02/17/2026
2112,2024,12,Occurrence,Race-Ethnicity,Asian,INJ,Accidents (unintentional injuries),ICD-10,124.0,,,02/17/2026,02/17/2026
2113,2024,12,Occurrence,Race-Ethnicity,Black,INJ,Accidents (unintentional injuries),ICD-10,155.0,,,02/17/2026,02/17/2026
2114,2024,12,Occurrence,Race-Ethnicity,Hawaiian/Pacific Islander,INJ,Accidents (unintentional injuries),ICD-10,,1,Cell suppressed for small numbers,02/17/2026,02/17/2026
2115,2024,12,Occurrence,Race-Ethnicity,Hispanic,INJ,Accidents (unintentional injuries),ICD-10,488.0,,,02/17/2026,02/17/2026
2116,2024,12,Occurrence,Race-Ethnicity,Multi-Race,INJ,Accidents (unintentional injuries),ICD-10,29.0,,,02/17/2026,02/17/2026
2117,2024,12,Occurrence,Race-Ethnicity,White,INJ,Accidents (unintentional injuries),ICD-10,735.0,,,02/17/2026,02/17/2026
2118,2024,12,Occurrence,Race-Ethnicity,Other/Unknown,INJ,Accidents (unintentional injuries),ICD-10,24.0,,,02/17/2026,02/17/2026
2119,2024,12,Occurrence,Total Population,Total Population,LIV,Chronic liver disease and cirrhosis,ICD-10,636.0,,,02/17/2026,02/17/2026
2120,2024,12,Occurrence,Gender,Female,LIV,Chronic liver disease and cirrhosis,ICD-10,245.0,,,02/17/2026,02/17/2026
2121,2024,12,Occurrence,Gender,Male,LIV,Chronic liver disease and cirrhosis,ICD-10,391.0,,,02/17/2026,02/17/2026
2122,2024,12,Occurrence,Race-Ethnicity,American Indian/Alaska Native,LIV,Chronic liver disease and cirrhosis,ICD-10,15.0,,,02/17/2026,02/17/2026
2123,2024,12,Occurrence,Race-Ethnicity,Asian,LIV,Chronic liver disease and cirrhosis,ICD-10,25.0,,,02/17/2026,02/17/2026
2124,2024,12,Occurrence,Race-Ethnicity,Black,LIV,Chronic liver disease and cirrhosis,ICD-10,28.0,,,02/17/2026,02/17/2026
2125,2024,12,Occurrence,Race-Ethnicity,Hawaiian/Pacific Islander,LIV,Chronic liver disease and cirrhosis,ICD-10,,1,Cell suppressed for small numbers,02/17/2026,02/17/2026
2126,2024,12,Occurrence,Race-Ethnicity,Hispanic,LIV,Chronic liver disease and cirrhosis,ICD-10,304.0,,,02/17/2026,02/17/2026
2127,2024,12,Occurrence,Race-Ethnicity,Multi-Race,LIV,Chronic liver disease and cirrhosis,ICD-10,,1,Cell suppressed for small numbers,02/17/2026,02/17/2026
2128,2024,12,Occurrence,Race-Ethnicity,White,LIV,Chronic liver disease and cirrhosis,ICD-10,241.0,,,02/17/2026,02/17/2026
2129,2024,12,Occurrence,Race-Ethnicity,Other/Unknown,LIV,Chronic liver disease and cirrhosis,ICD-10,12.0,,,02/17/2026,02/17/2026
2130,2024,12,Occurrence,Total Population,Total Population,NEP,"Nephritis, nephrotic syndrome and nephrosis",ICD-10,454.0,,,02/17/2026,02/17/2026
2131,2024,12,Occurrence,Gender,Female,NEP,"Nephritis, nephrotic syndrome and nephrosis",ICD-10,234.0,,,02/17/2026,02/17/2026
2132,2024,12,Occurrence,Gender,Male,NEP,"Nephritis, nephrotic syndrome and nephrosis",ICD-10,220.0,,,02/17/2026,02/17/2026
2133,2024,12,Occurrence,Race-Ethnicity,American Indian/Alaska Native,NEP,"Nephritis, nephrotic syndrome and nephrosis",ICD-10,,1,Cell suppressed for small numbers,02/17/2026,02/17/2026
2134,2024,12,Occurrence,Race-Ethnicity,Asian,NEP,"Nephritis, nephrotic syndrome and nephrosis",ICD-10,79.0,,,02/17/2026,02/17/2026
2135,2024,12,Occurrence,Race-Ethnicity,Black,NEP,"Nephritis, nephrotic syndrome and nephrosis",ICD-10,43.0,,,02/17/2026,02/17/2026
2136,2024,12,Occurrence,Race-Ethnicity,Hawaiian/Pacific Islander,NEP,"Nephritis, nephrotic syndrome and nephrosis",ICD-10,,1,Cell suppressed for small numbers,02/17/2026,02/17/2026
2137,2024,12,Occurrence,Race-Ethnicity,Hispanic,NEP,"Nephritis, nephrotic syndrome and nephrosis",ICD-10,131.0,,,02/17/2026,02/17/2026
2138,2024,12,Occurrence,Race-Ethnicity,Multi-Race,NEP,"Nephritis, nephrotic syndrome and nephrosis",ICD-10,,1,Cell suppressed for small numbers,02/17/2026,02/17/2026
2139,2024,12,Occurrence,Race-Ethnicity,White,NEP,"Nephritis, nephrotic syndrome and nephrosis",ICD-10,189.0,,,02/17/2026,02/17/2026
2140,2024,12,Occurrence,Race-Ethnicity,Other/Unknown,NEP,"Nephritis, nephrotic syndrome and nephrosis",ICD-10,,1,Cell suppressed for small numbers,02/17/2026,02/17/2026
2141,2024,12,Occurrence,Total Population,Total Population,PAR,Parkinson's disease,ICD-10,375.0,,,02/17/2026,02/17/2026
2142,2024,12,Occurrence,Gender,Female,PAR,Parkinson's disease,ICD-10,161.0,,,02/17/2026,02/17/2026
2143,2024,12,Occurrence,Gender,Male,PAR,Parkinson's disease,ICD-10,214.0,,,02/17/2026,02/17/2026
2144,2024,12,Occurrence,Race-Ethnicity,American Indian/Alaska Native,PAR,Parkinson's disease,ICD-10,0.0,,,02/17/2026,02/17/2026
2145,2024,12,Occurrence,Race-Ethnicity,Asian,PAR,Parkinson's disease,ICD-10,47.0,,,02/17/2026,02/17/2026
2146,2024,12,Occurrence,Race-Ethnicity,Black,PAR,Parkinson's disease,ICD-10,,1,Cell suppressed for small numbers,02/17/2026,02/17/2026
2147,2024,12,Occurrence,Race-Ethnicity,Hawaiian/Pacific Islander,PAR,Parkinson's disease,ICD-10,0.0,,,02/17/2026,02/17/2026
2148,2024,12,Occurrence,Race-Ethnicity,Hispanic,PAR,Parkinson's disease,ICD-10,56.0,,,02/17/2026,02/17/2026
2149,2024,12,Occurrence,Race-Ethnicity,Multi-Race,PAR,Parkinson's disease,ICD-10,,1,Cell suppressed for small numbers,02/17/2026,02/17/2026
2150,2024,12,Occurrence,Race-Ethnicity,White,PAR,Parkinson's disease,ICD-10,260.0,,,02/17/2026,02/17/2026
2151,2024,12,Occurrence,Race-Ethnicity,Other/Unknown,PAR,Parkinson's disease,ICD-10,,1,Cell suppressed for small numbers,02/17/2026,02/17/2026
2152,2024,12,Occurrence,Total Population,Total Population,PNF,Influenza and pneumonia,ICD-10,674.0,,,02/17/2026,02/17/2026
2153,2024,12,Occurrence,Gender,Female,PNF,Influenza and pneumonia,ICD-10,325.0,,,02/17/2026,02/17/2026
2154,2024,12,Occurrence,Gender,Male,PNF,Influenza and pneumonia,ICD-10,349.0,,,02/17/2026,02/17/2026
2155,2024,12,Occurrence,Race-Ethnicity,American Indian/Alaska Native,PNF,Influenza and pneumonia,ICD-10,,1,Cell suppressed for small numbers,02/17/2026,02/17/2026
2156,2024,12,Occurrence,Race-Ethnicity,Asian,PNF,Influenza and pneumonia,ICD-10,99.0,,,02/17/2026,02/17/2026
2157,2024,12,Occurrence,Race-Ethnicity,Black,PNF,Influenza and pneumonia,ICD-10,44.0,,,02/17/2026,02/17/2026
2158,2024,12,Occurrence,Race-Ethnicity,Hawaiian/Pacific Islander,PNF,Influenza and pneumonia,ICD-10,,1,Cell suppressed for small numbers,02/17/2026,02/17/2026
2159,2024,12,Occurrence,Race-Ethnicity,Hispanic,PNF,Influenza and pneumonia,ICD-10,188.0,,,02/17/2026,02/17/2026
2160,2024,12,Occurrence,Race-Ethnicity,Multi-Race,PNF,Influenza and pneumonia,ICD-10,,1,Cell suppressed for small numbers,02/17/2026,02/17/2026
2161,2024,12,Occurrence,Race-Ethnicity,White,PNF,Influenza and pneumonia,ICD-10,328.0,,,02/17/2026,02/17/2026
2162,2024,12,Occurrence,Race-Ethnicity,Other/Unknown,PNF,Influenza and pneumonia,ICD-10,,1,Cell suppressed for small numbers,02/17/2026,02/17/2026
2163,2024,12,Occurrence,Total Population,Total Population,STK,Cerebrovascular diseases,ICD-10,1645.0,,,02/17/2026,02/17/2026
2164,2024,12,Occurrence,Gender,Female,STK,Cerebrovascular diseases,ICD-10,873.0,,,02/17/2026,02/17/2026
2165,2024,12,Occurrence,Gender,Male,STK,Cerebrovascular diseases,ICD-10,772.0,,,02/17/2026,02/17/2026
2166,2024,12,Occurrence,Race-Ethnicity,American Indian/Alaska Native,STK,Cerebrovascular diseases,ICD-10,,1,Cell suppressed for small numbers,02/17/2026,02/17/2026
2167,2024,12,Occurrence,Race-Ethnicity,Asian,STK,Cerebrovascular diseases,ICD-10,244.0,,,02/17/2026,02/17/2026
2168,2024,12,Occurrence,Race-Ethnicity,Black,STK,Cerebrovascular diseases,ICD-10,122.0,,,02/17/2026,02/17/2026
2169,2024,12,Occurrence,Race-Ethnicity,Hawaiian/Pacific Islander,STK,Cerebrovascular diseases,ICD-10,,1,Cell suppressed for small numbers,02/17/2026,02/17/2026
2170,2024,12,Occurrence,Race-Ethnicity,Hispanic,STK,Cerebrovascular diseases,ICD-10,353.0,,,02/17/2026,02/17/2026
2171,2024,12,Occurrence,Race-Ethnicity,Multi-Race,STK,Cerebrovascular diseases,ICD-10,12.0,,,02/17/2026,02/17/2026
2172,2024,12,Occurrence,Race-Ethnicity,White,STK,Cerebrovascular diseases,ICD-10,890.0,,,02/17/2026,02/17/2026
2173,2024,12,Occurrence,Race-Ethnicity,Other/Unknown,STK,Cerebrovascular diseases,ICD-10,14.0,,,02/17/2026,02/17/2026
2174,2024,12,Occurrence,Total Population,Total Population,SUI,Intentional self-harm (suicide),ICD-10,328.0,,,02/17/2026,02/17/2026
2175,2024,12,Occurrence,Gender,Female,SUI,Intentional self-harm (suicide),ICD-10,62.0,,,02/17/2026,02/17/2026
2176,2024,12,Occurrence,Gender,Male,SUI,Intentional self-harm (suicide),ICD-10,266.0,,,02/17/2026,02/17/2026
2177,2024,12,Occurrence,Race-Ethnicity,American Indian/Alaska Native,SUI,Intentional self-harm (suicide),ICD-10,,1,Cell suppressed for small numbers,02/17/2026,02/17/2026
2178,2024,12,Occurrence,Race-Ethnicity,Asian,SUI,Intentional self-harm (suicide),ICD-10,46.0,,,02/17/2026,02/17/2026
2179,2024,12,Occurrence,Race-Ethnicity,Black,SUI,Intentional self-harm (suicide),ICD-10,,1,Cell suppressed for small numbers,02/17/2026,02/17/2026
2180,2024,12,Occurrence,Race-Ethnicity,Hawaiian/Pacific Islander,SUI,Intentional self-harm (suicide),ICD-10,,1,Cell suppressed for small numbers,02/17/2026,02/17/2026
2181,2024,12,Occurrence,Race-Ethnicity,Hispanic,SUI,Intentional self-harm (suicide),ICD-10,73.0,,,02/17/2026,02/17/2026
2182,2024,12,Occurrence,Race-Ethnicity,Multi-Race,SUI,Intentional self-harm (suicide),ICD-10,11.0,,,02/17/2026,02/17/2026
2183,2024,12,Occurrence,Race-Ethnicity,White,SUI,Intentional self-harm (suicide),ICD-10,182.0,,,02/17/2026,02/17/2026
2184,2024,12,Occurrence,Race-Ethnicity,Other/Unknown,SUI,Intentional self-harm (suicide),ICD-10,0.0,,,02/17/2026,02/17/2026
2185,2025,01,Occurrence,Total Population,Total Population,ALL,All causes (total),ICD-10,28955.0,,,02/17/2026,02/17/2026
2186,2025,01,Occurrence,Age,Under 1 year,ALL,All causes (total),ICD-10,134.0,,,02/17/2026,02/17/2026
2187,2025,01,Occurrence,Age,1-4 years,ALL,All causes (total),ICD-10,27.0,,,02/17/2026,02/17/2026
2188,2025,01,Occurrence,Age,5-14 years,ALL,All causes (total),ICD-10,49.0,,,02/17/2026,02/17/2026
2189,2025,01,Occurrence,Age,15-24 years,ALL,All causes (total),ICD-10,250.0,,,02/17/2026,02/17/2026
2190,2025,01,Occurrence,Age,25-34 years,ALL,All causes (total),ICD-10,530.0,,,02/17/2026,02/17/2026
2191,2025,01,Occurrence,Age,35-44 years,ALL,All causes (total),ICD-10,948.0,,,02/17/2026,02/17/2026
2192,2025,01,Occurrence,Age,45-54 years,ALL,All causes (total),ICD-10,1458.0,,,02/17/2026,02/17/2026
2193,2025,01,Occurrence,Age,55-64 years,ALL,All causes (total),ICD-10,3244.0,,,02/17/2026,02/17/2026
2194,2025,01,Occurrence,Age,65-74 years,ALL,All causes (total),ICD-10,5429.0,,,02/17/2026,02/17/2026
2195,2025,01,Occurrence,Age,75-84 years,ALL,All causes (total),ICD-10,7383.0,,,02/17/2026,02/17/2026
2196,2025,01,Occurrence,Age,85 years and over,ALL,All causes (total),ICD-10,9500.0,,,02/17/2026,02/17/2026
2197,2025,01,Occurrence,Gender,Female,ALL,All causes (total),ICD-10,13600.0,,,02/17/2026,02/17/2026
2198,2025,01,Occurrence,Gender,Male,ALL,All causes (total),ICD-10,15352.0,,,02/17/2026,02/17/2026
2199,2025,01,Occurrence,Place Type,Inpatient,ALL,All causes (total),ICD-10,9751.0,,,02/17/2026,02/17/2026
2200,2025,01,Occurrence,Place Type,Emergency Room/Outpatient,ALL,All causes (total),ICD-10,1680.0,,,02/17/2026,02/17/2026
2201,2025,01,Occurrence,Place Type,Decedent's Home,ALL,All causes (total),ICD-10,10612.0,,,02/17/2026,02/17/2026
2202,2025,01,Occurrence,Place Type,Hospice Facility,ALL,All causes (total),ICD-10,375.0,,,02/17/2026,02/17/2026
2203,2025,01,Occurrence,Place Type,Nursing Home/Long Term Care Facility,ALL,All causes (total),ICD-10,4928.0,,,02/17/2026,02/17/2026
2204,2025,01,Occurrence,Place Type,Other/Unknown,ALL,All causes (total),ICD-10,1609.0,,,02/17/2026,02/17/2026
2205,2025,01,Occurrence,Race-Ethnicity,American Indian/Alaska Native,ALL,All causes (total),ICD-10,116.0,,,02/17/2026,02/17/2026
2206,2025,01,Occurrence,Race-Ethnicity,Asian,ALL,All causes (total),ICD-10,3416.0,,,02/17/2026,02/17/2026
2207,2025,01,Occurrence,Race-Ethnicity,Black,ALL,All causes (total),ICD-10,2269.0,,,02/17/2026,02/17/2026
2208,2025,01,Occurrence,Race-Ethnicity,Hawaiian/Pacific Islander,ALL,All causes (total),ICD-10,120.0,,,02/17/2026,02/17/2026
2209,2025,01,Occurrence,Race-Ethnicity,Hispanic,ALL,All causes (total),ICD-10,6657.0,,,02/17/2026,02/17/2026
2210,2025,01,Occurrence,Race-Ethnicity,Multi-Race,ALL,All causes (total),ICD-10,311.0,,,02/17/2026,02/17/2026
2211,2025,01,Occurrence,Race-Ethnicity,White,ALL,All causes (total),ICD-10,15749.0,,,02/17/2026,02/17/2026
2212,2025,01,Occurrence,Race-Ethnicity,Other/Unknown,ALL,All causes (total),ICD-10,317.0,,,02/17/2026,02/17/2026
2213,2025,01,Occurrence,Total Population,Total Population,ALZ,Alzheimer's disease,ICD-10,1663.0,,,02/17/2026,02/17/2026
2214,2025,01,Occurrence,Gender,Female,ALZ,Alzheimer's disease,ICD-10,1109.0,,,02/17/2026,02/17/2026
2215,2025,01,Occurrence,Gender,Male,ALZ,Alzheimer's disease,ICD-10,554.0,,,02/17/2026,02/17/2026
2216,2025,01,Occurrence,Race-Ethnicity,American Indian/Alaska Native,ALZ,Alzheimer's disease,ICD-10,,1,Cell suppressed for small numbers,02/17/2026,02/17/2026
2217,2025,01,Occurrence,Race-Ethnicity,Asian,ALZ,Alzheimer's disease,ICD-10,158.0,,,02/17/2026,02/17/2026
2218,2025,01,Occurrence,Race-Ethnicity,Black,ALZ,Alzheimer's disease,ICD-10,106.0,,,02/17/2026,02/17/2026
2219,2025,01,Occurrence,Race-Ethnicity,Hawaiian/Pacific Islander,ALZ,Alzheimer's disease,ICD-10,,1,Cell suppressed for small numbers,02/17/2026,02/17/2026
2220,2025,01,Occurrence,Race-Ethnicity,Hispanic,ALZ,Alzheimer's disease,ICD-10,315.0,,,02/17/2026,02/17/2026
2221,2025,01,Occurrence,Race-Ethnicity,Multi-Race,ALZ,Alzheimer's disease,ICD-10,14.0,,,02/17/2026,02/17/2026
2222,2025,01,Occurrence,Race-Ethnicity,White,ALZ,Alzheimer's disease,ICD-10,1047.0,,,02/17/2026,02/17/2026
2223,2025,01,Occurrence,Race-Ethnicity,Other/Unknown,ALZ,Alzheimer's disease,ICD-10,14.0,,,02/17/2026,02/17/2026
2224,2025,01,Occurrence,Total Population,Total Population,CAN,Malignant neoplasms,ICD-10,5475.0,,,02/17/2026,02/17/2026
2225,2025,01,Occurrence,Gender,Female,CAN,Malignant neoplasms,ICD-10,2589.0,,,02/17/2026,02/17/2026
2226,2025,01,Occurrence,Gender,Male,CAN,Malignant neoplasms,ICD-10,2886.0,,,02/17/2026,02/17/2026
2227,2025,01,Occurrence,Race-Ethnicity,American Indian/Alaska Native,CAN,Malignant neoplasms,ICD-10,21.0,,,02/17/2026,02/17/2026
2228,2025,01,Occurrence,Race-Ethnicity,Asian,CAN,Malignant neoplasms,ICD-10,738.0,,,02/17/2026,02/17/2026
2229,2025,01,Occurrence,Race-Ethnicity,Black,CAN,Malignant neoplasms,ICD-10,361.0,,,02/17/2026,02/17/2026
2230,2025,01,Occurrence,Race-Ethnicity,Hawaiian/Pacific Islander,CAN,Malignant neoplasms,ICD-10,20.0,,,02/17/2026,02/17/2026
2231,2025,01,Occurrence,Race-Ethnicity,Hispanic,CAN,Malignant neoplasms,ICD-10,1245.0,,,02/17/2026,02/17/2026
2232,2025,01,Occurrence,Race-Ethnicity,Multi-Race,CAN,Malignant neoplasms,ICD-10,59.0,,,02/17/2026,02/17/2026
2233,2025,01,Occurrence,Race-Ethnicity,White,CAN,Malignant neoplasms,ICD-10,2987.0,,,02/17/2026,02/17/2026
2234,2025,01,Occurrence,Race-Ethnicity,Other/Unknown,CAN,Malignant neoplasms,ICD-10,44.0,,,02/17/2026,02/17/2026
2235,2025,01,Occurrence,Total Population,Total Population,CLD,Chronic lower respiratory diseases,ICD-10,1207.0,,,02/17/2026,02/17/2026
2236,2025,01,Occurrence,Gender,Female,CLD,Chronic lower respiratory diseases,ICD-10,634.0,,,02/17/2026,02/17/2026
2237,2025,01,Occurrence,Gender,Male,CLD,Chronic lower respiratory diseases,ICD-10,572.0,,,02/17/2026,02/17/2026
2238,2025,01,Occurrence,Race-Ethnicity,American Indian/Alaska Native,CLD,Chronic lower respiratory diseases,ICD-10,,1,Cell suppressed for small numbers,02/17/2026,02/17/2026
2239,2025,01,Occurrence,Race-Ethnicity,Asian,CLD,Chronic lower respiratory diseases,ICD-10,85.0,,,02/17/2026,02/17/2026
2240,2025,01,Occurrence,Race-Ethnicity,Black,CLD,Chronic lower respiratory diseases,ICD-10,87.0,,,02/17/2026,02/17/2026
2241,2025,01,Occurrence,Race-Ethnicity,Hawaiian/Pacific Islander,CLD,Chronic lower respiratory diseases,ICD-10,,1,Cell suppressed for small numbers,02/17/2026,02/17/2026
2242,2025,01,Occurrence,Race-Ethnicity,Hispanic,CLD,Chronic lower respiratory diseases,ICD-10,123.0,,,02/17/2026,02/17/2026
2243,2025,01,Occurrence,Race-Ethnicity,Multi-Race,CLD,Chronic lower respiratory diseases,ICD-10,12.0,,,02/17/2026,02/17/2026
2244,2025,01,Occurrence,Race-Ethnicity,White,CLD,Chronic lower respiratory diseases,ICD-10,882.0,,,02/17/2026,02/17/2026
2245,2025,01,Occurrence,Race-Ethnicity,Other/Unknown,CLD,Chronic lower respiratory diseases,ICD-10,12.0,,,02/17/2026,02/17/2026
2246,2025,01,Occurrence,Total Population,Total Population,DIA,Diabetes mellitus,ICD-10,1167.0,,,02/17/2026,02/17/2026
2247,2025,01,Occurrence,Gender,Female,DIA,Diabetes mellitus,ICD-10,456.0,,,02/17/2026,02/17/2026
2248,2025,01,Occurrence,Gender,Male,DIA,Diabetes mellitus,ICD-10,711.0,,,02/17/2026,02/17/2026
2249,2025,01,Occurrence,Race-Ethnicity,American Indian/Alaska Native,DIA,Diabetes mellitus,ICD-10,,1,Cell suppressed for small numbers,02/17/2026,02/17/2026
2250,2025,01,Occurrence,Race-Ethnicity,Asian,DIA,Diabetes mellitus,ICD-10,191.0,,,02/17/2026,02/17/2026
2251,2025,01,Occurrence,Race-Ethnicity,Black,DIA,Diabetes mellitus,ICD-10,128.0,,,02/17/2026,02/17/2026
2252,2025,01,Occurrence,Race-Ethnicity,Hawaiian/Pacific Islander,DIA,Diabetes mellitus,ICD-10,,1,Cell suppressed for small numbers,02/17/2026,02/17/2026
2253,2025,01,Occurrence,Race-Ethnicity,Hispanic,DIA,Diabetes mellitus,ICD-10,420.0,,,02/17/2026,02/17/2026
2254,2025,01,Occurrence,Race-Ethnicity,Multi-Race,DIA,Diabetes mellitus,ICD-10,21.0,,,02/17/2026,02/17/2026
2255,2025,01,Occurrence,Race-Ethnicity,White,DIA,Diabetes mellitus,ICD-10,377.0,,,02/17/2026,02/17/2026
2256,2025,01,Occurrence,Race-Ethnicity,Other/Unknown,DIA,Diabetes mellitus,ICD-10,14.0,,,02/17/2026,02/17/2026
2257,2025,01,Occurrence,Total Population,Total Population,HOM,Assault (homicide),ICD-10,129.0,,,02/17/2026,02/17/2026
2258,2025,01,Occurrence,Gender,Female,HOM,Assault (homicide),ICD-10,22.0,,,02/17/2026,02/17/2026
2259,2025,01,Occurrence,Gender,Male,HOM,Assault (homicide),ICD-10,107.0,,,02/17/2026,02/17/2026
2260,2025,01,Occurrence,Race-Ethnicity,American Indian/Alaska Native,HOM,Assault (homicide),ICD-10,,1,Cell suppressed for small numbers,02/17/2026,02/17/2026
2261,2025,01,Occurrence,Race-Ethnicity,Asian,HOM,Assault (homicide),ICD-10,,1,Cell suppressed for small numbers,02/17/2026,02/17/2026
2262,2025,01,Occurrence,Race-Ethnicity,Black,HOM,Assault (homicide),ICD-10,33.0,,,02/17/2026,02/17/2026
2263,2025,01,Occurrence,Race-Ethnicity,Hawaiian/Pacific Islander,HOM,Assault (homicide),ICD-10,0.0,,,02/17/2026,02/17/2026
2264,2025,01,Occurrence,Race-Ethnicity,Hispanic,HOM,Assault (homicide),ICD-10,62.0,,,02/17/2026,02/17/2026
2265,2025,01,Occurrence,Race-Ethnicity,Multi-Race,HOM,Assault (homicide),ICD-10,,1,Cell suppressed for small numbers,02/17/2026,02/17/2026
2266,2025,01,Occurrence,Race-Ethnicity,White,HOM,Assault (homicide),ICD-10,24.0,,,02/17/2026,02/17/2026
2267,2025,01,Occurrence,Race-Ethnicity,Other/Unknown,HOM,Assault (homicide),ICD-10,0.0,,,02/17/2026,02/17/2026
2268,2025,01,Occurrence,Total Population,Total Population,HTD,Diseases of heart,ICD-10,6549.0,,,02/17/2026,02/17/2026
2269,2025,01,Occurrence,Gender,Female,HTD,Diseases of heart,ICD-10,2842.0,,,02/17/2026,02/17/2026
2270,2025,01,Occurrence,Gender,Male,HTD,Diseases of heart,ICD-10,3707.0,,,02/17/2026,02/17/2026
2271,2025,01,Occurrence,Race-Ethnicity,American Indian/Alaska Native,HTD,Diseases of heart,ICD-10,24.0,,,02/17/2026,02/17/2026
2272,2025,01,Occurrence,Race-Ethnicity,Asian,HTD,Diseases of heart,ICD-10,723.0,,,02/17/2026,02/17/2026
2273,2025,01,Occurrence,Race-Ethnicity,Black,HTD,Diseases of heart,ICD-10,567.0,,,02/17/2026,02/17/2026
2274,2025,01,Occurrence,Race-Ethnicity,Hawaiian/Pacific Islander,HTD,Diseases of heart,ICD-10,38.0,,,02/17/2026,02/17/2026
2275,2025,01,Occurrence,Race-Ethnicity,Hispanic,HTD,Diseases of heart,ICD-10,1335.0,,,02/17/2026,02/17/2026
2276,2025,01,Occurrence,Race-Ethnicity,Multi-Race,HTD,Diseases of heart,ICD-10,52.0,,,02/17/2026,02/17/2026
2277,2025,01,Occurrence,Race-Ethnicity,White,HTD,Diseases of heart,ICD-10,3740.0,,,02/17/2026,02/17/2026
2278,2025,01,Occurrence,Race-Ethnicity,Other/Unknown,HTD,Diseases of heart,ICD-10,70.0,,,02/17/2026,02/17/2026
2279,2025,01,Occurrence,Total Population,Total Population,HYP,Essential hypertension and hypertensive renal disease,ICD-10,665.0,,,02/17/2026,02/17/2026
2280,2025,01,Occurrence,Gender,Female,HYP,Essential hypertension and hypertensive renal disease,ICD-10,336.0,,,02/17/2026,02/17/2026
2281,2025,01,Occurrence,Gender,Male,HYP,Essential hypertension and hypertensive renal disease,ICD-10,329.0,,,02/17/2026,02/17/2026
2282,2025,01,Occurrence,Race-Ethnicity,American Indian/Alaska Native,HYP,Essential hypertension and hypertensive renal disease,ICD-10,,1,Cell suppressed for small numbers,02/17/2026,02/17/2026
2283,2025,01,Occurrence,Race-Ethnicity,Asian,HYP,Essential hypertension and hypertensive renal disease,ICD-10,116.0,,,02/17/2026,02/17/2026
2284,2025,01,Occurrence,Race-Ethnicity,Black,HYP,Essential hypertension and hypertensive renal disease,ICD-10,77.0,,,02/17/2026,02/17/2026
2285,2025,01,Occurrence,Race-Ethnicity,Hawaiian/Pacific Islander,HYP,Essential hypertension and hypertensive renal disease,ICD-10,,1,Cell suppressed for small numbers,02/17/2026,02/17/2026
2286,2025,01,Occurrence,Race-Ethnicity,Hispanic,HYP,Essential hypertension and hypertensive renal disease,ICD-10,144.0,,,02/17/2026,02/17/2026
2287,2025,01,Occurrence,Race-Ethnicity,Multi-Race,HYP,Essential hypertension and hypertensive renal disease,ICD-10,,1,Cell suppressed for small numbers,02/17/2026,02/17/2026
2288,2025,01,Occurrence,Race-Ethnicity,White,HYP,Essential hypertension and hypertensive renal disease,ICD-10,304.0,,,02/17/2026,02/17/2026
2289,2025,01,Occurrence,Race-Ethnicity,Other/Unknown,HYP,Essential hypertension and hypertensive renal disease,ICD-10,13.0,,,02/17/2026,02/17/2026
2290,2025,01,Occurrence,Total Population,Total Population,INJ,Accidents (unintentional injuries),ICD-10,1697.0,,,02/17/2026,02/17/2026
2291,2025,01,Occurrence,Gender,Female,INJ,Accidents (unintentional injuries),ICD-10,516.0,,,02/17/2026,02/17/2026
2292,2025,01,Occurrence,Gender,Male,INJ,Accidents (unintentional injuries),ICD-10,1181.0,,,02/17/2026,02/17/2026
2293,2025,01,Occurrence,Race-Ethnicity,American Indian/Alaska Native,INJ,Accidents (unintentional injuries),ICD-10,,2,Cell suppressed for complementary cell,02/17/2026,02/17/2026
2294,2025,01,Occurrence,Race-Ethnicity,Asian,INJ,Accidents (unintentional injuries),ICD-10,111.0,,,02/17/2026,02/17/2026
2295,2025,01,Occurrence,Race-Ethnicity,Black,INJ,Accidents (unintentional injuries),ICD-10,189.0,,,02/17/2026,02/17/2026
2296,2025,01,Occurrence,Race-Ethnicity,Hawaiian/Pacific Islander,INJ,Accidents (unintentional injuries),ICD-10,,1,Cell suppressed for small numbers,02/17/2026,02/17/2026
2297,2025,01,Occurrence,Race-Ethnicity,Hispanic,INJ,Accidents (unintentional injuries),ICD-10,509.0,,,02/17/2026,02/17/2026
2298,2025,01,Occurrence,Race-Ethnicity,Multi-Race,INJ,Accidents (unintentional injuries),ICD-10,29.0,,,02/17/2026,02/17/2026
2299,2025,01,Occurrence,Race-Ethnicity,White,INJ,Accidents (unintentional injuries),ICD-10,799.0,,,02/17/2026,02/17/2026
2300,2025,01,Occurrence,Race-Ethnicity,Other/Unknown,INJ,Accidents (unintentional injuries),ICD-10,42.0,,,02/17/2026,02/17/2026
2301,2025,01,Occurrence,Total Population,Total Population,LIV,Chronic liver disease and cirrhosis,ICD-10,635.0,,,02/17/2026,02/17/2026
2302,2025,01,Occurrence,Gender,Female,LIV,Chronic liver disease and cirrhosis,ICD-10,218.0,,,02/17/2026,02/17/2026
2303,2025,01,Occurrence,Gender,Male,LIV,Chronic liver disease and cirrhosis,ICD-10,417.0,,,02/17/2026,02/17/2026
2304,2025,01,Occurrence,Race-Ethnicity,American Indian/Alaska Native,LIV,Chronic liver disease and cirrhosis,ICD-10,,1,Cell suppressed for small numbers,02/17/2026,02/17/2026
2305,2025,01,Occurrence,Race-Ethnicity,Asian,LIV,Chronic liver disease and cirrhosis,ICD-10,29.0,,,02/17/2026,02/17/2026
2306,2025,01,Occurrence,Race-Ethnicity,Black,LIV,Chronic liver disease and cirrhosis,ICD-10,31.0,,,02/17/2026,02/17/2026
2307,2025,01,Occurrence,Race-Ethnicity,Hawaiian/Pacific Islander,LIV,Chronic liver disease and cirrhosis,ICD-10,,1,Cell suppressed for small numbers,02/17/2026,02/17/2026
2308,2025,01,Occurrence,Race-Ethnicity,Hispanic,LIV,Chronic liver disease and cirrhosis,ICD-10,302.0,,,02/17/2026,02/17/2026
2309,2025,01,Occurrence,Race-Ethnicity,Multi-Race,LIV,Chronic liver disease and cirrhosis,ICD-10,,1,Cell suppressed for small numbers,02/17/2026,02/17/2026
2310,2025,01,Occurrence,Race-Ethnicity,White,LIV,Chronic liver disease and cirrhosis,ICD-10,251.0,,,02/17/2026,02/17/2026
2311,2025,01,Occurrence,Race-Ethnicity,Other/Unknown,LIV,Chronic liver disease and cirrhosis,ICD-10,,1,Cell suppressed for small numbers,02/17/2026,02/17/2026
2312,2025,01,Occurrence,Total Population,Total Population,NEP,"Nephritis, nephrotic syndrome and nephrosis",ICD-10,486.0,,,02/17/2026,02/17/2026
2313,2025,01,Occurrence,Gender,Female,NEP,"Nephritis, nephrotic syndrome and nephrosis",ICD-10,228.0,,,02/17/2026,02/17/2026
2314,2025,01,Occurrence,Gender,Male,NEP,"Nephritis, nephrotic syndrome and nephrosis",ICD-10,258.0,,,02/17/2026,02/17/2026
2315,2025,01,Occurrence,Race-Ethnicity,American Indian/Alaska Native,NEP,"Nephritis, nephrotic syndrome and nephrosis",ICD-10,,1,Cell suppressed for small numbers,02/17/2026,02/17/2026
2316,2025,01,Occurrence,Race-Ethnicity,Asian,NEP,"Nephritis, nephrotic syndrome and nephrosis",ICD-10,75.0,,,02/17/2026,02/17/2026
2317,2025,01,Occurrence,Race-Ethnicity,Black,NEP,"Nephritis, nephrotic syndrome and nephrosis",ICD-10,55.0,,,02/17/2026,02/17/2026
2318,2025,01,Occurrence,Race-Ethnicity,Hawaiian/Pacific Islander,NEP,"Nephritis, nephrotic syndrome and nephrosis",ICD-10,,1,Cell suppressed for small numbers,02/17/2026,02/17/2026
2319,2025,01,Occurrence,Race-Ethnicity,Hispanic,NEP,"Nephritis, nephrotic syndrome and nephrosis",ICD-10,149.0,,,02/17/2026,02/17/2026
2320,2025,01,Occurrence,Race-Ethnicity,Multi-Race,NEP,"Nephritis, nephrotic syndrome and nephrosis",ICD-10,,1,Cell suppressed for small numbers,02/17/2026,02/17/2026
2321,2025,01,Occurrence,Race-Ethnicity,White,NEP,"Nephritis, nephrotic syndrome and nephrosis",ICD-10,195.0,,,02/17/2026,02/17/2026
2322,2025,01,Occurrence,Race-Ethnicity,Other/Unknown,NEP,"Nephritis, nephrotic syndrome and nephrosis",ICD-10,,1,Cell suppressed for small numbers,02/17/2026,02/17/2026
2323,2025,01,Occurrence,Total Population,Total Population,PAR,Parkinson's disease,ICD-10,429.0,,,02/17/2026,02/17/2026
2324,2025,01,Occurrence,Gender,Female,PAR,Parkinson's disease,ICD-10,151.0,,,02/17/2026,02/17/2026
2325,2025,01,Occurrence,Gender,Male,PAR,Parkinson's disease,ICD-10,278.0,,,02/17/2026,02/17/2026
2326,2025,01,Occurrence,Race-Ethnicity,American Indian/Alaska Native,PAR,Parkinson's disease,ICD-10,,1,Cell suppressed for small numbers,02/17/2026,02/17/2026
2327,2025,01,Occurrence,Race-Ethnicity,Asian,PAR,Parkinson's disease,ICD-10,57.0,,,02/17/2026,02/17/2026
2328,2025,01,Occurrence,Race-Ethnicity,Black,PAR,Parkinson's disease,ICD-10,16.0,,,02/17/2026,02/17/2026
2329,2025,01,Occurrence,Race-Ethnicity,Hawaiian/Pacific Islander,PAR,Parkinson's disease,ICD-10,0.0,,,02/17/2026,02/17/2026
2330,2025,01,Occurrence,Race-Ethnicity,Hispanic,PAR,Parkinson's disease,ICD-10,63.0,,,02/17/2026,02/17/2026
2331,2025,01,Occurrence,Race-Ethnicity,Multi-Race,PAR,Parkinson's disease,ICD-10,,1,Cell suppressed for small numbers,02/17/2026,02/17/2026
2332,2025,01,Occurrence,Race-Ethnicity,White,PAR,Parkinson's disease,ICD-10,285.0,,,02/17/2026,02/17/2026
2333,2025,01,Occurrence,Race-Ethnicity,Other/Unknown,PAR,Parkinson's disease,ICD-10,,1,Cell suppressed for small numbers,02/17/2026,02/17/2026
2334,2025,01,Occurrence,Total Population,Total Population,PNF,Influenza and pneumonia,ICD-10,1184.0,,,02/17/2026,02/17/2026
2335,2025,01,Occurrence,Gender,Female,PNF,Influenza and pneumonia,ICD-10,605.0,,,02/17/2026,02/17/2026
2336,2025,01,Occurrence,Gender,Male,PNF,Influenza and pneumonia,ICD-10,579.0,,,02/17/2026,02/17/2026
2337,2025,01,Occurrence,Race-Ethnicity,American Indian/Alaska Native,PNF,Influenza and pneumonia,ICD-10,,1,Cell suppressed for small numbers,02/17/2026,02/17/2026
2338,2025,01,Occurrence,Race-Ethnicity,Asian,PNF,Influenza and pneumonia,ICD-10,176.0,,,02/17/2026,02/17/2026
2339,2025,01,Occurrence,Race-Ethnicity,Black,PNF,Influenza and pneumonia,ICD-10,68.0,,,02/17/2026,02/17/2026
2340,2025,01,Occurrence,Race-Ethnicity,Hawaiian/Pacific Islander,PNF,Influenza and pneumonia,ICD-10,,1,Cell suppressed for small numbers,02/17/2026,02/17/2026
2341,2025,01,Occurrence,Race-Ethnicity,Hispanic,PNF,Influenza and pneumonia,ICD-10,306.0,,,02/17/2026,02/17/2026
2342,2025,01,Occurrence,Race-Ethnicity,Multi-Race,PNF,Influenza and pneumonia,ICD-10,,1,Cell suppressed for small numbers,02/17/2026,02/17/2026
2343,2025,01,Occurrence,Race-Ethnicity,White,PNF,Influenza and pneumonia,ICD-10,593.0,,,02/17/2026,02/17/2026
2344,2025,01,Occurrence,Race-Ethnicity,Other/Unknown,PNF,Influenza and pneumonia,ICD-10,23.0,,,02/17/2026,02/17/2026
2345,2025,01,Occurrence,Total Population,Total Population,STK,Cerebrovascular diseases,ICD-10,1696.0,,,02/17/2026,02/17/2026
2346,2025,01,Occurrence,Gender,Female,STK,Cerebrovascular diseases,ICD-10,939.0,,,02/17/2026,02/17/2026
2347,2025,01,Occurrence,Gender,Male,STK,Cerebrovascular diseases,ICD-10,757.0,,,02/17/2026,02/17/2026
2348,2025,01,Occurrence,Race-Ethnicity,American Indian/Alaska Native,STK,Cerebrovascular diseases,ICD-10,,1,Cell suppressed for small numbers,02/17/2026,02/17/2026
2349,2025,01,Occurrence,Race-Ethnicity,Asian,STK,Cerebrovascular diseases,ICD-10,266.0,,,02/17/2026,02/17/2026
2350,2025,01,Occurrence,Race-Ethnicity,Black,STK,Cerebrovascular diseases,ICD-10,124.0,,,02/17/2026,02/17/2026
2351,2025,01,Occurrence,Race-Ethnicity,Hawaiian/Pacific Islander,STK,Cerebrovascular diseases,ICD-10,,1,Cell suppressed for small numbers,02/17/2026,02/17/2026
2352,2025,01,Occurrence,Race-Ethnicity,Hispanic,STK,Cerebrovascular diseases,ICD-10,374.0,,,02/17/2026,02/17/2026
2353,2025,01,Occurrence,Race-Ethnicity,Multi-Race,STK,Cerebrovascular diseases,ICD-10,15.0,,,02/17/2026,02/17/2026
2354,2025,01,Occurrence,Race-Ethnicity,White,STK,Cerebrovascular diseases,ICD-10,890.0,,,02/17/2026,02/17/2026
2355,2025,01,Occurrence,Race-Ethnicity,Other/Unknown,STK,Cerebrovascular diseases,ICD-10,15.0,,,02/17/2026,02/17/2026
2356,2025,01,Occurrence,Total Population,Total Population,SUI,Intentional self-harm (suicide),ICD-10,342.0,,,02/17/2026,02/17/2026
2357,2025,01,Occurrence,Gender,Female,SUI,Intentional self-harm (suicide),ICD-10,64.0,,,02/17/2026,02/17/2026
2358,2025,01,Occurrence,Gender,Male,SUI,Intentional self-harm (suicide),ICD-10,277.0,,,02/17/2026,02/17/2026
2359,2025,01,Occurrence,Race-Ethnicity,American Indian/Alaska Native,SUI,Intentional self-harm (suicide),ICD-10,,1,Cell suppressed for small numbers,02/17/2026,02/17/2026
2360,2025,01,Occurrence,Race-Ethnicity,Asian,SUI,Intentional self-harm (suicide),ICD-10,36.0,,,02/17/2026,02/17/2026
2361,2025,01,Occurrence,Race-Ethnicity,Black,SUI,Intentional self-harm (suicide),ICD-10,18.0,,,02/17/2026,02/17/2026
2362,2025,01,Occurrence,Race-Ethnicity,Hawaiian/Pacific Islander,SUI,Intentional self-harm (suicide),ICD-10,0.0,,,02/17/2026,02/17/2026
2363,2025,01,Occurrence,Race-Ethnicity,Hispanic,SUI,Intentional self-harm (suicide),ICD-10,93.0,,,02/17/2026,02/17/2026
2364,2025,01,Occurrence,Race-Ethnicity,Multi-Race,SUI,Intentional self-harm (suicide),ICD-10,14.0,,,02/17/2026,02/17/2026
2365,2025,01,Occurrence,Race-Ethnicity,White,SUI,Intentional self-harm (suicide),ICD-10,175.0,,,02/17/2026,02/17/2026
2366,2025,01,Occurrence,Race-Ethnicity,Other/Unknown,SUI,Intentional self-harm (suicide),ICD-10,,1,Cell suppressed for small numbers,02/17/2026,02/17/2026
2367,2025,02,Occurrence,Total Population,Total Population,ALL,All causes (total),ICD-10,25027.0,,,02/17/2026,02/17/2026
2368,2025,02,Occurrence,Age,Under 1 year,ALL,All causes (total),ICD-10,130.0,,,02/17/2026,02/17/2026
2369,2025,02,Occurrence,Age,1-4 years,ALL,All causes (total),ICD-10,27.0,,,02/17/2026,02/17/2026
2370,2025,02,Occurrence,Age,5-14 years,ALL,All causes (total),ICD-10,40.0,,,02/17/2026,02/17/2026
2371,2025,02,Occurrence,Age,15-24 years,ALL,All causes (total),ICD-10,194.0,,,02/17/2026,02/17/2026
2372,2025,02,Occurrence,Age,25-34 years,ALL,All causes (total),ICD-10,464.0,,,02/17/2026,02/17/2026
2373,2025,02,Occurrence,Age,35-44 years,ALL,All causes (total),ICD-10,784.0,,,02/17/2026,02/17/2026
2374,2025,02,Occurrence,Age,45-54 years,ALL,All causes (total),ICD-10,1201.0,,,02/17/2026,02/17/2026
2375,2025,02,Occurrence,Age,55-64 years,ALL,All causes (total),ICD-10,2736.0,,,02/17/2026,02/17/2026
2376,2025,02,Occurrence,Age,65-74 years,ALL,All causes (total),ICD-10,4726.0,,,02/17/2026,02/17/2026
2377,2025,02,Occurrence,Age,75-84 years,ALL,All causes (total),ICD-10,6528.0,,,02/17/2026,02/17/2026
2378,2025,02,Occurrence,Age,85 years and over,ALL,All causes (total),ICD-10,8194.0,,,02/17/2026,02/17/2026
2379,2025,02,Occurrence,Gender,Female,ALL,All causes (total),ICD-10,11668.0,,,02/17/2026,02/17/2026
2380,2025,02,Occurrence,Gender,Male,ALL,All causes (total),ICD-10,13359.0,,,02/17/2026,02/17/2026
2381,2025,02,Occurrence,Place Type,Inpatient,ALL,All causes (total),ICD-10,8321.0,,,02/17/2026,02/17/2026
2382,2025,02,Occurrence,Place Type,Emergency Room/Outpatient,ALL,All causes (total),ICD-10,1330.0,,,02/17/2026,02/17/2026
2383,2025,02,Occurrence,Place Type,Decedent's Home,ALL,All causes (total),ICD-10,9289.0,,,02/17/2026,02/17/2026
2384,2025,02,Occurrence,Place Type,Hospice Facility,ALL,All causes (total),ICD-10,312.0,,,02/17/2026,02/17/2026
2385,2025,02,Occurrence,Place Type,Nursing Home/Long Term Care Facility,ALL,All causes (total),ICD-10,4383.0,,,02/17/2026,02/17/2026
2386,2025,02,Occurrence,Place Type,Other/Unknown,ALL,All causes (total),ICD-10,1392.0,,,02/17/2026,02/17/2026
2387,2025,02,Occurrence,Race-Ethnicity,American Indian/Alaska Native,ALL,All causes (total),ICD-10,105.0,,,02/17/2026,02/17/2026
2388,2025,02,Occurrence,Race-Ethnicity,Asian,ALL,All causes (total),ICD-10,3032.0,,,02/17/2026,02/17/2026
2389,2025,02,Occurrence,Race-Ethnicity,Black,ALL,All causes (total),ICD-10,1814.0,,,02/17/2026,02/17/2026
2390,2025,02,Occurrence,Race-Ethnicity,Hawaiian/Pacific Islander,ALL,All causes (total),ICD-10,110.0,,,02/17/2026,02/17/2026
2391,2025,02,Occurrence,Race-Ethnicity,Hispanic,ALL,All causes (total),ICD-10,5680.0,,,02/17/2026,02/17/2026
2392,2025,02,Occurrence,Race-Ethnicity,Multi-Race,ALL,All causes (total),ICD-10,244.0,,,02/17/2026,02/17/2026
2393,2025,02,Occurrence,Race-Ethnicity,White,ALL,All causes (total),ICD-10,13803.0,,,02/17/2026,02/17/2026
2394,2025,02,Occurrence,Race-Ethnicity,Other/Unknown,ALL,All causes (total),ICD-10,239.0,,,02/17/2026,02/17/2026
2395,2025,02,Occurrence,Total Population,Total Population,ALZ,Alzheimer's disease,ICD-10,1445.0,,,02/17/2026,02/17/2026
2396,2025,02,Occurrence,Gender,Female,ALZ,Alzheimer's disease,ICD-10,955.0,,,02/17/2026,02/17/2026
2397,2025,02,Occurrence,Gender,Male,ALZ,Alzheimer's disease,ICD-10,490.0,,,02/17/2026,02/17/2026
2398,2025,02,Occurrence,Race-Ethnicity,American Indian/Alaska Native,ALZ,Alzheimer's disease,ICD-10,,1,Cell suppressed for small numbers,02/17/2026,02/17/2026
2399,2025,02,Occurrence,Race-Ethnicity,Asian,ALZ,Alzheimer's disease,ICD-10,167.0,,,02/17/2026,02/17/2026
2400,2025,02,Occurrence,Race-Ethnicity,Black,ALZ,Alzheimer's disease,ICD-10,72.0,,,02/17/2026,02/17/2026
2401,2025,02,Occurrence,Race-Ethnicity,Hawaiian/Pacific Islander,ALZ,Alzheimer's disease,ICD-10,,1,Cell suppressed for small numbers,02/17/2026,02/17/2026
2402,2025,02,Occurrence,Race-Ethnicity,Hispanic,ALZ,Alzheimer's disease,ICD-10,246.0,,,02/17/2026,02/17/2026
2403,2025,02,Occurrence,Race-Ethnicity,Multi-Race,ALZ,Alzheimer's disease,ICD-10,16.0,,,02/17/2026,02/17/2026
2404,2025,02,Occurrence,Race-Ethnicity,White,ALZ,Alzheimer's disease,ICD-10,927.0,,,02/17/2026,02/17/2026
2405,2025,02,Occurrence,Race-Ethnicity,Other/Unknown,ALZ,Alzheimer's disease,ICD-10,,1,Cell suppressed for small numbers,02/17/2026,02/17/2026
2406,2025,02,Occurrence,Total Population,Total Population,CAN,Malignant neoplasms,ICD-10,4814.0,,,02/17/2026,02/17/2026
2407,2025,02,Occurrence,Gender,Female,CAN,Malignant neoplasms,ICD-10,2258.0,,,02/17/2026,02/17/2026
2408,2025,02,Occurrence,Gender,Male,CAN,Malignant neoplasms,ICD-10,2556.0,,,02/17/2026,02/17/2026
2409,2025,02,Occurrence,Race-Ethnicity,American Indian/Alaska Native,CAN,Malignant neoplasms,ICD-10,21.0,,,02/17/2026,02/17/2026
2410,2025,02,Occurrence,Race-Ethnicity,Asian,CAN,Malignant neoplasms,ICD-10,626.0,,,02/17/2026,02/17/2026
2411,2025,02,Occurrence,Race-Ethnicity,Black,CAN,Malignant neoplasms,ICD-10,326.0,,,02/17/2026,02/17/2026
2412,2025,02,Occurrence,Race-Ethnicity,Hawaiian/Pacific Islander,CAN,Malignant neoplasms,ICD-10,13.0,,,02/17/2026,02/17/2026
2413,2025,02,Occurrence,Race-Ethnicity,Hispanic,CAN,Malignant neoplasms,ICD-10,1058.0,,,02/17/2026,02/17/2026
2414,2025,02,Occurrence,Race-Ethnicity,Multi-Race,CAN,Malignant neoplasms,ICD-10,51.0,,,02/17/2026,02/17/2026
2415,2025,02,Occurrence,Race-Ethnicity,White,CAN,Malignant neoplasms,ICD-10,2682.0,,,02/17/2026,02/17/2026
2416,2025,02,Occurrence,Race-Ethnicity,Other/Unknown,CAN,Malignant neoplasms,ICD-10,37.0,,,02/17/2026,02/17/2026
2417,2025,02,Occurrence,Total Population,Total Population,CLD,Chronic lower respiratory diseases,ICD-10,1109.0,,,02/17/2026,02/17/2026
2418,2025,02,Occurrence,Gender,Female,CLD,Chronic lower respiratory diseases,ICD-10,554.0,,,02/17/2026,02/17/2026
2419,2025,02,Occurrence,Gender,Male,CLD,Chronic lower respiratory diseases,ICD-10,555.0,,,02/17/2026,02/17/2026
2420,2025,02,Occurrence,Race-Ethnicity,American Indian/Alaska Native,CLD,Chronic lower respiratory diseases,ICD-10,,1,Cell suppressed for small numbers,02/17/2026,02/17/2026
2421,2025,02,Occurrence,Race-Ethnicity,Asian,CLD,Chronic lower respiratory diseases,ICD-10,85.0,,,02/17/2026,02/17/2026
2422,2025,02,Occurrence,Race-Ethnicity,Black,CLD,Chronic lower respiratory diseases,ICD-10,66.0,,,02/17/2026,02/17/2026
2423,2025,02,Occurrence,Race-Ethnicity,Hawaiian/Pacific Islander,CLD,Chronic lower respiratory diseases,ICD-10,,1,Cell suppressed for small numbers,02/17/2026,02/17/2026
2424,2025,02,Occurrence,Race-Ethnicity,Hispanic,CLD,Chronic lower respiratory diseases,ICD-10,147.0,,,02/17/2026,02/17/2026
2425,2025,02,Occurrence,Race-Ethnicity,Multi-Race,CLD,Chronic lower respiratory diseases,ICD-10,14.0,,,02/17/2026,02/17/2026
2426,2025,02,Occurrence,Race-Ethnicity,White,CLD,Chronic lower respiratory diseases,ICD-10,768.0,,,02/17/2026,02/17/2026
2427,2025,02,Occurrence,Race-Ethnicity,Other/Unknown,CLD,Chronic lower respiratory diseases,ICD-10,21.0,,,02/17/2026,02/17/2026
2428,2025,02,Occurrence,Total Population,Total Population,DIA,Diabetes mellitus,ICD-10,1008.0,,,02/17/2026,02/17/2026
2429,2025,02,Occurrence,Gender,Female,DIA,Diabetes mellitus,ICD-10,423.0,,,02/17/2026,02/17/2026
2430,2025,02,Occurrence,Gender,Male,DIA,Diabetes mellitus,ICD-10,585.0,,,02/17/2026,02/17/2026
2431,2025,02,Occurrence,Race-Ethnicity,American Indian/Alaska Native,DIA,Diabetes mellitus,ICD-10,,1,Cell suppressed for small numbers,02/17/2026,02/17/2026
2432,2025,02,Occurrence,Race-Ethnicity,Asian,DIA,Diabetes mellitus,ICD-10,157.0,,,02/17/2026,02/17/2026
2433,2025,02,Occurrence,Race-Ethnicity,Black,DIA,Diabetes mellitus,ICD-10,85.0,,,02/17/2026,02/17/2026
2434,2025,02,Occurrence,Race-Ethnicity,Hawaiian/Pacific Islander,DIA,Diabetes mellitus,ICD-10,,1,Cell suppressed for small numbers,02/17/2026,02/17/2026
2435,2025,02,Occurrence,Race-Ethnicity,Hispanic,DIA,Diabetes mellitus,ICD-10,361.0,,,02/17/2026,02/17/2026
2436,2025,02,Occurrence,Race-Ethnicity,Multi-Race,DIA,Diabetes mellitus,ICD-10,,1,Cell suppressed for small numbers,02/17/2026,02/17/2026
2437,2025,02,Occurrence,Race-Ethnicity,White,DIA,Diabetes mellitus,ICD-10,379.0,,,02/17/2026,02/17/2026
2438,2025,02,Occurrence,Race-Ethnicity,Other/Unknown,DIA,Diabetes mellitus,ICD-10,11.0,,,02/17/2026,02/17/2026
2439,2025,02,Occurrence,Total Population,Total Population,HOM,Assault (homicide),ICD-10,110.0,,,02/17/2026,02/17/2026
2440,2025,02,Occurrence,Gender,Female,HOM,Assault (homicide),ICD-10,21.0,,,02/17/2026,02/17/2026
2441,2025,02,Occurrence,Gender,Male,HOM,Assault (homicide),ICD-10,89.0,,,02/17/2026,02/17/2026
2442,2025,02,Occurrence,Race-Ethnicity,American Indian/Alaska Native,HOM,Assault (homicide),ICD-10,,1,Cell suppressed for small numbers,02/17/2026,02/17/2026
2443,2025,02,Occurrence,Race-Ethnicity,Asian,HOM,Assault (homicide),ICD-10,,1,Cell suppressed for small numbers,02/17/2026,02/17/2026
2444,2025,02,Occurrence,Race-Ethnicity,Black,HOM,Assault (homicide),ICD-10,25.0,,,02/17/2026,02/17/2026
2445,2025,02,Occurrence,Race-Ethnicity,Hawaiian/Pacific Islander,HOM,Assault (homicide),ICD-10,0.0,,,02/17/2026,02/17/2026
2446,2025,02,Occurrence,Race-Ethnicity,Hispanic,HOM,Assault (homicide),ICD-10,59.0,,,02/17/2026,02/17/2026
2447,2025,02,Occurrence,Race-Ethnicity,Multi-Race,HOM,Assault (homicide),ICD-10,,1,Cell suppressed for small numbers,02/17/2026,02/17/2026
2448,2025,02,Occurrence,Race-Ethnicity,White,HOM,Assault (homicide),ICD-10,20.0,,,02/17/2026,02/17/2026
2449,2025,02,Occurrence,Race-Ethnicity,Other/Unknown,HOM,Assault (homicide),ICD-10,0.0,,,02/17/2026,02/17/2026
2450,2025,02,Occurrence,Total Population,Total Population,HTD,Diseases of heart,ICD-10,5601.0,,,02/17/2026,02/17/2026
2451,2025,02,Occurrence,Gender,Female,HTD,Diseases of heart,ICD-10,2432.0,,,02/17/2026,02/17/2026
2452,2025,02,Occurrence,Gender,Male,HTD,Diseases of heart,ICD-10,3169.0,,,02/17/2026,02/17/2026
2453,2025,02,Occurrence,Race-Ethnicity,American Indian/Alaska Native,HTD,Diseases of heart,ICD-10,19.0,,,02/17/2026,02/17/2026
2454,2025,02,Occurrence,Race-Ethnicity,Asian,HTD,Diseases of heart,ICD-10,676.0,,,02/17/2026,02/17/2026
2455,2025,02,Occurrence,Race-Ethnicity,Black,HTD,Diseases of heart,ICD-10,447.0,,,02/17/2026,02/17/2026
2456,2025,02,Occurrence,Race-Ethnicity,Hawaiian/Pacific Islander,HTD,Diseases of heart,ICD-10,29.0,,,02/17/2026,02/17/2026
2457,2025,02,Occurrence,Race-Ethnicity,Hispanic,HTD,Diseases of heart,ICD-10,1074.0,,,02/17/2026,02/17/2026
2458,2025,02,Occurrence,Race-Ethnicity,Multi-Race,HTD,Diseases of heart,ICD-10,46.0,,,02/17/2026,02/17/2026
2459,2025,02,Occurrence,Race-Ethnicity,White,HTD,Diseases of heart,ICD-10,3248.0,,,02/17/2026,02/17/2026
2460,2025,02,Occurrence,Race-Ethnicity,Other/Unknown,HTD,Diseases of heart,ICD-10,62.0,,,02/17/2026,02/17/2026
2461,2025,02,Occurrence,Total Population,Total Population,HYP,Essential hypertension and hypertensive renal disease,ICD-10,572.0,,,02/17/2026,02/17/2026
2462,2025,02,Occurrence,Gender,Female,HYP,Essential hypertension and hypertensive renal disease,ICD-10,281.0,,,02/17/2026,02/17/2026
2463,2025,02,Occurrence,Gender,Male,HYP,Essential hypertension and hypertensive renal disease,ICD-10,291.0,,,02/17/2026,02/17/2026
2464,2025,02,Occurrence,Race-Ethnicity,American Indian/Alaska Native,HYP,Essential hypertension and hypertensive renal disease,ICD-10,,1,Cell suppressed for small numbers,02/17/2026,02/17/2026
2465,2025,02,Occurrence,Race-Ethnicity,Asian,HYP,Essential hypertension and hypertensive renal disease,ICD-10,89.0,,,02/17/2026,02/17/2026
2466,2025,02,Occurrence,Race-Ethnicity,Black,HYP,Essential hypertension and hypertensive renal disease,ICD-10,63.0,,,02/17/2026,02/17/2026
2467,2025,02,Occurrence,Race-Ethnicity,Hawaiian/Pacific Islander,HYP,Essential hypertension and hypertensive renal disease,ICD-10,,1,Cell suppressed for small numbers,02/17/2026,02/17/2026
2468,2025,02,Occurrence,Race-Ethnicity,Hispanic,HYP,Essential hypertension and hypertensive renal disease,ICD-10,108.0,,,02/17/2026,02/17/2026
2469,2025,02,Occurrence,Race-Ethnicity,Multi-Race,HYP,Essential hypertension and hypertensive renal disease,ICD-10,,1,Cell suppressed for small numbers,02/17/2026,02/17/2026
2470,2025,02,Occurrence,Race-Ethnicity,White,HYP,Essential hypertension and hypertensive renal disease,ICD-10,294.0,,,02/17/2026,02/17/2026
2471,2025,02,Occurrence,Race-Ethnicity,Other/Unknown,HYP,Essential hypertension and hypertensive renal disease,ICD-10,,1,Cell suppressed for small numbers,02/17/2026,02/17/2026
2472,2025,02,Occurrence,Total Population,Total Population,INJ,Accidents (unintentional injuries),ICD-10,1459.0,,,02/17/2026,02/17/2026
2473,2025,02,Occurrence,Gender,Female,INJ,Accidents (unintentional injuries),ICD-10,412.0,,,02/17/2026,02/17/2026
2474,2025,02,Occurrence,Gender,Male,INJ,Accidents (unintentional injuries),ICD-10,1047.0,,,02/17/2026,02/17/2026
2475,2025,02,Occurrence,Race-Ethnicity,American Indian/Alaska Native,INJ,Accidents (unintentional injuries),ICD-10,,1,Cell suppressed for small numbers,02/17/2026,02/17/2026
2476,2025,02,Occurrence,Race-Ethnicity,Asian,INJ,Accidents (unintentional injuries),ICD-10,98.0,,,02/17/2026,02/17/2026
2477,2025,02,Occurrence,Race-Ethnicity,Black,INJ,Accidents (unintentional injuries),ICD-10,151.0,,,02/17/2026,02/17/2026
2478,2025,02,Occurrence,Race-Ethnicity,Hawaiian/Pacific Islander,INJ,Accidents (unintentional injuries),ICD-10,,1,Cell suppressed for small numbers,02/17/2026,02/17/2026
2479,2025,02,Occurrence,Race-Ethnicity,Hispanic,INJ,Accidents (unintentional injuries),ICD-10,496.0,,,02/17/2026,02/17/2026
2480,2025,02,Occurrence,Race-Ethnicity,Multi-Race,INJ,Accidents (unintentional injuries),ICD-10,28.0,,,02/17/2026,02/17/2026
2481,2025,02,Occurrence,Race-Ethnicity,White,INJ,Accidents (unintentional injuries),ICD-10,647.0,,,02/17/2026,02/17/2026
2482,2025,02,Occurrence,Race-Ethnicity,Other/Unknown,INJ,Accidents (unintentional injuries),ICD-10,23.0,,,02/17/2026,02/17/2026
2483,2025,02,Occurrence,Total Population,Total Population,LIV,Chronic liver disease and cirrhosis,ICD-10,507.0,,,02/17/2026,02/17/2026
2484,2025,02,Occurrence,Gender,Female,LIV,Chronic liver disease and cirrhosis,ICD-10,182.0,,,02/17/2026,02/17/2026
2485,2025,02,Occurrence,Gender,Male,LIV,Chronic liver disease and cirrhosis,ICD-10,325.0,,,02/17/2026,02/17/2026
2486,2025,02,Occurrence,Race-Ethnicity,American Indian/Alaska Native,LIV,Chronic liver disease and cirrhosis,ICD-10,,1,Cell suppressed for small numbers,02/17/2026,02/17/2026
2487,2025,02,Occurrence,Race-Ethnicity,Asian,LIV,Chronic liver disease and cirrhosis,ICD-10,25.0,,,02/17/2026,02/17/2026
2488,2025,02,Occurrence,Race-Ethnicity,Black,LIV,Chronic liver disease and cirrhosis,ICD-10,17.0,,,02/17/2026,02/17/2026
2489,2025,02,Occurrence,Race-Ethnicity,Hawaiian/Pacific Islander,LIV,Chronic liver disease and cirrhosis,ICD-10,,1,Cell suppressed for small numbers,02/17/2026,02/17/2026
2490,2025,02,Occurrence,Race-Ethnicity,Hispanic,LIV,Chronic liver disease and cirrhosis,ICD-10,227.0,,,02/17/2026,02/17/2026
2491,2025,02,Occurrence,Race-Ethnicity,Multi-Race,LIV,Chronic liver disease and cirrhosis,ICD-10,,1,Cell suppressed for small numbers,02/17/2026,02/17/2026
2492,2025,02,Occurrence,Race-Ethnicity,White,LIV,Chronic liver disease and cirrhosis,ICD-10,217.0,,,02/17/2026,02/17/2026
2493,2025,02,Occurrence,Race-Ethnicity,Other/Unknown,LIV,Chronic liver disease and cirrhosis,ICD-10,,1,Cell suppressed for small numbers,02/17/2026,02/17/2026
2494,2025,02,Occurrence,Total Population,Total Population,NEP,"Nephritis, nephrotic syndrome and nephrosis",ICD-10,506.0,,,02/17/2026,02/17/2026
2495,2025,02,Occurrence,Gender,Female,NEP,"Nephritis, nephrotic syndrome and nephrosis",ICD-10,234.0,,,02/17/2026,02/17/2026
2496,2025,02,Occurrence,Gender,Male,NEP,"Nephritis, nephrotic syndrome and nephrosis",ICD-10,272.0,,,02/17/2026,02/17/2026
2497,2025,02,Occurrence,Race-Ethnicity,American Indian/Alaska Native,NEP,"Nephritis, nephrotic syndrome and nephrosis",ICD-10,,1,Cell suppressed for small numbers,02/17/2026,02/17/2026
2498,2025,02,Occurrence,Race-Ethnicity,Asian,NEP,"Nephritis, nephrotic syndrome and nephrosis",ICD-10,85.0,,,02/17/2026,02/17/2026
2499,2025,02,Occurrence,Race-Ethnicity,Black,NEP,"Nephritis, nephrotic syndrome and nephrosis",ICD-10,44.0,,,02/17/2026,02/17/2026
2500,2025,02,Occurrence,Race-Ethnicity,Hawaiian/Pacific Islander,NEP,"Nephritis, nephrotic syndrome and nephrosis",ICD-10,,1,Cell suppressed for small numbers,02/17/2026,02/17/2026
2501,2025,02,Occurrence,Race-Ethnicity,Hispanic,NEP,"Nephritis, nephrotic syndrome and nephrosis",ICD-10,151.0,,,02/17/2026,02/17/2026
2502,2025,02,Occurrence,Race-Ethnicity,Multi-Race,NEP,"Nephritis, nephrotic syndrome and nephrosis",ICD-10,,1,Cell suppressed for small numbers,02/17/2026,02/17/2026
2503,2025,02,Occurrence,Race-Ethnicity,White,NEP,"Nephritis, nephrotic syndrome and nephrosis",ICD-10,211.0,,,02/17/2026,02/17/2026
2504,2025,02,Occurrence,Race-Ethnicity,Other/Unknown,NEP,"Nephritis, nephrotic syndrome and nephrosis",ICD-10,,1,Cell suppressed for small numbers,02/17/2026,02/17/2026
2505,2025,02,Occurrence,Total Population,Total Population,PAR,Parkinson's disease,ICD-10,319.0,,,02/17/2026,02/17/2026
2506,2025,02,Occurrence,Gender,Female,PAR,Parkinson's disease,ICD-10,126.0,,,02/17/2026,02/17/2026
2507,2025,02,Occurrence,Gender,Male,PAR,Parkinson's disease,ICD-10,193.0,,,02/17/2026,02/17/2026
2508,2025,02,Occurrence,Race-Ethnicity,American Indian/Alaska Native,PAR,Parkinson's disease,ICD-10,,1,Cell suppressed for small numbers,02/17/2026,02/17/2026
2509,2025,02,Occurrence,Race-Ethnicity,Asian,PAR,Parkinson's disease,ICD-10,50.0,,,02/17/2026,02/17/2026
2510,2025,02,Occurrence,Race-Ethnicity,Black,PAR,Parkinson's disease,ICD-10,,1,Cell suppressed for small numbers,02/17/2026,02/17/2026
2511,2025,02,Occurrence,Race-Ethnicity,Hawaiian/Pacific Islander,PAR,Parkinson's disease,ICD-10,,1,Cell suppressed for small numbers,02/17/2026,02/17/2026
2512,2025,02,Occurrence,Race-Ethnicity,Hispanic,PAR,Parkinson's disease,ICD-10,43.0,,,02/17/2026,02/17/2026
2513,2025,02,Occurrence,Race-Ethnicity,Multi-Race,PAR,Parkinson's disease,ICD-10,,1,Cell suppressed for small numbers,02/17/2026,02/17/2026
2514,2025,02,Occurrence,Race-Ethnicity,White,PAR,Parkinson's disease,ICD-10,207.0,,,02/17/2026,02/17/2026
2515,2025,02,Occurrence,Race-Ethnicity,Other/Unknown,PAR,Parkinson's disease,ICD-10,,1,Cell suppressed for small numbers,02/17/2026,02/17/2026
2516,2025,02,Occurrence,Total Population,Total Population,PNF,Influenza and pneumonia,ICD-10,974.0,,,02/17/2026,02/17/2026
2517,2025,02,Occurrence,Gender,Female,PNF,Influenza and pneumonia,ICD-10,502.0,,,02/17/2026,02/17/2026
2518,2025,02,Occurrence,Gender,Male,PNF,Influenza and pneumonia,ICD-10,472.0,,,02/17/2026,02/17/2026
2519,2025,02,Occurrence,Race-Ethnicity,American Indian/Alaska Native,PNF,Influenza and pneumonia,ICD-10,,1,Cell suppressed for small numbers,02/17/2026,02/17/2026
2520,2025,02,Occurrence,Race-Ethnicity,Asian,PNF,Influenza and pneumonia,ICD-10,149.0,,,02/17/2026,02/17/2026
2521,2025,02,Occurrence,Race-Ethnicity,Black,PNF,Influenza and pneumonia,ICD-10,65.0,,,02/17/2026,02/17/2026
2522,2025,02,Occurrence,Race-Ethnicity,Hawaiian/Pacific Islander,PNF,Influenza and pneumonia,ICD-10,,1,Cell suppressed for small numbers,02/17/2026,02/17/2026
2523,2025,02,Occurrence,Race-Ethnicity,Hispanic,PNF,Influenza and pneumonia,ICD-10,230.0,,,02/17/2026,02/17/2026
2524,2025,02,Occurrence,Race-Ethnicity,Multi-Race,PNF,Influenza and pneumonia,ICD-10,,1,Cell suppressed for small numbers,02/17/2026,02/17/2026
2525,2025,02,Occurrence,Race-Ethnicity,White,PNF,Influenza and pneumonia,ICD-10,506.0,,,02/17/2026,02/17/2026
2526,2025,02,Occurrence,Race-Ethnicity,Other/Unknown,PNF,Influenza and pneumonia,ICD-10,,1,Cell suppressed for small numbers,02/17/2026,02/17/2026
2527,2025,02,Occurrence,Total Population,Total Population,STK,Cerebrovascular diseases,ICD-10,1510.0,,,02/17/2026,02/17/2026
2528,2025,02,Occurrence,Gender,Female,STK,Cerebrovascular diseases,ICD-10,817.0,,,02/17/2026,02/17/2026
2529,2025,02,Occurrence,Gender,Male,STK,Cerebrovascular diseases,ICD-10,693.0,,,02/17/2026,02/17/2026
2530,2025,02,Occurrence,Race-Ethnicity,American Indian/Alaska Native,STK,Cerebrovascular diseases,ICD-10,,1,Cell suppressed for small numbers,02/17/2026,02/17/2026
2531,2025,02,Occurrence,Race-Ethnicity,Asian,STK,Cerebrovascular diseases,ICD-10,251.0,,,02/17/2026,02/17/2026
2532,2025,02,Occurrence,Race-Ethnicity,Black,STK,Cerebrovascular diseases,ICD-10,118.0,,,02/17/2026,02/17/2026
2533,2025,02,Occurrence,Race-Ethnicity,Hawaiian/Pacific Islander,STK,Cerebrovascular diseases,ICD-10,,1,Cell suppressed for small numbers,02/17/2026,02/17/2026
2534,2025,02,Occurrence,Race-Ethnicity,Hispanic,STK,Cerebrovascular diseases,ICD-10,307.0,,,02/17/2026,02/17/2026
2535,2025,02,Occurrence,Race-Ethnicity,Multi-Race,STK,Cerebrovascular diseases,ICD-10,,1,Cell suppressed for small numbers,02/17/2026,02/17/2026
2536,2025,02,Occurrence,Race-Ethnicity,White,STK,Cerebrovascular diseases,ICD-10,815.0,,,02/17/2026,02/17/2026
2537,2025,02,Occurrence,Race-Ethnicity,Other/Unknown,STK,Cerebrovascular diseases,ICD-10,,1,Cell suppressed for small numbers,02/17/2026,02/17/2026
2538,2025,02,Occurrence,Total Population,Total Population,SUI,Intentional self-harm (suicide),ICD-10,293.0,,,02/17/2026,02/17/2026
2539,2025,02,Occurrence,Gender,Female,SUI,Intentional self-harm (suicide),ICD-10,54.0,,,02/17/2026,02/17/2026
2540,2025,02,Occurrence,Gender,Male,SUI,Intentional self-harm (suicide),ICD-10,239.0,,,02/17/2026,02/17/2026
2541,2025,02,Occurrence,Race-Ethnicity,American Indian/Alaska Native,SUI,Intentional self-harm (suicide),ICD-10,0.0,,,02/17/2026,02/17/2026
2542,2025,02,Occurrence,Race-Ethnicity,Asian,SUI,Intentional self-harm (suicide),ICD-10,28.0,,,02/17/2026,02/17/2026
2543,2025,02,Occurrence,Race-Ethnicity,Black,SUI,Intentional self-harm (suicide),ICD-10,17.0,,,02/17/2026,02/17/2026
2544,2025,02,Occurrence,Race-Ethnicity,Hawaiian/Pacific Islander,SUI,Intentional self-harm (suicide),ICD-10,0.0,,,02/17/2026,02/17/2026
2545,2025,02,Occurrence,Race-Ethnicity,Hispanic,SUI,Intentional self-harm (suicide),ICD-10,78.0,,,02/17/2026,02/17/2026
2546,2025,02,Occurrence,Race-Ethnicity,Multi-Race,SUI,Intentional self-harm (suicide),ICD-10,,1,Cell suppressed for small numbers,02/17/2026,02/17/2026
2547,2025,02,Occurrence,Race-Ethnicity,White,SUI,Intentional self-harm (suicide),ICD-10,163.0,,,02/17/2026,02/17/2026
2548,2025,02,Occurrence,Race-Ethnicity,Other/Unknown,SUI,Intentional self-harm (suicide),ICD-10,,1,Cell suppressed for small numbers,02/17/2026,02/17/2026
2549,2025,03,Occurrence,Total Population,Total Population,ALL,All causes (total),ICD-10,25156.0,,,02/17/2026,02/17/2026
2550,2025,03,Occurrence,Age,Under 1 year,ALL,All causes (total),ICD-10,128.0,,,02/17/2026,02/17/2026
2551,2025,03,Occurrence,Age,1-4 years,ALL,All causes (total),ICD-10,27.0,,,02/17/2026,02/17/2026
2552,2025,03,Occurrence,Age,5-14 years,ALL,All causes (total),ICD-10,43.0,,,02/17/2026,02/17/2026
2553,2025,03,Occurrence,Age,15-24 years,ALL,All causes (total),ICD-10,227.0,,,02/17/2026,02/17/2026
2554,2025,03,Occurrence,Age,25-34 years,ALL,All causes (total),ICD-10,503.0,,,02/17/2026,02/17/2026
2555,2025,03,Occurrence,Age,35-44 years,ALL,All causes (total),ICD-10,821.0,,,02/17/2026,02/17/2026
2556,2025,03,Occurrence,Age,45-54 years,ALL,All causes (total),ICD-10,1278.0,,,02/17/2026,02/17/2026
2557,2025,03,Occurrence,Age,55-64 years,ALL,All causes (total),ICD-10,2698.0,,,02/17/2026,02/17/2026
2558,2025,03,Occurrence,Age,65-74 years,ALL,All causes (total),ICD-10,4827.0,,,02/17/2026,02/17/2026
2559,2025,03,Occurrence,Age,75-84 years,ALL,All causes (total),ICD-10,6594.0,,,02/17/2026,02/17/2026
2560,2025,03,Occurrence,Age,85 years and over,ALL,All causes (total),ICD-10,8007.0,,,02/17/2026,02/17/2026
2561,2025,03,Occurrence,Gender,Female,ALL,All causes (total),ICD-10,11852.0,,,02/17/2026,02/17/2026
2562,2025,03,Occurrence,Gender,Male,ALL,All causes (total),ICD-10,13301.0,,,02/17/2026,02/17/2026
2563,2025,03,Occurrence,Place Type,Inpatient,ALL,All causes (total),ICD-10,8073.0,,,02/17/2026,02/17/2026
2564,2025,03,Occurrence,Place Type,Emergency Room/Outpatient,ALL,All causes (total),ICD-10,1401.0,,,02/17/2026,02/17/2026
2565,2025,03,Occurrence,Place Type,Decedent's Home,ALL,All causes (total),ICD-10,9708.0,,,02/17/2026,02/17/2026
2566,2025,03,Occurrence,Place Type,Hospice Facility,ALL,All causes (total),ICD-10,355.0,,,02/17/2026,02/17/2026
2567,2025,03,Occurrence,Place Type,Nursing Home/Long Term Care Facility,ALL,All causes (total),ICD-10,4231.0,,,02/17/2026,02/17/2026
2568,2025,03,Occurrence,Place Type,Other/Unknown,ALL,All causes (total),ICD-10,1388.0,,,02/17/2026,02/17/2026
2569,2025,03,Occurrence,Race-Ethnicity,American Indian/Alaska Native,ALL,All causes (total),ICD-10,137.0,,,02/17/2026,02/17/2026
2570,2025,03,Occurrence,Race-Ethnicity,Asian,ALL,All causes (total),ICD-10,2900.0,,,02/17/2026,02/17/2026
2571,2025,03,Occurrence,Race-Ethnicity,Black,ALL,All causes (total),ICD-10,1967.0,,,02/17/2026,02/17/2026
2572,2025,03,Occurrence,Race-Ethnicity,Hawaiian/Pacific Islander,ALL,All causes (total),ICD-10,109.0,,,02/17/2026,02/17/2026
2573,2025,03,Occurrence,Race-Ethnicity,Hispanic,ALL,All causes (total),ICD-10,5804.0,,,02/17/2026,02/17/2026
2574,2025,03,Occurrence,Race-Ethnicity,Multi-Race,ALL,All causes (total),ICD-10,290.0,,,02/17/2026,02/17/2026
2575,2025,03,Occurrence,Race-Ethnicity,White,ALL,All causes (total),ICD-10,13723.0,,,02/17/2026,02/17/2026
2576,2025,03,Occurrence,Race-Ethnicity,Other/Unknown,ALL,All causes (total),ICD-10,226.0,,,02/17/2026,02/17/2026
2577,2025,03,Occurrence,Total Population,Total Population,ALZ,Alzheimer's disease,ICD-10,1345.0,,,02/17/2026,02/17/2026
2578,2025,03,Occurrence,Gender,Female,ALZ,Alzheimer's disease,ICD-10,932.0,,,02/17/2026,02/17/2026
2579,2025,03,Occurrence,Gender,Male,ALZ,Alzheimer's disease,ICD-10,413.0,,,02/17/2026,02/17/2026
2580,2025,03,Occurrence,Race-Ethnicity,American Indian/Alaska Native,ALZ,Alzheimer's disease,ICD-10,,1,Cell suppressed for small numbers,02/17/2026,02/17/2026
2581,2025,03,Occurrence,Race-Ethnicity,Asian,ALZ,Alzheimer's disease,ICD-10,162.0,,,02/17/2026,02/17/2026
2582,2025,03,Occurrence,Race-Ethnicity,Black,ALZ,Alzheimer's disease,ICD-10,80.0,,,02/17/2026,02/17/2026
2583,2025,03,Occurrence,Race-Ethnicity,Hawaiian/Pacific Islander,ALZ,Alzheimer's disease,ICD-10,,1,Cell suppressed for small numbers,02/17/2026,02/17/2026
2584,2025,03,Occurrence,Race-Ethnicity,Hispanic,ALZ,Alzheimer's disease,ICD-10,270.0,,,02/17/2026,02/17/2026
2585,2025,03,Occurrence,Race-Ethnicity,Multi-Race,ALZ,Alzheimer's disease,ICD-10,,1,Cell suppressed for small numbers,02/17/2026,02/17/2026
2586,2025,03,Occurrence,Race-Ethnicity,White,ALZ,Alzheimer's disease,ICD-10,812.0,,,02/17/2026,02/17/2026
2587,2025,03,Occurrence,Race-Ethnicity,Other/Unknown,ALZ,Alzheimer's disease,ICD-10,,1,Cell suppressed for small numbers,02/17/2026,02/17/2026
2588,2025,03,Occurrence,Total Population,Total Population,CAN,Malignant neoplasms,ICD-10,5136.0,,,02/17/2026,02/17/2026
2589,2025,03,Occurrence,Gender,Female,CAN,Malignant neoplasms,ICD-10,2453.0,,,02/17/2026,02/17/2026
2590,2025,03,Occurrence,Gender,Male,CAN,Malignant neoplasms,ICD-10,2683.0,,,02/17/2026,02/17/2026
2591,2025,03,Occurrence,Race-Ethnicity,American Indian/Alaska Native,CAN,Malignant neoplasms,ICD-10,24.0,,,02/17/2026,02/17/2026
2592,2025,03,Occurrence,Race-Ethnicity,Asian,CAN,Malignant neoplasms,ICD-10,668.0,,,02/17/2026,02/17/2026
2593,2025,03,Occurrence,Race-Ethnicity,Black,CAN,Malignant neoplasms,ICD-10,351.0,,,02/17/2026,02/17/2026
2594,2025,03,Occurrence,Race-Ethnicity,Hawaiian/Pacific Islander,CAN,Malignant neoplasms,ICD-10,21.0,,,02/17/2026,02/17/2026
2595,2025,03,Occurrence,Race-Ethnicity,Hispanic,CAN,Malignant neoplasms,ICD-10,1126.0,,,02/17/2026,02/17/2026
2596,2025,03,Occurrence,Race-Ethnicity,Multi-Race,CAN,Malignant neoplasms,ICD-10,71.0,,,02/17/2026,02/17/2026
2597,2025,03,Occurrence,Race-Ethnicity,White,CAN,Malignant neoplasms,ICD-10,2838.0,,,02/17/2026,02/17/2026
2598,2025,03,Occurrence,Race-Ethnicity,Other/Unknown,CAN,Malignant neoplasms,ICD-10,37.0,,,02/17/2026,02/17/2026
2599,2025,03,Occurrence,Total Population,Total Population,CLD,Chronic lower respiratory diseases,ICD-10,1158.0,,,02/17/2026,02/17/2026
2600,2025,03,Occurrence,Gender,Female,CLD,Chronic lower respiratory diseases,ICD-10,621.0,,,02/17/2026,02/17/2026
2601,2025,03,Occurrence,Gender,Male,CLD,Chronic lower respiratory diseases,ICD-10,537.0,,,02/17/2026,02/17/2026
2602,2025,03,Occurrence,Race-Ethnicity,American Indian/Alaska Native,CLD,Chronic lower respiratory diseases,ICD-10,13.0,,,02/17/2026,02/17/2026
2603,2025,03,Occurrence,Race-Ethnicity,Asian,CLD,Chronic lower respiratory diseases,ICD-10,93.0,,,02/17/2026,02/17/2026
2604,2025,03,Occurrence,Race-Ethnicity,Black,CLD,Chronic lower respiratory diseases,ICD-10,80.0,,,02/17/2026,02/17/2026
2605,2025,03,Occurrence,Race-Ethnicity,Hawaiian/Pacific Islander,CLD,Chronic lower respiratory diseases,ICD-10,,1,Cell suppressed for small numbers,02/17/2026,02/17/2026
2606,2025,03,Occurrence,Race-Ethnicity,Hispanic,CLD,Chronic lower respiratory diseases,ICD-10,119.0,,,02/17/2026,02/17/2026
2607,2025,03,Occurrence,Race-Ethnicity,Multi-Race,CLD,Chronic lower respiratory diseases,ICD-10,21.0,,,02/17/2026,02/17/2026
2608,2025,03,Occurrence,Race-Ethnicity,White,CLD,Chronic lower respiratory diseases,ICD-10,819.0,,,02/17/2026,02/17/2026
2609,2025,03,Occurrence,Race-Ethnicity,Other/Unknown,CLD,Chronic lower respiratory diseases,ICD-10,,2,Cell suppressed for complementary cell,02/17/2026,02/17/2026
2610,2025,03,Occurrence,Total Population,Total Population,DIA,Diabetes mellitus,ICD-10,924.0,,,02/17/2026,02/17/2026
2611,2025,03,Occurrence,Gender,Female,DIA,Diabetes mellitus,ICD-10,400.0,,,02/17/2026,02/17/2026
2612,2025,03,Occurrence,Gender,Male,DIA,Diabetes mellitus,ICD-10,524.0,,,02/17/2026,02/17/2026
2613,2025,03,Occurrence,Race-Ethnicity,American Indian/Alaska Native,DIA,Diabetes mellitus,ICD-10,,1,Cell suppressed for small numbers,02/17/2026,02/17/2026
2614,2025,03,Occurrence,Race-Ethnicity,Asian,DIA,Diabetes mellitus,ICD-10,146.0,,,02/17/2026,02/17/2026
2615,2025,03,Occurrence,Race-Ethnicity,Black,DIA,Diabetes mellitus,ICD-10,102.0,,,02/17/2026,02/17/2026
2616,2025,03,Occurrence,Race-Ethnicity,Hawaiian/Pacific Islander,DIA,Diabetes mellitus,ICD-10,,1,Cell suppressed for small numbers,02/17/2026,02/17/2026
2617,2025,03,Occurrence,Race-Ethnicity,Hispanic,DIA,Diabetes mellitus,ICD-10,319.0,,,02/17/2026,02/17/2026
2618,2025,03,Occurrence,Race-Ethnicity,Multi-Race,DIA,Diabetes mellitus,ICD-10,,1,Cell suppressed for small numbers,02/17/2026,02/17/2026
2619,2025,03,Occurrence,Race-Ethnicity,White,DIA,Diabetes mellitus,ICD-10,330.0,,,02/17/2026,02/17/2026
2620,2025,03,Occurrence,Race-Ethnicity,Other/Unknown,DIA,Diabetes mellitus,ICD-10,,1,Cell suppressed for small numbers,02/17/2026,02/17/2026
2621,2025,03,Occurrence,Total Population,Total Population,HOM,Assault (homicide),ICD-10,119.0,,,02/17/2026,02/17/2026
2622,2025,03,Occurrence,Gender,Female,HOM,Assault (homicide),ICD-10,19.0,,,02/17/2026,02/17/2026
2623,2025,03,Occurrence,Gender,Male,HOM,Assault (homicide),ICD-10,100.0,,,02/17/2026,02/17/2026
2624,2025,03,Occurrence,Race-Ethnicity,American Indian/Alaska Native,HOM,Assault (homicide),ICD-10,0.0,,,02/17/2026,02/17/2026
2625,2025,03,Occurrence,Race-Ethnicity,Asian,HOM,Assault (homicide),ICD-10,,1,Cell suppressed for small numbers,02/17/2026,02/17/2026
2626,2025,03,Occurrence,Race-Ethnicity,Black,HOM,Assault (homicide),ICD-10,27.0,,,02/17/2026,02/17/2026
2627,2025,03,Occurrence,Race-Ethnicity,Hawaiian/Pacific Islander,HOM,Assault (homicide),ICD-10,0.0,,,02/17/2026,02/17/2026
2628,2025,03,Occurrence,Race-Ethnicity,Hispanic,HOM,Assault (homicide),ICD-10,61.0,,,02/17/2026,02/17/2026
2629,2025,03,Occurrence,Race-Ethnicity,Multi-Race,HOM,Assault (homicide),ICD-10,,1,Cell suppressed for small numbers,02/17/2026,02/17/2026
2630,2025,03,Occurrence,Race-Ethnicity,White,HOM,Assault (homicide),ICD-10,26.0,,,02/17/2026,02/17/2026
2631,2025,03,Occurrence,Race-Ethnicity,Other/Unknown,HOM,Assault (homicide),ICD-10,0.0,,,02/17/2026,02/17/2026
2632,2025,03,Occurrence,Total Population,Total Population,HTD,Diseases of heart,ICD-10,5537.0,,,02/17/2026,02/17/2026
2633,2025,03,Occurrence,Gender,Female,HTD,Diseases of heart,ICD-10,2445.0,,,02/17/2026,02/17/2026
2634,2025,03,Occurrence,Gender,Male,HTD,Diseases of heart,ICD-10,3090.0,,,02/17/2026,02/17/2026
2635,2025,03,Occurrence,Race-Ethnicity,American Indian/Alaska Native,HTD,Diseases of heart,ICD-10,20.0,,,02/17/2026,02/17/2026
2636,2025,03,Occurrence,Race-Ethnicity,Asian,HTD,Diseases of heart,ICD-10,593.0,,,02/17/2026,02/17/2026
2637,2025,03,Occurrence,Race-Ethnicity,Black,HTD,Diseases of heart,ICD-10,486.0,,,02/17/2026,02/17/2026
2638,2025,03,Occurrence,Race-Ethnicity,Hawaiian/Pacific Islander,HTD,Diseases of heart,ICD-10,33.0,,,02/17/2026,02/17/2026
2639,2025,03,Occurrence,Race-Ethnicity,Hispanic,HTD,Diseases of heart,ICD-10,1146.0,,,02/17/2026,02/17/2026
2640,2025,03,Occurrence,Race-Ethnicity,Multi-Race,HTD,Diseases of heart,ICD-10,49.0,,,02/17/2026,02/17/2026
2641,2025,03,Occurrence,Race-Ethnicity,White,HTD,Diseases of heart,ICD-10,3153.0,,,02/17/2026,02/17/2026
2642,2025,03,Occurrence,Race-Ethnicity,Other/Unknown,HTD,Diseases of heart,ICD-10,57.0,,,02/17/2026,02/17/2026
2643,2025,03,Occurrence,Total Population,Total Population,HYP,Essential hypertension and hypertensive renal disease,ICD-10,565.0,,,02/17/2026,02/17/2026
2644,2025,03,Occurrence,Gender,Female,HYP,Essential hypertension and hypertensive renal disease,ICD-10,306.0,,,02/17/2026,02/17/2026
2645,2025,03,Occurrence,Gender,Male,HYP,Essential hypertension and hypertensive renal disease,ICD-10,259.0,,,02/17/2026,02/17/2026
2646,2025,03,Occurrence,Race-Ethnicity,American Indian/Alaska Native,HYP,Essential hypertension and hypertensive renal disease,ICD-10,,1,Cell suppressed for small numbers,02/17/2026,02/17/2026
2647,2025,03,Occurrence,Race-Ethnicity,Asian,HYP,Essential hypertension and hypertensive renal disease,ICD-10,80.0,,,02/17/2026,02/17/2026
2648,2025,03,Occurrence,Race-Ethnicity,Black,HYP,Essential hypertension and hypertensive renal disease,ICD-10,51.0,,,02/17/2026,02/17/2026
2649,2025,03,Occurrence,Race-Ethnicity,Hawaiian/Pacific Islander,HYP,Essential hypertension and hypertensive renal disease,ICD-10,,1,Cell suppressed for small numbers,02/17/2026,02/17/2026
2650,2025,03,Occurrence,Race-Ethnicity,Hispanic,HYP,Essential hypertension and hypertensive renal disease,ICD-10,128.0,,,02/17/2026,02/17/2026
2651,2025,03,Occurrence,Race-Ethnicity,Multi-Race,HYP,Essential hypertension and hypertensive renal disease,ICD-10,,1,Cell suppressed for small numbers,02/17/2026,02/17/2026
2652,2025,03,Occurrence,Race-Ethnicity,White,HYP,Essential hypertension and hypertensive renal disease,ICD-10,287.0,,,02/17/2026,02/17/2026
2653,2025,03,Occurrence,Race-Ethnicity,Other/Unknown,HYP,Essential hypertension and hypertensive renal disease,ICD-10,,1,Cell suppressed for small numbers,02/17/2026,02/17/2026
2654,2025,03,Occurrence,Total Population,Total Population,INJ,Accidents (unintentional injuries),ICD-10,1550.0,,,02/17/2026,02/17/2026
2655,2025,03,Occurrence,Gender,Female,INJ,Accidents (unintentional injuries),ICD-10,427.0,,,02/17/2026,02/17/2026
2656,2025,03,Occurrence,Gender,Male,INJ,Accidents (unintentional injuries),ICD-10,1123.0,,,02/17/2026,02/17/2026
2657,2025,03,Occurrence,Race-Ethnicity,American Indian/Alaska Native,INJ,Accidents (unintentional injuries),ICD-10,,2,Cell suppressed for complementary cell,02/17/2026,02/17/2026
2658,2025,03,Occurrence,Race-Ethnicity,Asian,INJ,Accidents (unintentional injuries),ICD-10,122.0,,,02/17/2026,02/17/2026
2659,2025,03,Occurrence,Race-Ethnicity,Black,INJ,Accidents (unintentional injuries),ICD-10,170.0,,,02/17/2026,02/17/2026
2660,2025,03,Occurrence,Race-Ethnicity,Hawaiian/Pacific Islander,INJ,Accidents (unintentional injuries),ICD-10,,1,Cell suppressed for small numbers,02/17/2026,02/17/2026
2661,2025,03,Occurrence,Race-Ethnicity,Hispanic,INJ,Accidents (unintentional injuries),ICD-10,508.0,,,02/17/2026,02/17/2026
2662,2025,03,Occurrence,Race-Ethnicity,Multi-Race,INJ,Accidents (unintentional injuries),ICD-10,31.0,,,02/17/2026,02/17/2026
2663,2025,03,Occurrence,Race-Ethnicity,White,INJ,Accidents (unintentional injuries),ICD-10,665.0,,,02/17/2026,02/17/2026
2664,2025,03,Occurrence,Race-Ethnicity,Other/Unknown,INJ,Accidents (unintentional injuries),ICD-10,27.0,,,02/17/2026,02/17/2026
2665,2025,03,Occurrence,Total Population,Total Population,LIV,Chronic liver disease and cirrhosis,ICD-10,566.0,,,02/17/2026,02/17/2026
2666,2025,03,Occurrence,Gender,Female,LIV,Chronic liver disease and cirrhosis,ICD-10,223.0,,,02/17/2026,02/17/2026
2667,2025,03,Occurrence,Gender,Male,LIV,Chronic liver disease and cirrhosis,ICD-10,343.0,,,02/17/2026,02/17/2026
2668,2025,03,Occurrence,Race-Ethnicity,American Indian/Alaska Native,LIV,Chronic liver disease and cirrhosis,ICD-10,,1,Cell suppressed for small numbers,02/17/2026,02/17/2026
2669,2025,03,Occurrence,Race-Ethnicity,Asian,LIV,Chronic liver disease and cirrhosis,ICD-10,39.0,,,02/17/2026,02/17/2026
2670,2025,03,Occurrence,Race-Ethnicity,Black,LIV,Chronic liver disease and cirrhosis,ICD-10,27.0,,,02/17/2026,02/17/2026
2671,2025,03,Occurrence,Race-Ethnicity,Hawaiian/Pacific Islander,LIV,Chronic liver disease and cirrhosis,ICD-10,0.0,,,02/17/2026,02/17/2026
2672,2025,03,Occurrence,Race-Ethnicity,Hispanic,LIV,Chronic liver disease and cirrhosis,ICD-10,240.0,,,02/17/2026,02/17/2026
2673,2025,03,Occurrence,Race-Ethnicity,Multi-Race,LIV,Chronic liver disease and cirrhosis,ICD-10,,1,Cell suppressed for small numbers,02/17/2026,02/17/2026
2674,2025,03,Occurrence,Race-Ethnicity,White,LIV,Chronic liver disease and cirrhosis,ICD-10,246.0,,,02/17/2026,02/17/2026
2675,2025,03,Occurrence,Race-Ethnicity,Other/Unknown,LIV,Chronic liver disease and cirrhosis,ICD-10,,1,Cell suppressed for small numbers,02/17/2026,02/17/2026
2676,2025,03,Occurrence,Total Population,Total Population,NEP,"Nephritis, nephrotic syndrome and nephrosis",ICD-10,462.0,,,02/17/2026,02/17/2026
2677,2025,03,Occurrence,Gender,Female,NEP,"Nephritis, nephrotic syndrome and nephrosis",ICD-10,225.0,,,02/17/2026,02/17/2026
2678,2025,03,Occurrence,Gender,Male,NEP,"Nephritis, nephrotic syndrome and nephrosis",ICD-10,237.0,,,02/17/2026,02/17/2026
2679,2025,03,Occurrence,Race-Ethnicity,American Indian/Alaska Native,NEP,"Nephritis, nephrotic syndrome and nephrosis",ICD-10,,1,Cell suppressed for small numbers,02/17/2026,02/17/2026
2680,2025,03,Occurrence,Race-Ethnicity,Asian,NEP,"Nephritis, nephrotic syndrome and nephrosis",ICD-10,61.0,,,02/17/2026,02/17/2026
2681,2025,03,Occurrence,Race-Ethnicity,Black,NEP,"Nephritis, nephrotic syndrome and nephrosis",ICD-10,54.0,,,02/17/2026,02/17/2026
2682,2025,03,Occurrence,Race-Ethnicity,Hawaiian/Pacific Islander,NEP,"Nephritis, nephrotic syndrome and nephrosis",ICD-10,,1,Cell suppressed for small numbers,02/17/2026,02/17/2026
2683,2025,03,Occurrence,Race-Ethnicity,Hispanic,NEP,"Nephritis, nephrotic syndrome and nephrosis",ICD-10,131.0,,,02/17/2026,02/17/2026
2684,2025,03,Occurrence,Race-Ethnicity,Multi-Race,NEP,"Nephritis, nephrotic syndrome and nephrosis",ICD-10,,1,Cell suppressed for small numbers,02/17/2026,02/17/2026
2685,2025,03,Occurrence,Race-Ethnicity,White,NEP,"Nephritis, nephrotic syndrome and nephrosis",ICD-10,198.0,,,02/17/2026,02/17/2026
2686,2025,03,Occurrence,Race-Ethnicity,Other/Unknown,NEP,"Nephritis, nephrotic syndrome and nephrosis",ICD-10,,1,Cell suppressed for small numbers,02/17/2026,02/17/2026
2687,2025,03,Occurrence,Total Population,Total Population,PAR,Parkinson's disease,ICD-10,390.0,,,02/17/2026,02/17/2026
2688,2025,03,Occurrence,Gender,Female,PAR,Parkinson's disease,ICD-10,145.0,,,02/17/2026,02/17/2026
2689,2025,03,Occurrence,Gender,Male,PAR,Parkinson's disease,ICD-10,245.0,,,02/17/2026,02/17/2026
2690,2025,03,Occurrence,Race-Ethnicity,American Indian/Alaska Native,PAR,Parkinson's disease,ICD-10,0.0,,,02/17/2026,02/17/2026
2691,2025,03,Occurrence,Race-Ethnicity,Asian,PAR,Parkinson's disease,ICD-10,42.0,,,02/17/2026,02/17/2026
2692,2025,03,Occurrence,Race-Ethnicity,Black,PAR,Parkinson's disease,ICD-10,,1,Cell suppressed for small numbers,02/17/2026,02/17/2026
2693,2025,03,Occurrence,Race-Ethnicity,Hawaiian/Pacific Islander,PAR,Parkinson's disease,ICD-10,0.0,,,02/17/2026,02/17/2026
2694,2025,03,Occurrence,Race-Ethnicity,Hispanic,PAR,Parkinson's disease,ICD-10,65.0,,,02/17/2026,02/17/2026
2695,2025,03,Occurrence,Race-Ethnicity,Multi-Race,PAR,Parkinson's disease,ICD-10,,1,Cell suppressed for small numbers,02/17/2026,02/17/2026
2696,2025,03,Occurrence,Race-Ethnicity,White,PAR,Parkinson's disease,ICD-10,267.0,,,02/17/2026,02/17/2026
2697,2025,03,Occurrence,Race-Ethnicity,Other/Unknown,PAR,Parkinson's disease,ICD-10,,1,Cell suppressed for small numbers,02/17/2026,02/17/2026
2698,2025,03,Occurrence,Total Population,Total Population,PNF,Influenza and pneumonia,ICD-10,622.0,,,02/17/2026,02/17/2026
2699,2025,03,Occurrence,Gender,Female,PNF,Influenza and pneumonia,ICD-10,286.0,,,02/17/2026,02/17/2026
2700,2025,03,Occurrence,Gender,Male,PNF,Influenza and pneumonia,ICD-10,336.0,,,02/17/2026,02/17/2026
2701,2025,03,Occurrence,Race-Ethnicity,American Indian/Alaska Native,PNF,Influenza and pneumonia,ICD-10,,1,Cell suppressed for small numbers,02/17/2026,02/17/2026
2702,2025,03,Occurrence,Race-Ethnicity,Asian,PNF,Influenza and pneumonia,ICD-10,93.0,,,02/17/2026,02/17/2026
2703,2025,03,Occurrence,Race-Ethnicity,Black,PNF,Influenza and pneumonia,ICD-10,43.0,,,02/17/2026,02/17/2026
2704,2025,03,Occurrence,Race-Ethnicity,Hawaiian/Pacific Islander,PNF,Influenza and pneumonia,ICD-10,,1,Cell suppressed for small numbers,02/17/2026,02/17/2026
2705,2025,03,Occurrence,Race-Ethnicity,Hispanic,PNF,Influenza and pneumonia,ICD-10,141.0,,,02/17/2026,02/17/2026
2706,2025,03,Occurrence,Race-Ethnicity,Multi-Race,PNF,Influenza and pneumonia,ICD-10,,1,Cell suppressed for small numbers,02/17/2026,02/17/2026
2707,2025,03,Occurrence,Race-Ethnicity,White,PNF,Influenza and pneumonia,ICD-10,329.0,,,02/17/2026,02/17/2026
2708,2025,03,Occurrence,Race-Ethnicity,Other/Unknown,PNF,Influenza and pneumonia,ICD-10,,1,Cell suppressed for small numbers,02/17/2026,02/17/2026
2709,2025,03,Occurrence,Total Population,Total Population,STK,Cerebrovascular diseases,ICD-10,1522.0,,,02/17/2026,02/17/2026
2710,2025,03,Occurrence,Gender,Female,STK,Cerebrovascular diseases,ICD-10,836.0,,,02/17/2026,02/17/2026
2711,2025,03,Occurrence,Gender,Male,STK,Cerebrovascular diseases,ICD-10,686.0,,,02/17/2026,02/17/2026
2712,2025,03,Occurrence,Race-Ethnicity,American Indian/Alaska Native,STK,Cerebrovascular diseases,ICD-10,,1,Cell suppressed for small numbers,02/17/2026,02/17/2026
2713,2025,03,Occurrence,Race-Ethnicity,Asian,STK,Cerebrovascular diseases,ICD-10,219.0,,,02/17/2026,02/17/2026
2714,2025,03,Occurrence,Race-Ethnicity,Black,STK,Cerebrovascular diseases,ICD-10,120.0,,,02/17/2026,02/17/2026
2715,2025,03,Occurrence,Race-Ethnicity,Hawaiian/Pacific Islander,STK,Cerebrovascular diseases,ICD-10,,1,Cell suppressed for small numbers,02/17/2026,02/17/2026
2716,2025,03,Occurrence,Race-Ethnicity,Hispanic,STK,Cerebrovascular diseases,ICD-10,337.0,,,02/17/2026,02/17/2026
2717,2025,03,Occurrence,Race-Ethnicity,Multi-Race,STK,Cerebrovascular diseases,ICD-10,13.0,,,02/17/2026,02/17/2026
2718,2025,03,Occurrence,Race-Ethnicity,White,STK,Cerebrovascular diseases,ICD-10,807.0,,,02/17/2026,02/17/2026
2719,2025,03,Occurrence,Race-Ethnicity,Other/Unknown,STK,Cerebrovascular diseases,ICD-10,16.0,,,02/17/2026,02/17/2026
2720,2025,03,Occurrence,Total Population,Total Population,SUI,Intentional self-harm (suicide),ICD-10,340.0,,,02/17/2026,02/17/2026
2721,2025,03,Occurrence,Gender,Female,SUI,Intentional self-harm (suicide),ICD-10,69.0,,,02/17/2026,02/17/2026
2722,2025,03,Occurrence,Gender,Male,SUI,Intentional self-harm (suicide),ICD-10,270.0,,,02/17/2026,02/17/2026
2723,2025,03,Occurrence,Race-Ethnicity,American Indian/Alaska Native,SUI,Intentional self-harm (suicide),ICD-10,,1,Cell suppressed for small numbers,02/17/2026,02/17/2026
2724,2025,03,Occurrence,Race-Ethnicity,Asian,SUI,Intentional self-harm (suicide),ICD-10,47.0,,,02/17/2026,02/17/2026
2725,2025,03,Occurrence,Race-Ethnicity,Black,SUI,Intentional self-harm (suicide),ICD-10,12.0,,,02/17/2026,02/17/2026
2726,2025,03,Occurrence,Race-Ethnicity,Hawaiian/Pacific Islander,SUI,Intentional self-harm (suicide),ICD-10,0.0,,,02/17/2026,02/17/2026
2727,2025,03,Occurrence,Race-Ethnicity,Hispanic,SUI,Intentional self-harm (suicide),ICD-10,82.0,,,02/17/2026,02/17/2026
2728,2025,03,Occurrence,Race-Ethnicity,Multi-Race,SUI,Intentional self-harm (suicide),ICD-10,,1,Cell suppressed for small numbers,02/17/2026,02/17/2026
2729,2025,03,Occurrence,Race-Ethnicity,White,SUI,Intentional self-harm (suicide),ICD-10,183.0,,,02/17/2026,02/17/2026
2730,2025,03,Occurrence,Race-Ethnicity,Other/Unknown,SUI,Intentional self-harm (suicide),ICD-10,,1,Cell suppressed for small numbers,02/17/2026,02/17/2026
2731,2025,04,Occurrence,Total Population,Total Population,ALL,All causes (total),ICD-10,23410.0,,,02/17/2026,02/17/2026
2732,2025,04,Occurrence,Age,Under 1 year,ALL,All causes (total),ICD-10,131.0,,,02/17/2026,02/17/2026
2733,2025,04,Occurrence,Age,1-4 years,ALL,All causes (total),ICD-10,31.0,,,02/17/2026,02/17/2026
2734,2025,04,Occurrence,Age,5-14 years,ALL,All causes (total),ICD-10,39.0,,,02/17/2026,02/17/2026
2735,2025,04,Occurrence,Age,15-24 years,ALL,All causes (total),ICD-10,222.0,,,02/17/2026,02/17/2026
2736,2025,04,Occurrence,Age,25-34 years,ALL,All causes (total),ICD-10,463.0,,,02/17/2026,02/17/2026
2737,2025,04,Occurrence,Age,35-44 years,ALL,All causes (total),ICD-10,795.0,,,02/17/2026,02/17/2026
2738,2025,04,Occurrence,Age,45-54 years,ALL,All causes (total),ICD-10,1204.0,,,02/17/2026,02/17/2026
2739,2025,04,Occurrence,Age,55-64 years,ALL,All causes (total),ICD-10,2561.0,,,02/17/2026,02/17/2026
2740,2025,04,Occurrence,Age,65-74 years,ALL,All causes (total),ICD-10,4446.0,,,02/17/2026,02/17/2026
2741,2025,04,Occurrence,Age,75-84 years,ALL,All causes (total),ICD-10,6080.0,,,02/17/2026,02/17/2026
2742,2025,04,Occurrence,Age,85 years and over,ALL,All causes (total),ICD-10,7435.0,,,02/17/2026,02/17/2026
2743,2025,04,Occurrence,Gender,Female,ALL,All causes (total),ICD-10,10853.0,,,02/17/2026,02/17/2026
2744,2025,04,Occurrence,Gender,Male,ALL,All causes (total),ICD-10,12555.0,,,02/17/2026,02/17/2026
2745,2025,04,Occurrence,Place Type,Inpatient,ALL,All causes (total),ICD-10,7443.0,,,02/17/2026,02/17/2026
2746,2025,04,Occurrence,Place Type,Emergency Room/Outpatient,ALL,All causes (total),ICD-10,1242.0,,,02/17/2026,02/17/2026
2747,2025,04,Occurrence,Place Type,Decedent's Home,ALL,All causes (total),ICD-10,9100.0,,,02/17/2026,02/17/2026
2748,2025,04,Occurrence,Place Type,Hospice Facility,ALL,All causes (total),ICD-10,347.0,,,02/17/2026,02/17/2026
2749,2025,04,Occurrence,Place Type,Nursing Home/Long Term Care Facility,ALL,All causes (total),ICD-10,3972.0,,,02/17/2026,02/17/2026
2750,2025,04,Occurrence,Place Type,Other/Unknown,ALL,All causes (total),ICD-10,1306.0,,,02/17/2026,02/17/2026
2751,2025,04,Occurrence,Race-Ethnicity,American Indian/Alaska Native,ALL,All causes (total),ICD-10,119.0,,,02/17/2026,02/17/2026
2752,2025,04,Occurrence,Race-Ethnicity,Asian,ALL,All causes (total),ICD-10,2690.0,,,02/17/2026,02/17/2026
2753,2025,04,Occurrence,Race-Ethnicity,Black,ALL,All causes (total),ICD-10,1798.0,,,02/17/2026,02/17/2026
2754,2025,04,Occurrence,Race-Ethnicity,Hawaiian/Pacific Islander,ALL,All causes (total),ICD-10,103.0,,,02/17/2026,02/17/2026
2755,2025,04,Occurrence,Race-Ethnicity,Hispanic,ALL,All causes (total),ICD-10,5395.0,,,02/17/2026,02/17/2026
2756,2025,04,Occurrence,Race-Ethnicity,Multi-Race,ALL,All causes (total),ICD-10,237.0,,,02/17/2026,02/17/2026
2757,2025,04,Occurrence,Race-Ethnicity,White,ALL,All causes (total),ICD-10,12840.0,,,02/17/2026,02/17/2026
2758,2025,04,Occurrence,Race-Ethnicity,Other/Unknown,ALL,All causes (total),ICD-10,228.0,,,02/17/2026,02/17/2026
2759,2025,04,Occurrence,Total Population,Total Population,ALZ,Alzheimer's disease,ICD-10,1286.0,,,02/17/2026,02/17/2026
2760,2025,04,Occurrence,Gender,Female,ALZ,Alzheimer's disease,ICD-10,882.0,,,02/17/2026,02/17/2026
2761,2025,04,Occurrence,Gender,Male,ALZ,Alzheimer's disease,ICD-10,404.0,,,02/17/2026,02/17/2026
2762,2025,04,Occurrence,Race-Ethnicity,American Indian/Alaska Native,ALZ,Alzheimer's disease,ICD-10,0.0,,,02/17/2026,02/17/2026
2763,2025,04,Occurrence,Race-Ethnicity,Asian,ALZ,Alzheimer's disease,ICD-10,144.0,,,02/17/2026,02/17/2026
2764,2025,04,Occurrence,Race-Ethnicity,Black,ALZ,Alzheimer's disease,ICD-10,62.0,,,02/17/2026,02/17/2026
2765,2025,04,Occurrence,Race-Ethnicity,Hawaiian/Pacific Islander,ALZ,Alzheimer's disease,ICD-10,,1,Cell suppressed for small numbers,02/17/2026,02/17/2026
2766,2025,04,Occurrence,Race-Ethnicity,Hispanic,ALZ,Alzheimer's disease,ICD-10,244.0,,,02/17/2026,02/17/2026
2767,2025,04,Occurrence,Race-Ethnicity,Multi-Race,ALZ,Alzheimer's disease,ICD-10,,1,Cell suppressed for small numbers,02/17/2026,02/17/2026
2768,2025,04,Occurrence,Race-Ethnicity,White,ALZ,Alzheimer's disease,ICD-10,822.0,,,02/17/2026,02/17/2026
2769,2025,04,Occurrence,Race-Ethnicity,Other/Unknown,ALZ,Alzheimer's disease,ICD-10,,1,Cell suppressed for small numbers,02/17/2026,02/17/2026
2770,2025,04,Occurrence,Total Population,Total Population,CAN,Malignant neoplasms,ICD-10,4964.0,,,02/17/2026,02/17/2026
2771,2025,04,Occurrence,Gender,Female,CAN,Malignant neoplasms,ICD-10,2377.0,,,02/17/2026,02/17/2026
2772,2025,04,Occurrence,Gender,Male,CAN,Malignant neoplasms,ICD-10,2587.0,,,02/17/2026,02/17/2026
2773,2025,04,Occurrence,Race-Ethnicity,American Indian/Alaska Native,CAN,Malignant neoplasms,ICD-10,17.0,,,02/17/2026,02/17/2026
2774,2025,04,Occurrence,Race-Ethnicity,Asian,CAN,Malignant neoplasms,ICD-10,653.0,,,02/17/2026,02/17/2026
2775,2025,04,Occurrence,Race-Ethnicity,Black,CAN,Malignant neoplasms,ICD-10,342.0,,,02/17/2026,02/17/2026
2776,2025,04,Occurrence,Race-Ethnicity,Hawaiian/Pacific Islander,CAN,Malignant neoplasms,ICD-10,26.0,,,02/17/2026,02/17/2026
2777,2025,04,Occurrence,Race-Ethnicity,Hispanic,CAN,Malignant neoplasms,ICD-10,1137.0,,,02/17/2026,02/17/2026
2778,2025,04,Occurrence,Race-Ethnicity,Multi-Race,CAN,Malignant neoplasms,ICD-10,45.0,,,02/17/2026,02/17/2026
2779,2025,04,Occurrence,Race-Ethnicity,White,CAN,Malignant neoplasms,ICD-10,2708.0,,,02/17/2026,02/17/2026
2780,2025,04,Occurrence,Race-Ethnicity,Other/Unknown,CAN,Malignant neoplasms,ICD-10,36.0,,,02/17/2026,02/17/2026
2781,2025,04,Occurrence,Total Population,Total Population,CLD,Chronic lower respiratory diseases,ICD-10,940.0,,,02/17/2026,02/17/2026
2782,2025,04,Occurrence,Gender,Female,CLD,Chronic lower respiratory diseases,ICD-10,468.0,,,02/17/2026,02/17/2026
2783,2025,04,Occurrence,Gender,Male,CLD,Chronic lower respiratory diseases,ICD-10,472.0,,,02/17/2026,02/17/2026
2784,2025,04,Occurrence,Race-Ethnicity,American Indian/Alaska Native,CLD,Chronic lower respiratory diseases,ICD-10,,1,Cell suppressed for small numbers,02/17/2026,02/17/2026
2785,2025,04,Occurrence,Race-Ethnicity,Asian,CLD,Chronic lower respiratory diseases,ICD-10,68.0,,,02/17/2026,02/17/2026
2786,2025,04,Occurrence,Race-Ethnicity,Black,CLD,Chronic lower respiratory diseases,ICD-10,68.0,,,02/17/2026,02/17/2026
2787,2025,04,Occurrence,Race-Ethnicity,Hawaiian/Pacific Islander,CLD,Chronic lower respiratory diseases,ICD-10,,1,Cell suppressed for small numbers,02/17/2026,02/17/2026
2788,2025,04,Occurrence,Race-Ethnicity,Hispanic,CLD,Chronic lower respiratory diseases,ICD-10,99.0,,,02/17/2026,02/17/2026
2789,2025,04,Occurrence,Race-Ethnicity,Multi-Race,CLD,Chronic lower respiratory diseases,ICD-10,16.0,,,02/17/2026,02/17/2026
2790,2025,04,Occurrence,Race-Ethnicity,White,CLD,Chronic lower respiratory diseases,ICD-10,665.0,,,02/17/2026,02/17/2026
2791,2025,04,Occurrence,Race-Ethnicity,Other/Unknown,CLD,Chronic lower respiratory diseases,ICD-10,14.0,,,02/17/2026,02/17/2026
2792,2025,04,Occurrence,Total Population,Total Population,DIA,Diabetes mellitus,ICD-10,859.0,,,02/17/2026,02/17/2026
2793,2025,04,Occurrence,Gender,Female,DIA,Diabetes mellitus,ICD-10,347.0,,,02/17/2026,02/17/2026
2794,2025,04,Occurrence,Gender,Male,DIA,Diabetes mellitus,ICD-10,512.0,,,02/17/2026,02/17/2026
2795,2025,04,Occurrence,Race-Ethnicity,American Indian/Alaska Native,DIA,Diabetes mellitus,ICD-10,,1,Cell suppressed for small numbers,02/17/2026,02/17/2026
2796,2025,04,Occurrence,Race-Ethnicity,Asian,DIA,Diabetes mellitus,ICD-10,121.0,,,02/17/2026,02/17/2026
2797,2025,04,Occurrence,Race-Ethnicity,Black,DIA,Diabetes mellitus,ICD-10,82.0,,,02/17/2026,02/17/2026
2798,2025,04,Occurrence,Race-Ethnicity,Hawaiian/Pacific Islander,DIA,Diabetes mellitus,ICD-10,,1,Cell suppressed for small numbers,02/17/2026,02/17/2026
2799,2025,04,Occurrence,Race-Ethnicity,Hispanic,DIA,Diabetes mellitus,ICD-10,316.0,,,02/17/2026,02/17/2026
2800,2025,04,Occurrence,Race-Ethnicity,Multi-Race,DIA,Diabetes mellitus,ICD-10,,1,Cell suppressed for small numbers,02/17/2026,02/17/2026
2801,2025,04,Occurrence,Race-Ethnicity,White,DIA,Diabetes mellitus,ICD-10,305.0,,,02/17/2026,02/17/2026
2802,2025,04,Occurrence,Race-Ethnicity,Other/Unknown,DIA,Diabetes mellitus,ICD-10,11.0,,,02/17/2026,02/17/2026
2803,2025,04,Occurrence,Total Population,Total Population,HOM,Assault (homicide),ICD-10,132.0,,,02/17/2026,02/17/2026
2804,2025,04,Occurrence,Gender,Female,HOM,Assault (homicide),ICD-10,23.0,,,02/17/2026,02/17/2026
2805,2025,04,Occurrence,Gender,Male,HOM,Assault (homicide),ICD-10,109.0,,,02/17/2026,02/17/2026
2806,2025,04,Occurrence,Race-Ethnicity,American Indian/Alaska Native,HOM,Assault (homicide),ICD-10,,1,Cell suppressed for small numbers,02/17/2026,02/17/2026
2807,2025,04,Occurrence,Race-Ethnicity,Asian,HOM,Assault (homicide),ICD-10,,1,Cell suppressed for small numbers,02/17/2026,02/17/2026
2808,2025,04,Occurrence,Race-Ethnicity,Black,HOM,Assault (homicide),ICD-10,40.0,,,02/17/2026,02/17/2026
2809,2025,04,Occurrence,Race-Ethnicity,Hawaiian/Pacific Islander,HOM,Assault (homicide),ICD-10,0.0,,,02/17/2026,02/17/2026
2810,2025,04,Occurrence,Race-Ethnicity,Hispanic,HOM,Assault (homicide),ICD-10,60.0,,,02/17/2026,02/17/2026
2811,2025,04,Occurrence,Race-Ethnicity,Multi-Race,HOM,Assault (homicide),ICD-10,,1,Cell suppressed for small numbers,02/17/2026,02/17/2026
2812,2025,04,Occurrence,Race-Ethnicity,White,HOM,Assault (homicide),ICD-10,25.0,,,02/17/2026,02/17/2026
2813,2025,04,Occurrence,Race-Ethnicity,Other/Unknown,HOM,Assault (homicide),ICD-10,,1,Cell suppressed for small numbers,02/17/2026,02/17/2026
2814,2025,04,Occurrence,Total Population,Total Population,HTD,Diseases of heart,ICD-10,5252.0,,,02/17/2026,02/17/2026
2815,2025,04,Occurrence,Gender,Female,HTD,Diseases of heart,ICD-10,2214.0,,,02/17/2026,02/17/2026
2816,2025,04,Occurrence,Gender,Male,HTD,Diseases of heart,ICD-10,3038.0,,,02/17/2026,02/17/2026
2817,2025,04,Occurrence,Race-Ethnicity,American Indian/Alaska Native,HTD,Diseases of heart,ICD-10,32.0,,,02/17/2026,02/17/2026
2818,2025,04,Occurrence,Race-Ethnicity,Asian,HTD,Diseases of heart,ICD-10,612.0,,,02/17/2026,02/17/2026
2819,2025,04,Occurrence,Race-Ethnicity,Black,HTD,Diseases of heart,ICD-10,421.0,,,02/17/2026,02/17/2026
2820,2025,04,Occurrence,Race-Ethnicity,Hawaiian/Pacific Islander,HTD,Diseases of heart,ICD-10,21.0,,,02/17/2026,02/17/2026
2821,2025,04,Occurrence,Race-Ethnicity,Hispanic,HTD,Diseases of heart,ICD-10,976.0,,,02/17/2026,02/17/2026
2822,2025,04,Occurrence,Race-Ethnicity,Multi-Race,HTD,Diseases of heart,ICD-10,50.0,,,02/17/2026,02/17/2026
2823,2025,04,Occurrence,Race-Ethnicity,White,HTD,Diseases of heart,ICD-10,3088.0,,,02/17/2026,02/17/2026
2824,2025,04,Occurrence,Race-Ethnicity,Other/Unknown,HTD,Diseases of heart,ICD-10,52.0,,,02/17/2026,02/17/2026
2825,2025,04,Occurrence,Total Population,Total Population,HYP,Essential hypertension and hypertensive renal disease,ICD-10,469.0,,,02/17/2026,02/17/2026
2826,2025,04,Occurrence,Gender,Female,HYP,Essential hypertension and hypertensive renal disease,ICD-10,249.0,,,02/17/2026,02/17/2026
2827,2025,04,Occurrence,Gender,Male,HYP,Essential hypertension and hypertensive renal disease,ICD-10,220.0,,,02/17/2026,02/17/2026
2828,2025,04,Occurrence,Race-Ethnicity,American Indian/Alaska Native,HYP,Essential hypertension and hypertensive renal disease,ICD-10,0.0,,,02/17/2026,02/17/2026
2829,2025,04,Occurrence,Race-Ethnicity,Asian,HYP,Essential hypertension and hypertensive renal disease,ICD-10,80.0,,,02/17/2026,02/17/2026
2830,2025,04,Occurrence,Race-Ethnicity,Black,HYP,Essential hypertension and hypertensive renal disease,ICD-10,46.0,,,02/17/2026,02/17/2026
2831,2025,04,Occurrence,Race-Ethnicity,Hawaiian/Pacific Islander,HYP,Essential hypertension and hypertensive renal disease,ICD-10,,1,Cell suppressed for small numbers,02/17/2026,02/17/2026
2832,2025,04,Occurrence,Race-Ethnicity,Hispanic,HYP,Essential hypertension and hypertensive renal disease,ICD-10,94.0,,,02/17/2026,02/17/2026
2833,2025,04,Occurrence,Race-Ethnicity,Multi-Race,HYP,Essential hypertension and hypertensive renal disease,ICD-10,,1,Cell suppressed for small numbers,02/17/2026,02/17/2026
2834,2025,04,Occurrence,Race-Ethnicity,White,HYP,Essential hypertension and hypertensive renal disease,ICD-10,241.0,,,02/17/2026,02/17/2026
2835,2025,04,Occurrence,Race-Ethnicity,Other/Unknown,HYP,Essential hypertension and hypertensive renal disease,ICD-10,,1,Cell suppressed for small numbers,02/17/2026,02/17/2026
2836,2025,04,Occurrence,Total Population,Total Population,INJ,Accidents (unintentional injuries),ICD-10,1458.0,,,02/17/2026,02/17/2026
2837,2025,04,Occurrence,Gender,Female,INJ,Accidents (unintentional injuries),ICD-10,410.0,,,02/17/2026,02/17/2026
2838,2025,04,Occurrence,Gender,Male,INJ,Accidents (unintentional injuries),ICD-10,1048.0,,,02/17/2026,02/17/2026
2839,2025,04,Occurrence,Race-Ethnicity,American Indian/Alaska Native,INJ,Accidents (unintentional injuries),ICD-10,,2,Cell suppressed for complementary cell,02/17/2026,02/17/2026
2840,2025,04,Occurrence,Race-Ethnicity,Asian,INJ,Accidents (unintentional injuries),ICD-10,91.0,,,02/17/2026,02/17/2026
2841,2025,04,Occurrence,Race-Ethnicity,Black,INJ,Accidents (unintentional injuries),ICD-10,166.0,,,02/17/2026,02/17/2026
2842,2025,04,Occurrence,Race-Ethnicity,Hawaiian/Pacific Islander,INJ,Accidents (unintentional injuries),ICD-10,,1,Cell suppressed for small numbers,02/17/2026,02/17/2026
2843,2025,04,Occurrence,Race-Ethnicity,Hispanic,INJ,Accidents (unintentional injuries),ICD-10,483.0,,,02/17/2026,02/17/2026
2844,2025,04,Occurrence,Race-Ethnicity,Multi-Race,INJ,Accidents (unintentional injuries),ICD-10,26.0,,,02/17/2026,02/17/2026
2845,2025,04,Occurrence,Race-Ethnicity,White,INJ,Accidents (unintentional injuries),ICD-10,651.0,,,02/17/2026,02/17/2026
2846,2025,04,Occurrence,Race-Ethnicity,Other/Unknown,INJ,Accidents (unintentional injuries),ICD-10,22.0,,,02/17/2026,02/17/2026
2847,2025,04,Occurrence,Total Population,Total Population,LIV,Chronic liver disease and cirrhosis,ICD-10,517.0,,,02/17/2026,02/17/2026
2848,2025,04,Occurrence,Gender,Female,LIV,Chronic liver disease and cirrhosis,ICD-10,184.0,,,02/17/2026,02/17/2026
2849,2025,04,Occurrence,Gender,Male,LIV,Chronic liver disease and cirrhosis,ICD-10,333.0,,,02/17/2026,02/17/2026
2850,2025,04,Occurrence,Race-Ethnicity,American Indian/Alaska Native,LIV,Chronic liver disease and cirrhosis,ICD-10,,1,Cell suppressed for small numbers,02/17/2026,02/17/2026
2851,2025,04,Occurrence,Race-Ethnicity,Asian,LIV,Chronic liver disease and cirrhosis,ICD-10,21.0,,,02/17/2026,02/17/2026
2852,2025,04,Occurrence,Race-Ethnicity,Black,LIV,Chronic liver disease and cirrhosis,ICD-10,23.0,,,02/17/2026,02/17/2026
2853,2025,04,Occurrence,Race-Ethnicity,Hawaiian/Pacific Islander,LIV,Chronic liver disease and cirrhosis,ICD-10,0.0,,,02/17/2026,02/17/2026
2854,2025,04,Occurrence,Race-Ethnicity,Hispanic,LIV,Chronic liver disease and cirrhosis,ICD-10,242.0,,,02/17/2026,02/17/2026
2855,2025,04,Occurrence,Race-Ethnicity,Multi-Race,LIV,Chronic liver disease and cirrhosis,ICD-10,,1,Cell suppressed for small numbers,02/17/2026,02/17/2026
2856,2025,04,Occurrence,Race-Ethnicity,White,LIV,Chronic liver disease and cirrhosis,ICD-10,214.0,,,02/17/2026,02/17/2026
2857,2025,04,Occurrence,Race-Ethnicity,Other/Unknown,LIV,Chronic liver disease and cirrhosis,ICD-10,,1,Cell suppressed for small numbers,02/17/2026,02/17/2026
2858,2025,04,Occurrence,Total Population,Total Population,NEP,"Nephritis, nephrotic syndrome and nephrosis",ICD-10,413.0,,,02/17/2026,02/17/2026
2859,2025,04,Occurrence,Gender,Female,NEP,"Nephritis, nephrotic syndrome and nephrosis",ICD-10,199.0,,,02/17/2026,02/17/2026
2860,2025,04,Occurrence,Gender,Male,NEP,"Nephritis, nephrotic syndrome and nephrosis",ICD-10,214.0,,,02/17/2026,02/17/2026
2861,2025,04,Occurrence,Race-Ethnicity,American Indian/Alaska Native,NEP,"Nephritis, nephrotic syndrome and nephrosis",ICD-10,,1,Cell suppressed for small numbers,02/17/2026,02/17/2026
2862,2025,04,Occurrence,Race-Ethnicity,Asian,NEP,"Nephritis, nephrotic syndrome and nephrosis",ICD-10,46.0,,,02/17/2026,02/17/2026
2863,2025,04,Occurrence,Race-Ethnicity,Black,NEP,"Nephritis, nephrotic syndrome and nephrosis",ICD-10,46.0,,,02/17/2026,02/17/2026
2864,2025,04,Occurrence,Race-Ethnicity,Hawaiian/Pacific Islander,NEP,"Nephritis, nephrotic syndrome and nephrosis",ICD-10,,1,Cell suppressed for small numbers,02/17/2026,02/17/2026
2865,2025,04,Occurrence,Race-Ethnicity,Hispanic,NEP,"Nephritis, nephrotic syndrome and nephrosis",ICD-10,121.0,,,02/17/2026,02/17/2026
2866,2025,04,Occurrence,Race-Ethnicity,Multi-Race,NEP,"Nephritis, nephrotic syndrome and nephrosis",ICD-10,,1,Cell suppressed for small numbers,02/17/2026,02/17/2026
2867,2025,04,Occurrence,Race-Ethnicity,White,NEP,"Nephritis, nephrotic syndrome and nephrosis",ICD-10,190.0,,,02/17/2026,02/17/2026
2868,2025,04,Occurrence,Race-Ethnicity,Other/Unknown,NEP,"Nephritis, nephrotic syndrome and nephrosis",ICD-10,,1,Cell suppressed for small numbers,02/17/2026,02/17/2026
2869,2025,04,Occurrence,Total Population,Total Population,PAR,Parkinson's disease,ICD-10,326.0,,,02/17/2026,02/17/2026
2870,2025,04,Occurrence,Gender,Female,PAR,Parkinson's disease,ICD-10,132.0,,,02/17/2026,02/17/2026
2871,2025,04,Occurrence,Gender,Male,PAR,Parkinson's disease,ICD-10,194.0,,,02/17/2026,02/17/2026
2872,2025,04,Occurrence,Race-Ethnicity,American Indian/Alaska Native,PAR,Parkinson's disease,ICD-10,0.0,,,02/17/2026,02/17/2026
2873,2025,04,Occurrence,Race-Ethnicity,Asian,PAR,Parkinson's disease,ICD-10,29.0,,,02/17/2026,02/17/2026
2874,2025,04,Occurrence,Race-Ethnicity,Black,PAR,Parkinson's disease,ICD-10,,1,Cell suppressed for small numbers,02/17/2026,02/17/2026
2875,2025,04,Occurrence,Race-Ethnicity,Hawaiian/Pacific Islander,PAR,Parkinson's disease,ICD-10,,1,Cell suppressed for small numbers,02/17/2026,02/17/2026
2876,2025,04,Occurrence,Race-Ethnicity,Hispanic,PAR,Parkinson's disease,ICD-10,58.0,,,02/17/2026,02/17/2026
2877,2025,04,Occurrence,Race-Ethnicity,Multi-Race,PAR,Parkinson's disease,ICD-10,0.0,,,02/17/2026,02/17/2026
2878,2025,04,Occurrence,Race-Ethnicity,White,PAR,Parkinson's disease,ICD-10,227.0,,,02/17/2026,02/17/2026
2879,2025,04,Occurrence,Race-Ethnicity,Other/Unknown,PAR,Parkinson's disease,ICD-10,,1,Cell suppressed for small numbers,02/17/2026,02/17/2026
2880,2025,04,Occurrence,Total Population,Total Population,PNF,Influenza and pneumonia,ICD-10,474.0,,,02/17/2026,02/17/2026
2881,2025,04,Occurrence,Gender,Female,PNF,Influenza and pneumonia,ICD-10,228.0,,,02/17/2026,02/17/2026
2882,2025,04,Occurrence,Gender,Male,PNF,Influenza and pneumonia,ICD-10,246.0,,,02/17/2026,02/17/2026
2883,2025,04,Occurrence,Race-Ethnicity,American Indian/Alaska Native,PNF,Influenza and pneumonia,ICD-10,,1,Cell suppressed for small numbers,02/17/2026,02/17/2026
2884,2025,04,Occurrence,Race-Ethnicity,Asian,PNF,Influenza and pneumonia,ICD-10,78.0,,,02/17/2026,02/17/2026
2885,2025,04,Occurrence,Race-Ethnicity,Black,PNF,Influenza and pneumonia,ICD-10,33.0,,,02/17/2026,02/17/2026
2886,2025,04,Occurrence,Race-Ethnicity,Hawaiian/Pacific Islander,PNF,Influenza and pneumonia,ICD-10,,1,Cell suppressed for small numbers,02/17/2026,02/17/2026
2887,2025,04,Occurrence,Race-Ethnicity,Hispanic,PNF,Influenza and pneumonia,ICD-10,122.0,,,02/17/2026,02/17/2026
2888,2025,04,Occurrence,Race-Ethnicity,Multi-Race,PNF,Influenza and pneumonia,ICD-10,,1,Cell suppressed for small numbers,02/17/2026,02/17/2026
2889,2025,04,Occurrence,Race-Ethnicity,White,PNF,Influenza and pneumonia,ICD-10,229.0,,,02/17/2026,02/17/2026
2890,2025,04,Occurrence,Race-Ethnicity,Other/Unknown,PNF,Influenza and pneumonia,ICD-10,,1,Cell suppressed for small numbers,02/17/2026,02/17/2026
2891,2025,04,Occurrence,Total Population,Total Population,STK,Cerebrovascular diseases,ICD-10,1477.0,,,02/17/2026,02/17/2026
2892,2025,04,Occurrence,Gender,Female,STK,Cerebrovascular diseases,ICD-10,793.0,,,02/17/2026,02/17/2026
2893,2025,04,Occurrence,Gender,Male,STK,Cerebrovascular diseases,ICD-10,684.0,,,02/17/2026,02/17/2026
2894,2025,04,Occurrence,Race-Ethnicity,American Indian/Alaska Native,STK,Cerebrovascular diseases,ICD-10,,1,Cell suppressed for small numbers,02/17/2026,02/17/2026
2895,2025,04,Occurrence,Race-Ethnicity,Asian,STK,Cerebrovascular diseases,ICD-10,224.0,,,02/17/2026,02/17/2026
2896,2025,04,Occurrence,Race-Ethnicity,Black,STK,Cerebrovascular diseases,ICD-10,110.0,,,02/17/2026,02/17/2026
2897,2025,04,Occurrence,Race-Ethnicity,Hawaiian/Pacific Islander,STK,Cerebrovascular diseases,ICD-10,,2,Cell suppressed for complementary cell,02/17/2026,02/17/2026
2898,2025,04,Occurrence,Race-Ethnicity,Hispanic,STK,Cerebrovascular diseases,ICD-10,331.0,,,02/17/2026,02/17/2026
2899,2025,04,Occurrence,Race-Ethnicity,Multi-Race,STK,Cerebrovascular diseases,ICD-10,20.0,,,02/17/2026,02/17/2026
2900,2025,04,Occurrence,Race-Ethnicity,White,STK,Cerebrovascular diseases,ICD-10,755.0,,,02/17/2026,02/17/2026
2901,2025,04,Occurrence,Race-Ethnicity,Other/Unknown,STK,Cerebrovascular diseases,ICD-10,21.0,,,02/17/2026,02/17/2026
2902,2025,04,Occurrence,Total Population,Total Population,SUI,Intentional self-harm (suicide),ICD-10,354.0,,,02/17/2026,02/17/2026
2903,2025,04,Occurrence,Gender,Female,SUI,Intentional self-harm (suicide),ICD-10,84.0,,,02/17/2026,02/17/2026
2904,2025,04,Occurrence,Gender,Male,SUI,Intentional self-harm (suicide),ICD-10,269.0,,,02/17/2026,02/17/2026
2905,2025,04,Occurrence,Race-Ethnicity,American Indian/Alaska Native,SUI,Intentional self-harm (suicide),ICD-10,0.0,,,02/17/2026,02/17/2026
2906,2025,04,Occurrence,Race-Ethnicity,Asian,SUI,Intentional self-harm (suicide),ICD-10,39.0,,,02/17/2026,02/17/2026
2907,2025,04,Occurrence,Race-Ethnicity,Black,SUI,Intentional self-harm (suicide),ICD-10,23.0,,,02/17/2026,02/17/2026
2908,2025,04,Occurrence,Race-Ethnicity,Hawaiian/Pacific Islander,SUI,Intentional self-harm (suicide),ICD-10,,1,Cell suppressed for small numbers,02/17/2026,02/17/2026
2909,2025,04,Occurrence,Race-Ethnicity,Hispanic,SUI,Intentional self-harm (suicide),ICD-10,86.0,,,02/17/2026,02/17/2026
2910,2025,04,Occurrence,Race-Ethnicity,Multi-Race,SUI,Intentional self-harm (suicide),ICD-10,,1,Cell suppressed for small numbers,02/17/2026,02/17/2026
2911,2025,04,Occurrence,Race-Ethnicity,White,SUI,Intentional self-harm (suicide),ICD-10,193.0,,,02/17/2026,02/17/2026
2912,2025,04,Occurrence,Race-Ethnicity,Other/Unknown,SUI,Intentional self-harm (suicide),ICD-10,,1,Cell suppressed for small numbers,02/17/2026,02/17/2026
2913,2025,05,Occurrence,Total Population,Total Population,ALL,All causes (total),ICD-10,24035.0,,,02/17/2026,02/17/2026
2914,2025,05,Occurrence,Age,Under 1 year,ALL,All causes (total),ICD-10,132.0,,,02/17/2026,02/17/2026
2915,2025,05,Occurrence,Age,1-4 years,ALL,All causes (total),ICD-10,29.0,,,02/17/2026,02/17/2026
2916,2025,05,Occurrence,Age,5-14 years,ALL,All causes (total),ICD-10,39.0,,,02/17/2026,02/17/2026
2917,2025,05,Occurrence,Age,15-24 years,ALL,All causes (total),ICD-10,253.0,,,02/17/2026,02/17/2026
2918,2025,05,Occurrence,Age,25-34 years,ALL,All causes (total),ICD-10,473.0,,,02/17/2026,02/17/2026
2919,2025,05,Occurrence,Age,35-44 years,ALL,All causes (total),ICD-10,812.0,,,02/17/2026,02/17/2026
2920,2025,05,Occurrence,Age,45-54 years,ALL,All causes (total),ICD-10,1259.0,,,02/17/2026,02/17/2026
2921,2025,05,Occurrence,Age,55-64 years,ALL,All causes (total),ICD-10,2575.0,,,02/17/2026,02/17/2026
2922,2025,05,Occurrence,Age,65-74 years,ALL,All causes (total),ICD-10,4634.0,,,02/17/2026,02/17/2026
2923,2025,05,Occurrence,Age,75-84 years,ALL,All causes (total),ICD-10,6303.0,,,02/17/2026,02/17/2026
2924,2025,05,Occurrence,Age,85 years and over,ALL,All causes (total),ICD-10,7520.0,,,02/17/2026,02/17/2026
2925,2025,05,Occurrence,Gender,Female,ALL,All causes (total),ICD-10,11306.0,,,02/17/2026,02/17/2026
2926,2025,05,Occurrence,Gender,Male,ALL,All causes (total),ICD-10,12727.0,,,02/17/2026,02/17/2026
2927,2025,05,Occurrence,Place Type,Inpatient,ALL,All causes (total),ICD-10,7531.0,,,02/17/2026,02/17/2026
2928,2025,05,Occurrence,Place Type,Emergency Room/Outpatient,ALL,All causes (total),ICD-10,1313.0,,,02/17/2026,02/17/2026
2929,2025,05,Occurrence,Place Type,Decedent's Home,ALL,All causes (total),ICD-10,9325.0,,,02/17/2026,02/17/2026
2930,2025,05,Occurrence,Place Type,Hospice Facility,ALL,All causes (total),ICD-10,324.0,,,02/17/2026,02/17/2026
2931,2025,05,Occurrence,Place Type,Nursing Home/Long Term Care Facility,ALL,All causes (total),ICD-10,4144.0,,,02/17/2026,02/17/2026
2932,2025,05,Occurrence,Place Type,Other/Unknown,ALL,All causes (total),ICD-10,1398.0,,,02/17/2026,02/17/2026
2933,2025,05,Occurrence,Race-Ethnicity,American Indian/Alaska Native,ALL,All causes (total),ICD-10,102.0,,,02/17/2026,02/17/2026
2934,2025,05,Occurrence,Race-Ethnicity,Asian,ALL,All causes (total),ICD-10,2736.0,,,02/17/2026,02/17/2026
2935,2025,05,Occurrence,Race-Ethnicity,Black,ALL,All causes (total),ICD-10,1846.0,,,02/17/2026,02/17/2026
2936,2025,05,Occurrence,Race-Ethnicity,Hawaiian/Pacific Islander,ALL,All causes (total),ICD-10,101.0,,,02/17/2026,02/17/2026
2937,2025,05,Occurrence,Race-Ethnicity,Hispanic,ALL,All causes (total),ICD-10,5520.0,,,02/17/2026,02/17/2026
2938,2025,05,Occurrence,Race-Ethnicity,Multi-Race,ALL,All causes (total),ICD-10,275.0,,,02/17/2026,02/17/2026
2939,2025,05,Occurrence,Race-Ethnicity,White,ALL,All causes (total),ICD-10,13241.0,,,02/17/2026,02/17/2026
2940,2025,05,Occurrence,Race-Ethnicity,Other/Unknown,ALL,All causes (total),ICD-10,214.0,,,02/17/2026,02/17/2026
2941,2025,05,Occurrence,Total Population,Total Population,ALZ,Alzheimer's disease,ICD-10,1323.0,,,02/17/2026,02/17/2026
2942,2025,05,Occurrence,Gender,Female,ALZ,Alzheimer's disease,ICD-10,879.0,,,02/17/2026,02/17/2026
2943,2025,05,Occurrence,Gender,Male,ALZ,Alzheimer's disease,ICD-10,444.0,,,02/17/2026,02/17/2026
2944,2025,05,Occurrence,Race-Ethnicity,American Indian/Alaska Native,ALZ,Alzheimer's disease,ICD-10,,1,Cell suppressed for small numbers,02/17/2026,02/17/2026
2945,2025,05,Occurrence,Race-Ethnicity,Asian,ALZ,Alzheimer's disease,ICD-10,152.0,,,02/17/2026,02/17/2026
2946,2025,05,Occurrence,Race-Ethnicity,Black,ALZ,Alzheimer's disease,ICD-10,79.0,,,02/17/2026,02/17/2026
2947,2025,05,Occurrence,Race-Ethnicity,Hawaiian/Pacific Islander,ALZ,Alzheimer's disease,ICD-10,,1,Cell suppressed for small numbers,02/17/2026,02/17/2026
2948,2025,05,Occurrence,Race-Ethnicity,Hispanic,ALZ,Alzheimer's disease,ICD-10,233.0,,,02/17/2026,02/17/2026
2949,2025,05,Occurrence,Race-Ethnicity,Multi-Race,ALZ,Alzheimer's disease,ICD-10,11.0,,,02/17/2026,02/17/2026
2950,2025,05,Occurrence,Race-Ethnicity,White,ALZ,Alzheimer's disease,ICD-10,834.0,,,02/17/2026,02/17/2026
2951,2025,05,Occurrence,Race-Ethnicity,Other/Unknown,ALZ,Alzheimer's disease,ICD-10,,1,Cell suppressed for small numbers,02/17/2026,02/17/2026
2952,2025,05,Occurrence,Total Population,Total Population,CAN,Malignant neoplasms,ICD-10,5164.0,,,02/17/2026,02/17/2026
2953,2025,05,Occurrence,Gender,Female,CAN,Malignant neoplasms,ICD-10,2530.0,,,02/17/2026,02/17/2026
2954,2025,05,Occurrence,Gender,Male,CAN,Malignant neoplasms,ICD-10,2633.0,,,02/17/2026,02/17/2026
2955,2025,05,Occurrence,Race-Ethnicity,American Indian/Alaska Native,CAN,Malignant neoplasms,ICD-10,14.0,,,02/17/2026,02/17/2026
2956,2025,05,Occurrence,Race-Ethnicity,Asian,CAN,Malignant neoplasms,ICD-10,681.0,,,02/17/2026,02/17/2026
2957,2025,05,Occurrence,Race-Ethnicity,Black,CAN,Malignant neoplasms,ICD-10,351.0,,,02/17/2026,02/17/2026
2958,2025,05,Occurrence,Race-Ethnicity,Hawaiian/Pacific Islander,CAN,Malignant neoplasms,ICD-10,28.0,,,02/17/2026,02/17/2026
2959,2025,05,Occurrence,Race-Ethnicity,Hispanic,CAN,Malignant neoplasms,ICD-10,1180.0,,,02/17/2026,02/17/2026
2960,2025,05,Occurrence,Race-Ethnicity,Multi-Race,CAN,Malignant neoplasms,ICD-10,50.0,,,02/17/2026,02/17/2026
2961,2025,05,Occurrence,Race-Ethnicity,White,CAN,Malignant neoplasms,ICD-10,2825.0,,,02/17/2026,02/17/2026
2962,2025,05,Occurrence,Race-Ethnicity,Other/Unknown,CAN,Malignant neoplasms,ICD-10,35.0,,,02/17/2026,02/17/2026
2963,2025,05,Occurrence,Total Population,Total Population,CLD,Chronic lower respiratory diseases,ICD-10,938.0,,,02/17/2026,02/17/2026
2964,2025,05,Occurrence,Gender,Female,CLD,Chronic lower respiratory diseases,ICD-10,489.0,,,02/17/2026,02/17/2026
2965,2025,05,Occurrence,Gender,Male,CLD,Chronic lower respiratory diseases,ICD-10,449.0,,,02/17/2026,02/17/2026
2966,2025,05,Occurrence,Race-Ethnicity,American Indian/Alaska Native,CLD,Chronic lower respiratory diseases,ICD-10,,1,Cell suppressed for small numbers,02/17/2026,02/17/2026
2967,2025,05,Occurrence,Race-Ethnicity,Asian,CLD,Chronic lower respiratory diseases,ICD-10,61.0,,,02/17/2026,02/17/2026
2968,2025,05,Occurrence,Race-Ethnicity,Black,CLD,Chronic lower respiratory diseases,ICD-10,73.0,,,02/17/2026,02/17/2026
2969,2025,05,Occurrence,Race-Ethnicity,Hawaiian/Pacific Islander,CLD,Chronic lower respiratory diseases,ICD-10,,1,Cell suppressed for small numbers,02/17/2026,02/17/2026
2970,2025,05,Occurrence,Race-Ethnicity,Hispanic,CLD,Chronic lower respiratory diseases,ICD-10,104.0,,,02/17/2026,02/17/2026
2971,2025,05,Occurrence,Race-Ethnicity,Multi-Race,CLD,Chronic lower respiratory diseases,ICD-10,,1,Cell suppressed for small numbers,02/17/2026,02/17/2026
2972,2025,05,Occurrence,Race-Ethnicity,White,CLD,Chronic lower respiratory diseases,ICD-10,672.0,,,02/17/2026,02/17/2026
2973,2025,05,Occurrence,Race-Ethnicity,Other/Unknown,CLD,Chronic lower respiratory diseases,ICD-10,15.0,,,02/17/2026,02/17/2026
2974,2025,05,Occurrence,Total Population,Total Population,DIA,Diabetes mellitus,ICD-10,907.0,,,02/17/2026,02/17/2026
2975,2025,05,Occurrence,Gender,Female,DIA,Diabetes mellitus,ICD-10,382.0,,,02/17/2026,02/17/2026
2976,2025,05,Occurrence,Gender,Male,DIA,Diabetes mellitus,ICD-10,525.0,,,02/17/2026,02/17/2026
2977,2025,05,Occurrence,Race-Ethnicity,American Indian/Alaska Native,DIA,Diabetes mellitus,ICD-10,,1,Cell suppressed for small numbers,02/17/2026,02/17/2026
2978,2025,05,Occurrence,Race-Ethnicity,Asian,DIA,Diabetes mellitus,ICD-10,143.0,,,02/17/2026,02/17/2026
2979,2025,05,Occurrence,Race-Ethnicity,Black,DIA,Diabetes mellitus,ICD-10,99.0,,,02/17/2026,02/17/2026
2980,2025,05,Occurrence,Race-Ethnicity,Hawaiian/Pacific Islander,DIA,Diabetes mellitus,ICD-10,13.0,,,02/17/2026,02/17/2026
2981,2025,05,Occurrence,Race-Ethnicity,Hispanic,DIA,Diabetes mellitus,ICD-10,312.0,,,02/17/2026,02/17/2026
2982,2025,05,Occurrence,Race-Ethnicity,Multi-Race,DIA,Diabetes mellitus,ICD-10,11.0,,,02/17/2026,02/17/2026
2983,2025,05,Occurrence,Race-Ethnicity,White,DIA,Diabetes mellitus,ICD-10,321.0,,,02/17/2026,02/17/2026
2984,2025,05,Occurrence,Race-Ethnicity,Other/Unknown,DIA,Diabetes mellitus,ICD-10,,1,Cell suppressed for small numbers,02/17/2026,02/17/2026
2985,2025,05,Occurrence,Total Population,Total Population,HOM,Assault (homicide),ICD-10,127.0,,,02/17/2026,02/17/2026
2986,2025,05,Occurrence,Gender,Female,HOM,Assault (homicide),ICD-10,25.0,,,02/17/2026,02/17/2026
2987,2025,05,Occurrence,Gender,Male,HOM,Assault (homicide),ICD-10,102.0,,,02/17/2026,02/17/2026
2988,2025,05,Occurrence,Race-Ethnicity,American Indian/Alaska Native,HOM,Assault (homicide),ICD-10,0.0,,,02/17/2026,02/17/2026
2989,2025,05,Occurrence,Race-Ethnicity,Asian,HOM,Assault (homicide),ICD-10,,1,Cell suppressed for small numbers,02/17/2026,02/17/2026
2990,2025,05,Occurrence,Race-Ethnicity,Black,HOM,Assault (homicide),ICD-10,32.0,,,02/17/2026,02/17/2026
2991,2025,05,Occurrence,Race-Ethnicity,Hawaiian/Pacific Islander,HOM,Assault (homicide),ICD-10,,1,Cell suppressed for small numbers,02/17/2026,02/17/2026
2992,2025,05,Occurrence,Race-Ethnicity,Hispanic,HOM,Assault (homicide),ICD-10,63.0,,,02/17/2026,02/17/2026
2993,2025,05,Occurrence,Race-Ethnicity,Multi-Race,HOM,Assault (homicide),ICD-10,,1,Cell suppressed for small numbers,02/17/2026,02/17/2026
2994,2025,05,Occurrence,Race-Ethnicity,White,HOM,Assault (homicide),ICD-10,23.0,,,02/17/2026,02/17/2026
2995,2025,05,Occurrence,Race-Ethnicity,Other/Unknown,HOM,Assault (homicide),ICD-10,,1,Cell suppressed for small numbers,02/17/2026,02/17/2026
2996,2025,05,Occurrence,Total Population,Total Population,HTD,Diseases of heart,ICD-10,5261.0,,,02/17/2026,02/17/2026
2997,2025,05,Occurrence,Gender,Female,HTD,Diseases of heart,ICD-10,2289.0,,,02/17/2026,02/17/2026
2998,2025,05,Occurrence,Gender,Male,HTD,Diseases of heart,ICD-10,2972.0,,,02/17/2026,02/17/2026
2999,2025,05,Occurrence,Race-Ethnicity,American Indian/Alaska Native,HTD,Diseases of heart,ICD-10,27.0,,,02/17/2026,02/17/2026
3000,2025,05,Occurrence,Race-Ethnicity,Asian,HTD,Diseases of heart,ICD-10,575.0,,,02/17/2026,02/17/2026
3001,2025,05,Occurrence,Race-Ethnicity,Black,HTD,Diseases of heart,ICD-10,410.0,,,02/17/2026,02/17/2026
3002,2025,05,Occurrence,Race-Ethnicity,Hawaiian/Pacific Islander,HTD,Diseases of heart,ICD-10,20.0,,,02/17/2026,02/17/2026
3003,2025,05,Occurrence,Race-Ethnicity,Hispanic,HTD,Diseases of heart,ICD-10,1025.0,,,02/17/2026,02/17/2026
3004,2025,05,Occurrence,Race-Ethnicity,Multi-Race,HTD,Diseases of heart,ICD-10,55.0,,,02/17/2026,02/17/2026
3005,2025,05,Occurrence,Race-Ethnicity,White,HTD,Diseases of heart,ICD-10,3100.0,,,02/17/2026,02/17/2026
3006,2025,05,Occurrence,Race-Ethnicity,Other/Unknown,HTD,Diseases of heart,ICD-10,49.0,,,02/17/2026,02/17/2026
3007,2025,05,Occurrence,Total Population,Total Population,HYP,Essential hypertension and hypertensive renal disease,ICD-10,549.0,,,02/17/2026,02/17/2026
3008,2025,05,Occurrence,Gender,Female,HYP,Essential hypertension and hypertensive renal disease,ICD-10,279.0,,,02/17/2026,02/17/2026
3009,2025,05,Occurrence,Gender,Male,HYP,Essential hypertension and hypertensive renal disease,ICD-10,270.0,,,02/17/2026,02/17/2026
3010,2025,05,Occurrence,Race-Ethnicity,American Indian/Alaska Native,HYP,Essential hypertension and hypertensive renal disease,ICD-10,,1,Cell suppressed for small numbers,02/17/2026,02/17/2026
3011,2025,05,Occurrence,Race-Ethnicity,Asian,HYP,Essential hypertension and hypertensive renal disease,ICD-10,81.0,,,02/17/2026,02/17/2026
3012,2025,05,Occurrence,Race-Ethnicity,Black,HYP,Essential hypertension and hypertensive renal disease,ICD-10,65.0,,,02/17/2026,02/17/2026
3013,2025,05,Occurrence,Race-Ethnicity,Hawaiian/Pacific Islander,HYP,Essential hypertension and hypertensive renal disease,ICD-10,,1,Cell suppressed for small numbers,02/17/2026,02/17/2026
3014,2025,05,Occurrence,Race-Ethnicity,Hispanic,HYP,Essential hypertension and hypertensive renal disease,ICD-10,122.0,,,02/17/2026,02/17/2026
3015,2025,05,Occurrence,Race-Ethnicity,Multi-Race,HYP,Essential hypertension and hypertensive renal disease,ICD-10,,1,Cell suppressed for small numbers,02/17/2026,02/17/2026
3016,2025,05,Occurrence,Race-Ethnicity,White,HYP,Essential hypertension and hypertensive renal disease,ICD-10,267.0,,,02/17/2026,02/17/2026
3017,2025,05,Occurrence,Race-Ethnicity,Other/Unknown,HYP,Essential hypertension and hypertensive renal disease,ICD-10,,1,Cell suppressed for small numbers,02/17/2026,02/17/2026
3018,2025,05,Occurrence,Total Population,Total Population,INJ,Accidents (unintentional injuries),ICD-10,1534.0,,,02/17/2026,02/17/2026
3019,2025,05,Occurrence,Gender,Female,INJ,Accidents (unintentional injuries),ICD-10,394.0,,,02/17/2026,02/17/2026
3020,2025,05,Occurrence,Gender,Male,INJ,Accidents (unintentional injuries),ICD-10,1140.0,,,02/17/2026,02/17/2026
3021,2025,05,Occurrence,Race-Ethnicity,American Indian/Alaska Native,INJ,Accidents (unintentional injuries),ICD-10,,1,Cell suppressed for small numbers,02/17/2026,02/17/2026
3022,2025,05,Occurrence,Race-Ethnicity,Asian,INJ,Accidents (unintentional injuries),ICD-10,105.0,,,02/17/2026,02/17/2026
3023,2025,05,Occurrence,Race-Ethnicity,Black,INJ,Accidents (unintentional injuries),ICD-10,166.0,,,02/17/2026,02/17/2026
3024,2025,05,Occurrence,Race-Ethnicity,Hawaiian/Pacific Islander,INJ,Accidents (unintentional injuries),ICD-10,,1,Cell suppressed for small numbers,02/17/2026,02/17/2026
3025,2025,05,Occurrence,Race-Ethnicity,Hispanic,INJ,Accidents (unintentional injuries),ICD-10,533.0,,,02/17/2026,02/17/2026
3026,2025,05,Occurrence,Race-Ethnicity,Multi-Race,INJ,Accidents (unintentional injuries),ICD-10,36.0,,,02/17/2026,02/17/2026
3027,2025,05,Occurrence,Race-Ethnicity,White,INJ,Accidents (unintentional injuries),ICD-10,650.0,,,02/17/2026,02/17/2026
3028,2025,05,Occurrence,Race-Ethnicity,Other/Unknown,INJ,Accidents (unintentional injuries),ICD-10,31.0,,,02/17/2026,02/17/2026
3029,2025,05,Occurrence,Total Population,Total Population,LIV,Chronic liver disease and cirrhosis,ICD-10,534.0,,,02/17/2026,02/17/2026
3030,2025,05,Occurrence,Gender,Female,LIV,Chronic liver disease and cirrhosis,ICD-10,202.0,,,02/17/2026,02/17/2026
3031,2025,05,Occurrence,Gender,Male,LIV,Chronic liver disease and cirrhosis,ICD-10,332.0,,,02/17/2026,02/17/2026
3032,2025,05,Occurrence,Race-Ethnicity,American Indian/Alaska Native,LIV,Chronic liver disease and cirrhosis,ICD-10,,1,Cell suppressed for small numbers,02/17/2026,02/17/2026
3033,2025,05,Occurrence,Race-Ethnicity,Asian,LIV,Chronic liver disease and cirrhosis,ICD-10,20.0,,,02/17/2026,02/17/2026
3034,2025,05,Occurrence,Race-Ethnicity,Black,LIV,Chronic liver disease and cirrhosis,ICD-10,21.0,,,02/17/2026,02/17/2026
3035,2025,05,Occurrence,Race-Ethnicity,Hawaiian/Pacific Islander,LIV,Chronic liver disease and cirrhosis,ICD-10,,1,Cell suppressed for small numbers,02/17/2026,02/17/2026
3036,2025,05,Occurrence,Race-Ethnicity,Hispanic,LIV,Chronic liver disease and cirrhosis,ICD-10,235.0,,,02/17/2026,02/17/2026
3037,2025,05,Occurrence,Race-Ethnicity,Multi-Race,LIV,Chronic liver disease and cirrhosis,ICD-10,,1,Cell suppressed for small numbers,02/17/2026,02/17/2026
3038,2025,05,Occurrence,Race-Ethnicity,White,LIV,Chronic liver disease and cirrhosis,ICD-10,239.0,,,02/17/2026,02/17/2026
3039,2025,05,Occurrence,Race-Ethnicity,Other/Unknown,LIV,Chronic liver disease and cirrhosis,ICD-10,,1,Cell suppressed for small numbers,02/17/2026,02/17/2026
3040,2025,05,Occurrence,Total Population,Total Population,NEP,"Nephritis, nephrotic syndrome and nephrosis",ICD-10,441.0,,,02/17/2026,02/17/2026
3041,2025,05,Occurrence,Gender,Female,NEP,"Nephritis, nephrotic syndrome and nephrosis",ICD-10,207.0,,,02/17/2026,02/17/2026
3042,2025,05,Occurrence,Gender,Male,NEP,"Nephritis, nephrotic syndrome and nephrosis",ICD-10,234.0,,,02/17/2026,02/17/2026
3043,2025,05,Occurrence,Race-Ethnicity,American Indian/Alaska Native,NEP,"Nephritis, nephrotic syndrome and nephrosis",ICD-10,,1,Cell suppressed for small numbers,02/17/2026,02/17/2026
3044,2025,05,Occurrence,Race-Ethnicity,Asian,NEP,"Nephritis, nephrotic syndrome and nephrosis",ICD-10,60.0,,,02/17/2026,02/17/2026
3045,2025,05,Occurrence,Race-Ethnicity,Black,NEP,"Nephritis, nephrotic syndrome and nephrosis",ICD-10,46.0,,,02/17/2026,02/17/2026
3046,2025,05,Occurrence,Race-Ethnicity,Hawaiian/Pacific Islander,NEP,"Nephritis, nephrotic syndrome and nephrosis",ICD-10,0.0,,,02/17/2026,02/17/2026
3047,2025,05,Occurrence,Race-Ethnicity,Hispanic,NEP,"Nephritis, nephrotic syndrome and nephrosis",ICD-10,138.0,,,02/17/2026,02/17/2026
3048,2025,05,Occurrence,Race-Ethnicity,Multi-Race,NEP,"Nephritis, nephrotic syndrome and nephrosis",ICD-10,,1,Cell suppressed for small numbers,02/17/2026,02/17/2026
3049,2025,05,Occurrence,Race-Ethnicity,White,NEP,"Nephritis, nephrotic syndrome and nephrosis",ICD-10,189.0,,,02/17/2026,02/17/2026
3050,2025,05,Occurrence,Race-Ethnicity,Other/Unknown,NEP,"Nephritis, nephrotic syndrome and nephrosis",ICD-10,,1,Cell suppressed for small numbers,02/17/2026,02/17/2026
3051,2025,05,Occurrence,Total Population,Total Population,PAR,Parkinson's disease,ICD-10,359.0,,,02/17/2026,02/17/2026
3052,2025,05,Occurrence,Gender,Female,PAR,Parkinson's disease,ICD-10,131.0,,,02/17/2026,02/17/2026
3053,2025,05,Occurrence,Gender,Male,PAR,Parkinson's disease,ICD-10,228.0,,,02/17/2026,02/17/2026
3054,2025,05,Occurrence,Race-Ethnicity,American Indian/Alaska Native,PAR,Parkinson's disease,ICD-10,0.0,,,02/17/2026,02/17/2026
3055,2025,05,Occurrence,Race-Ethnicity,Asian,PAR,Parkinson's disease,ICD-10,39.0,,,02/17/2026,02/17/2026
3056,2025,05,Occurrence,Race-Ethnicity,Black,PAR,Parkinson's disease,ICD-10,,2,Cell suppressed for complementary cell,02/17/2026,02/17/2026
3057,2025,05,Occurrence,Race-Ethnicity,Hawaiian/Pacific Islander,PAR,Parkinson's disease,ICD-10,0.0,,,02/17/2026,02/17/2026
3058,2025,05,Occurrence,Race-Ethnicity,Hispanic,PAR,Parkinson's disease,ICD-10,42.0,,,02/17/2026,02/17/2026
3059,2025,05,Occurrence,Race-Ethnicity,Multi-Race,PAR,Parkinson's disease,ICD-10,,1,Cell suppressed for small numbers,02/17/2026,02/17/2026
3060,2025,05,Occurrence,Race-Ethnicity,White,PAR,Parkinson's disease,ICD-10,259.0,,,02/17/2026,02/17/2026
3061,2025,05,Occurrence,Race-Ethnicity,Other/Unknown,PAR,Parkinson's disease,ICD-10,,1,Cell suppressed for small numbers,02/17/2026,02/17/2026
3062,2025,05,Occurrence,Total Population,Total Population,PNF,Influenza and pneumonia,ICD-10,413.0,,,02/17/2026,02/17/2026
3063,2025,05,Occurrence,Gender,Female,PNF,Influenza and pneumonia,ICD-10,188.0,,,02/17/2026,02/17/2026
3064,2025,05,Occurrence,Gender,Male,PNF,Influenza and pneumonia,ICD-10,225.0,,,02/17/2026,02/17/2026
3065,2025,05,Occurrence,Race-Ethnicity,American Indian/Alaska Native,PNF,Influenza and pneumonia,ICD-10,,1,Cell suppressed for small numbers,02/17/2026,02/17/2026
3066,2025,05,Occurrence,Race-Ethnicity,Asian,PNF,Influenza and pneumonia,ICD-10,57.0,,,02/17/2026,02/17/2026
3067,2025,05,Occurrence,Race-Ethnicity,Black,PNF,Influenza and pneumonia,ICD-10,26.0,,,02/17/2026,02/17/2026
3068,2025,05,Occurrence,Race-Ethnicity,Hawaiian/Pacific Islander,PNF,Influenza and pneumonia,ICD-10,,1,Cell suppressed for small numbers,02/17/2026,02/17/2026
3069,2025,05,Occurrence,Race-Ethnicity,Hispanic,PNF,Influenza and pneumonia,ICD-10,97.0,,,02/17/2026,02/17/2026
3070,2025,05,Occurrence,Race-Ethnicity,Multi-Race,PNF,Influenza and pneumonia,ICD-10,,1,Cell suppressed for small numbers,02/17/2026,02/17/2026
3071,2025,05,Occurrence,Race-Ethnicity,White,PNF,Influenza and pneumonia,ICD-10,215.0,,,02/17/2026,02/17/2026
3072,2025,05,Occurrence,Race-Ethnicity,Other/Unknown,PNF,Influenza and pneumonia,ICD-10,,1,Cell suppressed for small numbers,02/17/2026,02/17/2026
3073,2025,05,Occurrence,Total Population,Total Population,STK,Cerebrovascular diseases,ICD-10,1491.0,,,02/17/2026,02/17/2026
3074,2025,05,Occurrence,Gender,Female,STK,Cerebrovascular diseases,ICD-10,863.0,,,02/17/2026,02/17/2026
3075,2025,05,Occurrence,Gender,Male,STK,Cerebrovascular diseases,ICD-10,628.0,,,02/17/2026,02/17/2026
3076,2025,05,Occurrence,Race-Ethnicity,American Indian/Alaska Native,STK,Cerebrovascular diseases,ICD-10,12.0,,,02/17/2026,02/17/2026
3077,2025,05,Occurrence,Race-Ethnicity,Asian,STK,Cerebrovascular diseases,ICD-10,226.0,,,02/17/2026,02/17/2026
3078,2025,05,Occurrence,Race-Ethnicity,Black,STK,Cerebrovascular diseases,ICD-10,122.0,,,02/17/2026,02/17/2026
3079,2025,05,Occurrence,Race-Ethnicity,Hawaiian/Pacific Islander,STK,Cerebrovascular diseases,ICD-10,,1,Cell suppressed for small numbers,02/17/2026,02/17/2026
3080,2025,05,Occurrence,Race-Ethnicity,Hispanic,STK,Cerebrovascular diseases,ICD-10,337.0,,,02/17/2026,02/17/2026
3081,2025,05,Occurrence,Race-Ethnicity,Multi-Race,STK,Cerebrovascular diseases,ICD-10,14.0,,,02/17/2026,02/17/2026
3082,2025,05,Occurrence,Race-Ethnicity,White,STK,Cerebrovascular diseases,ICD-10,767.0,,,02/17/2026,02/17/2026
3083,2025,05,Occurrence,Race-Ethnicity,Other/Unknown,STK,Cerebrovascular diseases,ICD-10,,1,Cell suppressed for small numbers,02/17/2026,02/17/2026
3084,2025,05,Occurrence,Total Population,Total Population,SUI,Intentional self-harm (suicide),ICD-10,351.0,,,02/17/2026,02/17/2026
3085,2025,05,Occurrence,Gender,Female,SUI,Intentional self-harm (suicide),ICD-10,69.0,,,02/17/2026,02/17/2026
3086,2025,05,Occurrence,Gender,Male,SUI,Intentional self-harm (suicide),ICD-10,282.0,,,02/17/2026,02/17/2026
3087,2025,05,Occurrence,Race-Ethnicity,American Indian/Alaska Native,SUI,Intentional self-harm (suicide),ICD-10,,1,Cell suppressed for small numbers,02/17/2026,02/17/2026
3088,2025,05,Occurrence,Race-Ethnicity,Asian,SUI,Intentional self-harm (suicide),ICD-10,39.0,,,02/17/2026,02/17/2026
3089,2025,05,Occurrence,Race-Ethnicity,Black,SUI,Intentional self-harm (suicide),ICD-10,15.0,,,02/17/2026,02/17/2026
3090,2025,05,Occurrence,Race-Ethnicity,Hawaiian/Pacific Islander,SUI,Intentional self-harm (suicide),ICD-10,,1,Cell suppressed for small numbers,02/17/2026,02/17/2026
3091,2025,05,Occurrence,Race-Ethnicity,Hispanic,SUI,Intentional self-harm (suicide),ICD-10,92.0,,,02/17/2026,02/17/2026
3092,2025,05,Occurrence,Race-Ethnicity,Multi-Race,SUI,Intentional self-harm (suicide),ICD-10,,1,Cell suppressed for small numbers,02/17/2026,02/17/2026
3093,2025,05,Occurrence,Race-Ethnicity,White,SUI,Intentional self-harm (suicide),ICD-10,185.0,,,02/17/2026,02/17/2026
3094,2025,05,Occurrence,Race-Ethnicity,Other/Unknown,SUI,Intentional self-harm (suicide),ICD-10,,1,Cell suppressed for small numbers,02/17/2026,02/17/2026
3095,2025,06,Occurrence,Total Population,Total Population,ALL,All causes (total),ICD-10,22424.0,,,02/17/2026,02/17/2026
3096,2025,06,Occurrence,Age,Under 1 year,ALL,All causes (total),ICD-10,110.0,,,02/17/2026,02/17/2026
3097,2025,06,Occurrence,Age,1-4 years,ALL,All causes (total),ICD-10,24.0,,,02/17/2026,02/17/2026
3098,2025,06,Occurrence,Age,5-14 years,ALL,All causes (total),ICD-10,33.0,,,02/17/2026,02/17/2026
3099,2025,06,Occurrence,Age,15-24 years,ALL,All causes (total),ICD-10,235.0,,,02/17/2026,02/17/2026
3100,2025,06,Occurrence,Age,25-34 years,ALL,All causes (total),ICD-10,489.0,,,02/17/2026,02/17/2026
3101,2025,06,Occurrence,Age,35-44 years,ALL,All causes (total),ICD-10,730.0,,,02/17/2026,02/17/2026
3102,2025,06,Occurrence,Age,45-54 years,ALL,All causes (total),ICD-10,1233.0,,,02/17/2026,02/17/2026
3103,2025,06,Occurrence,Age,55-64 years,ALL,All causes (total),ICD-10,2486.0,,,02/17/2026,02/17/2026
3104,2025,06,Occurrence,Age,65-74 years,ALL,All causes (total),ICD-10,4342.0,,,02/17/2026,02/17/2026
3105,2025,06,Occurrence,Age,75-84 years,ALL,All causes (total),ICD-10,5722.0,,,02/17/2026,02/17/2026
3106,2025,06,Occurrence,Age,85 years and over,ALL,All causes (total),ICD-10,7015.0,,,02/17/2026,02/17/2026
3107,2025,06,Occurrence,Gender,Female,ALL,All causes (total),ICD-10,10396.0,,,02/17/2026,02/17/2026
3108,2025,06,Occurrence,Gender,Male,ALL,All causes (total),ICD-10,12025.0,,,02/17/2026,02/17/2026
3109,2025,06,Occurrence,Place Type,Inpatient,ALL,All causes (total),ICD-10,6959.0,,,02/17/2026,02/17/2026
3110,2025,06,Occurrence,Place Type,Emergency Room/Outpatient,ALL,All causes (total),ICD-10,1143.0,,,02/17/2026,02/17/2026
3111,2025,06,Occurrence,Place Type,Decedent's Home,ALL,All causes (total),ICD-10,8783.0,,,02/17/2026,02/17/2026
3112,2025,06,Occurrence,Place Type,Hospice Facility,ALL,All causes (total),ICD-10,313.0,,,02/17/2026,02/17/2026
3113,2025,06,Occurrence,Place Type,Nursing Home/Long Term Care Facility,ALL,All causes (total),ICD-10,3925.0,,,02/17/2026,02/17/2026
3114,2025,06,Occurrence,Place Type,Other/Unknown,ALL,All causes (total),ICD-10,1301.0,,,02/17/2026,02/17/2026
3115,2025,06,Occurrence,Race-Ethnicity,American Indian/Alaska Native,ALL,All causes (total),ICD-10,117.0,,,02/17/2026,02/17/2026
3116,2025,06,Occurrence,Race-Ethnicity,Asian,ALL,All causes (total),ICD-10,2652.0,,,02/17/2026,02/17/2026
3117,2025,06,Occurrence,Race-Ethnicity,Black,ALL,All causes (total),ICD-10,1752.0,,,02/17/2026,02/17/2026
3118,2025,06,Occurrence,Race-Ethnicity,Hawaiian/Pacific Islander,ALL,All causes (total),ICD-10,91.0,,,02/17/2026,02/17/2026
3119,2025,06,Occurrence,Race-Ethnicity,Hispanic,ALL,All causes (total),ICD-10,5180.0,,,02/17/2026,02/17/2026
3120,2025,06,Occurrence,Race-Ethnicity,Multi-Race,ALL,All causes (total),ICD-10,210.0,,,02/17/2026,02/17/2026
3121,2025,06,Occurrence,Race-Ethnicity,White,ALL,All causes (total),ICD-10,12225.0,,,02/17/2026,02/17/2026
3122,2025,06,Occurrence,Race-Ethnicity,Other/Unknown,ALL,All causes (total),ICD-10,197.0,,,02/17/2026,02/17/2026
3123,2025,06,Occurrence,Total Population,Total Population,ALZ,Alzheimer's disease,ICD-10,1224.0,,,02/17/2026,02/17/2026
3124,2025,06,Occurrence,Gender,Female,ALZ,Alzheimer's disease,ICD-10,808.0,,,02/17/2026,02/17/2026
3125,2025,06,Occurrence,Gender,Male,ALZ,Alzheimer's disease,ICD-10,416.0,,,02/17/2026,02/17/2026
3126,2025,06,Occurrence,Race-Ethnicity,American Indian/Alaska Native,ALZ,Alzheimer's disease,ICD-10,,1,Cell suppressed for small numbers,02/17/2026,02/17/2026
3127,2025,06,Occurrence,Race-Ethnicity,Asian,ALZ,Alzheimer's disease,ICD-10,133.0,,,02/17/2026,02/17/2026
3128,2025,06,Occurrence,Race-Ethnicity,Black,ALZ,Alzheimer's disease,ICD-10,81.0,,,02/17/2026,02/17/2026
3129,2025,06,Occurrence,Race-Ethnicity,Hawaiian/Pacific Islander,ALZ,Alzheimer's disease,ICD-10,,1,Cell suppressed for small numbers,02/17/2026,02/17/2026
3130,2025,06,Occurrence,Race-Ethnicity,Hispanic,ALZ,Alzheimer's disease,ICD-10,239.0,,,02/17/2026,02/17/2026
3131,2025,06,Occurrence,Race-Ethnicity,Multi-Race,ALZ,Alzheimer's disease,ICD-10,,1,Cell suppressed for small numbers,02/17/2026,02/17/2026
3132,2025,06,Occurrence,Race-Ethnicity,White,ALZ,Alzheimer's disease,ICD-10,755.0,,,02/17/2026,02/17/2026
3133,2025,06,Occurrence,Race-Ethnicity,Other/Unknown,ALZ,Alzheimer's disease,ICD-10,,1,Cell suppressed for small numbers,02/17/2026,02/17/2026
3134,2025,06,Occurrence,Total Population,Total Population,CAN,Malignant neoplasms,ICD-10,5026.0,,,02/17/2026,02/17/2026
3135,2025,06,Occurrence,Gender,Female,CAN,Malignant neoplasms,ICD-10,2374.0,,,02/17/2026,02/17/2026
3136,2025,06,Occurrence,Gender,Male,CAN,Malignant neoplasms,ICD-10,2652.0,,,02/17/2026,02/17/2026
3137,2025,06,Occurrence,Race-Ethnicity,American Indian/Alaska Native,CAN,Malignant neoplasms,ICD-10,20.0,,,02/17/2026,02/17/2026
3138,2025,06,Occurrence,Race-Ethnicity,Asian,CAN,Malignant neoplasms,ICD-10,687.0,,,02/17/2026,02/17/2026
3139,2025,06,Occurrence,Race-Ethnicity,Black,CAN,Malignant neoplasms,ICD-10,371.0,,,02/17/2026,02/17/2026
3140,2025,06,Occurrence,Race-Ethnicity,Hawaiian/Pacific Islander,CAN,Malignant neoplasms,ICD-10,21.0,,,02/17/2026,02/17/2026
3141,2025,06,Occurrence,Race-Ethnicity,Hispanic,CAN,Malignant neoplasms,ICD-10,1138.0,,,02/17/2026,02/17/2026
3142,2025,06,Occurrence,Race-Ethnicity,Multi-Race,CAN,Malignant neoplasms,ICD-10,53.0,,,02/17/2026,02/17/2026
3143,2025,06,Occurrence,Race-Ethnicity,White,CAN,Malignant neoplasms,ICD-10,2703.0,,,02/17/2026,02/17/2026
3144,2025,06,Occurrence,Race-Ethnicity,Other/Unknown,CAN,Malignant neoplasms,ICD-10,33.0,,,02/17/2026,02/17/2026
3145,2025,06,Occurrence,Total Population,Total Population,CLD,Chronic lower respiratory diseases,ICD-10,922.0,,,02/17/2026,02/17/2026
3146,2025,06,Occurrence,Gender,Female,CLD,Chronic lower respiratory diseases,ICD-10,486.0,,,02/17/2026,02/17/2026
3147,2025,06,Occurrence,Gender,Male,CLD,Chronic lower respiratory diseases,ICD-10,436.0,,,02/17/2026,02/17/2026
3148,2025,06,Occurrence,Race-Ethnicity,American Indian/Alaska Native,CLD,Chronic lower respiratory diseases,ICD-10,,1,Cell suppressed for small numbers,02/17/2026,02/17/2026
3149,2025,06,Occurrence,Race-Ethnicity,Asian,CLD,Chronic lower respiratory diseases,ICD-10,82.0,,,02/17/2026,02/17/2026
3150,2025,06,Occurrence,Race-Ethnicity,Black,CLD,Chronic lower respiratory diseases,ICD-10,71.0,,,02/17/2026,02/17/2026
3151,2025,06,Occurrence,Race-Ethnicity,Hawaiian/Pacific Islander,CLD,Chronic lower respiratory diseases,ICD-10,,1,Cell suppressed for small numbers,02/17/2026,02/17/2026
3152,2025,06,Occurrence,Race-Ethnicity,Hispanic,CLD,Chronic lower respiratory diseases,ICD-10,83.0,,,02/17/2026,02/17/2026
3153,2025,06,Occurrence,Race-Ethnicity,Multi-Race,CLD,Chronic lower respiratory diseases,ICD-10,11.0,,,02/17/2026,02/17/2026
3154,2025,06,Occurrence,Race-Ethnicity,White,CLD,Chronic lower respiratory diseases,ICD-10,652.0,,,02/17/2026,02/17/2026
3155,2025,06,Occurrence,Race-Ethnicity,Other/Unknown,CLD,Chronic lower respiratory diseases,ICD-10,14.0,,,02/17/2026,02/17/2026
3156,2025,06,Occurrence,Total Population,Total Population,DIA,Diabetes mellitus,ICD-10,856.0,,,02/17/2026,02/17/2026
3157,2025,06,Occurrence,Gender,Female,DIA,Diabetes mellitus,ICD-10,366.0,,,02/17/2026,02/17/2026
3158,2025,06,Occurrence,Gender,Male,DIA,Diabetes mellitus,ICD-10,490.0,,,02/17/2026,02/17/2026
3159,2025,06,Occurrence,Race-Ethnicity,American Indian/Alaska Native,DIA,Diabetes mellitus,ICD-10,,1,Cell suppressed for small numbers,02/17/2026,02/17/2026
3160,2025,06,Occurrence,Race-Ethnicity,Asian,DIA,Diabetes mellitus,ICD-10,126.0,,,02/17/2026,02/17/2026
3161,2025,06,Occurrence,Race-Ethnicity,Black,DIA,Diabetes mellitus,ICD-10,86.0,,,02/17/2026,02/17/2026
3162,2025,06,Occurrence,Race-Ethnicity,Hawaiian/Pacific Islander,DIA,Diabetes mellitus,ICD-10,,1,Cell suppressed for small numbers,02/17/2026,02/17/2026
3163,2025,06,Occurrence,Race-Ethnicity,Hispanic,DIA,Diabetes mellitus,ICD-10,321.0,,,02/17/2026,02/17/2026
3164,2025,06,Occurrence,Race-Ethnicity,Multi-Race,DIA,Diabetes mellitus,ICD-10,,1,Cell suppressed for small numbers,02/17/2026,02/17/2026
3165,2025,06,Occurrence,Race-Ethnicity,White,DIA,Diabetes mellitus,ICD-10,298.0,,,02/17/2026,02/17/2026
3166,2025,06,Occurrence,Race-Ethnicity,Other/Unknown,DIA,Diabetes mellitus,ICD-10,,1,Cell suppressed for small numbers,02/17/2026,02/17/2026
3167,2025,06,Occurrence,Total Population,Total Population,HOM,Assault (homicide),ICD-10,124.0,,,02/17/2026,02/17/2026
3168,2025,06,Occurrence,Gender,Female,HOM,Assault (homicide),ICD-10,18.0,,,02/17/2026,02/17/2026
3169,2025,06,Occurrence,Gender,Male,HOM,Assault (homicide),ICD-10,106.0,,,02/17/2026,02/17/2026
3170,2025,06,Occurrence,Race-Ethnicity,American Indian/Alaska Native,HOM,Assault (homicide),ICD-10,,1,Cell suppressed for small numbers,02/17/2026,02/17/2026
3171,2025,06,Occurrence,Race-Ethnicity,Asian,HOM,Assault (homicide),ICD-10,,1,Cell suppressed for small numbers,02/17/2026,02/17/2026
3172,2025,06,Occurrence,Race-Ethnicity,Black,HOM,Assault (homicide),ICD-10,26.0,,,02/17/2026,02/17/2026
3173,2025,06,Occurrence,Race-Ethnicity,Hawaiian/Pacific Islander,HOM,Assault (homicide),ICD-10,,1,Cell suppressed for small numbers,02/17/2026,02/17/2026
3174,2025,06,Occurrence,Race-Ethnicity,Hispanic,HOM,Assault (homicide),ICD-10,62.0,,,02/17/2026,02/17/2026
3175,2025,06,Occurrence,Race-Ethnicity,Multi-Race,HOM,Assault (homicide),ICD-10,,1,Cell suppressed for small numbers,02/17/2026,02/17/2026
3176,2025,06,Occurrence,Race-Ethnicity,White,HOM,Assault (homicide),ICD-10,23.0,,,02/17/2026,02/17/2026
3177,2025,06,Occurrence,Race-Ethnicity,Other/Unknown,HOM,Assault (homicide),ICD-10,0.0,,,02/17/2026,02/17/2026
3178,2025,06,Occurrence,Total Population,Total Population,HTD,Diseases of heart,ICD-10,4788.0,,,02/17/2026,02/17/2026
3179,2025,06,Occurrence,Gender,Female,HTD,Diseases of heart,ICD-10,2088.0,,,02/17/2026,02/17/2026
3180,2025,06,Occurrence,Gender,Male,HTD,Diseases of heart,ICD-10,2700.0,,,02/17/2026,02/17/2026
3181,2025,06,Occurrence,Race-Ethnicity,American Indian/Alaska Native,HTD,Diseases of heart,ICD-10,26.0,,,02/17/2026,02/17/2026
3182,2025,06,Occurrence,Race-Ethnicity,Asian,HTD,Diseases of heart,ICD-10,528.0,,,02/17/2026,02/17/2026
3183,2025,06,Occurrence,Race-Ethnicity,Black,HTD,Diseases of heart,ICD-10,399.0,,,02/17/2026,02/17/2026
3184,2025,06,Occurrence,Race-Ethnicity,Hawaiian/Pacific Islander,HTD,Diseases of heart,ICD-10,26.0,,,02/17/2026,02/17/2026
3185,2025,06,Occurrence,Race-Ethnicity,Hispanic,HTD,Diseases of heart,ICD-10,945.0,,,02/17/2026,02/17/2026
3186,2025,06,Occurrence,Race-Ethnicity,Multi-Race,HTD,Diseases of heart,ICD-10,41.0,,,02/17/2026,02/17/2026
3187,2025,06,Occurrence,Race-Ethnicity,White,HTD,Diseases of heart,ICD-10,2777.0,,,02/17/2026,02/17/2026
3188,2025,06,Occurrence,Race-Ethnicity,Other/Unknown,HTD,Diseases of heart,ICD-10,46.0,,,02/17/2026,02/17/2026
3189,2025,06,Occurrence,Total Population,Total Population,HYP,Essential hypertension and hypertensive renal disease,ICD-10,505.0,,,02/17/2026,02/17/2026
3190,2025,06,Occurrence,Gender,Female,HYP,Essential hypertension and hypertensive renal disease,ICD-10,263.0,,,02/17/2026,02/17/2026
3191,2025,06,Occurrence,Gender,Male,HYP,Essential hypertension and hypertensive renal disease,ICD-10,242.0,,,02/17/2026,02/17/2026
3192,2025,06,Occurrence,Race-Ethnicity,American Indian/Alaska Native,HYP,Essential hypertension and hypertensive renal disease,ICD-10,,1,Cell suppressed for small numbers,02/17/2026,02/17/2026
3193,2025,06,Occurrence,Race-Ethnicity,Asian,HYP,Essential hypertension and hypertensive renal disease,ICD-10,74.0,,,02/17/2026,02/17/2026
3194,2025,06,Occurrence,Race-Ethnicity,Black,HYP,Essential hypertension and hypertensive renal disease,ICD-10,52.0,,,02/17/2026,02/17/2026
3195,2025,06,Occurrence,Race-Ethnicity,Hawaiian/Pacific Islander,HYP,Essential hypertension and hypertensive renal disease,ICD-10,,1,Cell suppressed for small numbers,02/17/2026,02/17/2026
3196,2025,06,Occurrence,Race-Ethnicity,Hispanic,HYP,Essential hypertension and hypertensive renal disease,ICD-10,94.0,,,02/17/2026,02/17/2026
3197,2025,06,Occurrence,Race-Ethnicity,Multi-Race,HYP,Essential hypertension and hypertensive renal disease,ICD-10,,1,Cell suppressed for small numbers,02/17/2026,02/17/2026
3198,2025,06,Occurrence,Race-Ethnicity,White,HYP,Essential hypertension and hypertensive renal disease,ICD-10,273.0,,,02/17/2026,02/17/2026
3199,2025,06,Occurrence,Race-Ethnicity,Other/Unknown,HYP,Essential hypertension and hypertensive renal disease,ICD-10,,1,Cell suppressed for small numbers,02/17/2026,02/17/2026
3200,2025,06,Occurrence,Total Population,Total Population,INJ,Accidents (unintentional injuries),ICD-10,1459.0,,,02/17/2026,02/17/2026
3201,2025,06,Occurrence,Gender,Female,INJ,Accidents (unintentional injuries),ICD-10,370.0,,,02/17/2026,02/17/2026
3202,2025,06,Occurrence,Gender,Male,INJ,Accidents (unintentional injuries),ICD-10,1087.0,,,02/17/2026,02/17/2026
3203,2025,06,Occurrence,Race-Ethnicity,American Indian/Alaska Native,INJ,Accidents (unintentional injuries),ICD-10,18.0,,,02/17/2026,02/17/2026
3204,2025,06,Occurrence,Race-Ethnicity,Asian,INJ,Accidents (unintentional injuries),ICD-10,110.0,,,02/17/2026,02/17/2026
3205,2025,06,Occurrence,Race-Ethnicity,Black,INJ,Accidents (unintentional injuries),ICD-10,153.0,,,02/17/2026,02/17/2026
3206,2025,06,Occurrence,Race-Ethnicity,Hawaiian/Pacific Islander,INJ,Accidents (unintentional injuries),ICD-10,,1,Cell suppressed for small numbers,02/17/2026,02/17/2026
3207,2025,06,Occurrence,Race-Ethnicity,Hispanic,INJ,Accidents (unintentional injuries),ICD-10,497.0,,,02/17/2026,02/17/2026
3208,2025,06,Occurrence,Race-Ethnicity,Multi-Race,INJ,Accidents (unintentional injuries),ICD-10,,2,Cell suppressed for complementary cell,02/17/2026,02/17/2026
3209,2025,06,Occurrence,Race-Ethnicity,White,INJ,Accidents (unintentional injuries),ICD-10,635.0,,,02/17/2026,02/17/2026
3210,2025,06,Occurrence,Race-Ethnicity,Other/Unknown,INJ,Accidents (unintentional injuries),ICD-10,26.0,,,02/17/2026,02/17/2026
3211,2025,06,Occurrence,Total Population,Total Population,LIV,Chronic liver disease and cirrhosis,ICD-10,468.0,,,02/17/2026,02/17/2026
3212,2025,06,Occurrence,Gender,Female,LIV,Chronic liver disease and cirrhosis,ICD-10,190.0,,,02/17/2026,02/17/2026
3213,2025,06,Occurrence,Gender,Male,LIV,Chronic liver disease and cirrhosis,ICD-10,278.0,,,02/17/2026,02/17/2026
3214,2025,06,Occurrence,Race-Ethnicity,American Indian/Alaska Native,LIV,Chronic liver disease and cirrhosis,ICD-10,,1,Cell suppressed for small numbers,02/17/2026,02/17/2026
3215,2025,06,Occurrence,Race-Ethnicity,Asian,LIV,Chronic liver disease and cirrhosis,ICD-10,29.0,,,02/17/2026,02/17/2026
3216,2025,06,Occurrence,Race-Ethnicity,Black,LIV,Chronic liver disease and cirrhosis,ICD-10,17.0,,,02/17/2026,02/17/2026
3217,2025,06,Occurrence,Race-Ethnicity,Hawaiian/Pacific Islander,LIV,Chronic liver disease and cirrhosis,ICD-10,,1,Cell suppressed for small numbers,02/17/2026,02/17/2026
3218,2025,06,Occurrence,Race-Ethnicity,Hispanic,LIV,Chronic liver disease and cirrhosis,ICD-10,206.0,,,02/17/2026,02/17/2026
3219,2025,06,Occurrence,Race-Ethnicity,Multi-Race,LIV,Chronic liver disease and cirrhosis,ICD-10,,1,Cell suppressed for small numbers,02/17/2026,02/17/2026
3220,2025,06,Occurrence,Race-Ethnicity,White,LIV,Chronic liver disease and cirrhosis,ICD-10,198.0,,,02/17/2026,02/17/2026
3221,2025,06,Occurrence,Race-Ethnicity,Other/Unknown,LIV,Chronic liver disease and cirrhosis,ICD-10,,1,Cell suppressed for small numbers,02/17/2026,02/17/2026
3222,2025,06,Occurrence,Total Population,Total Population,NEP,"Nephritis, nephrotic syndrome and nephrosis",ICD-10,383.0,,,02/17/2026,02/17/2026
3223,2025,06,Occurrence,Gender,Female,NEP,"Nephritis, nephrotic syndrome and nephrosis",ICD-10,193.0,,,02/17/2026,02/17/2026
3224,2025,06,Occurrence,Gender,Male,NEP,"Nephritis, nephrotic syndrome and nephrosis",ICD-10,190.0,,,02/17/2026,02/17/2026
3225,2025,06,Occurrence,Race-Ethnicity,American Indian/Alaska Native,NEP,"Nephritis, nephrotic syndrome and nephrosis",ICD-10,0.0,,,02/17/2026,02/17/2026
3226,2025,06,Occurrence,Race-Ethnicity,Asian,NEP,"Nephritis, nephrotic syndrome and nephrosis",ICD-10,62.0,,,02/17/2026,02/17/2026
3227,2025,06,Occurrence,Race-Ethnicity,Black,NEP,"Nephritis, nephrotic syndrome and nephrosis",ICD-10,44.0,,,02/17/2026,02/17/2026
3228,2025,06,Occurrence,Race-Ethnicity,Hawaiian/Pacific Islander,NEP,"Nephritis, nephrotic syndrome and nephrosis",ICD-10,,1,Cell suppressed for small numbers,02/17/2026,02/17/2026
3229,2025,06,Occurrence,Race-Ethnicity,Hispanic,NEP,"Nephritis, nephrotic syndrome and nephrosis",ICD-10,110.0,,,02/17/2026,02/17/2026
3230,2025,06,Occurrence,Race-Ethnicity,Multi-Race,NEP,"Nephritis, nephrotic syndrome and nephrosis",ICD-10,0.0,,,02/17/2026,02/17/2026
3231,2025,06,Occurrence,Race-Ethnicity,White,NEP,"Nephritis, nephrotic syndrome and nephrosis",ICD-10,164.0,,,02/17/2026,02/17/2026
3232,2025,06,Occurrence,Race-Ethnicity,Other/Unknown,NEP,"Nephritis, nephrotic syndrome and nephrosis",ICD-10,,1,Cell suppressed for small numbers,02/17/2026,02/17/2026
3233,2025,06,Occurrence,Total Population,Total Population,PAR,Parkinson's disease,ICD-10,331.0,,,02/17/2026,02/17/2026
3234,2025,06,Occurrence,Gender,Female,PAR,Parkinson's disease,ICD-10,117.0,,,02/17/2026,02/17/2026
3235,2025,06,Occurrence,Gender,Male,PAR,Parkinson's disease,ICD-10,214.0,,,02/17/2026,02/17/2026
3236,2025,06,Occurrence,Race-Ethnicity,American Indian/Alaska Native,PAR,Parkinson's disease,ICD-10,0.0,,,02/17/2026,02/17/2026
3237,2025,06,Occurrence,Race-Ethnicity,Asian,PAR,Parkinson's disease,ICD-10,49.0,,,02/17/2026,02/17/2026
3238,2025,06,Occurrence,Race-Ethnicity,Black,PAR,Parkinson's disease,ICD-10,,2,Cell suppressed for complementary cell,02/17/2026,02/17/2026
3239,2025,06,Occurrence,Race-Ethnicity,Hawaiian/Pacific Islander,PAR,Parkinson's disease,ICD-10,0.0,,,02/17/2026,02/17/2026
3240,2025,06,Occurrence,Race-Ethnicity,Hispanic,PAR,Parkinson's disease,ICD-10,45.0,,,02/17/2026,02/17/2026
3241,2025,06,Occurrence,Race-Ethnicity,Multi-Race,PAR,Parkinson's disease,ICD-10,0.0,,,02/17/2026,02/17/2026
3242,2025,06,Occurrence,Race-Ethnicity,White,PAR,Parkinson's disease,ICD-10,222.0,,,02/17/2026,02/17/2026
3243,2025,06,Occurrence,Race-Ethnicity,Other/Unknown,PAR,Parkinson's disease,ICD-10,,1,Cell suppressed for small numbers,02/17/2026,02/17/2026
3244,2025,06,Occurrence,Total Population,Total Population,PNF,Influenza and pneumonia,ICD-10,354.0,,,02/17/2026,02/17/2026
3245,2025,06,Occurrence,Gender,Female,PNF,Influenza and pneumonia,ICD-10,176.0,,,02/17/2026,02/17/2026
3246,2025,06,Occurrence,Gender,Male,PNF,Influenza and pneumonia,ICD-10,178.0,,,02/17/2026,02/17/2026
3247,2025,06,Occurrence,Race-Ethnicity,American Indian/Alaska Native,PNF,Influenza and pneumonia,ICD-10,,1,Cell suppressed for small numbers,02/17/2026,02/17/2026
3248,2025,06,Occurrence,Race-Ethnicity,Asian,PNF,Influenza and pneumonia,ICD-10,55.0,,,02/17/2026,02/17/2026
3249,2025,06,Occurrence,Race-Ethnicity,Black,PNF,Influenza and pneumonia,ICD-10,26.0,,,02/17/2026,02/17/2026
3250,2025,06,Occurrence,Race-Ethnicity,Hawaiian/Pacific Islander,PNF,Influenza and pneumonia,ICD-10,,1,Cell suppressed for small numbers,02/17/2026,02/17/2026
3251,2025,06,Occurrence,Race-Ethnicity,Hispanic,PNF,Influenza and pneumonia,ICD-10,79.0,,,02/17/2026,02/17/2026
3252,2025,06,Occurrence,Race-Ethnicity,Multi-Race,PNF,Influenza and pneumonia,ICD-10,,1,Cell suppressed for small numbers,02/17/2026,02/17/2026
3253,2025,06,Occurrence,Race-Ethnicity,White,PNF,Influenza and pneumonia,ICD-10,183.0,,,02/17/2026,02/17/2026
3254,2025,06,Occurrence,Race-Ethnicity,Other/Unknown,PNF,Influenza and pneumonia,ICD-10,,1,Cell suppressed for small numbers,02/17/2026,02/17/2026
3255,2025,06,Occurrence,Total Population,Total Population,STK,Cerebrovascular diseases,ICD-10,1401.0,,,02/17/2026,02/17/2026
3256,2025,06,Occurrence,Gender,Female,STK,Cerebrovascular diseases,ICD-10,737.0,,,02/17/2026,02/17/2026
3257,2025,06,Occurrence,Gender,Male,STK,Cerebrovascular diseases,ICD-10,664.0,,,02/17/2026,02/17/2026
3258,2025,06,Occurrence,Race-Ethnicity,American Indian/Alaska Native,STK,Cerebrovascular diseases,ICD-10,,1,Cell suppressed for small numbers,02/17/2026,02/17/2026
3259,2025,06,Occurrence,Race-Ethnicity,Asian,STK,Cerebrovascular diseases,ICD-10,225.0,,,02/17/2026,02/17/2026
3260,2025,06,Occurrence,Race-Ethnicity,Black,STK,Cerebrovascular diseases,ICD-10,112.0,,,02/17/2026,02/17/2026
3261,2025,06,Occurrence,Race-Ethnicity,Hawaiian/Pacific Islander,STK,Cerebrovascular diseases,ICD-10,,1,Cell suppressed for small numbers,02/17/2026,02/17/2026
3262,2025,06,Occurrence,Race-Ethnicity,Hispanic,STK,Cerebrovascular diseases,ICD-10,293.0,,,02/17/2026,02/17/2026
3263,2025,06,Occurrence,Race-Ethnicity,Multi-Race,STK,Cerebrovascular diseases,ICD-10,11.0,,,02/17/2026,02/17/2026
3264,2025,06,Occurrence,Race-Ethnicity,White,STK,Cerebrovascular diseases,ICD-10,746.0,,,02/17/2026,02/17/2026
3265,2025,06,Occurrence,Race-Ethnicity,Other/Unknown,STK,Cerebrovascular diseases,ICD-10,,1,Cell suppressed for small numbers,02/17/2026,02/17/2026
3266,2025,06,Occurrence,Total Population,Total Population,SUI,Intentional self-harm (suicide),ICD-10,338.0,,,02/17/2026,02/17/2026
3267,2025,06,Occurrence,Gender,Female,SUI,Intentional self-harm (suicide),ICD-10,67.0,,,02/17/2026,02/17/2026
3268,2025,06,Occurrence,Gender,Male,SUI,Intentional self-harm (suicide),ICD-10,270.0,,,02/17/2026,02/17/2026
3269,2025,06,Occurrence,Race-Ethnicity,American Indian/Alaska Native,SUI,Intentional self-harm (suicide),ICD-10,,1,Cell suppressed for small numbers,02/17/2026,02/17/2026
3270,2025,06,Occurrence,Race-Ethnicity,Asian,SUI,Intentional self-harm (suicide),ICD-10,36.0,,,02/17/2026,02/17/2026
3271,2025,06,Occurrence,Race-Ethnicity,Black,SUI,Intentional self-harm (suicide),ICD-10,,1,Cell suppressed for small numbers,02/17/2026,02/17/2026
3272,2025,06,Occurrence,Race-Ethnicity,Hawaiian/Pacific Islander,SUI,Intentional self-harm (suicide),ICD-10,,1,Cell suppressed for small numbers,02/17/2026,02/17/2026
3273,2025,06,Occurrence,Race-Ethnicity,Hispanic,SUI,Intentional self-harm (suicide),ICD-10,89.0,,,02/17/2026,02/17/2026
3274,2025,06,Occurrence,Race-Ethnicity,Multi-Race,SUI,Intentional self-harm (suicide),ICD-10,,1,Cell suppressed for small numbers,02/17/2026,02/17/2026
3275,2025,06,Occurrence,Race-Ethnicity,White,SUI,Intentional self-harm (suicide),ICD-10,193.0,,,02/17/2026,02/17/2026
3276,2025,06,Occurrence,Race-Ethnicity,Other/Unknown,SUI,Intentional self-harm (suicide),ICD-10,,1,Cell suppressed for small numbers,02/17/2026,02/17/2026
3277,2025,07,Occurrence,Total Population,Total Population,ALL,All causes (total),ICD-10,22774.0,,,02/17/2026,02/17/2026
3278,2025,07,Occurrence,Age,Under 1 year,ALL,All causes (total),ICD-10,130.0,,,02/17/2026,02/17/2026
3279,2025,07,Occurrence,Age,1-4 years,ALL,All causes (total),ICD-10,29.0,,,02/17/2026,02/17/2026
3280,2025,07,Occurrence,Age,5-14 years,ALL,All causes (total),ICD-10,40.0,,,02/17/2026,02/17/2026
3281,2025,07,Occurrence,Age,15-24 years,ALL,All causes (total),ICD-10,235.0,,,02/17/2026,02/17/2026
3282,2025,07,Occurrence,Age,25-34 years,ALL,All causes (total),ICD-10,494.0,,,02/17/2026,02/17/2026
3283,2025,07,Occurrence,Age,35-44 years,ALL,All causes (total),ICD-10,835.0,,,02/17/2026,02/17/2026
3284,2025,07,Occurrence,Age,45-54 years,ALL,All causes (total),ICD-10,1262.0,,,02/17/2026,02/17/2026
3285,2025,07,Occurrence,Age,55-64 years,ALL,All causes (total),ICD-10,2488.0,,,02/17/2026,02/17/2026
3286,2025,07,Occurrence,Age,65-74 years,ALL,All causes (total),ICD-10,4330.0,,,02/17/2026,02/17/2026
3287,2025,07,Occurrence,Age,75-84 years,ALL,All causes (total),ICD-10,5896.0,,,02/17/2026,02/17/2026
3288,2025,07,Occurrence,Age,85 years and over,ALL,All causes (total),ICD-10,7031.0,,,02/17/2026,02/17/2026
3289,2025,07,Occurrence,Gender,Female,ALL,All causes (total),ICD-10,10663.0,,,02/17/2026,02/17/2026
3290,2025,07,Occurrence,Gender,Male,ALL,All causes (total),ICD-10,12105.0,,,02/17/2026,02/17/2026
3291,2025,07,Occurrence,Place Type,Inpatient,ALL,All causes (total),ICD-10,7048.0,,,02/17/2026,02/17/2026
3292,2025,07,Occurrence,Place Type,Emergency Room/Outpatient,ALL,All causes (total),ICD-10,1206.0,,,02/17/2026,02/17/2026
3293,2025,07,Occurrence,Place Type,Decedent's Home,ALL,All causes (total),ICD-10,8961.0,,,02/17/2026,02/17/2026
3294,2025,07,Occurrence,Place Type,Hospice Facility,ALL,All causes (total),ICD-10,274.0,,,02/17/2026,02/17/2026
3295,2025,07,Occurrence,Place Type,Nursing Home/Long Term Care Facility,ALL,All causes (total),ICD-10,4036.0,,,02/17/2026,02/17/2026
3296,2025,07,Occurrence,Place Type,Other/Unknown,ALL,All causes (total),ICD-10,1249.0,,,02/17/2026,02/17/2026
3297,2025,07,Occurrence,Race-Ethnicity,American Indian/Alaska Native,ALL,All causes (total),ICD-10,119.0,,,02/17/2026,02/17/2026
3298,2025,07,Occurrence,Race-Ethnicity,Asian,ALL,All causes (total),ICD-10,2595.0,,,02/17/2026,02/17/2026
3299,2025,07,Occurrence,Race-Ethnicity,Black,ALL,All causes (total),ICD-10,1723.0,,,02/17/2026,02/17/2026
3300,2025,07,Occurrence,Race-Ethnicity,Hawaiian/Pacific Islander,ALL,All causes (total),ICD-10,109.0,,,02/17/2026,02/17/2026
3301,2025,07,Occurrence,Race-Ethnicity,Hispanic,ALL,All causes (total),ICD-10,5278.0,,,02/17/2026,02/17/2026
3302,2025,07,Occurrence,Race-Ethnicity,Multi-Race,ALL,All causes (total),ICD-10,298.0,,,02/17/2026,02/17/2026
3303,2025,07,Occurrence,Race-Ethnicity,White,ALL,All causes (total),ICD-10,12416.0,,,02/17/2026,02/17/2026
3304,2025,07,Occurrence,Race-Ethnicity,Other/Unknown,ALL,All causes (total),ICD-10,236.0,,,02/17/2026,02/17/2026
3305,2025,07,Occurrence,Total Population,Total Population,ALZ,Alzheimer's disease,ICD-10,1253.0,,,02/17/2026,02/17/2026
3306,2025,07,Occurrence,Gender,Female,ALZ,Alzheimer's disease,ICD-10,795.0,,,02/17/2026,02/17/2026
3307,2025,07,Occurrence,Gender,Male,ALZ,Alzheimer's disease,ICD-10,458.0,,,02/17/2026,02/17/2026
3308,2025,07,Occurrence,Race-Ethnicity,American Indian/Alaska Native,ALZ,Alzheimer's disease,ICD-10,,1,Cell suppressed for small numbers,02/17/2026,02/17/2026
3309,2025,07,Occurrence,Race-Ethnicity,Asian,ALZ,Alzheimer's disease,ICD-10,146.0,,,02/17/2026,02/17/2026
3310,2025,07,Occurrence,Race-Ethnicity,Black,ALZ,Alzheimer's disease,ICD-10,60.0,,,02/17/2026,02/17/2026
3311,2025,07,Occurrence,Race-Ethnicity,Hawaiian/Pacific Islander,ALZ,Alzheimer's disease,ICD-10,,1,Cell suppressed for small numbers,02/17/2026,02/17/2026
3312,2025,07,Occurrence,Race-Ethnicity,Hispanic,ALZ,Alzheimer's disease,ICD-10,255.0,,,02/17/2026,02/17/2026
3313,2025,07,Occurrence,Race-Ethnicity,Multi-Race,ALZ,Alzheimer's disease,ICD-10,11.0,,,02/17/2026,02/17/2026
3314,2025,07,Occurrence,Race-Ethnicity,White,ALZ,Alzheimer's disease,ICD-10,763.0,,,02/17/2026,02/17/2026
3315,2025,07,Occurrence,Race-Ethnicity,Other/Unknown,ALZ,Alzheimer's disease,ICD-10,11.0,,,02/17/2026,02/17/2026
3316,2025,07,Occurrence,Total Population,Total Population,CAN,Malignant neoplasms,ICD-10,5206.0,,,02/17/2026,02/17/2026
3317,2025,07,Occurrence,Gender,Female,CAN,Malignant neoplasms,ICD-10,2498.0,,,02/17/2026,02/17/2026
3318,2025,07,Occurrence,Gender,Male,CAN,Malignant neoplasms,ICD-10,2707.0,,,02/17/2026,02/17/2026
3319,2025,07,Occurrence,Race-Ethnicity,American Indian/Alaska Native,CAN,Malignant neoplasms,ICD-10,30.0,,,02/17/2026,02/17/2026
3320,2025,07,Occurrence,Race-Ethnicity,Asian,CAN,Malignant neoplasms,ICD-10,694.0,,,02/17/2026,02/17/2026
3321,2025,07,Occurrence,Race-Ethnicity,Black,CAN,Malignant neoplasms,ICD-10,355.0,,,02/17/2026,02/17/2026
3322,2025,07,Occurrence,Race-Ethnicity,Hawaiian/Pacific Islander,CAN,Malignant neoplasms,ICD-10,25.0,,,02/17/2026,02/17/2026
3323,2025,07,Occurrence,Race-Ethnicity,Hispanic,CAN,Malignant neoplasms,ICD-10,1163.0,,,02/17/2026,02/17/2026
3324,2025,07,Occurrence,Race-Ethnicity,Multi-Race,CAN,Malignant neoplasms,ICD-10,60.0,,,02/17/2026,02/17/2026
3325,2025,07,Occurrence,Race-Ethnicity,White,CAN,Malignant neoplasms,ICD-10,2838.0,,,02/17/2026,02/17/2026
3326,2025,07,Occurrence,Race-Ethnicity,Other/Unknown,CAN,Malignant neoplasms,ICD-10,41.0,,,02/17/2026,02/17/2026
3327,2025,07,Occurrence,Total Population,Total Population,CLD,Chronic lower respiratory diseases,ICD-10,864.0,,,02/17/2026,02/17/2026
3328,2025,07,Occurrence,Gender,Female,CLD,Chronic lower respiratory diseases,ICD-10,456.0,,,02/17/2026,02/17/2026
3329,2025,07,Occurrence,Gender,Male,CLD,Chronic lower respiratory diseases,ICD-10,408.0,,,02/17/2026,02/17/2026
3330,2025,07,Occurrence,Race-Ethnicity,American Indian/Alaska Native,CLD,Chronic lower respiratory diseases,ICD-10,,1,Cell suppressed for small numbers,02/17/2026,02/17/2026
3331,2025,07,Occurrence,Race-Ethnicity,Asian,CLD,Chronic lower respiratory diseases,ICD-10,64.0,,,02/17/2026,02/17/2026
3332,2025,07,Occurrence,Race-Ethnicity,Black,CLD,Chronic lower respiratory diseases,ICD-10,65.0,,,02/17/2026,02/17/2026
3333,2025,07,Occurrence,Race-Ethnicity,Hawaiian/Pacific Islander,CLD,Chronic lower respiratory diseases,ICD-10,,1,Cell suppressed for small numbers,02/17/2026,02/17/2026
3334,2025,07,Occurrence,Race-Ethnicity,Hispanic,CLD,Chronic lower respiratory diseases,ICD-10,96.0,,,02/17/2026,02/17/2026
3335,2025,07,Occurrence,Race-Ethnicity,Multi-Race,CLD,Chronic lower respiratory diseases,ICD-10,,1,Cell suppressed for small numbers,02/17/2026,02/17/2026
3336,2025,07,Occurrence,Race-Ethnicity,White,CLD,Chronic lower respiratory diseases,ICD-10,618.0,,,02/17/2026,02/17/2026
3337,2025,07,Occurrence,Race-Ethnicity,Other/Unknown,CLD,Chronic lower respiratory diseases,ICD-10,,1,Cell suppressed for small numbers,02/17/2026,02/17/2026
3338,2025,07,Occurrence,Total Population,Total Population,DIA,Diabetes mellitus,ICD-10,798.0,,,02/17/2026,02/17/2026
3339,2025,07,Occurrence,Gender,Female,DIA,Diabetes mellitus,ICD-10,326.0,,,02/17/2026,02/17/2026
3340,2025,07,Occurrence,Gender,Male,DIA,Diabetes mellitus,ICD-10,472.0,,,02/17/2026,02/17/2026
3341,2025,07,Occurrence,Race-Ethnicity,American Indian/Alaska Native,DIA,Diabetes mellitus,ICD-10,,1,Cell suppressed for small numbers,02/17/2026,02/17/2026
3342,2025,07,Occurrence,Race-Ethnicity,Asian,DIA,Diabetes mellitus,ICD-10,114.0,,,02/17/2026,02/17/2026
3343,2025,07,Occurrence,Race-Ethnicity,Black,DIA,Diabetes mellitus,ICD-10,82.0,,,02/17/2026,02/17/2026
3344,2025,07,Occurrence,Race-Ethnicity,Hawaiian/Pacific Islander,DIA,Diabetes mellitus,ICD-10,,1,Cell suppressed for small numbers,02/17/2026,02/17/2026
3345,2025,07,Occurrence,Race-Ethnicity,Hispanic,DIA,Diabetes mellitus,ICD-10,296.0,,,02/17/2026,02/17/2026
3346,2025,07,Occurrence,Race-Ethnicity,Multi-Race,DIA,Diabetes mellitus,ICD-10,,1,Cell suppressed for small numbers,02/17/2026,02/17/2026
3347,2025,07,Occurrence,Race-Ethnicity,White,DIA,Diabetes mellitus,ICD-10,277.0,,,02/17/2026,02/17/2026
3348,2025,07,Occurrence,Race-Ethnicity,Other/Unknown,DIA,Diabetes mellitus,ICD-10,,1,Cell suppressed for small numbers,02/17/2026,02/17/2026
3349,2025,07,Occurrence,Total Population,Total Population,HOM,Assault (homicide),ICD-10,122.0,,,02/17/2026,02/17/2026
3350,2025,07,Occurrence,Gender,Female,HOM,Assault (homicide),ICD-10,24.0,,,02/17/2026,02/17/2026
3351,2025,07,Occurrence,Gender,Male,HOM,Assault (homicide),ICD-10,98.0,,,02/17/2026,02/17/2026
3352,2025,07,Occurrence,Race-Ethnicity,American Indian/Alaska Native,HOM,Assault (homicide),ICD-10,0.0,,,02/17/2026,02/17/2026
3353,2025,07,Occurrence,Race-Ethnicity,Asian,HOM,Assault (homicide),ICD-10,,1,Cell suppressed for small numbers,02/17/2026,02/17/2026
3354,2025,07,Occurrence,Race-Ethnicity,Black,HOM,Assault (homicide),ICD-10,32.0,,,02/17/2026,02/17/2026
3355,2025,07,Occurrence,Race-Ethnicity,Hawaiian/Pacific Islander,HOM,Assault (homicide),ICD-10,0.0,,,02/17/2026,02/17/2026
3356,2025,07,Occurrence,Race-Ethnicity,Hispanic,HOM,Assault (homicide),ICD-10,53.0,,,02/17/2026,02/17/2026
3357,2025,07,Occurrence,Race-Ethnicity,Multi-Race,HOM,Assault (homicide),ICD-10,,1,Cell suppressed for small numbers,02/17/2026,02/17/2026
3358,2025,07,Occurrence,Race-Ethnicity,White,HOM,Assault (homicide),ICD-10,28.0,,,02/17/2026,02/17/2026
3359,2025,07,Occurrence,Race-Ethnicity,Other/Unknown,HOM,Assault (homicide),ICD-10,,1,Cell suppressed for small numbers,02/17/2026,02/17/2026
3360,2025,07,Occurrence,Total Population,Total Population,HTD,Diseases of heart,ICD-10,4754.0,,,02/17/2026,02/17/2026
3361,2025,07,Occurrence,Gender,Female,HTD,Diseases of heart,ICD-10,2078.0,,,02/17/2026,02/17/2026
3362,2025,07,Occurrence,Gender,Male,HTD,Diseases of heart,ICD-10,2676.0,,,02/17/2026,02/17/2026
3363,2025,07,Occurrence,Race-Ethnicity,American Indian/Alaska Native,HTD,Diseases of heart,ICD-10,22.0,,,02/17/2026,02/17/2026
3364,2025,07,Occurrence,Race-Ethnicity,Asian,HTD,Diseases of heart,ICD-10,491.0,,,02/17/2026,02/17/2026
3365,2025,07,Occurrence,Race-Ethnicity,Black,HTD,Diseases of heart,ICD-10,380.0,,,02/17/2026,02/17/2026
3366,2025,07,Occurrence,Race-Ethnicity,Hawaiian/Pacific Islander,HTD,Diseases of heart,ICD-10,27.0,,,02/17/2026,02/17/2026
3367,2025,07,Occurrence,Race-Ethnicity,Hispanic,HTD,Diseases of heart,ICD-10,903.0,,,02/17/2026,02/17/2026
3368,2025,07,Occurrence,Race-Ethnicity,Multi-Race,HTD,Diseases of heart,ICD-10,56.0,,,02/17/2026,02/17/2026
3369,2025,07,Occurrence,Race-Ethnicity,White,HTD,Diseases of heart,ICD-10,2828.0,,,02/17/2026,02/17/2026
3370,2025,07,Occurrence,Race-Ethnicity,Other/Unknown,HTD,Diseases of heart,ICD-10,47.0,,,02/17/2026,02/17/2026
3371,2025,07,Occurrence,Total Population,Total Population,HYP,Essential hypertension and hypertensive renal disease,ICD-10,506.0,,,02/17/2026,02/17/2026
3372,2025,07,Occurrence,Gender,Female,HYP,Essential hypertension and hypertensive renal disease,ICD-10,252.0,,,02/17/2026,02/17/2026
3373,2025,07,Occurrence,Gender,Male,HYP,Essential hypertension and hypertensive renal disease,ICD-10,254.0,,,02/17/2026,02/17/2026
3374,2025,07,Occurrence,Race-Ethnicity,American Indian/Alaska Native,HYP,Essential hypertension and hypertensive renal disease,ICD-10,,1,Cell suppressed for small numbers,02/17/2026,02/17/2026
3375,2025,07,Occurrence,Race-Ethnicity,Asian,HYP,Essential hypertension and hypertensive renal disease,ICD-10,90.0,,,02/17/2026,02/17/2026
3376,2025,07,Occurrence,Race-Ethnicity,Black,HYP,Essential hypertension and hypertensive renal disease,ICD-10,44.0,,,02/17/2026,02/17/2026
3377,2025,07,Occurrence,Race-Ethnicity,Hawaiian/Pacific Islander,HYP,Essential hypertension and hypertensive renal disease,ICD-10,,1,Cell suppressed for small numbers,02/17/2026,02/17/2026
3378,2025,07,Occurrence,Race-Ethnicity,Hispanic,HYP,Essential hypertension and hypertensive renal disease,ICD-10,119.0,,,02/17/2026,02/17/2026
3379,2025,07,Occurrence,Race-Ethnicity,Multi-Race,HYP,Essential hypertension and hypertensive renal disease,ICD-10,,1,Cell suppressed for small numbers,02/17/2026,02/17/2026
3380,2025,07,Occurrence,Race-Ethnicity,White,HYP,Essential hypertension and hypertensive renal disease,ICD-10,237.0,,,02/17/2026,02/17/2026
3381,2025,07,Occurrence,Race-Ethnicity,Other/Unknown,HYP,Essential hypertension and hypertensive renal disease,ICD-10,,1,Cell suppressed for small numbers,02/17/2026,02/17/2026
3382,2025,07,Occurrence,Total Population,Total Population,INJ,Accidents (unintentional injuries),ICD-10,1557.0,,,02/17/2026,02/17/2026
3383,2025,07,Occurrence,Gender,Female,INJ,Accidents (unintentional injuries),ICD-10,409.0,,,02/17/2026,02/17/2026
3384,2025,07,Occurrence,Gender,Male,INJ,Accidents (unintentional injuries),ICD-10,1147.0,,,02/17/2026,02/17/2026
3385,2025,07,Occurrence,Race-Ethnicity,American Indian/Alaska Native,INJ,Accidents (unintentional injuries),ICD-10,,1,Cell suppressed for small numbers,02/17/2026,02/17/2026
3386,2025,07,Occurrence,Race-Ethnicity,Asian,INJ,Accidents (unintentional injuries),ICD-10,111.0,,,02/17/2026,02/17/2026
3387,2025,07,Occurrence,Race-Ethnicity,Black,INJ,Accidents (unintentional injuries),ICD-10,164.0,,,02/17/2026,02/17/2026
3388,2025,07,Occurrence,Race-Ethnicity,Hawaiian/Pacific Islander,INJ,Accidents (unintentional injuries),ICD-10,,1,Cell suppressed for small numbers,02/17/2026,02/17/2026
3389,2025,07,Occurrence,Race-Ethnicity,Hispanic,INJ,Accidents (unintentional injuries),ICD-10,538.0,,,02/17/2026,02/17/2026
3390,2025,07,Occurrence,Race-Ethnicity,Multi-Race,INJ,Accidents (unintentional injuries),ICD-10,33.0,,,02/17/2026,02/17/2026
3391,2025,07,Occurrence,Race-Ethnicity,White,INJ,Accidents (unintentional injuries),ICD-10,662.0,,,02/17/2026,02/17/2026
3392,2025,07,Occurrence,Race-Ethnicity,Other/Unknown,INJ,Accidents (unintentional injuries),ICD-10,36.0,,,02/17/2026,02/17/2026
3393,2025,07,Occurrence,Total Population,Total Population,LIV,Chronic liver disease and cirrhosis,ICD-10,482.0,,,02/17/2026,02/17/2026
3394,2025,07,Occurrence,Gender,Female,LIV,Chronic liver disease and cirrhosis,ICD-10,193.0,,,02/17/2026,02/17/2026
3395,2025,07,Occurrence,Gender,Male,LIV,Chronic liver disease and cirrhosis,ICD-10,289.0,,,02/17/2026,02/17/2026
3396,2025,07,Occurrence,Race-Ethnicity,American Indian/Alaska Native,LIV,Chronic liver disease and cirrhosis,ICD-10,,1,Cell suppressed for small numbers,02/17/2026,02/17/2026
3397,2025,07,Occurrence,Race-Ethnicity,Asian,LIV,Chronic liver disease and cirrhosis,ICD-10,25.0,,,02/17/2026,02/17/2026
3398,2025,07,Occurrence,Race-Ethnicity,Black,LIV,Chronic liver disease and cirrhosis,ICD-10,22.0,,,02/17/2026,02/17/2026
3399,2025,07,Occurrence,Race-Ethnicity,Hawaiian/Pacific Islander,LIV,Chronic liver disease and cirrhosis,ICD-10,,1,Cell suppressed for small numbers,02/17/2026,02/17/2026
3400,2025,07,Occurrence,Race-Ethnicity,Hispanic,LIV,Chronic liver disease and cirrhosis,ICD-10,215.0,,,02/17/2026,02/17/2026
3401,2025,07,Occurrence,Race-Ethnicity,Multi-Race,LIV,Chronic liver disease and cirrhosis,ICD-10,,1,Cell suppressed for small numbers,02/17/2026,02/17/2026
3402,2025,07,Occurrence,Race-Ethnicity,White,LIV,Chronic liver disease and cirrhosis,ICD-10,206.0,,,02/17/2026,02/17/2026
3403,2025,07,Occurrence,Race-Ethnicity,Other/Unknown,LIV,Chronic liver disease and cirrhosis,ICD-10,,1,Cell suppressed for small numbers,02/17/2026,02/17/2026
3404,2025,07,Occurrence,Total Population,Total Population,NEP,"Nephritis, nephrotic syndrome and nephrosis",ICD-10,350.0,,,02/17/2026,02/17/2026
3405,2025,07,Occurrence,Gender,Female,NEP,"Nephritis, nephrotic syndrome and nephrosis",ICD-10,169.0,,,02/17/2026,02/17/2026
3406,2025,07,Occurrence,Gender,Male,NEP,"Nephritis, nephrotic syndrome and nephrosis",ICD-10,181.0,,,02/17/2026,02/17/2026
3407,2025,07,Occurrence,Race-Ethnicity,American Indian/Alaska Native,NEP,"Nephritis, nephrotic syndrome and nephrosis",ICD-10,,1,Cell suppressed for small numbers,02/17/2026,02/17/2026
3408,2025,07,Occurrence,Race-Ethnicity,Asian,NEP,"Nephritis, nephrotic syndrome and nephrosis",ICD-10,47.0,,,02/17/2026,02/17/2026
3409,2025,07,Occurrence,Race-Ethnicity,Black,NEP,"Nephritis, nephrotic syndrome and nephrosis",ICD-10,30.0,,,02/17/2026,02/17/2026
3410,2025,07,Occurrence,Race-Ethnicity,Hawaiian/Pacific Islander,NEP,"Nephritis, nephrotic syndrome and nephrosis",ICD-10,,1,Cell suppressed for small numbers,02/17/2026,02/17/2026
3411,2025,07,Occurrence,Race-Ethnicity,Hispanic,NEP,"Nephritis, nephrotic syndrome and nephrosis",ICD-10,130.0,,,02/17/2026,02/17/2026
3412,2025,07,Occurrence,Race-Ethnicity,Multi-Race,NEP,"Nephritis, nephrotic syndrome and nephrosis",ICD-10,,1,Cell suppressed for small numbers,02/17/2026,02/17/2026
3413,2025,07,Occurrence,Race-Ethnicity,White,NEP,"Nephritis, nephrotic syndrome and nephrosis",ICD-10,128.0,,,02/17/2026,02/17/2026
3414,2025,07,Occurrence,Race-Ethnicity,Other/Unknown,NEP,"Nephritis, nephrotic syndrome and nephrosis",ICD-10,,1,Cell suppressed for small numbers,02/17/2026,02/17/2026
3415,2025,07,Occurrence,Total Population,Total Population,PAR,Parkinson's disease,ICD-10,330.0,,,02/17/2026,02/17/2026
3416,2025,07,Occurrence,Gender,Female,PAR,Parkinson's disease,ICD-10,132.0,,,02/17/2026,02/17/2026
3417,2025,07,Occurrence,Gender,Male,PAR,Parkinson's disease,ICD-10,198.0,,,02/17/2026,02/17/2026
3418,2025,07,Occurrence,Race-Ethnicity,American Indian/Alaska Native,PAR,Parkinson's disease,ICD-10,,1,Cell suppressed for small numbers,02/17/2026,02/17/2026
3419,2025,07,Occurrence,Race-Ethnicity,Asian,PAR,Parkinson's disease,ICD-10,37.0,,,02/17/2026,02/17/2026
3420,2025,07,Occurrence,Race-Ethnicity,Black,PAR,Parkinson's disease,ICD-10,15.0,,,02/17/2026,02/17/2026
3421,2025,07,Occurrence,Race-Ethnicity,Hawaiian/Pacific Islander,PAR,Parkinson's disease,ICD-10,0.0,,,02/17/2026,02/17/2026
3422,2025,07,Occurrence,Race-Ethnicity,Hispanic,PAR,Parkinson's disease,ICD-10,54.0,,,02/17/2026,02/17/2026
3423,2025,07,Occurrence,Race-Ethnicity,Multi-Race,PAR,Parkinson's disease,ICD-10,,1,Cell suppressed for small numbers,02/17/2026,02/17/2026
3424,2025,07,Occurrence,Race-Ethnicity,White,PAR,Parkinson's disease,ICD-10,216.0,,,02/17/2026,02/17/2026
3425,2025,07,Occurrence,Race-Ethnicity,Other/Unknown,PAR,Parkinson's disease,ICD-10,,1,Cell suppressed for small numbers,02/17/2026,02/17/2026
3426,2025,07,Occurrence,Total Population,Total Population,PNF,Influenza and pneumonia,ICD-10,329.0,,,02/17/2026,02/17/2026
3427,2025,07,Occurrence,Gender,Female,PNF,Influenza and pneumonia,ICD-10,178.0,,,02/17/2026,02/17/2026
3428,2025,07,Occurrence,Gender,Male,PNF,Influenza and pneumonia,ICD-10,151.0,,,02/17/2026,02/17/2026
3429,2025,07,Occurrence,Race-Ethnicity,American Indian/Alaska Native,PNF,Influenza and pneumonia,ICD-10,,1,Cell suppressed for small numbers,02/17/2026,02/17/2026
3430,2025,07,Occurrence,Race-Ethnicity,Asian,PNF,Influenza and pneumonia,ICD-10,54.0,,,02/17/2026,02/17/2026
3431,2025,07,Occurrence,Race-Ethnicity,Black,PNF,Influenza and pneumonia,ICD-10,20.0,,,02/17/2026,02/17/2026
3432,2025,07,Occurrence,Race-Ethnicity,Hawaiian/Pacific Islander,PNF,Influenza and pneumonia,ICD-10,,1,Cell suppressed for small numbers,02/17/2026,02/17/2026
3433,2025,07,Occurrence,Race-Ethnicity,Hispanic,PNF,Influenza and pneumonia,ICD-10,67.0,,,02/17/2026,02/17/2026
3434,2025,07,Occurrence,Race-Ethnicity,Multi-Race,PNF,Influenza and pneumonia,ICD-10,,1,Cell suppressed for small numbers,02/17/2026,02/17/2026
3435,2025,07,Occurrence,Race-Ethnicity,White,PNF,Influenza and pneumonia,ICD-10,173.0,,,02/17/2026,02/17/2026
3436,2025,07,Occurrence,Race-Ethnicity,Other/Unknown,PNF,Influenza and pneumonia,ICD-10,,1,Cell suppressed for small numbers,02/17/2026,02/17/2026
3437,2025,07,Occurrence,Total Population,Total Population,STK,Cerebrovascular diseases,ICD-10,1380.0,,,02/17/2026,02/17/2026
3438,2025,07,Occurrence,Gender,Female,STK,Cerebrovascular diseases,ICD-10,769.0,,,02/17/2026,02/17/2026
3439,2025,07,Occurrence,Gender,Male,STK,Cerebrovascular diseases,ICD-10,611.0,,,02/17/2026,02/17/2026
3440,2025,07,Occurrence,Race-Ethnicity,American Indian/Alaska Native,STK,Cerebrovascular diseases,ICD-10,,1,Cell suppressed for small numbers,02/17/2026,02/17/2026
3441,2025,07,Occurrence,Race-Ethnicity,Asian,STK,Cerebrovascular diseases,ICD-10,198.0,,,02/17/2026,02/17/2026
3442,2025,07,Occurrence,Race-Ethnicity,Black,STK,Cerebrovascular diseases,ICD-10,113.0,,,02/17/2026,02/17/2026
3443,2025,07,Occurrence,Race-Ethnicity,Hawaiian/Pacific Islander,STK,Cerebrovascular diseases,ICD-10,,1,Cell suppressed for small numbers,02/17/2026,02/17/2026
3444,2025,07,Occurrence,Race-Ethnicity,Hispanic,STK,Cerebrovascular diseases,ICD-10,298.0,,,02/17/2026,02/17/2026
3445,2025,07,Occurrence,Race-Ethnicity,Multi-Race,STK,Cerebrovascular diseases,ICD-10,18.0,,,02/17/2026,02/17/2026
3446,2025,07,Occurrence,Race-Ethnicity,White,STK,Cerebrovascular diseases,ICD-10,725.0,,,02/17/2026,02/17/2026
3447,2025,07,Occurrence,Race-Ethnicity,Other/Unknown,STK,Cerebrovascular diseases,ICD-10,16.0,,,02/17/2026,02/17/2026
3448,2025,07,Occurrence,Total Population,Total Population,SUI,Intentional self-harm (suicide),ICD-10,322.0,,,02/17/2026,02/17/2026
3449,2025,07,Occurrence,Gender,Female,SUI,Intentional self-harm (suicide),ICD-10,70.0,,,02/17/2026,02/17/2026
3450,2025,07,Occurrence,Gender,Male,SUI,Intentional self-harm (suicide),ICD-10,250.0,,,02/17/2026,02/17/2026
3451,2025,07,Occurrence,Race-Ethnicity,American Indian/Alaska Native,SUI,Intentional self-harm (suicide),ICD-10,,1,Cell suppressed for small numbers,02/17/2026,02/17/2026
3452,2025,07,Occurrence,Race-Ethnicity,Asian,SUI,Intentional self-harm (suicide),ICD-10,37.0,,,02/17/2026,02/17/2026
3453,2025,07,Occurrence,Race-Ethnicity,Black,SUI,Intentional self-harm (suicide),ICD-10,17.0,,,02/17/2026,02/17/2026
3454,2025,07,Occurrence,Race-Ethnicity,Hawaiian/Pacific Islander,SUI,Intentional self-harm (suicide),ICD-10,0.0,,,02/17/2026,02/17/2026
3455,2025,07,Occurrence,Race-Ethnicity,Hispanic,SUI,Intentional self-harm (suicide),ICD-10,83.0,,,02/17/2026,02/17/2026
3456,2025,07,Occurrence,Race-Ethnicity,Multi-Race,SUI,Intentional self-harm (suicide),ICD-10,,1,Cell suppressed for small numbers,02/17/2026,02/17/2026
3457,2025,07,Occurrence,Race-Ethnicity,White,SUI,Intentional self-harm (suicide),ICD-10,170.0,,,02/17/2026,02/17/2026
3458,2025,07,Occurrence,Race-Ethnicity,Other/Unknown,SUI,Intentional self-harm (suicide),ICD-10,,1,Cell suppressed for small numbers,02/17/2026,02/17/2026
3459,2025,08,Occurrence,Total Population,Total Population,ALL,All causes (total),ICD-10,23148.0,,,02/17/2026,02/17/2026
3460,2025,08,Occurrence,Age,Under 1 year,ALL,All causes (total),ICD-10,134.0,,,02/17/2026,02/17/2026
3461,2025,08,Occurrence,Age,1-4 years,ALL,All causes (total),ICD-10,26.0,,,02/17/2026,02/17/2026
3462,2025,08,Occurrence,Age,5-14 years,ALL,All causes (total),ICD-10,33.0,,,02/17/2026,02/17/2026
3463,2025,08,Occurrence,Age,15-24 years,ALL,All causes (total),ICD-10,234.0,,,02/17/2026,02/17/2026
3464,2025,08,Occurrence,Age,25-34 years,ALL,All causes (total),ICD-10,474.0,,,02/17/2026,02/17/2026
3465,2025,08,Occurrence,Age,35-44 years,ALL,All causes (total),ICD-10,886.0,,,02/17/2026,02/17/2026
3466,2025,08,Occurrence,Age,45-54 years,ALL,All causes (total),ICD-10,1191.0,,,02/17/2026,02/17/2026
3467,2025,08,Occurrence,Age,55-64 years,ALL,All causes (total),ICD-10,2567.0,,,02/17/2026,02/17/2026
3468,2025,08,Occurrence,Age,65-74 years,ALL,All causes (total),ICD-10,4389.0,,,02/17/2026,02/17/2026
3469,2025,08,Occurrence,Age,75-84 years,ALL,All causes (total),ICD-10,6010.0,,,02/17/2026,02/17/2026
3470,2025,08,Occurrence,Age,85 years and over,ALL,All causes (total),ICD-10,7199.0,,,02/17/2026,02/17/2026
3471,2025,08,Occurrence,Gender,Female,ALL,All causes (total),ICD-10,10822.0,,,02/17/2026,02/17/2026
3472,2025,08,Occurrence,Gender,Male,ALL,All causes (total),ICD-10,12321.0,,,02/17/2026,02/17/2026
3473,2025,08,Occurrence,Place Type,Inpatient,ALL,All causes (total),ICD-10,7146.0,,,02/17/2026,02/17/2026
3474,2025,08,Occurrence,Place Type,Emergency Room/Outpatient,ALL,All causes (total),ICD-10,1223.0,,,02/17/2026,02/17/2026
3475,2025,08,Occurrence,Place Type,Decedent's Home,ALL,All causes (total),ICD-10,9036.0,,,02/17/2026,02/17/2026
3476,2025,08,Occurrence,Place Type,Hospice Facility,ALL,All causes (total),ICD-10,313.0,,,02/17/2026,02/17/2026
3477,2025,08,Occurrence,Place Type,Nursing Home/Long Term Care Facility,ALL,All causes (total),ICD-10,4138.0,,,02/17/2026,02/17/2026
3478,2025,08,Occurrence,Place Type,Other/Unknown,ALL,All causes (total),ICD-10,1292.0,,,02/17/2026,02/17/2026
3479,2025,08,Occurrence,Race-Ethnicity,American Indian/Alaska Native,ALL,All causes (total),ICD-10,94.0,,,02/17/2026,02/17/2026
3480,2025,08,Occurrence,Race-Ethnicity,Asian,ALL,All causes (total),ICD-10,2682.0,,,02/17/2026,02/17/2026
3481,2025,08,Occurrence,Race-Ethnicity,Black,ALL,All causes (total),ICD-10,1846.0,,,02/17/2026,02/17/2026
3482,2025,08,Occurrence,Race-Ethnicity,Hawaiian/Pacific Islander,ALL,All causes (total),ICD-10,84.0,,,02/17/2026,02/17/2026
3483,2025,08,Occurrence,Race-Ethnicity,Hispanic,ALL,All causes (total),ICD-10,5397.0,,,02/17/2026,02/17/2026
3484,2025,08,Occurrence,Race-Ethnicity,Multi-Race,ALL,All causes (total),ICD-10,270.0,,,02/17/2026,02/17/2026
3485,2025,08,Occurrence,Race-Ethnicity,White,ALL,All causes (total),ICD-10,12575.0,,,02/17/2026,02/17/2026
3486,2025,08,Occurrence,Race-Ethnicity,Other/Unknown,ALL,All causes (total),ICD-10,200.0,,,02/17/2026,02/17/2026
3487,2025,08,Occurrence,Total Population,Total Population,ALZ,Alzheimer's disease,ICD-10,1312.0,,,02/17/2026,02/17/2026
3488,2025,08,Occurrence,Gender,Female,ALZ,Alzheimer's disease,ICD-10,847.0,,,02/17/2026,02/17/2026
3489,2025,08,Occurrence,Gender,Male,ALZ,Alzheimer's disease,ICD-10,465.0,,,02/17/2026,02/17/2026
3490,2025,08,Occurrence,Race-Ethnicity,American Indian/Alaska Native,ALZ,Alzheimer's disease,ICD-10,,1,Cell suppressed for small numbers,02/17/2026,02/17/2026
3491,2025,08,Occurrence,Race-Ethnicity,Asian,ALZ,Alzheimer's disease,ICD-10,147.0,,,02/17/2026,02/17/2026
3492,2025,08,Occurrence,Race-Ethnicity,Black,ALZ,Alzheimer's disease,ICD-10,74.0,,,02/17/2026,02/17/2026
3493,2025,08,Occurrence,Race-Ethnicity,Hawaiian/Pacific Islander,ALZ,Alzheimer's disease,ICD-10,,1,Cell suppressed for small numbers,02/17/2026,02/17/2026
3494,2025,08,Occurrence,Race-Ethnicity,Hispanic,ALZ,Alzheimer's disease,ICD-10,250.0,,,02/17/2026,02/17/2026
3495,2025,08,Occurrence,Race-Ethnicity,Multi-Race,ALZ,Alzheimer's disease,ICD-10,,1,Cell suppressed for small numbers,02/17/2026,02/17/2026
3496,2025,08,Occurrence,Race-Ethnicity,White,ALZ,Alzheimer's disease,ICD-10,816.0,,,02/17/2026,02/17/2026
3497,2025,08,Occurrence,Race-Ethnicity,Other/Unknown,ALZ,Alzheimer's disease,ICD-10,,1,Cell suppressed for small numbers,02/17/2026,02/17/2026
3498,2025,08,Occurrence,Total Population,Total Population,CAN,Malignant neoplasms,ICD-10,5035.0,,,02/17/2026,02/17/2026
3499,2025,08,Occurrence,Gender,Female,CAN,Malignant neoplasms,ICD-10,2412.0,,,02/17/2026,02/17/2026
3500,2025,08,Occurrence,Gender,Male,CAN,Malignant neoplasms,ICD-10,2623.0,,,02/17/2026,02/17/2026
3501,2025,08,Occurrence,Race-Ethnicity,American Indian/Alaska Native,CAN,Malignant neoplasms,ICD-10,13.0,,,02/17/2026,02/17/2026
3502,2025,08,Occurrence,Race-Ethnicity,Asian,CAN,Malignant neoplasms,ICD-10,683.0,,,02/17/2026,02/17/2026
3503,2025,08,Occurrence,Race-Ethnicity,Black,CAN,Malignant neoplasms,ICD-10,371.0,,,02/17/2026,02/17/2026
3504,2025,08,Occurrence,Race-Ethnicity,Hawaiian/Pacific Islander,CAN,Malignant neoplasms,ICD-10,14.0,,,02/17/2026,02/17/2026
3505,2025,08,Occurrence,Race-Ethnicity,Hispanic,CAN,Malignant neoplasms,ICD-10,1146.0,,,02/17/2026,02/17/2026
3506,2025,08,Occurrence,Race-Ethnicity,Multi-Race,CAN,Malignant neoplasms,ICD-10,55.0,,,02/17/2026,02/17/2026
3507,2025,08,Occurrence,Race-Ethnicity,White,CAN,Malignant neoplasms,ICD-10,2718.0,,,02/17/2026,02/17/2026
3508,2025,08,Occurrence,Race-Ethnicity,Other/Unknown,CAN,Malignant neoplasms,ICD-10,35.0,,,02/17/2026,02/17/2026
3509,2025,08,Occurrence,Total Population,Total Population,CLD,Chronic lower respiratory diseases,ICD-10,886.0,,,02/17/2026,02/17/2026
3510,2025,08,Occurrence,Gender,Female,CLD,Chronic lower respiratory diseases,ICD-10,479.0,,,02/17/2026,02/17/2026
3511,2025,08,Occurrence,Gender,Male,CLD,Chronic lower respiratory diseases,ICD-10,407.0,,,02/17/2026,02/17/2026
3512,2025,08,Occurrence,Race-Ethnicity,American Indian/Alaska Native,CLD,Chronic lower respiratory diseases,ICD-10,,1,Cell suppressed for small numbers,02/17/2026,02/17/2026
3513,2025,08,Occurrence,Race-Ethnicity,Asian,CLD,Chronic lower respiratory diseases,ICD-10,75.0,,,02/17/2026,02/17/2026
3514,2025,08,Occurrence,Race-Ethnicity,Black,CLD,Chronic lower respiratory diseases,ICD-10,80.0,,,02/17/2026,02/17/2026
3515,2025,08,Occurrence,Race-Ethnicity,Hawaiian/Pacific Islander,CLD,Chronic lower respiratory diseases,ICD-10,,1,Cell suppressed for small numbers,02/17/2026,02/17/2026
3516,2025,08,Occurrence,Race-Ethnicity,Hispanic,CLD,Chronic lower respiratory diseases,ICD-10,85.0,,,02/17/2026,02/17/2026
3517,2025,08,Occurrence,Race-Ethnicity,Multi-Race,CLD,Chronic lower respiratory diseases,ICD-10,,1,Cell suppressed for small numbers,02/17/2026,02/17/2026
3518,2025,08,Occurrence,Race-Ethnicity,White,CLD,Chronic lower respiratory diseases,ICD-10,622.0,,,02/17/2026,02/17/2026
3519,2025,08,Occurrence,Race-Ethnicity,Other/Unknown,CLD,Chronic lower respiratory diseases,ICD-10,,1,Cell suppressed for small numbers,02/17/2026,02/17/2026
3520,2025,08,Occurrence,Total Population,Total Population,DIA,Diabetes mellitus,ICD-10,893.0,,,02/17/2026,02/17/2026
3521,2025,08,Occurrence,Gender,Female,DIA,Diabetes mellitus,ICD-10,427.0,,,02/17/2026,02/17/2026
3522,2025,08,Occurrence,Gender,Male,DIA,Diabetes mellitus,ICD-10,466.0,,,02/17/2026,02/17/2026
3523,2025,08,Occurrence,Race-Ethnicity,American Indian/Alaska Native,DIA,Diabetes mellitus,ICD-10,,1,Cell suppressed for small numbers,02/17/2026,02/17/2026
3524,2025,08,Occurrence,Race-Ethnicity,Asian,DIA,Diabetes mellitus,ICD-10,132.0,,,02/17/2026,02/17/2026
3525,2025,08,Occurrence,Race-Ethnicity,Black,DIA,Diabetes mellitus,ICD-10,106.0,,,02/17/2026,02/17/2026
3526,2025,08,Occurrence,Race-Ethnicity,Hawaiian/Pacific Islander,DIA,Diabetes mellitus,ICD-10,,1,Cell suppressed for small numbers,02/17/2026,02/17/2026
3527,2025,08,Occurrence,Race-Ethnicity,Hispanic,DIA,Diabetes mellitus,ICD-10,312.0,,,02/17/2026,02/17/2026
3528,2025,08,Occurrence,Race-Ethnicity,Multi-Race,DIA,Diabetes mellitus,ICD-10,,1,Cell suppressed for small numbers,02/17/2026,02/17/2026
3529,2025,08,Occurrence,Race-Ethnicity,White,DIA,Diabetes mellitus,ICD-10,320.0,,,02/17/2026,02/17/2026
3530,2025,08,Occurrence,Race-Ethnicity,Other/Unknown,DIA,Diabetes mellitus,ICD-10,,1,Cell suppressed for small numbers,02/17/2026,02/17/2026
3531,2025,08,Occurrence,Total Population,Total Population,HOM,Assault (homicide),ICD-10,132.0,,,02/17/2026,02/17/2026
3532,2025,08,Occurrence,Gender,Female,HOM,Assault (homicide),ICD-10,25.0,,,02/17/2026,02/17/2026
3533,2025,08,Occurrence,Gender,Male,HOM,Assault (homicide),ICD-10,107.0,,,02/17/2026,02/17/2026
3534,2025,08,Occurrence,Race-Ethnicity,American Indian/Alaska Native,HOM,Assault (homicide),ICD-10,,1,Cell suppressed for small numbers,02/17/2026,02/17/2026
3535,2025,08,Occurrence,Race-Ethnicity,Asian,HOM,Assault (homicide),ICD-10,,1,Cell suppressed for small numbers,02/17/2026,02/17/2026
3536,2025,08,Occurrence,Race-Ethnicity,Black,HOM,Assault (homicide),ICD-10,40.0,,,02/17/2026,02/17/2026
3537,2025,08,Occurrence,Race-Ethnicity,Hawaiian/Pacific Islander,HOM,Assault (homicide),ICD-10,,1,Cell suppressed for small numbers,02/17/2026,02/17/2026
3538,2025,08,Occurrence,Race-Ethnicity,Hispanic,HOM,Assault (homicide),ICD-10,56.0,,,02/17/2026,02/17/2026
3539,2025,08,Occurrence,Race-Ethnicity,Multi-Race,HOM,Assault (homicide),ICD-10,,1,Cell suppressed for small numbers,02/17/2026,02/17/2026
3540,2025,08,Occurrence,Race-Ethnicity,White,HOM,Assault (homicide),ICD-10,20.0,,,02/17/2026,02/17/2026
3541,2025,08,Occurrence,Race-Ethnicity,Other/Unknown,HOM,Assault (homicide),ICD-10,,1,Cell suppressed for small numbers,02/17/2026,02/17/2026
3542,2025,08,Occurrence,Total Population,Total Population,HTD,Diseases of heart,ICD-10,4682.0,,,02/17/2026,02/17/2026
3543,2025,08,Occurrence,Gender,Female,HTD,Diseases of heart,ICD-10,1990.0,,,02/17/2026,02/17/2026
3544,2025,08,Occurrence,Gender,Male,HTD,Diseases of heart,ICD-10,2692.0,,,02/17/2026,02/17/2026
3545,2025,08,Occurrence,Race-Ethnicity,American Indian/Alaska Native,HTD,Diseases of heart,ICD-10,14.0,,,02/17/2026,02/17/2026
3546,2025,08,Occurrence,Race-Ethnicity,Asian,HTD,Diseases of heart,ICD-10,501.0,,,02/17/2026,02/17/2026
3547,2025,08,Occurrence,Race-Ethnicity,Black,HTD,Diseases of heart,ICD-10,410.0,,,02/17/2026,02/17/2026
3548,2025,08,Occurrence,Race-Ethnicity,Hawaiian/Pacific Islander,HTD,Diseases of heart,ICD-10,18.0,,,02/17/2026,02/17/2026
3549,2025,08,Occurrence,Race-Ethnicity,Hispanic,HTD,Diseases of heart,ICD-10,898.0,,,02/17/2026,02/17/2026
3550,2025,08,Occurrence,Race-Ethnicity,Multi-Race,HTD,Diseases of heart,ICD-10,42.0,,,02/17/2026,02/17/2026
3551,2025,08,Occurrence,Race-Ethnicity,White,HTD,Diseases of heart,ICD-10,2749.0,,,02/17/2026,02/17/2026
3552,2025,08,Occurrence,Race-Ethnicity,Other/Unknown,HTD,Diseases of heart,ICD-10,50.0,,,02/17/2026,02/17/2026
3553,2025,08,Occurrence,Total Population,Total Population,HYP,Essential hypertension and hypertensive renal disease,ICD-10,560.0,,,02/17/2026,02/17/2026
3554,2025,08,Occurrence,Gender,Female,HYP,Essential hypertension and hypertensive renal disease,ICD-10,283.0,,,02/17/2026,02/17/2026
3555,2025,08,Occurrence,Gender,Male,HYP,Essential hypertension and hypertensive renal disease,ICD-10,277.0,,,02/17/2026,02/17/2026
3556,2025,08,Occurrence,Race-Ethnicity,American Indian/Alaska Native,HYP,Essential hypertension and hypertensive renal disease,ICD-10,,1,Cell suppressed for small numbers,02/17/2026,02/17/2026
3557,2025,08,Occurrence,Race-Ethnicity,Asian,HYP,Essential hypertension and hypertensive renal disease,ICD-10,83.0,,,02/17/2026,02/17/2026
3558,2025,08,Occurrence,Race-Ethnicity,Black,HYP,Essential hypertension and hypertensive renal disease,ICD-10,69.0,,,02/17/2026,02/17/2026
3559,2025,08,Occurrence,Race-Ethnicity,Hawaiian/Pacific Islander,HYP,Essential hypertension and hypertensive renal disease,ICD-10,0.0,,,02/17/2026,02/17/2026
3560,2025,08,Occurrence,Race-Ethnicity,Hispanic,HYP,Essential hypertension and hypertensive renal disease,ICD-10,125.0,,,02/17/2026,02/17/2026
3561,2025,08,Occurrence,Race-Ethnicity,Multi-Race,HYP,Essential hypertension and hypertensive renal disease,ICD-10,,1,Cell suppressed for small numbers,02/17/2026,02/17/2026
3562,2025,08,Occurrence,Race-Ethnicity,White,HYP,Essential hypertension and hypertensive renal disease,ICD-10,275.0,,,02/17/2026,02/17/2026
3563,2025,08,Occurrence,Race-Ethnicity,Other/Unknown,HYP,Essential hypertension and hypertensive renal disease,ICD-10,,1,Cell suppressed for small numbers,02/17/2026,02/17/2026
3564,2025,08,Occurrence,Total Population,Total Population,INJ,Accidents (unintentional injuries),ICD-10,1515.0,,,02/17/2026,02/17/2026
3565,2025,08,Occurrence,Gender,Female,INJ,Accidents (unintentional injuries),ICD-10,429.0,,,02/17/2026,02/17/2026
3566,2025,08,Occurrence,Gender,Male,INJ,Accidents (unintentional injuries),ICD-10,1084.0,,,02/17/2026,02/17/2026
3567,2025,08,Occurrence,Race-Ethnicity,American Indian/Alaska Native,INJ,Accidents (unintentional injuries),ICD-10,,1,Cell suppressed for small numbers,02/17/2026,02/17/2026
3568,2025,08,Occurrence,Race-Ethnicity,Asian,INJ,Accidents (unintentional injuries),ICD-10,106.0,,,02/17/2026,02/17/2026
3569,2025,08,Occurrence,Race-Ethnicity,Black,INJ,Accidents (unintentional injuries),ICD-10,149.0,,,02/17/2026,02/17/2026
3570,2025,08,Occurrence,Race-Ethnicity,Hawaiian/Pacific Islander,INJ,Accidents (unintentional injuries),ICD-10,,1,Cell suppressed for small numbers,02/17/2026,02/17/2026
3571,2025,08,Occurrence,Race-Ethnicity,Hispanic,INJ,Accidents (unintentional injuries),ICD-10,548.0,,,02/17/2026,02/17/2026
3572,2025,08,Occurrence,Race-Ethnicity,Multi-Race,INJ,Accidents (unintentional injuries),ICD-10,45.0,,,02/17/2026,02/17/2026
3573,2025,08,Occurrence,Race-Ethnicity,White,INJ,Accidents (unintentional injuries),ICD-10,632.0,,,02/17/2026,02/17/2026
3574,2025,08,Occurrence,Race-Ethnicity,Other/Unknown,INJ,Accidents (unintentional injuries),ICD-10,19.0,,,02/17/2026,02/17/2026
3575,2025,08,Occurrence,Total Population,Total Population,LIV,Chronic liver disease and cirrhosis,ICD-10,508.0,,,02/17/2026,02/17/2026
3576,2025,08,Occurrence,Gender,Female,LIV,Chronic liver disease and cirrhosis,ICD-10,181.0,,,02/17/2026,02/17/2026
3577,2025,08,Occurrence,Gender,Male,LIV,Chronic liver disease and cirrhosis,ICD-10,327.0,,,02/17/2026,02/17/2026
3578,2025,08,Occurrence,Race-Ethnicity,American Indian/Alaska Native,LIV,Chronic liver disease and cirrhosis,ICD-10,,1,Cell suppressed for small numbers,02/17/2026,02/17/2026
3579,2025,08,Occurrence,Race-Ethnicity,Asian,LIV,Chronic liver disease and cirrhosis,ICD-10,38.0,,,02/17/2026,02/17/2026
3580,2025,08,Occurrence,Race-Ethnicity,Black,LIV,Chronic liver disease and cirrhosis,ICD-10,26.0,,,02/17/2026,02/17/2026
3581,2025,08,Occurrence,Race-Ethnicity,Hawaiian/Pacific Islander,LIV,Chronic liver disease and cirrhosis,ICD-10,,1,Cell suppressed for small numbers,02/17/2026,02/17/2026
3582,2025,08,Occurrence,Race-Ethnicity,Hispanic,LIV,Chronic liver disease and cirrhosis,ICD-10,218.0,,,02/17/2026,02/17/2026
3583,2025,08,Occurrence,Race-Ethnicity,Multi-Race,LIV,Chronic liver disease and cirrhosis,ICD-10,,1,Cell suppressed for small numbers,02/17/2026,02/17/2026
3584,2025,08,Occurrence,Race-Ethnicity,White,LIV,Chronic liver disease and cirrhosis,ICD-10,205.0,,,02/17/2026,02/17/2026
3585,2025,08,Occurrence,Race-Ethnicity,Other/Unknown,LIV,Chronic liver disease and cirrhosis,ICD-10,,1,Cell suppressed for small numbers,02/17/2026,02/17/2026
3586,2025,08,Occurrence,Total Population,Total Population,NEP,"Nephritis, nephrotic syndrome and nephrosis",ICD-10,348.0,,,02/17/2026,02/17/2026
3587,2025,08,Occurrence,Gender,Female,NEP,"Nephritis, nephrotic syndrome and nephrosis",ICD-10,167.0,,,02/17/2026,02/17/2026
3588,2025,08,Occurrence,Gender,Male,NEP,"Nephritis, nephrotic syndrome and nephrosis",ICD-10,181.0,,,02/17/2026,02/17/2026
3589,2025,08,Occurrence,Race-Ethnicity,American Indian/Alaska Native,NEP,"Nephritis, nephrotic syndrome and nephrosis",ICD-10,,1,Cell suppressed for small numbers,02/17/2026,02/17/2026
3590,2025,08,Occurrence,Race-Ethnicity,Asian,NEP,"Nephritis, nephrotic syndrome and nephrosis",ICD-10,53.0,,,02/17/2026,02/17/2026
3591,2025,08,Occurrence,Race-Ethnicity,Black,NEP,"Nephritis, nephrotic syndrome and nephrosis",ICD-10,33.0,,,02/17/2026,02/17/2026
3592,2025,08,Occurrence,Race-Ethnicity,Hawaiian/Pacific Islander,NEP,"Nephritis, nephrotic syndrome and nephrosis",ICD-10,,1,Cell suppressed for small numbers,02/17/2026,02/17/2026
3593,2025,08,Occurrence,Race-Ethnicity,Hispanic,NEP,"Nephritis, nephrotic syndrome and nephrosis",ICD-10,107.0,,,02/17/2026,02/17/2026
3594,2025,08,Occurrence,Race-Ethnicity,Multi-Race,NEP,"Nephritis, nephrotic syndrome and nephrosis",ICD-10,,1,Cell suppressed for small numbers,02/17/2026,02/17/2026
3595,2025,08,Occurrence,Race-Ethnicity,White,NEP,"Nephritis, nephrotic syndrome and nephrosis",ICD-10,140.0,,,02/17/2026,02/17/2026
3596,2025,08,Occurrence,Race-Ethnicity,Other/Unknown,NEP,"Nephritis, nephrotic syndrome and nephrosis",ICD-10,,1,Cell suppressed for small numbers,02/17/2026,02/17/2026
3597,2025,08,Occurrence,Total Population,Total Population,PAR,Parkinson's disease,ICD-10,378.0,,,02/17/2026,02/17/2026
3598,2025,08,Occurrence,Gender,Female,PAR,Parkinson's disease,ICD-10,152.0,,,02/17/2026,02/17/2026
3599,2025,08,Occurrence,Gender,Male,PAR,Parkinson's disease,ICD-10,226.0,,,02/17/2026,02/17/2026
3600,2025,08,Occurrence,Race-Ethnicity,American Indian/Alaska Native,PAR,Parkinson's disease,ICD-10,,1,Cell suppressed for small numbers,02/17/2026,02/17/2026
3601,2025,08,Occurrence,Race-Ethnicity,Asian,PAR,Parkinson's disease,ICD-10,58.0,,,02/17/2026,02/17/2026
3602,2025,08,Occurrence,Race-Ethnicity,Black,PAR,Parkinson's disease,ICD-10,,1,Cell suppressed for small numbers,02/17/2026,02/17/2026
3603,2025,08,Occurrence,Race-Ethnicity,Hawaiian/Pacific Islander,PAR,Parkinson's disease,ICD-10,0.0,,,02/17/2026,02/17/2026
3604,2025,08,Occurrence,Race-Ethnicity,Hispanic,PAR,Parkinson's disease,ICD-10,55.0,,,02/17/2026,02/17/2026
3605,2025,08,Occurrence,Race-Ethnicity,Multi-Race,PAR,Parkinson's disease,ICD-10,,1,Cell suppressed for small numbers,02/17/2026,02/17/2026
3606,2025,08,Occurrence,Race-Ethnicity,White,PAR,Parkinson's disease,ICD-10,249.0,,,02/17/2026,02/17/2026
3607,2025,08,Occurrence,Race-Ethnicity,Other/Unknown,PAR,Parkinson's disease,ICD-10,,1,Cell suppressed for small numbers,02/17/2026,02/17/2026
3608,2025,08,Occurrence,Total Population,Total Population,PNF,Influenza and pneumonia,ICD-10,328.0,,,02/17/2026,02/17/2026
3609,2025,08,Occurrence,Gender,Female,PNF,Influenza and pneumonia,ICD-10,170.0,,,02/17/2026,02/17/2026
3610,2025,08,Occurrence,Gender,Male,PNF,Influenza and pneumonia,ICD-10,158.0,,,02/17/2026,02/17/2026
3611,2025,08,Occurrence,Race-Ethnicity,American Indian/Alaska Native,PNF,Influenza and pneumonia,ICD-10,,1,Cell suppressed for small numbers,02/17/2026,02/17/2026
3612,2025,08,Occurrence,Race-Ethnicity,Asian,PNF,Influenza and pneumonia,ICD-10,58.0,,,02/17/2026,02/17/2026
3613,2025,08,Occurrence,Race-Ethnicity,Black,PNF,Influenza and pneumonia,ICD-10,21.0,,,02/17/2026,02/17/2026
3614,2025,08,Occurrence,Race-Ethnicity,Hawaiian/Pacific Islander,PNF,Influenza and pneumonia,ICD-10,,1,Cell suppressed for small numbers,02/17/2026,02/17/2026
3615,2025,08,Occurrence,Race-Ethnicity,Hispanic,PNF,Influenza and pneumonia,ICD-10,80.0,,,02/17/2026,02/17/2026
3616,2025,08,Occurrence,Race-Ethnicity,Multi-Race,PNF,Influenza and pneumonia,ICD-10,,1,Cell suppressed for small numbers,02/17/2026,02/17/2026
3617,2025,08,Occurrence,Race-Ethnicity,White,PNF,Influenza and pneumonia,ICD-10,162.0,,,02/17/2026,02/17/2026
3618,2025,08,Occurrence,Race-Ethnicity,Other/Unknown,PNF,Influenza and pneumonia,ICD-10,,1,Cell suppressed for small numbers,02/17/2026,02/17/2026
3619,2025,08,Occurrence,Total Population,Total Population,STK,Cerebrovascular diseases,ICD-10,1406.0,,,02/17/2026,02/17/2026
3620,2025,08,Occurrence,Gender,Female,STK,Cerebrovascular diseases,ICD-10,771.0,,,02/17/2026,02/17/2026
3621,2025,08,Occurrence,Gender,Male,STK,Cerebrovascular diseases,ICD-10,635.0,,,02/17/2026,02/17/2026
3622,2025,08,Occurrence,Race-Ethnicity,American Indian/Alaska Native,STK,Cerebrovascular diseases,ICD-10,,1,Cell suppressed for small numbers,02/17/2026,02/17/2026
3623,2025,08,Occurrence,Race-Ethnicity,Asian,STK,Cerebrovascular diseases,ICD-10,209.0,,,02/17/2026,02/17/2026
3624,2025,08,Occurrence,Race-Ethnicity,Black,STK,Cerebrovascular diseases,ICD-10,107.0,,,02/17/2026,02/17/2026
3625,2025,08,Occurrence,Race-Ethnicity,Hawaiian/Pacific Islander,STK,Cerebrovascular diseases,ICD-10,,1,Cell suppressed for small numbers,02/17/2026,02/17/2026
3626,2025,08,Occurrence,Race-Ethnicity,Hispanic,STK,Cerebrovascular diseases,ICD-10,323.0,,,02/17/2026,02/17/2026
3627,2025,08,Occurrence,Race-Ethnicity,Multi-Race,STK,Cerebrovascular diseases,ICD-10,16.0,,,02/17/2026,02/17/2026
3628,2025,08,Occurrence,Race-Ethnicity,White,STK,Cerebrovascular diseases,ICD-10,725.0,,,02/17/2026,02/17/2026
3629,2025,08,Occurrence,Race-Ethnicity,Other/Unknown,STK,Cerebrovascular diseases,ICD-10,,1,Cell suppressed for small numbers,02/17/2026,02/17/2026
3630,2025,08,Occurrence,Total Population,Total Population,SUI,Intentional self-harm (suicide),ICD-10,362.0,,,02/17/2026,02/17/2026
3631,2025,08,Occurrence,Gender,Female,SUI,Intentional self-harm (suicide),ICD-10,78.0,,,02/17/2026,02/17/2026
3632,2025,08,Occurrence,Gender,Male,SUI,Intentional self-harm (suicide),ICD-10,284.0,,,02/17/2026,02/17/2026
3633,2025,08,Occurrence,Race-Ethnicity,American Indian/Alaska Native,SUI,Intentional self-harm (suicide),ICD-10,,1,Cell suppressed for small numbers,02/17/2026,02/17/2026
3634,2025,08,Occurrence,Race-Ethnicity,Asian,SUI,Intentional self-harm (suicide),ICD-10,33.0,,,02/17/2026,02/17/2026
3635,2025,08,Occurrence,Race-Ethnicity,Black,SUI,Intentional self-harm (suicide),ICD-10,19.0,,,02/17/2026,02/17/2026
3636,2025,08,Occurrence,Race-Ethnicity,Hawaiian/Pacific Islander,SUI,Intentional self-harm (suicide),ICD-10,0.0,,,02/17/2026,02/17/2026
3637,2025,08,Occurrence,Race-Ethnicity,Hispanic,SUI,Intentional self-harm (suicide),ICD-10,81.0,,,02/17/2026,02/17/2026
3638,2025,08,Occurrence,Race-Ethnicity,Multi-Race,SUI,Intentional self-harm (suicide),ICD-10,,1,Cell suppressed for small numbers,02/17/2026,02/17/2026
3639,2025,08,Occurrence,Race-Ethnicity,White,SUI,Intentional self-harm (suicide),ICD-10,219.0,,,02/17/2026,02/17/2026
3640,2025,08,Occurrence,Race-Ethnicity,Other/Unknown,SUI,Intentional self-harm (suicide),ICD-10,0.0,,,02/17/2026,02/17/2026
3641,2025,09,Occurrence,Total Population,Total Population,ALL,All causes (total),ICD-10,21980.0,,,02/17/2026,02/17/2026
3642,2025,09,Occurrence,Age,Under 1 year,ALL,All causes (total),ICD-10,143.0,,,02/17/2026,02/17/2026
3643,2025,09,Occurrence,Age,1-4 years,ALL,All causes (total),ICD-10,18.0,,,02/17/2026,02/17/2026
3644,2025,09,Occurrence,Age,5-14 years,ALL,All causes (total),ICD-10,35.0,,,02/17/2026,02/17/2026
3645,2025,09,Occurrence,Age,15-24 years,ALL,All causes (total),ICD-10,197.0,,,02/17/2026,02/17/2026
3646,2025,09,Occurrence,Age,25-34 years,ALL,All causes (total),ICD-10,470.0,,,02/17/2026,02/17/2026
3647,2025,09,Occurrence,Age,35-44 years,ALL,All causes (total),ICD-10,776.0,,,02/17/2026,02/17/2026
3648,2025,09,Occurrence,Age,45-54 years,ALL,All causes (total),ICD-10,1162.0,,,02/17/2026,02/17/2026
3649,2025,09,Occurrence,Age,55-64 years,ALL,All causes (total),ICD-10,2303.0,,,02/17/2026,02/17/2026
3650,2025,09,Occurrence,Age,65-74 years,ALL,All causes (total),ICD-10,4309.0,,,02/17/2026,02/17/2026
3651,2025,09,Occurrence,Age,75-84 years,ALL,All causes (total),ICD-10,5753.0,,,02/17/2026,02/17/2026
3652,2025,09,Occurrence,Age,85 years and over,ALL,All causes (total),ICD-10,6811.0,,,02/17/2026,02/17/2026
3653,2025,09,Occurrence,Gender,Female,ALL,All causes (total),ICD-10,10178.0,,,02/17/2026,02/17/2026
3654,2025,09,Occurrence,Gender,Male,ALL,All causes (total),ICD-10,11798.0,,,02/17/2026,02/17/2026
3655,2025,09,Occurrence,Place Type,Inpatient,ALL,All causes (total),ICD-10,6931.0,,,02/17/2026,02/17/2026
3656,2025,09,Occurrence,Place Type,Emergency Room/Outpatient,ALL,All causes (total),ICD-10,1212.0,,,02/17/2026,02/17/2026
3657,2025,09,Occurrence,Place Type,Decedent's Home,ALL,All causes (total),ICD-10,8441.0,,,02/17/2026,02/17/2026
3658,2025,09,Occurrence,Place Type,Hospice Facility,ALL,All causes (total),ICD-10,277.0,,,02/17/2026,02/17/2026
3659,2025,09,Occurrence,Place Type,Nursing Home/Long Term Care Facility,ALL,All causes (total),ICD-10,3962.0,,,02/17/2026,02/17/2026
3660,2025,09,Occurrence,Place Type,Other/Unknown,ALL,All causes (total),ICD-10,1157.0,,,02/17/2026,02/17/2026
3661,2025,09,Occurrence,Race-Ethnicity,American Indian/Alaska Native,ALL,All causes (total),ICD-10,95.0,,,02/17/2026,02/17/2026
3662,2025,09,Occurrence,Race-Ethnicity,Asian,ALL,All causes (total),ICD-10,2395.0,,,02/17/2026,02/17/2026
3663,2025,09,Occurrence,Race-Ethnicity,Black,ALL,All causes (total),ICD-10,1693.0,,,02/17/2026,02/17/2026
3664,2025,09,Occurrence,Race-Ethnicity,Hawaiian/Pacific Islander,ALL,All causes (total),ICD-10,95.0,,,02/17/2026,02/17/2026
3665,2025,09,Occurrence,Race-Ethnicity,Hispanic,ALL,All causes (total),ICD-10,5131.0,,,02/17/2026,02/17/2026
3666,2025,09,Occurrence,Race-Ethnicity,Multi-Race,ALL,All causes (total),ICD-10,230.0,,,02/17/2026,02/17/2026
3667,2025,09,Occurrence,Race-Ethnicity,White,ALL,All causes (total),ICD-10,12120.0,,,02/17/2026,02/17/2026
3668,2025,09,Occurrence,Race-Ethnicity,Other/Unknown,ALL,All causes (total),ICD-10,221.0,,,02/17/2026,02/17/2026
3669,2025,09,Occurrence,Total Population,Total Population,ALZ,Alzheimer's disease,ICD-10,1231.0,,,02/17/2026,02/17/2026
3670,2025,09,Occurrence,Gender,Female,ALZ,Alzheimer's disease,ICD-10,812.0,,,02/17/2026,02/17/2026
3671,2025,09,Occurrence,Gender,Male,ALZ,Alzheimer's disease,ICD-10,419.0,,,02/17/2026,02/17/2026
3672,2025,09,Occurrence,Race-Ethnicity,American Indian/Alaska Native,ALZ,Alzheimer's disease,ICD-10,,1,Cell suppressed for small numbers,02/17/2026,02/17/2026
3673,2025,09,Occurrence,Race-Ethnicity,Asian,ALZ,Alzheimer's disease,ICD-10,129.0,,,02/17/2026,02/17/2026
3674,2025,09,Occurrence,Race-Ethnicity,Black,ALZ,Alzheimer's disease,ICD-10,62.0,,,02/17/2026,02/17/2026
3675,2025,09,Occurrence,Race-Ethnicity,Hawaiian/Pacific Islander,ALZ,Alzheimer's disease,ICD-10,,1,Cell suppressed for small numbers,02/17/2026,02/17/2026
3676,2025,09,Occurrence,Race-Ethnicity,Hispanic,ALZ,Alzheimer's disease,ICD-10,227.0,,,02/17/2026,02/17/2026
3677,2025,09,Occurrence,Race-Ethnicity,Multi-Race,ALZ,Alzheimer's disease,ICD-10,,1,Cell suppressed for small numbers,02/17/2026,02/17/2026
3678,2025,09,Occurrence,Race-Ethnicity,White,ALZ,Alzheimer's disease,ICD-10,796.0,,,02/17/2026,02/17/2026
3679,2025,09,Occurrence,Race-Ethnicity,Other/Unknown,ALZ,Alzheimer's disease,ICD-10,,1,Cell suppressed for small numbers,02/17/2026,02/17/2026
3680,2025,09,Occurrence,Total Population,Total Population,CAN,Malignant neoplasms,ICD-10,4933.0,,,02/17/2026,02/17/2026
3681,2025,09,Occurrence,Gender,Female,CAN,Malignant neoplasms,ICD-10,2412.0,,,02/17/2026,02/17/2026
3682,2025,09,Occurrence,Gender,Male,CAN,Malignant neoplasms,ICD-10,2521.0,,,02/17/2026,02/17/2026
3683,2025,09,Occurrence,Race-Ethnicity,American Indian/Alaska Native,CAN,Malignant neoplasms,ICD-10,12.0,,,02/17/2026,02/17/2026
3684,2025,09,Occurrence,Race-Ethnicity,Asian,CAN,Malignant neoplasms,ICD-10,627.0,,,02/17/2026,02/17/2026
3685,2025,09,Occurrence,Race-Ethnicity,Black,CAN,Malignant neoplasms,ICD-10,365.0,,,02/17/2026,02/17/2026
3686,2025,09,Occurrence,Race-Ethnicity,Hawaiian/Pacific Islander,CAN,Malignant neoplasms,ICD-10,21.0,,,02/17/2026,02/17/2026
3687,2025,09,Occurrence,Race-Ethnicity,Hispanic,CAN,Malignant neoplasms,ICD-10,1136.0,,,02/17/2026,02/17/2026
3688,2025,09,Occurrence,Race-Ethnicity,Multi-Race,CAN,Malignant neoplasms,ICD-10,60.0,,,02/17/2026,02/17/2026
3689,2025,09,Occurrence,Race-Ethnicity,White,CAN,Malignant neoplasms,ICD-10,2666.0,,,02/17/2026,02/17/2026
3690,2025,09,Occurrence,Race-Ethnicity,Other/Unknown,CAN,Malignant neoplasms,ICD-10,46.0,,,02/17/2026,02/17/2026
3691,2025,09,Occurrence,Total Population,Total Population,CLD,Chronic lower respiratory diseases,ICD-10,820.0,,,02/17/2026,02/17/2026
3692,2025,09,Occurrence,Gender,Female,CLD,Chronic lower respiratory diseases,ICD-10,393.0,,,02/17/2026,02/17/2026
3693,2025,09,Occurrence,Gender,Male,CLD,Chronic lower respiratory diseases,ICD-10,427.0,,,02/17/2026,02/17/2026
3694,2025,09,Occurrence,Race-Ethnicity,American Indian/Alaska Native,CLD,Chronic lower respiratory diseases,ICD-10,,1,Cell suppressed for small numbers,02/17/2026,02/17/2026
3695,2025,09,Occurrence,Race-Ethnicity,Asian,CLD,Chronic lower respiratory diseases,ICD-10,58.0,,,02/17/2026,02/17/2026
3696,2025,09,Occurrence,Race-Ethnicity,Black,CLD,Chronic lower respiratory diseases,ICD-10,58.0,,,02/17/2026,02/17/2026
3697,2025,09,Occurrence,Race-Ethnicity,Hawaiian/Pacific Islander,CLD,Chronic lower respiratory diseases,ICD-10,,1,Cell suppressed for small numbers,02/17/2026,02/17/2026
3698,2025,09,Occurrence,Race-Ethnicity,Hispanic,CLD,Chronic lower respiratory diseases,ICD-10,81.0,,,02/17/2026,02/17/2026
3699,2025,09,Occurrence,Race-Ethnicity,Multi-Race,CLD,Chronic lower respiratory diseases,ICD-10,,1,Cell suppressed for small numbers,02/17/2026,02/17/2026
3700,2025,09,Occurrence,Race-Ethnicity,White,CLD,Chronic lower respiratory diseases,ICD-10,607.0,,,02/17/2026,02/17/2026
3701,2025,09,Occurrence,Race-Ethnicity,Other/Unknown,CLD,Chronic lower respiratory diseases,ICD-10,,1,Cell suppressed for small numbers,02/17/2026,02/17/2026
3702,2025,09,Occurrence,Total Population,Total Population,DIA,Diabetes mellitus,ICD-10,833.0,,,02/17/2026,02/17/2026
3703,2025,09,Occurrence,Gender,Female,DIA,Diabetes mellitus,ICD-10,349.0,,,02/17/2026,02/17/2026
3704,2025,09,Occurrence,Gender,Male,DIA,Diabetes mellitus,ICD-10,484.0,,,02/17/2026,02/17/2026
3705,2025,09,Occurrence,Race-Ethnicity,American Indian/Alaska Native,DIA,Diabetes mellitus,ICD-10,,1,Cell suppressed for small numbers,02/17/2026,02/17/2026
3706,2025,09,Occurrence,Race-Ethnicity,Asian,DIA,Diabetes mellitus,ICD-10,116.0,,,02/17/2026,02/17/2026
3707,2025,09,Occurrence,Race-Ethnicity,Black,DIA,Diabetes mellitus,ICD-10,75.0,,,02/17/2026,02/17/2026
3708,2025,09,Occurrence,Race-Ethnicity,Hawaiian/Pacific Islander,DIA,Diabetes mellitus,ICD-10,,1,Cell suppressed for small numbers,02/17/2026,02/17/2026
3709,2025,09,Occurrence,Race-Ethnicity,Hispanic,DIA,Diabetes mellitus,ICD-10,294.0,,,02/17/2026,02/17/2026
3710,2025,09,Occurrence,Race-Ethnicity,Multi-Race,DIA,Diabetes mellitus,ICD-10,,1,Cell suppressed for small numbers,02/17/2026,02/17/2026
3711,2025,09,Occurrence,Race-Ethnicity,White,DIA,Diabetes mellitus,ICD-10,317.0,,,02/17/2026,02/17/2026
3712,2025,09,Occurrence,Race-Ethnicity,Other/Unknown,DIA,Diabetes mellitus,ICD-10,11.0,,,02/17/2026,02/17/2026
3713,2025,09,Occurrence,Total Population,Total Population,HOM,Assault (homicide),ICD-10,126.0,,,02/17/2026,02/17/2026
3714,2025,09,Occurrence,Gender,Female,HOM,Assault (homicide),ICD-10,22.0,,,02/17/2026,02/17/2026
3715,2025,09,Occurrence,Gender,Male,HOM,Assault (homicide),ICD-10,104.0,,,02/17/2026,02/17/2026
3716,2025,09,Occurrence,Race-Ethnicity,American Indian/Alaska Native,HOM,Assault (homicide),ICD-10,0.0,,,02/17/2026,02/17/2026
3717,2025,09,Occurrence,Race-Ethnicity,Asian,HOM,Assault (homicide),ICD-10,,1,Cell suppressed for small numbers,02/17/2026,02/17/2026
3718,2025,09,Occurrence,Race-Ethnicity,Black,HOM,Assault (homicide),ICD-10,29.0,,,02/17/2026,02/17/2026
3719,2025,09,Occurrence,Race-Ethnicity,Hawaiian/Pacific Islander,HOM,Assault (homicide),ICD-10,,1,Cell suppressed for small numbers,02/17/2026,02/17/2026
3720,2025,09,Occurrence,Race-Ethnicity,Hispanic,HOM,Assault (homicide),ICD-10,64.0,,,02/17/2026,02/17/2026
3721,2025,09,Occurrence,Race-Ethnicity,Multi-Race,HOM,Assault (homicide),ICD-10,,1,Cell suppressed for small numbers,02/17/2026,02/17/2026
3722,2025,09,Occurrence,Race-Ethnicity,White,HOM,Assault (homicide),ICD-10,23.0,,,02/17/2026,02/17/2026
3723,2025,09,Occurrence,Race-Ethnicity,Other/Unknown,HOM,Assault (homicide),ICD-10,,1,Cell suppressed for small numbers,02/17/2026,02/17/2026
3724,2025,09,Occurrence,Total Population,Total Population,HTD,Diseases of heart,ICD-10,4578.0,,,02/17/2026,02/17/2026
3725,2025,09,Occurrence,Gender,Female,HTD,Diseases of heart,ICD-10,1983.0,,,02/17/2026,02/17/2026
3726,2025,09,Occurrence,Gender,Male,HTD,Diseases of heart,ICD-10,2595.0,,,02/17/2026,02/17/2026
3727,2025,09,Occurrence,Race-Ethnicity,American Indian/Alaska Native,HTD,Diseases of heart,ICD-10,22.0,,,02/17/2026,02/17/2026
3728,2025,09,Occurrence,Race-Ethnicity,Asian,HTD,Diseases of heart,ICD-10,476.0,,,02/17/2026,02/17/2026
3729,2025,09,Occurrence,Race-Ethnicity,Black,HTD,Diseases of heart,ICD-10,413.0,,,02/17/2026,02/17/2026
3730,2025,09,Occurrence,Race-Ethnicity,Hawaiian/Pacific Islander,HTD,Diseases of heart,ICD-10,23.0,,,02/17/2026,02/17/2026
3731,2025,09,Occurrence,Race-Ethnicity,Hispanic,HTD,Diseases of heart,ICD-10,879.0,,,02/17/2026,02/17/2026
3732,2025,09,Occurrence,Race-Ethnicity,Multi-Race,HTD,Diseases of heart,ICD-10,45.0,,,02/17/2026,02/17/2026
3733,2025,09,Occurrence,Race-Ethnicity,White,HTD,Diseases of heart,ICD-10,2674.0,,,02/17/2026,02/17/2026
3734,2025,09,Occurrence,Race-Ethnicity,Other/Unknown,HTD,Diseases of heart,ICD-10,46.0,,,02/17/2026,02/17/2026
3735,2025,09,Occurrence,Total Population,Total Population,HYP,Essential hypertension and hypertensive renal disease,ICD-10,516.0,,,02/17/2026,02/17/2026
3736,2025,09,Occurrence,Gender,Female,HYP,Essential hypertension and hypertensive renal disease,ICD-10,267.0,,,02/17/2026,02/17/2026
3737,2025,09,Occurrence,Gender,Male,HYP,Essential hypertension and hypertensive renal disease,ICD-10,249.0,,,02/17/2026,02/17/2026
3738,2025,09,Occurrence,Race-Ethnicity,American Indian/Alaska Native,HYP,Essential hypertension and hypertensive renal disease,ICD-10,,1,Cell suppressed for small numbers,02/17/2026,02/17/2026
3739,2025,09,Occurrence,Race-Ethnicity,Asian,HYP,Essential hypertension and hypertensive renal disease,ICD-10,76.0,,,02/17/2026,02/17/2026
3740,2025,09,Occurrence,Race-Ethnicity,Black,HYP,Essential hypertension and hypertensive renal disease,ICD-10,50.0,,,02/17/2026,02/17/2026
3741,2025,09,Occurrence,Race-Ethnicity,Hawaiian/Pacific Islander,HYP,Essential hypertension and hypertensive renal disease,ICD-10,,1,Cell suppressed for small numbers,02/17/2026,02/17/2026
3742,2025,09,Occurrence,Race-Ethnicity,Hispanic,HYP,Essential hypertension and hypertensive renal disease,ICD-10,116.0,,,02/17/2026,02/17/2026
3743,2025,09,Occurrence,Race-Ethnicity,Multi-Race,HYP,Essential hypertension and hypertensive renal disease,ICD-10,,1,Cell suppressed for small numbers,02/17/2026,02/17/2026
3744,2025,09,Occurrence,Race-Ethnicity,White,HYP,Essential hypertension and hypertensive renal disease,ICD-10,262.0,,,02/17/2026,02/17/2026
3745,2025,09,Occurrence,Race-Ethnicity,Other/Unknown,HYP,Essential hypertension and hypertensive renal disease,ICD-10,,1,Cell suppressed for small numbers,02/17/2026,02/17/2026
3746,2025,09,Occurrence,Total Population,Total Population,INJ,Accidents (unintentional injuries),ICD-10,1418.0,,,02/17/2026,02/17/2026
3747,2025,09,Occurrence,Gender,Female,INJ,Accidents (unintentional injuries),ICD-10,400.0,,,02/17/2026,02/17/2026
3748,2025,09,Occurrence,Gender,Male,INJ,Accidents (unintentional injuries),ICD-10,1017.0,,,02/17/2026,02/17/2026
3749,2025,09,Occurrence,Race-Ethnicity,American Indian/Alaska Native,INJ,Accidents (unintentional injuries),ICD-10,,1,Cell suppressed for small numbers,02/17/2026,02/17/2026
3750,2025,09,Occurrence,Race-Ethnicity,Asian,INJ,Accidents (unintentional injuries),ICD-10,90.0,,,02/17/2026,02/17/2026
3751,2025,09,Occurrence,Race-Ethnicity,Black,INJ,Accidents (unintentional injuries),ICD-10,132.0,,,02/17/2026,02/17/2026
3752,2025,09,Occurrence,Race-Ethnicity,Hawaiian/Pacific Islander,INJ,Accidents (unintentional injuries),ICD-10,,1,Cell suppressed for small numbers,02/17/2026,02/17/2026
3753,2025,09,Occurrence,Race-Ethnicity,Hispanic,INJ,Accidents (unintentional injuries),ICD-10,508.0,,,02/17/2026,02/17/2026
3754,2025,09,Occurrence,Race-Ethnicity,Multi-Race,INJ,Accidents (unintentional injuries),ICD-10,25.0,,,02/17/2026,02/17/2026
3755,2025,09,Occurrence,Race-Ethnicity,White,INJ,Accidents (unintentional injuries),ICD-10,620.0,,,02/17/2026,02/17/2026
3756,2025,09,Occurrence,Race-Ethnicity,Other/Unknown,INJ,Accidents (unintentional injuries),ICD-10,28.0,,,02/17/2026,02/17/2026
3757,2025,09,Occurrence,Total Population,Total Population,LIV,Chronic liver disease and cirrhosis,ICD-10,481.0,,,02/17/2026,02/17/2026
3758,2025,09,Occurrence,Gender,Female,LIV,Chronic liver disease and cirrhosis,ICD-10,193.0,,,02/17/2026,02/17/2026
3759,2025,09,Occurrence,Gender,Male,LIV,Chronic liver disease and cirrhosis,ICD-10,288.0,,,02/17/2026,02/17/2026
3760,2025,09,Occurrence,Race-Ethnicity,American Indian/Alaska Native,LIV,Chronic liver disease and cirrhosis,ICD-10,,1,Cell suppressed for small numbers,02/17/2026,02/17/2026
3761,2025,09,Occurrence,Race-Ethnicity,Asian,LIV,Chronic liver disease and cirrhosis,ICD-10,24.0,,,02/17/2026,02/17/2026
3762,2025,09,Occurrence,Race-Ethnicity,Black,LIV,Chronic liver disease and cirrhosis,ICD-10,23.0,,,02/17/2026,02/17/2026
3763,2025,09,Occurrence,Race-Ethnicity,Hawaiian/Pacific Islander,LIV,Chronic liver disease and cirrhosis,ICD-10,,1,Cell suppressed for small numbers,02/17/2026,02/17/2026
3764,2025,09,Occurrence,Race-Ethnicity,Hispanic,LIV,Chronic liver disease and cirrhosis,ICD-10,213.0,,,02/17/2026,02/17/2026
3765,2025,09,Occurrence,Race-Ethnicity,Multi-Race,LIV,Chronic liver disease and cirrhosis,ICD-10,,1,Cell suppressed for small numbers,02/17/2026,02/17/2026
3766,2025,09,Occurrence,Race-Ethnicity,White,LIV,Chronic liver disease and cirrhosis,ICD-10,206.0,,,02/17/2026,02/17/2026
3767,2025,09,Occurrence,Race-Ethnicity,Other/Unknown,LIV,Chronic liver disease and cirrhosis,ICD-10,,1,Cell suppressed for small numbers,02/17/2026,02/17/2026
3768,2025,09,Occurrence,Total Population,Total Population,NEP,"Nephritis, nephrotic syndrome and nephrosis",ICD-10,356.0,,,02/17/2026,02/17/2026
3769,2025,09,Occurrence,Gender,Female,NEP,"Nephritis, nephrotic syndrome and nephrosis",ICD-10,159.0,,,02/17/2026,02/17/2026
3770,2025,09,Occurrence,Gender,Male,NEP,"Nephritis, nephrotic syndrome and nephrosis",ICD-10,197.0,,,02/17/2026,02/17/2026
3771,2025,09,Occurrence,Race-Ethnicity,American Indian/Alaska Native,NEP,"Nephritis, nephrotic syndrome and nephrosis",ICD-10,,1,Cell suppressed for small numbers,02/17/2026,02/17/2026
3772,2025,09,Occurrence,Race-Ethnicity,Asian,NEP,"Nephritis, nephrotic syndrome and nephrosis",ICD-10,57.0,,,02/17/2026,02/17/2026
3773,2025,09,Occurrence,Race-Ethnicity,Black,NEP,"Nephritis, nephrotic syndrome and nephrosis",ICD-10,38.0,,,02/17/2026,02/17/2026
3774,2025,09,Occurrence,Race-Ethnicity,Hawaiian/Pacific Islander,NEP,"Nephritis, nephrotic syndrome and nephrosis",ICD-10,,1,Cell suppressed for small numbers,02/17/2026,02/17/2026
3775,2025,09,Occurrence,Race-Ethnicity,Hispanic,NEP,"Nephritis, nephrotic syndrome and nephrosis",ICD-10,87.0,,,02/17/2026,02/17/2026
3776,2025,09,Occurrence,Race-Ethnicity,Multi-Race,NEP,"Nephritis, nephrotic syndrome and nephrosis",ICD-10,,1,Cell suppressed for small numbers,02/17/2026,02/17/2026
3777,2025,09,Occurrence,Race-Ethnicity,White,NEP,"Nephritis, nephrotic syndrome and nephrosis",ICD-10,159.0,,,02/17/2026,02/17/2026
3778,2025,09,Occurrence,Race-Ethnicity,Other/Unknown,NEP,"Nephritis, nephrotic syndrome and nephrosis",ICD-10,,1,Cell suppressed for small numbers,02/17/2026,02/17/2026
3779,2025,09,Occurrence,Total Population,Total Population,PAR,Parkinson's disease,ICD-10,339.0,,,02/17/2026,02/17/2026
3780,2025,09,Occurrence,Gender,Female,PAR,Parkinson's disease,ICD-10,119.0,,,02/17/2026,02/17/2026
3781,2025,09,Occurrence,Gender,Male,PAR,Parkinson's disease,ICD-10,220.0,,,02/17/2026,02/17/2026
3782,2025,09,Occurrence,Race-Ethnicity,American Indian/Alaska Native,PAR,Parkinson's disease,ICD-10,0.0,,,02/17/2026,02/17/2026
3783,2025,09,Occurrence,Race-Ethnicity,Asian,PAR,Parkinson's disease,ICD-10,27.0,,,02/17/2026,02/17/2026
3784,2025,09,Occurrence,Race-Ethnicity,Black,PAR,Parkinson's disease,ICD-10,14.0,,,02/17/2026,02/17/2026
3785,2025,09,Occurrence,Race-Ethnicity,Hawaiian/Pacific Islander,PAR,Parkinson's disease,ICD-10,0.0,,,02/17/2026,02/17/2026
3786,2025,09,Occurrence,Race-Ethnicity,Hispanic,PAR,Parkinson's disease,ICD-10,51.0,,,02/17/2026,02/17/2026
3787,2025,09,Occurrence,Race-Ethnicity,Multi-Race,PAR,Parkinson's disease,ICD-10,,1,Cell suppressed for small numbers,02/17/2026,02/17/2026
3788,2025,09,Occurrence,Race-Ethnicity,White,PAR,Parkinson's disease,ICD-10,242.0,,,02/17/2026,02/17/2026
3789,2025,09,Occurrence,Race-Ethnicity,Other/Unknown,PAR,Parkinson's disease,ICD-10,,1,Cell suppressed for small numbers,02/17/2026,02/17/2026
3790,2025,09,Occurrence,Total Population,Total Population,PNF,Influenza and pneumonia,ICD-10,336.0,,,02/17/2026,02/17/2026
3791,2025,09,Occurrence,Gender,Female,PNF,Influenza and pneumonia,ICD-10,147.0,,,02/17/2026,02/17/2026
3792,2025,09,Occurrence,Gender,Male,PNF,Influenza and pneumonia,ICD-10,189.0,,,02/17/2026,02/17/2026
3793,2025,09,Occurrence,Race-Ethnicity,American Indian/Alaska Native,PNF,Influenza and pneumonia,ICD-10,,1,Cell suppressed for small numbers,02/17/2026,02/17/2026
3794,2025,09,Occurrence,Race-Ethnicity,Asian,PNF,Influenza and pneumonia,ICD-10,43.0,,,02/17/2026,02/17/2026
3795,2025,09,Occurrence,Race-Ethnicity,Black,PNF,Influenza and pneumonia,ICD-10,27.0,,,02/17/2026,02/17/2026
3796,2025,09,Occurrence,Race-Ethnicity,Hawaiian/Pacific Islander,PNF,Influenza and pneumonia,ICD-10,0.0,,,02/17/2026,02/17/2026
3797,2025,09,Occurrence,Race-Ethnicity,Hispanic,PNF,Influenza and pneumonia,ICD-10,79.0,,,02/17/2026,02/17/2026
3798,2025,09,Occurrence,Race-Ethnicity,Multi-Race,PNF,Influenza and pneumonia,ICD-10,,1,Cell suppressed for small numbers,02/17/2026,02/17/2026
3799,2025,09,Occurrence,Race-Ethnicity,White,PNF,Influenza and pneumonia,ICD-10,177.0,,,02/17/2026,02/17/2026
3800,2025,09,Occurrence,Race-Ethnicity,Other/Unknown,PNF,Influenza and pneumonia,ICD-10,,1,Cell suppressed for small numbers,02/17/2026,02/17/2026
3801,2025,09,Occurrence,Total Population,Total Population,STK,Cerebrovascular diseases,ICD-10,1265.0,,,02/17/2026,02/17/2026
3802,2025,09,Occurrence,Gender,Female,STK,Cerebrovascular diseases,ICD-10,714.0,,,02/17/2026,02/17/2026
3803,2025,09,Occurrence,Gender,Male,STK,Cerebrovascular diseases,ICD-10,551.0,,,02/17/2026,02/17/2026
3804,2025,09,Occurrence,Race-Ethnicity,American Indian/Alaska Native,STK,Cerebrovascular diseases,ICD-10,,1,Cell suppressed for small numbers,02/17/2026,02/17/2026
3805,2025,09,Occurrence,Race-Ethnicity,Asian,STK,Cerebrovascular diseases,ICD-10,173.0,,,02/17/2026,02/17/2026
3806,2025,09,Occurrence,Race-Ethnicity,Black,STK,Cerebrovascular diseases,ICD-10,103.0,,,02/17/2026,02/17/2026
3807,2025,09,Occurrence,Race-Ethnicity,Hawaiian/Pacific Islander,STK,Cerebrovascular diseases,ICD-10,,1,Cell suppressed for small numbers,02/17/2026,02/17/2026
3808,2025,09,Occurrence,Race-Ethnicity,Hispanic,STK,Cerebrovascular diseases,ICD-10,288.0,,,02/17/2026,02/17/2026
3809,2025,09,Occurrence,Race-Ethnicity,Multi-Race,STK,Cerebrovascular diseases,ICD-10,,1,Cell suppressed for small numbers,02/17/2026,02/17/2026
3810,2025,09,Occurrence,Race-Ethnicity,White,STK,Cerebrovascular diseases,ICD-10,672.0,,,02/17/2026,02/17/2026
3811,2025,09,Occurrence,Race-Ethnicity,Other/Unknown,STK,Cerebrovascular diseases,ICD-10,,1,Cell suppressed for small numbers,02/17/2026,02/17/2026
3812,2025,09,Occurrence,Total Population,Total Population,SUI,Intentional self-harm (suicide),ICD-10,301.0,,,02/17/2026,02/17/2026
3813,2025,09,Occurrence,Gender,Female,SUI,Intentional self-harm (suicide),ICD-10,59.0,,,02/17/2026,02/17/2026
3814,2025,09,Occurrence,Gender,Male,SUI,Intentional self-harm (suicide),ICD-10,242.0,,,02/17/2026,02/17/2026
3815,2025,09,Occurrence,Race-Ethnicity,American Indian/Alaska Native,SUI,Intentional self-harm (suicide),ICD-10,,1,Cell suppressed for small numbers,02/17/2026,02/17/2026
3816,2025,09,Occurrence,Race-Ethnicity,Asian,SUI,Intentional self-harm (suicide),ICD-10,26.0,,,02/17/2026,02/17/2026
3817,2025,09,Occurrence,Race-Ethnicity,Black,SUI,Intentional self-harm (suicide),ICD-10,14.0,,,02/17/2026,02/17/2026
3818,2025,09,Occurrence,Race-Ethnicity,Hawaiian/Pacific Islander,SUI,Intentional self-harm (suicide),ICD-10,,1,Cell suppressed for small numbers,02/17/2026,02/17/2026
3819,2025,09,Occurrence,Race-Ethnicity,Hispanic,SUI,Intentional self-harm (suicide),ICD-10,68.0,,,02/17/2026,02/17/2026
3820,2025,09,Occurrence,Race-Ethnicity,Multi-Race,SUI,Intentional self-harm (suicide),ICD-10,,1,Cell suppressed for small numbers,02/17/2026,02/17/2026
3821,2025,09,Occurrence,Race-Ethnicity,White,SUI,Intentional self-harm (suicide),ICD-10,176.0,,,02/17/2026,02/17/2026
3822,2025,09,Occurrence,Race-Ethnicity,Other/Unknown,SUI,Intentional self-harm (suicide),ICD-10,,1,Cell suppressed for small numbers,02/17/2026,02/17/2026
3823,2025,10,Occurrence,Total Population,Total Population,ALL,All causes (total),ICD-10,22994.0,,,02/17/2026,02/17/2026
3824,2025,10,Occurrence,Age,Under 1 year,ALL,All causes (total),ICD-10,125.0,,,02/17/2026,02/17/2026
3825,2025,10,Occurrence,Age,1-4 years,ALL,All causes (total),ICD-10,20.0,,,02/17/2026,02/17/2026
3826,2025,10,Occurrence,Age,5-14 years,ALL,All causes (total),ICD-10,39.0,,,02/17/2026,02/17/2026
3827,2025,10,Occurrence,Age,15-24 years,ALL,All causes (total),ICD-10,200.0,,,02/17/2026,02/17/2026
3828,2025,10,Occurrence,Age,25-34 years,ALL,All causes (total),ICD-10,455.0,,,02/17/2026,02/17/2026
3829,2025,10,Occurrence,Age,35-44 years,ALL,All causes (total),ICD-10,783.0,,,02/17/2026,02/17/2026
3830,2025,10,Occurrence,Age,45-54 years,ALL,All causes (total),ICD-10,1167.0,,,02/17/2026,02/17/2026
3831,2025,10,Occurrence,Age,55-64 years,ALL,All causes (total),ICD-10,2515.0,,,02/17/2026,02/17/2026
3832,2025,10,Occurrence,Age,65-74 years,ALL,All causes (total),ICD-10,4402.0,,,02/17/2026,02/17/2026
3833,2025,10,Occurrence,Age,75-84 years,ALL,All causes (total),ICD-10,5987.0,,,02/17/2026,02/17/2026
3834,2025,10,Occurrence,Age,85 years and over,ALL,All causes (total),ICD-10,7294.0,,,02/17/2026,02/17/2026
3835,2025,10,Occurrence,Gender,Female,ALL,All causes (total),ICD-10,10687.0,,,02/17/2026,02/17/2026
3836,2025,10,Occurrence,Gender,Male,ALL,All causes (total),ICD-10,12306.0,,,02/17/2026,02/17/2026
3837,2025,10,Occurrence,Place Type,Inpatient,ALL,All causes (total),ICD-10,7204.0,,,02/17/2026,02/17/2026
3838,2025,10,Occurrence,Place Type,Emergency Room/Outpatient,ALL,All causes (total),ICD-10,1254.0,,,02/17/2026,02/17/2026
3839,2025,10,Occurrence,Place Type,Decedent's Home,ALL,All causes (total),ICD-10,8981.0,,,02/17/2026,02/17/2026
3840,2025,10,Occurrence,Place Type,Hospice Facility,ALL,All causes (total),ICD-10,301.0,,,02/17/2026,02/17/2026
3841,2025,10,Occurrence,Place Type,Nursing Home/Long Term Care Facility,ALL,All causes (total),ICD-10,4138.0,,,02/17/2026,02/17/2026
3842,2025,10,Occurrence,Place Type,Other/Unknown,ALL,All causes (total),ICD-10,1116.0,,,02/17/2026,02/17/2026
3843,2025,10,Occurrence,Race-Ethnicity,American Indian/Alaska Native,ALL,All causes (total),ICD-10,106.0,,,02/17/2026,02/17/2026
3844,2025,10,Occurrence,Race-Ethnicity,Asian,ALL,All causes (total),ICD-10,2661.0,,,02/17/2026,02/17/2026
3845,2025,10,Occurrence,Race-Ethnicity,Black,ALL,All causes (total),ICD-10,1777.0,,,02/17/2026,02/17/2026
3846,2025,10,Occurrence,Race-Ethnicity,Hawaiian/Pacific Islander,ALL,All causes (total),ICD-10,100.0,,,02/17/2026,02/17/2026
3847,2025,10,Occurrence,Race-Ethnicity,Hispanic,ALL,All causes (total),ICD-10,5318.0,,,02/17/2026,02/17/2026
3848,2025,10,Occurrence,Race-Ethnicity,Multi-Race,ALL,All causes (total),ICD-10,228.0,,,02/17/2026,02/17/2026
3849,2025,10,Occurrence,Race-Ethnicity,White,ALL,All causes (total),ICD-10,12570.0,,,02/17/2026,02/17/2026
3850,2025,10,Occurrence,Race-Ethnicity,Other/Unknown,ALL,All causes (total),ICD-10,234.0,,,02/17/2026,02/17/2026
3851,2025,10,Occurrence,Total Population,Total Population,ALZ,Alzheimer's disease,ICD-10,1267.0,,,02/17/2026,02/17/2026
3852,2025,10,Occurrence,Gender,Female,ALZ,Alzheimer's disease,ICD-10,808.0,,,02/17/2026,02/17/2026
3853,2025,10,Occurrence,Gender,Male,ALZ,Alzheimer's disease,ICD-10,459.0,,,02/17/2026,02/17/2026
3854,2025,10,Occurrence,Race-Ethnicity,American Indian/Alaska Native,ALZ,Alzheimer's disease,ICD-10,,1,Cell suppressed for small numbers,02/17/2026,02/17/2026
3855,2025,10,Occurrence,Race-Ethnicity,Asian,ALZ,Alzheimer's disease,ICD-10,148.0,,,02/17/2026,02/17/2026
3856,2025,10,Occurrence,Race-Ethnicity,Black,ALZ,Alzheimer's disease,ICD-10,74.0,,,02/17/2026,02/17/2026
3857,2025,10,Occurrence,Race-Ethnicity,Hawaiian/Pacific Islander,ALZ,Alzheimer's disease,ICD-10,,1,Cell suppressed for small numbers,02/17/2026,02/17/2026
3858,2025,10,Occurrence,Race-Ethnicity,Hispanic,ALZ,Alzheimer's disease,ICD-10,210.0,,,02/17/2026,02/17/2026
3859,2025,10,Occurrence,Race-Ethnicity,Multi-Race,ALZ,Alzheimer's disease,ICD-10,11.0,,,02/17/2026,02/17/2026
3860,2025,10,Occurrence,Race-Ethnicity,White,ALZ,Alzheimer's disease,ICD-10,808.0,,,02/17/2026,02/17/2026
3861,2025,10,Occurrence,Race-Ethnicity,Other/Unknown,ALZ,Alzheimer's disease,ICD-10,,1,Cell suppressed for small numbers,02/17/2026,02/17/2026
3862,2025,10,Occurrence,Total Population,Total Population,CAN,Malignant neoplasms,ICD-10,5195.0,,,02/17/2026,02/17/2026
3863,2025,10,Occurrence,Gender,Female,CAN,Malignant neoplasms,ICD-10,2500.0,,,02/17/2026,02/17/2026
3864,2025,10,Occurrence,Gender,Male,CAN,Malignant neoplasms,ICD-10,2695.0,,,02/17/2026,02/17/2026
3865,2025,10,Occurrence,Race-Ethnicity,American Indian/Alaska Native,CAN,Malignant neoplasms,ICD-10,19.0,,,02/17/2026,02/17/2026
3866,2025,10,Occurrence,Race-Ethnicity,Asian,CAN,Malignant neoplasms,ICD-10,689.0,,,02/17/2026,02/17/2026
3867,2025,10,Occurrence,Race-Ethnicity,Black,CAN,Malignant neoplasms,ICD-10,390.0,,,02/17/2026,02/17/2026
3868,2025,10,Occurrence,Race-Ethnicity,Hawaiian/Pacific Islander,CAN,Malignant neoplasms,ICD-10,21.0,,,02/17/2026,02/17/2026
3869,2025,10,Occurrence,Race-Ethnicity,Hispanic,CAN,Malignant neoplasms,ICD-10,1216.0,,,02/17/2026,02/17/2026
3870,2025,10,Occurrence,Race-Ethnicity,Multi-Race,CAN,Malignant neoplasms,ICD-10,51.0,,,02/17/2026,02/17/2026
3871,2025,10,Occurrence,Race-Ethnicity,White,CAN,Malignant neoplasms,ICD-10,2775.0,,,02/17/2026,02/17/2026
3872,2025,10,Occurrence,Race-Ethnicity,Other/Unknown,CAN,Malignant neoplasms,ICD-10,34.0,,,02/17/2026,02/17/2026
3873,2025,10,Occurrence,Total Population,Total Population,CLD,Chronic lower respiratory diseases,ICD-10,818.0,,,02/17/2026,02/17/2026
3874,2025,10,Occurrence,Gender,Female,CLD,Chronic lower respiratory diseases,ICD-10,390.0,,,02/17/2026,02/17/2026
3875,2025,10,Occurrence,Gender,Male,CLD,Chronic lower respiratory diseases,ICD-10,428.0,,,02/17/2026,02/17/2026
3876,2025,10,Occurrence,Race-Ethnicity,American Indian/Alaska Native,CLD,Chronic lower respiratory diseases,ICD-10,,1,Cell suppressed for small numbers,02/17/2026,02/17/2026
3877,2025,10,Occurrence,Race-Ethnicity,Asian,CLD,Chronic lower respiratory diseases,ICD-10,65.0,,,02/17/2026,02/17/2026
3878,2025,10,Occurrence,Race-Ethnicity,Black,CLD,Chronic lower respiratory diseases,ICD-10,55.0,,,02/17/2026,02/17/2026
3879,2025,10,Occurrence,Race-Ethnicity,Hawaiian/Pacific Islander,CLD,Chronic lower respiratory diseases,ICD-10,,1,Cell suppressed for small numbers,02/17/2026,02/17/2026
3880,2025,10,Occurrence,Race-Ethnicity,Hispanic,CLD,Chronic lower respiratory diseases,ICD-10,103.0,,,02/17/2026,02/17/2026
3881,2025,10,Occurrence,Race-Ethnicity,Multi-Race,CLD,Chronic lower respiratory diseases,ICD-10,,1,Cell suppressed for small numbers,02/17/2026,02/17/2026
3882,2025,10,Occurrence,Race-Ethnicity,White,CLD,Chronic lower respiratory diseases,ICD-10,573.0,,,02/17/2026,02/17/2026
3883,2025,10,Occurrence,Race-Ethnicity,Other/Unknown,CLD,Chronic lower respiratory diseases,ICD-10,,1,Cell suppressed for small numbers,02/17/2026,02/17/2026
3884,2025,10,Occurrence,Total Population,Total Population,DIA,Diabetes mellitus,ICD-10,879.0,,,02/17/2026,02/17/2026
3885,2025,10,Occurrence,Gender,Female,DIA,Diabetes mellitus,ICD-10,349.0,,,02/17/2026,02/17/2026
3886,2025,10,Occurrence,Gender,Male,DIA,Diabetes mellitus,ICD-10,530.0,,,02/17/2026,02/17/2026
3887,2025,10,Occurrence,Race-Ethnicity,American Indian/Alaska Native,DIA,Diabetes mellitus,ICD-10,,1,Cell suppressed for small numbers,02/17/2026,02/17/2026
3888,2025,10,Occurrence,Race-Ethnicity,Asian,DIA,Diabetes mellitus,ICD-10,131.0,,,02/17/2026,02/17/2026
3889,2025,10,Occurrence,Race-Ethnicity,Black,DIA,Diabetes mellitus,ICD-10,96.0,,,02/17/2026,02/17/2026
3890,2025,10,Occurrence,Race-Ethnicity,Hawaiian/Pacific Islander,DIA,Diabetes mellitus,ICD-10,11.0,,,02/17/2026,02/17/2026
3891,2025,10,Occurrence,Race-Ethnicity,Hispanic,DIA,Diabetes mellitus,ICD-10,302.0,,,02/17/2026,02/17/2026
3892,2025,10,Occurrence,Race-Ethnicity,Multi-Race,DIA,Diabetes mellitus,ICD-10,,1,Cell suppressed for small numbers,02/17/2026,02/17/2026
3893,2025,10,Occurrence,Race-Ethnicity,White,DIA,Diabetes mellitus,ICD-10,320.0,,,02/17/2026,02/17/2026
3894,2025,10,Occurrence,Race-Ethnicity,Other/Unknown,DIA,Diabetes mellitus,ICD-10,12.0,,,02/17/2026,02/17/2026
3895,2025,10,Occurrence,Total Population,Total Population,HOM,Assault (homicide),ICD-10,95.0,,,02/17/2026,02/17/2026
3896,2025,10,Occurrence,Gender,Female,HOM,Assault (homicide),ICD-10,16.0,,,02/17/2026,02/17/2026
3897,2025,10,Occurrence,Gender,Male,HOM,Assault (homicide),ICD-10,79.0,,,02/17/2026,02/17/2026
3898,2025,10,Occurrence,Race-Ethnicity,American Indian/Alaska Native,HOM,Assault (homicide),ICD-10,0.0,,,02/17/2026,02/17/2026
3899,2025,10,Occurrence,Race-Ethnicity,Asian,HOM,Assault (homicide),ICD-10,,1,Cell suppressed for small numbers,02/17/2026,02/17/2026
3900,2025,10,Occurrence,Race-Ethnicity,Black,HOM,Assault (homicide),ICD-10,26.0,,,02/17/2026,02/17/2026
3901,2025,10,Occurrence,Race-Ethnicity,Hawaiian/Pacific Islander,HOM,Assault (homicide),ICD-10,0.0,,,02/17/2026,02/17/2026
3902,2025,10,Occurrence,Race-Ethnicity,Hispanic,HOM,Assault (homicide),ICD-10,48.0,,,02/17/2026,02/17/2026
3903,2025,10,Occurrence,Race-Ethnicity,Multi-Race,HOM,Assault (homicide),ICD-10,0.0,,,02/17/2026,02/17/2026
3904,2025,10,Occurrence,Race-Ethnicity,White,HOM,Assault (homicide),ICD-10,,2,Cell suppressed for complementary cell,02/17/2026,02/17/2026
3905,2025,10,Occurrence,Race-Ethnicity,Other/Unknown,HOM,Assault (homicide),ICD-10,0.0,,,02/17/2026,02/17/2026
3906,2025,10,Occurrence,Total Population,Total Population,HTD,Diseases of heart,ICD-10,4808.0,,,02/17/2026,02/17/2026
3907,2025,10,Occurrence,Gender,Female,HTD,Diseases of heart,ICD-10,2121.0,,,02/17/2026,02/17/2026
3908,2025,10,Occurrence,Gender,Male,HTD,Diseases of heart,ICD-10,2687.0,,,02/17/2026,02/17/2026
3909,2025,10,Occurrence,Race-Ethnicity,American Indian/Alaska Native,HTD,Diseases of heart,ICD-10,24.0,,,02/17/2026,02/17/2026
3910,2025,10,Occurrence,Race-Ethnicity,Asian,HTD,Diseases of heart,ICD-10,538.0,,,02/17/2026,02/17/2026
3911,2025,10,Occurrence,Race-Ethnicity,Black,HTD,Diseases of heart,ICD-10,399.0,,,02/17/2026,02/17/2026
3912,2025,10,Occurrence,Race-Ethnicity,Hawaiian/Pacific Islander,HTD,Diseases of heart,ICD-10,27.0,,,02/17/2026,02/17/2026
3913,2025,10,Occurrence,Race-Ethnicity,Hispanic,HTD,Diseases of heart,ICD-10,947.0,,,02/17/2026,02/17/2026
3914,2025,10,Occurrence,Race-Ethnicity,Multi-Race,HTD,Diseases of heart,ICD-10,50.0,,,02/17/2026,02/17/2026
3915,2025,10,Occurrence,Race-Ethnicity,White,HTD,Diseases of heart,ICD-10,2764.0,,,02/17/2026,02/17/2026
3916,2025,10,Occurrence,Race-Ethnicity,Other/Unknown,HTD,Diseases of heart,ICD-10,59.0,,,02/17/2026,02/17/2026
3917,2025,10,Occurrence,Total Population,Total Population,HYP,Essential hypertension and hypertensive renal disease,ICD-10,581.0,,,02/17/2026,02/17/2026
3918,2025,10,Occurrence,Gender,Female,HYP,Essential hypertension and hypertensive renal disease,ICD-10,315.0,,,02/17/2026,02/17/2026
3919,2025,10,Occurrence,Gender,Male,HYP,Essential hypertension and hypertensive renal disease,ICD-10,266.0,,,02/17/2026,02/17/2026
3920,2025,10,Occurrence,Race-Ethnicity,American Indian/Alaska Native,HYP,Essential hypertension and hypertensive renal disease,ICD-10,,1,Cell suppressed for small numbers,02/17/2026,02/17/2026
3921,2025,10,Occurrence,Race-Ethnicity,Asian,HYP,Essential hypertension and hypertensive renal disease,ICD-10,82.0,,,02/17/2026,02/17/2026
3922,2025,10,Occurrence,Race-Ethnicity,Black,HYP,Essential hypertension and hypertensive renal disease,ICD-10,73.0,,,02/17/2026,02/17/2026
3923,2025,10,Occurrence,Race-Ethnicity,Hawaiian/Pacific Islander,HYP,Essential hypertension and hypertensive renal disease,ICD-10,0.0,,,02/17/2026,02/17/2026
3924,2025,10,Occurrence,Race-Ethnicity,Hispanic,HYP,Essential hypertension and hypertensive renal disease,ICD-10,125.0,,,02/17/2026,02/17/2026
3925,2025,10,Occurrence,Race-Ethnicity,Multi-Race,HYP,Essential hypertension and hypertensive renal disease,ICD-10,,1,Cell suppressed for small numbers,02/17/2026,02/17/2026
3926,2025,10,Occurrence,Race-Ethnicity,White,HYP,Essential hypertension and hypertensive renal disease,ICD-10,292.0,,,02/17/2026,02/17/2026
3927,2025,10,Occurrence,Race-Ethnicity,Other/Unknown,HYP,Essential hypertension and hypertensive renal disease,ICD-10,,1,Cell suppressed for small numbers,02/17/2026,02/17/2026
3928,2025,10,Occurrence,Total Population,Total Population,INJ,Accidents (unintentional injuries),ICD-10,1273.0,,,02/17/2026,02/17/2026
3929,2025,10,Occurrence,Gender,Female,INJ,Accidents (unintentional injuries),ICD-10,354.0,,,02/17/2026,02/17/2026
3930,2025,10,Occurrence,Gender,Male,INJ,Accidents (unintentional injuries),ICD-10,918.0,,,02/17/2026,02/17/2026
3931,2025,10,Occurrence,Race-Ethnicity,American Indian/Alaska Native,INJ,Accidents (unintentional injuries),ICD-10,,1,Cell suppressed for small numbers,02/17/2026,02/17/2026
3932,2025,10,Occurrence,Race-Ethnicity,Asian,INJ,Accidents (unintentional injuries),ICD-10,92.0,,,02/17/2026,02/17/2026
3933,2025,10,Occurrence,Race-Ethnicity,Black,INJ,Accidents (unintentional injuries),ICD-10,122.0,,,02/17/2026,02/17/2026
3934,2025,10,Occurrence,Race-Ethnicity,Hawaiian/Pacific Islander,INJ,Accidents (unintentional injuries),ICD-10,,1,Cell suppressed for small numbers,02/17/2026,02/17/2026
3935,2025,10,Occurrence,Race-Ethnicity,Hispanic,INJ,Accidents (unintentional injuries),ICD-10,422.0,,,02/17/2026,02/17/2026
3936,2025,10,Occurrence,Race-Ethnicity,Multi-Race,INJ,Accidents (unintentional injuries),ICD-10,22.0,,,02/17/2026,02/17/2026
3937,2025,10,Occurrence,Race-Ethnicity,White,INJ,Accidents (unintentional injuries),ICD-10,575.0,,,02/17/2026,02/17/2026
3938,2025,10,Occurrence,Race-Ethnicity,Other/Unknown,INJ,Accidents (unintentional injuries),ICD-10,30.0,,,02/17/2026,02/17/2026
3939,2025,10,Occurrence,Total Population,Total Population,LIV,Chronic liver disease and cirrhosis,ICD-10,521.0,,,02/17/2026,02/17/2026
3940,2025,10,Occurrence,Gender,Female,LIV,Chronic liver disease and cirrhosis,ICD-10,186.0,,,02/17/2026,02/17/2026
3941,2025,10,Occurrence,Gender,Male,LIV,Chronic liver disease and cirrhosis,ICD-10,335.0,,,02/17/2026,02/17/2026
3942,2025,10,Occurrence,Race-Ethnicity,American Indian/Alaska Native,LIV,Chronic liver disease and cirrhosis,ICD-10,,1,Cell suppressed for small numbers,02/17/2026,02/17/2026
3943,2025,10,Occurrence,Race-Ethnicity,Asian,LIV,Chronic liver disease and cirrhosis,ICD-10,27.0,,,02/17/2026,02/17/2026
3944,2025,10,Occurrence,Race-Ethnicity,Black,LIV,Chronic liver disease and cirrhosis,ICD-10,27.0,,,02/17/2026,02/17/2026
3945,2025,10,Occurrence,Race-Ethnicity,Hawaiian/Pacific Islander,LIV,Chronic liver disease and cirrhosis,ICD-10,0.0,,,02/17/2026,02/17/2026
3946,2025,10,Occurrence,Race-Ethnicity,Hispanic,LIV,Chronic liver disease and cirrhosis,ICD-10,246.0,,,02/17/2026,02/17/2026
3947,2025,10,Occurrence,Race-Ethnicity,Multi-Race,LIV,Chronic liver disease and cirrhosis,ICD-10,,1,Cell suppressed for small numbers,02/17/2026,02/17/2026
3948,2025,10,Occurrence,Race-Ethnicity,White,LIV,Chronic liver disease and cirrhosis,ICD-10,207.0,,,02/17/2026,02/17/2026
3949,2025,10,Occurrence,Race-Ethnicity,Other/Unknown,LIV,Chronic liver disease and cirrhosis,ICD-10,,1,Cell suppressed for small numbers,02/17/2026,02/17/2026
3950,2025,10,Occurrence,Total Population,Total Population,NEP,"Nephritis, nephrotic syndrome and nephrosis",ICD-10,367.0,,,02/17/2026,02/17/2026
3951,2025,10,Occurrence,Gender,Female,NEP,"Nephritis, nephrotic syndrome and nephrosis",ICD-10,167.0,,,02/17/2026,02/17/2026
3952,2025,10,Occurrence,Gender,Male,NEP,"Nephritis, nephrotic syndrome and nephrosis",ICD-10,200.0,,,02/17/2026,02/17/2026
3953,2025,10,Occurrence,Race-Ethnicity,American Indian/Alaska Native,NEP,"Nephritis, nephrotic syndrome and nephrosis",ICD-10,,1,Cell suppressed for small numbers,02/17/2026,02/17/2026
3954,2025,10,Occurrence,Race-Ethnicity,Asian,NEP,"Nephritis, nephrotic syndrome and nephrosis",ICD-10,52.0,,,02/17/2026,02/17/2026
3955,2025,10,Occurrence,Race-Ethnicity,Black,NEP,"Nephritis, nephrotic syndrome and nephrosis",ICD-10,33.0,,,02/17/2026,02/17/2026
3956,2025,10,Occurrence,Race-Ethnicity,Hawaiian/Pacific Islander,NEP,"Nephritis, nephrotic syndrome and nephrosis",ICD-10,,1,Cell suppressed for small numbers,02/17/2026,02/17/2026
3957,2025,10,Occurrence,Race-Ethnicity,Hispanic,NEP,"Nephritis, nephrotic syndrome and nephrosis",ICD-10,105.0,,,02/17/2026,02/17/2026
3958,2025,10,Occurrence,Race-Ethnicity,Multi-Race,NEP,"Nephritis, nephrotic syndrome and nephrosis",ICD-10,,1,Cell suppressed for small numbers,02/17/2026,02/17/2026
3959,2025,10,Occurrence,Race-Ethnicity,White,NEP,"Nephritis, nephrotic syndrome and nephrosis",ICD-10,166.0,,,02/17/2026,02/17/2026
3960,2025,10,Occurrence,Race-Ethnicity,Other/Unknown,NEP,"Nephritis, nephrotic syndrome and nephrosis",ICD-10,,1,Cell suppressed for small numbers,02/17/2026,02/17/2026
3961,2025,10,Occurrence,Total Population,Total Population,PAR,Parkinson's disease,ICD-10,377.0,,,02/17/2026,02/17/2026
3962,2025,10,Occurrence,Gender,Female,PAR,Parkinson's disease,ICD-10,123.0,,,02/17/2026,02/17/2026
3963,2025,10,Occurrence,Gender,Male,PAR,Parkinson's disease,ICD-10,254.0,,,02/17/2026,02/17/2026
3964,2025,10,Occurrence,Race-Ethnicity,American Indian/Alaska Native,PAR,Parkinson's disease,ICD-10,,1,Cell suppressed for small numbers,02/17/2026,02/17/2026
3965,2025,10,Occurrence,Race-Ethnicity,Asian,PAR,Parkinson's disease,ICD-10,49.0,,,02/17/2026,02/17/2026
3966,2025,10,Occurrence,Race-Ethnicity,Black,PAR,Parkinson's disease,ICD-10,15.0,,,02/17/2026,02/17/2026
3967,2025,10,Occurrence,Race-Ethnicity,Hawaiian/Pacific Islander,PAR,Parkinson's disease,ICD-10,0.0,,,02/17/2026,02/17/2026
3968,2025,10,Occurrence,Race-Ethnicity,Hispanic,PAR,Parkinson's disease,ICD-10,58.0,,,02/17/2026,02/17/2026
3969,2025,10,Occurrence,Race-Ethnicity,Multi-Race,PAR,Parkinson's disease,ICD-10,,1,Cell suppressed for small numbers,02/17/2026,02/17/2026
3970,2025,10,Occurrence,Race-Ethnicity,White,PAR,Parkinson's disease,ICD-10,248.0,,,02/17/2026,02/17/2026
3971,2025,10,Occurrence,Race-Ethnicity,Other/Unknown,PAR,Parkinson's disease,ICD-10,,1,Cell suppressed for small numbers,02/17/2026,02/17/2026
3972,2025,10,Occurrence,Total Population,Total Population,PNF,Influenza and pneumonia,ICD-10,340.0,,,02/17/2026,02/17/2026
3973,2025,10,Occurrence,Gender,Female,PNF,Influenza and pneumonia,ICD-10,162.0,,,02/17/2026,02/17/2026
3974,2025,10,Occurrence,Gender,Male,PNF,Influenza and pneumonia,ICD-10,178.0,,,02/17/2026,02/17/2026
3975,2025,10,Occurrence,Race-Ethnicity,American Indian/Alaska Native,PNF,Influenza and pneumonia,ICD-10,,1,Cell suppressed for small numbers,02/17/2026,02/17/2026
3976,2025,10,Occurrence,Race-Ethnicity,Asian,PNF,Influenza and pneumonia,ICD-10,45.0,,,02/17/2026,02/17/2026
3977,2025,10,Occurrence,Race-Ethnicity,Black,PNF,Influenza and pneumonia,ICD-10,27.0,,,02/17/2026,02/17/2026
3978,2025,10,Occurrence,Race-Ethnicity,Hawaiian/Pacific Islander,PNF,Influenza and pneumonia,ICD-10,,1,Cell suppressed for small numbers,02/17/2026,02/17/2026
3979,2025,10,Occurrence,Race-Ethnicity,Hispanic,PNF,Influenza and pneumonia,ICD-10,84.0,,,02/17/2026,02/17/2026
3980,2025,10,Occurrence,Race-Ethnicity,Multi-Race,PNF,Influenza and pneumonia,ICD-10,,1,Cell suppressed for small numbers,02/17/2026,02/17/2026
3981,2025,10,Occurrence,Race-Ethnicity,White,PNF,Influenza and pneumonia,ICD-10,175.0,,,02/17/2026,02/17/2026
3982,2025,10,Occurrence,Race-Ethnicity,Other/Unknown,PNF,Influenza and pneumonia,ICD-10,,1,Cell suppressed for small numbers,02/17/2026,02/17/2026
3983,2025,10,Occurrence,Total Population,Total Population,STK,Cerebrovascular diseases,ICD-10,1475.0,,,02/17/2026,02/17/2026
3984,2025,10,Occurrence,Gender,Female,STK,Cerebrovascular diseases,ICD-10,803.0,,,02/17/2026,02/17/2026
3985,2025,10,Occurrence,Gender,Male,STK,Cerebrovascular diseases,ICD-10,672.0,,,02/17/2026,02/17/2026
3986,2025,10,Occurrence,Race-Ethnicity,American Indian/Alaska Native,STK,Cerebrovascular diseases,ICD-10,,1,Cell suppressed for small numbers,02/17/2026,02/17/2026
3987,2025,10,Occurrence,Race-Ethnicity,Asian,STK,Cerebrovascular diseases,ICD-10,213.0,,,02/17/2026,02/17/2026
3988,2025,10,Occurrence,Race-Ethnicity,Black,STK,Cerebrovascular diseases,ICD-10,97.0,,,02/17/2026,02/17/2026
3989,2025,10,Occurrence,Race-Ethnicity,Hawaiian/Pacific Islander,STK,Cerebrovascular diseases,ICD-10,,1,Cell suppressed for small numbers,02/17/2026,02/17/2026
3990,2025,10,Occurrence,Race-Ethnicity,Hispanic,STK,Cerebrovascular diseases,ICD-10,297.0,,,02/17/2026,02/17/2026
3991,2025,10,Occurrence,Race-Ethnicity,Multi-Race,STK,Cerebrovascular diseases,ICD-10,,1,Cell suppressed for small numbers,02/17/2026,02/17/2026
3992,2025,10,Occurrence,Race-Ethnicity,White,STK,Cerebrovascular diseases,ICD-10,832.0,,,02/17/2026,02/17/2026
3993,2025,10,Occurrence,Race-Ethnicity,Other/Unknown,STK,Cerebrovascular diseases,ICD-10,16.0,,,02/17/2026,02/17/2026
3994,2025,10,Occurrence,Total Population,Total Population,SUI,Intentional self-harm (suicide),ICD-10,292.0,,,02/17/2026,02/17/2026
3995,2025,10,Occurrence,Gender,Female,SUI,Intentional self-harm (suicide),ICD-10,69.0,,,02/17/2026,02/17/2026
3996,2025,10,Occurrence,Gender,Male,SUI,Intentional self-harm (suicide),ICD-10,223.0,,,02/17/2026,02/17/2026
3997,2025,10,Occurrence,Race-Ethnicity,American Indian/Alaska Native,SUI,Intentional self-harm (suicide),ICD-10,,1,Cell suppressed for small numbers,02/17/2026,02/17/2026
3998,2025,10,Occurrence,Race-Ethnicity,Asian,SUI,Intentional self-harm (suicide),ICD-10,38.0,,,02/17/2026,02/17/2026
3999,2025,10,Occurrence,Race-Ethnicity,Black,SUI,Intentional self-harm (suicide),ICD-10,11.0,,,02/17/2026,02/17/2026
4000,2025,10,Occurrence,Race-Ethnicity,Hawaiian/Pacific Islander,SUI,Intentional self-harm (suicide),ICD-10,0.0,,,02/17/2026,02/17/2026
4001,2025,10,Occurrence,Race-Ethnicity,Hispanic,SUI,Intentional self-harm (suicide),ICD-10,74.0,,,02/17/2026,02/17/2026
4002,2025,10,Occurrence,Race-Ethnicity,Multi-Race,SUI,Intentional self-harm (suicide),ICD-10,,1,Cell suppressed for small numbers,02/17/2026,02/17/2026
4003,2025,10,Occurrence,Race-Ethnicity,White,SUI,Intentional self-harm (suicide),ICD-10,157.0,,,02/17/2026,02/17/2026
4004,2025,10,Occurrence,Race-Ethnicity,Other/Unknown,SUI,Intentional self-harm (suicide),ICD-10,,1,Cell suppressed for small numbers,02/17/2026,02/17/2026
4005,2025,11,Occurrence,Total Population,Total Population,ALL,All causes (total),ICD-10,22600.0,,,02/17/2026,02/17/2026
4006,2025,11,Occurrence,Age,Under 1 year,ALL,All causes (total),ICD-10,105.0,,,02/17/2026,02/17/2026
4007,2025,11,Occurrence,Age,1-4 years,ALL,All causes (total),ICD-10,15.0,,,02/17/2026,02/17/2026
4008,2025,11,Occurrence,Age,5-14 years,ALL,All causes (total),ICD-10,40.0,,,02/17/2026,02/17/2026
4009,2025,11,Occurrence,Age,15-24 years,ALL,All causes (total),ICD-10,176.0,,,02/17/2026,02/17/2026
4010,2025,11,Occurrence,Age,25-34 years,ALL,All causes (total),ICD-10,402.0,,,02/17/2026,02/17/2026
4011,2025,11,Occurrence,Age,35-44 years,ALL,All causes (total),ICD-10,721.0,,,02/17/2026,02/17/2026
4012,2025,11,Occurrence,Age,45-54 years,ALL,All causes (total),ICD-10,1078.0,,,02/17/2026,02/17/2026
4013,2025,11,Occurrence,Age,55-64 years,ALL,All causes (total),ICD-10,2385.0,,,02/17/2026,02/17/2026
4014,2025,11,Occurrence,Age,65-74 years,ALL,All causes (total),ICD-10,4341.0,,,02/17/2026,02/17/2026
4015,2025,11,Occurrence,Age,75-84 years,ALL,All causes (total),ICD-10,6025.0,,,02/17/2026,02/17/2026
4016,2025,11,Occurrence,Age,85 years and over,ALL,All causes (total),ICD-10,7308.0,,,02/17/2026,02/17/2026
4017,2025,11,Occurrence,Gender,Female,ALL,All causes (total),ICD-10,10646.0,,,02/17/2026,02/17/2026
4018,2025,11,Occurrence,Gender,Male,ALL,All causes (total),ICD-10,11952.0,,,02/17/2026,02/17/2026
4019,2025,11,Occurrence,Place Type,Inpatient,ALL,All causes (total),ICD-10,7020.0,,,02/17/2026,02/17/2026
4020,2025,11,Occurrence,Place Type,Emergency Room/Outpatient,ALL,All causes (total),ICD-10,1219.0,,,02/17/2026,02/17/2026
4021,2025,11,Occurrence,Place Type,Decedent's Home,ALL,All causes (total),ICD-10,8898.0,,,02/17/2026,02/17/2026
4022,2025,11,Occurrence,Place Type,Hospice Facility,ALL,All causes (total),ICD-10,293.0,,,02/17/2026,02/17/2026
4023,2025,11,Occurrence,Place Type,Nursing Home/Long Term Care Facility,ALL,All causes (total),ICD-10,4086.0,,,02/17/2026,02/17/2026
4024,2025,11,Occurrence,Place Type,Other/Unknown,ALL,All causes (total),ICD-10,1084.0,,,02/17/2026,02/17/2026
4025,2025,11,Occurrence,Race-Ethnicity,American Indian/Alaska Native,ALL,All causes (total),ICD-10,120.0,,,02/17/2026,02/17/2026
4026,2025,11,Occurrence,Race-Ethnicity,Asian,ALL,All causes (total),ICD-10,2574.0,,,02/17/2026,02/17/2026
4027,2025,11,Occurrence,Race-Ethnicity,Black,ALL,All causes (total),ICD-10,1773.0,,,02/17/2026,02/17/2026
4028,2025,11,Occurrence,Race-Ethnicity,Hawaiian/Pacific Islander,ALL,All causes (total),ICD-10,97.0,,,02/17/2026,02/17/2026
4029,2025,11,Occurrence,Race-Ethnicity,Hispanic,ALL,All causes (total),ICD-10,5111.0,,,02/17/2026,02/17/2026
4030,2025,11,Occurrence,Race-Ethnicity,Multi-Race,ALL,All causes (total),ICD-10,256.0,,,02/17/2026,02/17/2026
4031,2025,11,Occurrence,Race-Ethnicity,White,ALL,All causes (total),ICD-10,12418.0,,,02/17/2026,02/17/2026
4032,2025,11,Occurrence,Race-Ethnicity,Other/Unknown,ALL,All causes (total),ICD-10,251.0,,,02/17/2026,02/17/2026
4033,2025,11,Occurrence,Total Population,Total Population,ALZ,Alzheimer's disease,ICD-10,1244.0,,,02/17/2026,02/17/2026
4034,2025,11,Occurrence,Gender,Female,ALZ,Alzheimer's disease,ICD-10,829.0,,,02/17/2026,02/17/2026
4035,2025,11,Occurrence,Gender,Male,ALZ,Alzheimer's disease,ICD-10,415.0,,,02/17/2026,02/17/2026
4036,2025,11,Occurrence,Race-Ethnicity,American Indian/Alaska Native,ALZ,Alzheimer's disease,ICD-10,,1,Cell suppressed for small numbers,02/17/2026,02/17/2026
4037,2025,11,Occurrence,Race-Ethnicity,Asian,ALZ,Alzheimer's disease,ICD-10,145.0,,,02/17/2026,02/17/2026
4038,2025,11,Occurrence,Race-Ethnicity,Black,ALZ,Alzheimer's disease,ICD-10,73.0,,,02/17/2026,02/17/2026
4039,2025,11,Occurrence,Race-Ethnicity,Hawaiian/Pacific Islander,ALZ,Alzheimer's disease,ICD-10,,1,Cell suppressed for small numbers,02/17/2026,02/17/2026
4040,2025,11,Occurrence,Race-Ethnicity,Hispanic,ALZ,Alzheimer's disease,ICD-10,217.0,,,02/17/2026,02/17/2026
4041,2025,11,Occurrence,Race-Ethnicity,Multi-Race,ALZ,Alzheimer's disease,ICD-10,,1,Cell suppressed for small numbers,02/17/2026,02/17/2026
4042,2025,11,Occurrence,Race-Ethnicity,White,ALZ,Alzheimer's disease,ICD-10,786.0,,,02/17/2026,02/17/2026
4043,2025,11,Occurrence,Race-Ethnicity,Other/Unknown,ALZ,Alzheimer's disease,ICD-10,12.0,,,02/17/2026,02/17/2026
4044,2025,11,Occurrence,Total Population,Total Population,CAN,Malignant neoplasms,ICD-10,4927.0,,,02/17/2026,02/17/2026
4045,2025,11,Occurrence,Gender,Female,CAN,Malignant neoplasms,ICD-10,2399.0,,,02/17/2026,02/17/2026
4046,2025,11,Occurrence,Gender,Male,CAN,Malignant neoplasms,ICD-10,2528.0,,,02/17/2026,02/17/2026
4047,2025,11,Occurrence,Race-Ethnicity,American Indian/Alaska Native,CAN,Malignant neoplasms,ICD-10,25.0,,,02/17/2026,02/17/2026
4048,2025,11,Occurrence,Race-Ethnicity,Asian,CAN,Malignant neoplasms,ICD-10,651.0,,,02/17/2026,02/17/2026
4049,2025,11,Occurrence,Race-Ethnicity,Black,CAN,Malignant neoplasms,ICD-10,338.0,,,02/17/2026,02/17/2026
4050,2025,11,Occurrence,Race-Ethnicity,Hawaiian/Pacific Islander,CAN,Malignant neoplasms,ICD-10,16.0,,,02/17/2026,02/17/2026
4051,2025,11,Occurrence,Race-Ethnicity,Hispanic,CAN,Malignant neoplasms,ICD-10,1104.0,,,02/17/2026,02/17/2026
4052,2025,11,Occurrence,Race-Ethnicity,Multi-Race,CAN,Malignant neoplasms,ICD-10,63.0,,,02/17/2026,02/17/2026
4053,2025,11,Occurrence,Race-Ethnicity,White,CAN,Malignant neoplasms,ICD-10,2689.0,,,02/17/2026,02/17/2026
4054,2025,11,Occurrence,Race-Ethnicity,Other/Unknown,CAN,Malignant neoplasms,ICD-10,41.0,,,02/17/2026,02/17/2026
4055,2025,11,Occurrence,Total Population,Total Population,CLD,Chronic lower respiratory diseases,ICD-10,839.0,,,02/17/2026,02/17/2026
4056,2025,11,Occurrence,Gender,Female,CLD,Chronic lower respiratory diseases,ICD-10,420.0,,,02/17/2026,02/17/2026
4057,2025,11,Occurrence,Gender,Male,CLD,Chronic lower respiratory diseases,ICD-10,419.0,,,02/17/2026,02/17/2026
4058,2025,11,Occurrence,Race-Ethnicity,American Indian/Alaska Native,CLD,Chronic lower respiratory diseases,ICD-10,,1,Cell suppressed for small numbers,02/17/2026,02/17/2026
4059,2025,11,Occurrence,Race-Ethnicity,Asian,CLD,Chronic lower respiratory diseases,ICD-10,55.0,,,02/17/2026,02/17/2026
4060,2025,11,Occurrence,Race-Ethnicity,Black,CLD,Chronic lower respiratory diseases,ICD-10,68.0,,,02/17/2026,02/17/2026
4061,2025,11,Occurrence,Race-Ethnicity,Hawaiian/Pacific Islander,CLD,Chronic lower respiratory diseases,ICD-10,,1,Cell suppressed for small numbers,02/17/2026,02/17/2026
4062,2025,11,Occurrence,Race-Ethnicity,Hispanic,CLD,Chronic lower respiratory diseases,ICD-10,80.0,,,02/17/2026,02/17/2026
4063,2025,11,Occurrence,Race-Ethnicity,Multi-Race,CLD,Chronic lower respiratory diseases,ICD-10,,1,Cell suppressed for small numbers,02/17/2026,02/17/2026
4064,2025,11,Occurrence,Race-Ethnicity,White,CLD,Chronic lower respiratory diseases,ICD-10,605.0,,,02/17/2026,02/17/2026
4065,2025,11,Occurrence,Race-Ethnicity,Other/Unknown,CLD,Chronic lower respiratory diseases,ICD-10,,1,Cell suppressed for small numbers,02/17/2026,02/17/2026
4066,2025,11,Occurrence,Total Population,Total Population,DIA,Diabetes mellitus,ICD-10,911.0,,,02/17/2026,02/17/2026
4067,2025,11,Occurrence,Gender,Female,DIA,Diabetes mellitus,ICD-10,396.0,,,02/17/2026,02/17/2026
4068,2025,11,Occurrence,Gender,Male,DIA,Diabetes mellitus,ICD-10,515.0,,,02/17/2026,02/17/2026
4069,2025,11,Occurrence,Race-Ethnicity,American Indian/Alaska Native,DIA,Diabetes mellitus,ICD-10,,1,Cell suppressed for small numbers,02/17/2026,02/17/2026
4070,2025,11,Occurrence,Race-Ethnicity,Asian,DIA,Diabetes mellitus,ICD-10,151.0,,,02/17/2026,02/17/2026
4071,2025,11,Occurrence,Race-Ethnicity,Black,DIA,Diabetes mellitus,ICD-10,95.0,,,02/17/2026,02/17/2026
4072,2025,11,Occurrence,Race-Ethnicity,Hawaiian/Pacific Islander,DIA,Diabetes mellitus,ICD-10,,1,Cell suppressed for small numbers,02/17/2026,02/17/2026
4073,2025,11,Occurrence,Race-Ethnicity,Hispanic,DIA,Diabetes mellitus,ICD-10,312.0,,,02/17/2026,02/17/2026
4074,2025,11,Occurrence,Race-Ethnicity,Multi-Race,DIA,Diabetes mellitus,ICD-10,,1,Cell suppressed for small numbers,02/17/2026,02/17/2026
4075,2025,11,Occurrence,Race-Ethnicity,White,DIA,Diabetes mellitus,ICD-10,327.0,,,02/17/2026,02/17/2026
4076,2025,11,Occurrence,Race-Ethnicity,Other/Unknown,DIA,Diabetes mellitus,ICD-10,11.0,,,02/17/2026,02/17/2026
4077,2025,11,Occurrence,Total Population,Total Population,HOM,Assault (homicide),ICD-10,93.0,,,02/17/2026,02/17/2026
4078,2025,11,Occurrence,Gender,Female,HOM,Assault (homicide),ICD-10,29.0,,,02/17/2026,02/17/2026
4079,2025,11,Occurrence,Gender,Male,HOM,Assault (homicide),ICD-10,64.0,,,02/17/2026,02/17/2026
4080,2025,11,Occurrence,Race-Ethnicity,American Indian/Alaska Native,HOM,Assault (homicide),ICD-10,0.0,,,02/17/2026,02/17/2026
4081,2025,11,Occurrence,Race-Ethnicity,Asian,HOM,Assault (homicide),ICD-10,,1,Cell suppressed for small numbers,02/17/2026,02/17/2026
4082,2025,11,Occurrence,Race-Ethnicity,Black,HOM,Assault (homicide),ICD-10,18.0,,,02/17/2026,02/17/2026
4083,2025,11,Occurrence,Race-Ethnicity,Hawaiian/Pacific Islander,HOM,Assault (homicide),ICD-10,,1,Cell suppressed for small numbers,02/17/2026,02/17/2026
4084,2025,11,Occurrence,Race-Ethnicity,Hispanic,HOM,Assault (homicide),ICD-10,44.0,,,02/17/2026,02/17/2026
4085,2025,11,Occurrence,Race-Ethnicity,Multi-Race,HOM,Assault (homicide),ICD-10,,1,Cell suppressed for small numbers,02/17/2026,02/17/2026
4086,2025,11,Occurrence,Race-Ethnicity,White,HOM,Assault (homicide),ICD-10,,2,Cell suppressed for complementary cell,02/17/2026,02/17/2026
4087,2025,11,Occurrence,Race-Ethnicity,Other/Unknown,HOM,Assault (homicide),ICD-10,0.0,,,02/17/2026,02/17/2026
4088,2025,11,Occurrence,Total Population,Total Population,HTD,Diseases of heart,ICD-10,4790.0,,,02/17/2026,02/17/2026
4089,2025,11,Occurrence,Gender,Female,HTD,Diseases of heart,ICD-10,2073.0,,,02/17/2026,02/17/2026
4090,2025,11,Occurrence,Gender,Male,HTD,Diseases of heart,ICD-10,2717.0,,,02/17/2026,02/17/2026
4091,2025,11,Occurrence,Race-Ethnicity,American Indian/Alaska Native,HTD,Diseases of heart,ICD-10,28.0,,,02/17/2026,02/17/2026
4092,2025,11,Occurrence,Race-Ethnicity,Asian,HTD,Diseases of heart,ICD-10,471.0,,,02/17/2026,02/17/2026
4093,2025,11,Occurrence,Race-Ethnicity,Black,HTD,Diseases of heart,ICD-10,413.0,,,02/17/2026,02/17/2026
4094,2025,11,Occurrence,Race-Ethnicity,Hawaiian/Pacific Islander,HTD,Diseases of heart,ICD-10,24.0,,,02/17/2026,02/17/2026
4095,2025,11,Occurrence,Race-Ethnicity,Hispanic,HTD,Diseases of heart,ICD-10,895.0,,,02/17/2026,02/17/2026
4096,2025,11,Occurrence,Race-Ethnicity,Multi-Race,HTD,Diseases of heart,ICD-10,43.0,,,02/17/2026,02/17/2026
4097,2025,11,Occurrence,Race-Ethnicity,White,HTD,Diseases of heart,ICD-10,2856.0,,,02/17/2026,02/17/2026
4098,2025,11,Occurrence,Race-Ethnicity,Other/Unknown,HTD,Diseases of heart,ICD-10,60.0,,,02/17/2026,02/17/2026
4099,2025,11,Occurrence,Total Population,Total Population,HYP,Essential hypertension and hypertensive renal disease,ICD-10,564.0,,,02/17/2026,02/17/2026
4100,2025,11,Occurrence,Gender,Female,HYP,Essential hypertension and hypertensive renal disease,ICD-10,289.0,,,02/17/2026,02/17/2026
4101,2025,11,Occurrence,Gender,Male,HYP,Essential hypertension and hypertensive renal disease,ICD-10,275.0,,,02/17/2026,02/17/2026
4102,2025,11,Occurrence,Race-Ethnicity,American Indian/Alaska Native,HYP,Essential hypertension and hypertensive renal disease,ICD-10,,1,Cell suppressed for small numbers,02/17/2026,02/17/2026
4103,2025,11,Occurrence,Race-Ethnicity,Asian,HYP,Essential hypertension and hypertensive renal disease,ICD-10,89.0,,,02/17/2026,02/17/2026
4104,2025,11,Occurrence,Race-Ethnicity,Black,HYP,Essential hypertension and hypertensive renal disease,ICD-10,58.0,,,02/17/2026,02/17/2026
4105,2025,11,Occurrence,Race-Ethnicity,Hawaiian/Pacific Islander,HYP,Essential hypertension and hypertensive renal disease,ICD-10,,1,Cell suppressed for small numbers,02/17/2026,02/17/2026
4106,2025,11,Occurrence,Race-Ethnicity,Hispanic,HYP,Essential hypertension and hypertensive renal disease,ICD-10,135.0,,,02/17/2026,02/17/2026
4107,2025,11,Occurrence,Race-Ethnicity,Multi-Race,HYP,Essential hypertension and hypertensive renal disease,ICD-10,,1,Cell suppressed for small numbers,02/17/2026,02/17/2026
4108,2025,11,Occurrence,Race-Ethnicity,White,HYP,Essential hypertension and hypertensive renal disease,ICD-10,268.0,,,02/17/2026,02/17/2026
4109,2025,11,Occurrence,Race-Ethnicity,Other/Unknown,HYP,Essential hypertension and hypertensive renal disease,ICD-10,,1,Cell suppressed for small numbers,02/17/2026,02/17/2026
4110,2025,11,Occurrence,Total Population,Total Population,INJ,Accidents (unintentional injuries),ICD-10,1153.0,,,02/17/2026,02/17/2026
4111,2025,11,Occurrence,Gender,Female,INJ,Accidents (unintentional injuries),ICD-10,309.0,,,02/17/2026,02/17/2026
4112,2025,11,Occurrence,Gender,Male,INJ,Accidents (unintentional injuries),ICD-10,844.0,,,02/17/2026,02/17/2026
4113,2025,11,Occurrence,Race-Ethnicity,American Indian/Alaska Native,INJ,Accidents (unintentional injuries),ICD-10,,1,Cell suppressed for small numbers,02/17/2026,02/17/2026
4114,2025,11,Occurrence,Race-Ethnicity,Asian,INJ,Accidents (unintentional injuries),ICD-10,102.0,,,02/17/2026,02/17/2026
4115,2025,11,Occurrence,Race-Ethnicity,Black,INJ,Accidents (unintentional injuries),ICD-10,130.0,,,02/17/2026,02/17/2026
4116,2025,11,Occurrence,Race-Ethnicity,Hawaiian/Pacific Islander,INJ,Accidents (unintentional injuries),ICD-10,,1,Cell suppressed for small numbers,02/17/2026,02/17/2026
4117,2025,11,Occurrence,Race-Ethnicity,Hispanic,INJ,Accidents (unintentional injuries),ICD-10,374.0,,,02/17/2026,02/17/2026
4118,2025,11,Occurrence,Race-Ethnicity,Multi-Race,INJ,Accidents (unintentional injuries),ICD-10,27.0,,,02/17/2026,02/17/2026
4119,2025,11,Occurrence,Race-Ethnicity,White,INJ,Accidents (unintentional injuries),ICD-10,481.0,,,02/17/2026,02/17/2026
4120,2025,11,Occurrence,Race-Ethnicity,Other/Unknown,INJ,Accidents (unintentional injuries),ICD-10,24.0,,,02/17/2026,02/17/2026
4121,2025,11,Occurrence,Total Population,Total Population,LIV,Chronic liver disease and cirrhosis,ICD-10,481.0,,,02/17/2026,02/17/2026
4122,2025,11,Occurrence,Gender,Female,LIV,Chronic liver disease and cirrhosis,ICD-10,194.0,,,02/17/2026,02/17/2026
4123,2025,11,Occurrence,Gender,Male,LIV,Chronic liver disease and cirrhosis,ICD-10,287.0,,,02/17/2026,02/17/2026
4124,2025,11,Occurrence,Race-Ethnicity,American Indian/Alaska Native,LIV,Chronic liver disease and cirrhosis,ICD-10,,1,Cell suppressed for small numbers,02/17/2026,02/17/2026
4125,2025,11,Occurrence,Race-Ethnicity,Asian,LIV,Chronic liver disease and cirrhosis,ICD-10,20.0,,,02/17/2026,02/17/2026
4126,2025,11,Occurrence,Race-Ethnicity,Black,LIV,Chronic liver disease and cirrhosis,ICD-10,19.0,,,02/17/2026,02/17/2026
4127,2025,11,Occurrence,Race-Ethnicity,Hawaiian/Pacific Islander,LIV,Chronic liver disease and cirrhosis,ICD-10,,1,Cell suppressed for small numbers,02/17/2026,02/17/2026
4128,2025,11,Occurrence,Race-Ethnicity,Hispanic,LIV,Chronic liver disease and cirrhosis,ICD-10,228.0,,,02/17/2026,02/17/2026
4129,2025,11,Occurrence,Race-Ethnicity,Multi-Race,LIV,Chronic liver disease and cirrhosis,ICD-10,,1,Cell suppressed for small numbers,02/17/2026,02/17/2026
4130,2025,11,Occurrence,Race-Ethnicity,White,LIV,Chronic liver disease and cirrhosis,ICD-10,193.0,,,02/17/2026,02/17/2026
4131,2025,11,Occurrence,Race-Ethnicity,Other/Unknown,LIV,Chronic liver disease and cirrhosis,ICD-10,,1,Cell suppressed for small numbers,02/17/2026,02/17/2026
4132,2025,11,Occurrence,Total Population,Total Population,NEP,"Nephritis, nephrotic syndrome and nephrosis",ICD-10,344.0,,,02/17/2026,02/17/2026
4133,2025,11,Occurrence,Gender,Female,NEP,"Nephritis, nephrotic syndrome and nephrosis",ICD-10,156.0,,,02/17/2026,02/17/2026
4134,2025,11,Occurrence,Gender,Male,NEP,"Nephritis, nephrotic syndrome and nephrosis",ICD-10,188.0,,,02/17/2026,02/17/2026
4135,2025,11,Occurrence,Race-Ethnicity,American Indian/Alaska Native,NEP,"Nephritis, nephrotic syndrome and nephrosis",ICD-10,,1,Cell suppressed for small numbers,02/17/2026,02/17/2026
4136,2025,11,Occurrence,Race-Ethnicity,Asian,NEP,"Nephritis, nephrotic syndrome and nephrosis",ICD-10,52.0,,,02/17/2026,02/17/2026
4137,2025,11,Occurrence,Race-Ethnicity,Black,NEP,"Nephritis, nephrotic syndrome and nephrosis",ICD-10,42.0,,,02/17/2026,02/17/2026
4138,2025,11,Occurrence,Race-Ethnicity,Hawaiian/Pacific Islander,NEP,"Nephritis, nephrotic syndrome and nephrosis",ICD-10,,1,Cell suppressed for small numbers,02/17/2026,02/17/2026
4139,2025,11,Occurrence,Race-Ethnicity,Hispanic,NEP,"Nephritis, nephrotic syndrome and nephrosis",ICD-10,90.0,,,02/17/2026,02/17/2026
4140,2025,11,Occurrence,Race-Ethnicity,Multi-Race,NEP,"Nephritis, nephrotic syndrome and nephrosis",ICD-10,,1,Cell suppressed for small numbers,02/17/2026,02/17/2026
4141,2025,11,Occurrence,Race-Ethnicity,White,NEP,"Nephritis, nephrotic syndrome and nephrosis",ICD-10,145.0,,,02/17/2026,02/17/2026
4142,2025,11,Occurrence,Race-Ethnicity,Other/Unknown,NEP,"Nephritis, nephrotic syndrome and nephrosis",ICD-10,,1,Cell suppressed for small numbers,02/17/2026,02/17/2026
4143,2025,11,Occurrence,Total Population,Total Population,PAR,Parkinson's disease,ICD-10,333.0,,,02/17/2026,02/17/2026
4144,2025,11,Occurrence,Gender,Female,PAR,Parkinson's disease,ICD-10,123.0,,,02/17/2026,02/17/2026
4145,2025,11,Occurrence,Gender,Male,PAR,Parkinson's disease,ICD-10,210.0,,,02/17/2026,02/17/2026
4146,2025,11,Occurrence,Race-Ethnicity,American Indian/Alaska Native,PAR,Parkinson's disease,ICD-10,0.0,,,02/17/2026,02/17/2026
4147,2025,11,Occurrence,Race-Ethnicity,Asian,PAR,Parkinson's disease,ICD-10,40.0,,,02/17/2026,02/17/2026
4148,2025,11,Occurrence,Race-Ethnicity,Black,PAR,Parkinson's disease,ICD-10,,1,Cell suppressed for small numbers,02/17/2026,02/17/2026
4149,2025,11,Occurrence,Race-Ethnicity,Hawaiian/Pacific Islander,PAR,Parkinson's disease,ICD-10,,1,Cell suppressed for small numbers,02/17/2026,02/17/2026
4150,2025,11,Occurrence,Race-Ethnicity,Hispanic,PAR,Parkinson's disease,ICD-10,45.0,,,02/17/2026,02/17/2026
4151,2025,11,Occurrence,Race-Ethnicity,Multi-Race,PAR,Parkinson's disease,ICD-10,,1,Cell suppressed for small numbers,02/17/2026,02/17/2026
4152,2025,11,Occurrence,Race-Ethnicity,White,PAR,Parkinson's disease,ICD-10,236.0,,,02/17/2026,02/17/2026
4153,2025,11,Occurrence,Race-Ethnicity,Other/Unknown,PAR,Parkinson's disease,ICD-10,,1,Cell suppressed for small numbers,02/17/2026,02/17/2026
4154,2025,11,Occurrence,Total Population,Total Population,PNF,Influenza and pneumonia,ICD-10,331.0,,,02/17/2026,02/17/2026
4155,2025,11,Occurrence,Gender,Female,PNF,Influenza and pneumonia,ICD-10,144.0,,,02/17/2026,02/17/2026
4156,2025,11,Occurrence,Gender,Male,PNF,Influenza and pneumonia,ICD-10,187.0,,,02/17/2026,02/17/2026
4157,2025,11,Occurrence,Race-Ethnicity,American Indian/Alaska Native,PNF,Influenza and pneumonia,ICD-10,,1,Cell suppressed for small numbers,02/17/2026,02/17/2026
4158,2025,11,Occurrence,Race-Ethnicity,Asian,PNF,Influenza and pneumonia,ICD-10,53.0,,,02/17/2026,02/17/2026
4159,2025,11,Occurrence,Race-Ethnicity,Black,PNF,Influenza and pneumonia,ICD-10,21.0,,,02/17/2026,02/17/2026
4160,2025,11,Occurrence,Race-Ethnicity,Hawaiian/Pacific Islander,PNF,Influenza and pneumonia,ICD-10,,1,Cell suppressed for small numbers,02/17/2026,02/17/2026
4161,2025,11,Occurrence,Race-Ethnicity,Hispanic,PNF,Influenza and pneumonia,ICD-10,72.0,,,02/17/2026,02/17/2026
4162,2025,11,Occurrence,Race-Ethnicity,Multi-Race,PNF,Influenza and pneumonia,ICD-10,,1,Cell suppressed for small numbers,02/17/2026,02/17/2026
4163,2025,11,Occurrence,Race-Ethnicity,White,PNF,Influenza and pneumonia,ICD-10,176.0,,,02/17/2026,02/17/2026
4164,2025,11,Occurrence,Race-Ethnicity,Other/Unknown,PNF,Influenza and pneumonia,ICD-10,,1,Cell suppressed for small numbers,02/17/2026,02/17/2026
4165,2025,11,Occurrence,Total Population,Total Population,STK,Cerebrovascular diseases,ICD-10,1463.0,,,02/17/2026,02/17/2026
4166,2025,11,Occurrence,Gender,Female,STK,Cerebrovascular diseases,ICD-10,838.0,,,02/17/2026,02/17/2026
4167,2025,11,Occurrence,Gender,Male,STK,Cerebrovascular diseases,ICD-10,625.0,,,02/17/2026,02/17/2026
4168,2025,11,Occurrence,Race-Ethnicity,American Indian/Alaska Native,STK,Cerebrovascular diseases,ICD-10,,1,Cell suppressed for small numbers,02/17/2026,02/17/2026
4169,2025,11,Occurrence,Race-Ethnicity,Asian,STK,Cerebrovascular diseases,ICD-10,212.0,,,02/17/2026,02/17/2026
4170,2025,11,Occurrence,Race-Ethnicity,Black,STK,Cerebrovascular diseases,ICD-10,141.0,,,02/17/2026,02/17/2026
4171,2025,11,Occurrence,Race-Ethnicity,Hawaiian/Pacific Islander,STK,Cerebrovascular diseases,ICD-10,,1,Cell suppressed for small numbers,02/17/2026,02/17/2026
4172,2025,11,Occurrence,Race-Ethnicity,Hispanic,STK,Cerebrovascular diseases,ICD-10,305.0,,,02/17/2026,02/17/2026
4173,2025,11,Occurrence,Race-Ethnicity,Multi-Race,STK,Cerebrovascular diseases,ICD-10,11.0,,,02/17/2026,02/17/2026
4174,2025,11,Occurrence,Race-Ethnicity,White,STK,Cerebrovascular diseases,ICD-10,775.0,,,02/17/2026,02/17/2026
4175,2025,11,Occurrence,Race-Ethnicity,Other/Unknown,STK,Cerebrovascular diseases,ICD-10,11.0,,,02/17/2026,02/17/2026
4176,2025,11,Occurrence,Total Population,Total Population,SUI,Intentional self-harm (suicide),ICD-10,272.0,,,02/17/2026,02/17/2026
4177,2025,11,Occurrence,Gender,Female,SUI,Intentional self-harm (suicide),ICD-10,52.0,,,02/17/2026,02/17/2026
4178,2025,11,Occurrence,Gender,Male,SUI,Intentional self-harm (suicide),ICD-10,220.0,,,02/17/2026,02/17/2026
4179,2025,11,Occurrence,Race-Ethnicity,American Indian/Alaska Native,SUI,Intentional self-harm (suicide),ICD-10,,1,Cell suppressed for small numbers,02/17/2026,02/17/2026
4180,2025,11,Occurrence,Race-Ethnicity,Asian,SUI,Intentional self-harm (suicide),ICD-10,31.0,,,02/17/2026,02/17/2026
4181,2025,11,Occurrence,Race-Ethnicity,Black,SUI,Intentional self-harm (suicide),ICD-10,13.0,,,02/17/2026,02/17/2026
4182,2025,11,Occurrence,Race-Ethnicity,Hawaiian/Pacific Islander,SUI,Intentional self-harm (suicide),ICD-10,,1,Cell suppressed for small numbers,02/17/2026,02/17/2026
4183,2025,11,Occurrence,Race-Ethnicity,Hispanic,SUI,Intentional self-harm (suicide),ICD-10,77.0,,,02/17/2026,02/17/2026
4184,2025,11,Occurrence,Race-Ethnicity,Multi-Race,SUI,Intentional self-harm (suicide),ICD-10,,1,Cell suppressed for small numbers,02/17/2026,02/17/2026
4185,2025,11,Occurrence,Race-Ethnicity,White,SUI,Intentional self-harm (suicide),ICD-10,142.0,,,02/17/2026,02/17/2026
4186,2025,11,Occurrence,Race-Ethnicity,Other/Unknown,SUI,Intentional self-harm (suicide),ICD-10,0.0,,,02/17/2026,02/17/2026
4187,2025,12,Occurrence,Total Population,Total Population,ALL,All causes (total),ICD-10,24862.0,,,02/17/2026,02/17/2026
4188,2025,12,Occurrence,Age,Under 1 year,ALL,All causes (total),ICD-10,122.0,,,02/17/2026,02/17/2026
4189,2025,12,Occurrence,Age,1-4 years,ALL,All causes (total),ICD-10,15.0,,,02/17/2026,02/17/2026
4190,2025,12,Occurrence,Age,5-14 years,ALL,All causes (total),ICD-10,51.0,,,02/17/2026,02/17/2026
4191,2025,12,Occurrence,Age,15-24 years,ALL,All causes (total),ICD-10,189.0,,,02/17/2026,02/17/2026
4192,2025,12,Occurrence,Age,25-34 years,ALL,All causes (total),ICD-10,449.0,,,02/17/2026,02/17/2026
4193,2025,12,Occurrence,Age,35-44 years,ALL,All causes (total),ICD-10,772.0,,,02/17/2026,02/17/2026
4194,2025,12,Occurrence,Age,45-54 years,ALL,All causes (total),ICD-10,1094.0,,,02/17/2026,02/17/2026
4195,2025,12,Occurrence,Age,55-64 years,ALL,All causes (total),ICD-10,2565.0,,,02/17/2026,02/17/2026
4196,2025,12,Occurrence,Age,65-74 years,ALL,All causes (total),ICD-10,4778.0,,,02/17/2026,02/17/2026
4197,2025,12,Occurrence,Age,75-84 years,ALL,All causes (total),ICD-10,6596.0,,,02/17/2026,02/17/2026
4198,2025,12,Occurrence,Age,85 years and over,ALL,All causes (total),ICD-10,8226.0,,,02/17/2026,02/17/2026
4199,2025,12,Occurrence,Gender,Female,ALL,All causes (total),ICD-10,11748.0,,,02/17/2026,02/17/2026
4200,2025,12,Occurrence,Gender,Male,ALL,All causes (total),ICD-10,13113.0,,,02/17/2026,02/17/2026
4201,2025,12,Occurrence,Place Type,Inpatient,ALL,All causes (total),ICD-10,7967.0,,,02/17/2026,02/17/2026
4202,2025,12,Occurrence,Place Type,Emergency Room/Outpatient,ALL,All causes (total),ICD-10,1427.0,,,02/17/2026,02/17/2026
4203,2025,12,Occurrence,Place Type,Decedent's Home,ALL,All causes (total),ICD-10,9613.0,,,02/17/2026,02/17/2026
4204,2025,12,Occurrence,Place Type,Hospice Facility,ALL,All causes (total),ICD-10,306.0,,,02/17/2026,02/17/2026
4205,2025,12,Occurrence,Place Type,Nursing Home/Long Term Care Facility,ALL,All causes (total),ICD-10,4408.0,,,02/17/2026,02/17/2026
4206,2025,12,Occurrence,Place Type,Other/Unknown,ALL,All causes (total),ICD-10,1141.0,,,02/17/2026,02/17/2026
4207,2025,12,Occurrence,Race-Ethnicity,American Indian/Alaska Native,ALL,All causes (total),ICD-10,121.0,,,02/17/2026,02/17/2026
4208,2025,12,Occurrence,Race-Ethnicity,Asian,ALL,All causes (total),ICD-10,2994.0,,,02/17/2026,02/17/2026
4209,2025,12,Occurrence,Race-Ethnicity,Black,ALL,All causes (total),ICD-10,1858.0,,,02/17/2026,02/17/2026
4210,2025,12,Occurrence,Race-Ethnicity,Hawaiian/Pacific Islander,ALL,All causes (total),ICD-10,97.0,,,02/17/2026,02/17/2026
4211,2025,12,Occurrence,Race-Ethnicity,Hispanic,ALL,All causes (total),ICD-10,5737.0,,,02/17/2026,02/17/2026
4212,2025,12,Occurrence,Race-Ethnicity,Multi-Race,ALL,All causes (total),ICD-10,259.0,,,02/17/2026,02/17/2026
4213,2025,12,Occurrence,Race-Ethnicity,White,ALL,All causes (total),ICD-10,13516.0,,,02/17/2026,02/17/2026
4214,2025,12,Occurrence,Race-Ethnicity,Other/Unknown,ALL,All causes (total),ICD-10,280.0,,,02/17/2026,02/17/2026
4215,2025,12,Occurrence,Total Population,Total Population,ALZ,Alzheimer's disease,ICD-10,1409.0,,,02/17/2026,02/17/2026
4216,2025,12,Occurrence,Gender,Female,ALZ,Alzheimer's disease,ICD-10,951.0,,,02/17/2026,02/17/2026
4217,2025,12,Occurrence,Gender,Male,ALZ,Alzheimer's disease,ICD-10,458.0,,,02/17/2026,02/17/2026
4218,2025,12,Occurrence,Race-Ethnicity,American Indian/Alaska Native,ALZ,Alzheimer's disease,ICD-10,,1,Cell suppressed for small numbers,02/17/2026,02/17/2026
4219,2025,12,Occurrence,Race-Ethnicity,Asian,ALZ,Alzheimer's disease,ICD-10,156.0,,,02/17/2026,02/17/2026
4220,2025,12,Occurrence,Race-Ethnicity,Black,ALZ,Alzheimer's disease,ICD-10,74.0,,,02/17/2026,02/17/2026
4221,2025,12,Occurrence,Race-Ethnicity,Hawaiian/Pacific Islander,ALZ,Alzheimer's disease,ICD-10,,1,Cell suppressed for small numbers,02/17/2026,02/17/2026
4222,2025,12,Occurrence,Race-Ethnicity,Hispanic,ALZ,Alzheimer's disease,ICD-10,266.0,,,02/17/2026,02/17/2026
4223,2025,12,Occurrence,Race-Ethnicity,Multi-Race,ALZ,Alzheimer's disease,ICD-10,,1,Cell suppressed for small numbers,02/17/2026,02/17/2026
4224,2025,12,Occurrence,Race-Ethnicity,White,ALZ,Alzheimer's disease,ICD-10,888.0,,,02/17/2026,02/17/2026
4225,2025,12,Occurrence,Race-Ethnicity,Other/Unknown,ALZ,Alzheimer's disease,ICD-10,,1,Cell suppressed for small numbers,02/17/2026,02/17/2026
4226,2025,12,Occurrence,Total Population,Total Population,CAN,Malignant neoplasms,ICD-10,5098.0,,,02/17/2026,02/17/2026
4227,2025,12,Occurrence,Gender,Female,CAN,Malignant neoplasms,ICD-10,2449.0,,,02/17/2026,02/17/2026
4228,2025,12,Occurrence,Gender,Male,CAN,Malignant neoplasms,ICD-10,2649.0,,,02/17/2026,02/17/2026
4229,2025,12,Occurrence,Race-Ethnicity,American Indian/Alaska Native,CAN,Malignant neoplasms,ICD-10,22.0,,,02/17/2026,02/17/2026
4230,2025,12,Occurrence,Race-Ethnicity,Asian,CAN,Malignant neoplasms,ICD-10,711.0,,,02/17/2026,02/17/2026
4231,2025,12,Occurrence,Race-Ethnicity,Black,CAN,Malignant neoplasms,ICD-10,344.0,,,02/17/2026,02/17/2026
4232,2025,12,Occurrence,Race-Ethnicity,Hawaiian/Pacific Islander,CAN,Malignant neoplasms,ICD-10,19.0,,,02/17/2026,02/17/2026
4233,2025,12,Occurrence,Race-Ethnicity,Hispanic,CAN,Malignant neoplasms,ICD-10,1161.0,,,02/17/2026,02/17/2026
4234,2025,12,Occurrence,Race-Ethnicity,Multi-Race,CAN,Malignant neoplasms,ICD-10,52.0,,,02/17/2026,02/17/2026
4235,2025,12,Occurrence,Race-Ethnicity,White,CAN,Malignant neoplasms,ICD-10,2732.0,,,02/17/2026,02/17/2026
4236,2025,12,Occurrence,Race-Ethnicity,Other/Unknown,CAN,Malignant neoplasms,ICD-10,57.0,,,02/17/2026,02/17/2026
4237,2025,12,Occurrence,Total Population,Total Population,CLD,Chronic lower respiratory diseases,ICD-10,955.0,,,02/17/2026,02/17/2026
4238,2025,12,Occurrence,Gender,Female,CLD,Chronic lower respiratory diseases,ICD-10,489.0,,,02/17/2026,02/17/2026
4239,2025,12,Occurrence,Gender,Male,CLD,Chronic lower respiratory diseases,ICD-10,466.0,,,02/17/2026,02/17/2026
4240,2025,12,Occurrence,Race-Ethnicity,American Indian/Alaska Native,CLD,Chronic lower respiratory diseases,ICD-10,,1,Cell suppressed for small numbers,02/17/2026,02/17/2026
4241,2025,12,Occurrence,Race-Ethnicity,Asian,CLD,Chronic lower respiratory diseases,ICD-10,69.0,,,02/17/2026,02/17/2026
4242,2025,12,Occurrence,Race-Ethnicity,Black,CLD,Chronic lower respiratory diseases,ICD-10,68.0,,,02/17/2026,02/17/2026
4243,2025,12,Occurrence,Race-Ethnicity,Hawaiian/Pacific Islander,CLD,Chronic lower respiratory diseases,ICD-10,,1,Cell suppressed for small numbers,02/17/2026,02/17/2026
4244,2025,12,Occurrence,Race-Ethnicity,Hispanic,CLD,Chronic lower respiratory diseases,ICD-10,101.0,,,02/17/2026,02/17/2026
4245,2025,12,Occurrence,Race-Ethnicity,Multi-Race,CLD,Chronic lower respiratory diseases,ICD-10,,1,Cell suppressed for small numbers,02/17/2026,02/17/2026
4246,2025,12,Occurrence,Race-Ethnicity,White,CLD,Chronic lower respiratory diseases,ICD-10,689.0,,,02/17/2026,02/17/2026
4247,2025,12,Occurrence,Race-Ethnicity,Other/Unknown,CLD,Chronic lower respiratory diseases,ICD-10,11.0,,,02/17/2026,02/17/2026
4248,2025,12,Occurrence,Total Population,Total Population,DIA,Diabetes mellitus,ICD-10,1069.0,,,02/17/2026,02/17/2026
4249,2025,12,Occurrence,Gender,Female,DIA,Diabetes mellitus,ICD-10,421.0,,,02/17/2026,02/17/2026
4250,2025,12,Occurrence,Gender,Male,DIA,Diabetes mellitus,ICD-10,648.0,,,02/17/2026,02/17/2026
4251,2025,12,Occurrence,Race-Ethnicity,American Indian/Alaska Native,DIA,Diabetes mellitus,ICD-10,,1,Cell suppressed for small numbers,02/17/2026,02/17/2026
4252,2025,12,Occurrence,Race-Ethnicity,Asian,DIA,Diabetes mellitus,ICD-10,175.0,,,02/17/2026,02/17/2026
4253,2025,12,Occurrence,Race-Ethnicity,Black,DIA,Diabetes mellitus,ICD-10,90.0,,,02/17/2026,02/17/2026
4254,2025,12,Occurrence,Race-Ethnicity,Hawaiian/Pacific Islander,DIA,Diabetes mellitus,ICD-10,,1,Cell suppressed for small numbers,02/17/2026,02/17/2026
4255,2025,12,Occurrence,Race-Ethnicity,Hispanic,DIA,Diabetes mellitus,ICD-10,393.0,,,02/17/2026,02/17/2026
4256,2025,12,Occurrence,Race-Ethnicity,Multi-Race,DIA,Diabetes mellitus,ICD-10,12.0,,,02/17/2026,02/17/2026
4257,2025,12,Occurrence,Race-Ethnicity,White,DIA,Diabetes mellitus,ICD-10,375.0,,,02/17/2026,02/17/2026
4258,2025,12,Occurrence,Race-Ethnicity,Other/Unknown,DIA,Diabetes mellitus,ICD-10,,1,Cell suppressed for small numbers,02/17/2026,02/17/2026
4259,2025,12,Occurrence,Total Population,Total Population,HOM,Assault (homicide),ICD-10,92.0,,,02/17/2026,02/17/2026
4260,2025,12,Occurrence,Gender,Female,HOM,Assault (homicide),ICD-10,18.0,,,02/17/2026,02/17/2026
4261,2025,12,Occurrence,Gender,Male,HOM,Assault (homicide),ICD-10,74.0,,,02/17/2026,02/17/2026
4262,2025,12,Occurrence,Race-Ethnicity,American Indian/Alaska Native,HOM,Assault (homicide),ICD-10,0.0,,,02/17/2026,02/17/2026
4263,2025,12,Occurrence,Race-Ethnicity,Asian,HOM,Assault (homicide),ICD-10,,1,Cell suppressed for small numbers,02/17/2026,02/17/2026
4264,2025,12,Occurrence,Race-Ethnicity,Black,HOM,Assault (homicide),ICD-10,22.0,,,02/17/2026,02/17/2026
4265,2025,12,Occurrence,Race-Ethnicity,Hawaiian/Pacific Islander,HOM,Assault (homicide),ICD-10,,1,Cell suppressed for small numbers,02/17/2026,02/17/2026
4266,2025,12,Occurrence,Race-Ethnicity,Hispanic,HOM,Assault (homicide),ICD-10,44.0,,,02/17/2026,02/17/2026
4267,2025,12,Occurrence,Race-Ethnicity,Multi-Race,HOM,Assault (homicide),ICD-10,,1,Cell suppressed for small numbers,02/17/2026,02/17/2026
4268,2025,12,Occurrence,Race-Ethnicity,White,HOM,Assault (homicide),ICD-10,16.0,,,02/17/2026,02/17/2026
4269,2025,12,Occurrence,Race-Ethnicity,Other/Unknown,HOM,Assault (homicide),ICD-10,,1,Cell suppressed for small numbers,02/17/2026,02/17/2026
4270,2025,12,Occurrence,Total Population,Total Population,HTD,Diseases of heart,ICD-10,5135.0,,,02/17/2026,02/17/2026
4271,2025,12,Occurrence,Gender,Female,HTD,Diseases of heart,ICD-10,2292.0,,,02/17/2026,02/17/2026
4272,2025,12,Occurrence,Gender,Male,HTD,Diseases of heart,ICD-10,2843.0,,,02/17/2026,02/17/2026
4273,2025,12,Occurrence,Race-Ethnicity,American Indian/Alaska Native,HTD,Diseases of heart,ICD-10,23.0,,,02/17/2026,02/17/2026
4274,2025,12,Occurrence,Race-Ethnicity,Asian,HTD,Diseases of heart,ICD-10,605.0,,,02/17/2026,02/17/2026
4275,2025,12,Occurrence,Race-Ethnicity,Black,HTD,Diseases of heart,ICD-10,440.0,,,02/17/2026,02/17/2026
4276,2025,12,Occurrence,Race-Ethnicity,Hawaiian/Pacific Islander,HTD,Diseases of heart,ICD-10,23.0,,,02/17/2026,02/17/2026
4277,2025,12,Occurrence,Race-Ethnicity,Hispanic,HTD,Diseases of heart,ICD-10,1003.0,,,02/17/2026,02/17/2026
4278,2025,12,Occurrence,Race-Ethnicity,Multi-Race,HTD,Diseases of heart,ICD-10,46.0,,,02/17/2026,02/17/2026
4279,2025,12,Occurrence,Race-Ethnicity,White,HTD,Diseases of heart,ICD-10,2933.0,,,02/17/2026,02/17/2026
4280,2025,12,Occurrence,Race-Ethnicity,Other/Unknown,HTD,Diseases of heart,ICD-10,62.0,,,02/17/2026,02/17/2026
4281,2025,12,Occurrence,Total Population,Total Population,HYP,Essential hypertension and hypertensive renal disease,ICD-10,591.0,,,02/17/2026,02/17/2026
4282,2025,12,Occurrence,Gender,Female,HYP,Essential hypertension and hypertensive renal disease,ICD-10,300.0,,,02/17/2026,02/17/2026
4283,2025,12,Occurrence,Gender,Male,HYP,Essential hypertension and hypertensive renal disease,ICD-10,291.0,,,02/17/2026,02/17/2026
4284,2025,12,Occurrence,Race-Ethnicity,American Indian/Alaska Native,HYP,Essential hypertension and hypertensive renal disease,ICD-10,,1,Cell suppressed for small numbers,02/17/2026,02/17/2026
4285,2025,12,Occurrence,Race-Ethnicity,Asian,HYP,Essential hypertension and hypertensive renal disease,ICD-10,82.0,,,02/17/2026,02/17/2026
4286,2025,12,Occurrence,Race-Ethnicity,Black,HYP,Essential hypertension and hypertensive renal disease,ICD-10,57.0,,,02/17/2026,02/17/2026
4287,2025,12,Occurrence,Race-Ethnicity,Hawaiian/Pacific Islander,HYP,Essential hypertension and hypertensive renal disease,ICD-10,,1,Cell suppressed for small numbers,02/17/2026,02/17/2026
4288,2025,12,Occurrence,Race-Ethnicity,Hispanic,HYP,Essential hypertension and hypertensive renal disease,ICD-10,136.0,,,02/17/2026,02/17/2026
4289,2025,12,Occurrence,Race-Ethnicity,Multi-Race,HYP,Essential hypertension and hypertensive renal disease,ICD-10,,1,Cell suppressed for small numbers,02/17/2026,02/17/2026
4290,2025,12,Occurrence,Race-Ethnicity,White,HYP,Essential hypertension and hypertensive renal disease,ICD-10,298.0,,,02/17/2026,02/17/2026
4291,2025,12,Occurrence,Race-Ethnicity,Other/Unknown,HYP,Essential hypertension and hypertensive renal disease,ICD-10,,1,Cell suppressed for small numbers,02/17/2026,02/17/2026
4292,2025,12,Occurrence,Total Population,Total Population,INJ,Accidents (unintentional injuries),ICD-10,857.0,,,02/17/2026,02/17/2026
4293,2025,12,Occurrence,Gender,Female,INJ,Accidents (unintentional injuries),ICD-10,262.0,,,02/17/2026,02/17/2026
4294,2025,12,Occurrence,Gender,Male,INJ,Accidents (unintentional injuries),ICD-10,595.0,,,02/17/2026,02/17/2026
4295,2025,12,Occurrence,Race-Ethnicity,American Indian/Alaska Native,INJ,Accidents (unintentional injuries),ICD-10,,1,Cell suppressed for small numbers,02/17/2026,02/17/2026
4296,2025,12,Occurrence,Race-Ethnicity,Asian,INJ,Accidents (unintentional injuries),ICD-10,98.0,,,02/17/2026,02/17/2026
4297,2025,12,Occurrence,Race-Ethnicity,Black,INJ,Accidents (unintentional injuries),ICD-10,66.0,,,02/17/2026,02/17/2026
4298,2025,12,Occurrence,Race-Ethnicity,Hawaiian/Pacific Islander,INJ,Accidents (unintentional injuries),ICD-10,,1,Cell suppressed for small numbers,02/17/2026,02/17/2026
4299,2025,12,Occurrence,Race-Ethnicity,Hispanic,INJ,Accidents (unintentional injuries),ICD-10,281.0,,,02/17/2026,02/17/2026
4300,2025,12,Occurrence,Race-Ethnicity,Multi-Race,INJ,Accidents (unintentional injuries),ICD-10,,1,Cell suppressed for small numbers,02/17/2026,02/17/2026
4301,2025,12,Occurrence,Race-Ethnicity,White,INJ,Accidents (unintentional injuries),ICD-10,383.0,,,02/17/2026,02/17/2026
4302,2025,12,Occurrence,Race-Ethnicity,Other/Unknown,INJ,Accidents (unintentional injuries),ICD-10,14.0,,,02/17/2026,02/17/2026
4303,2025,12,Occurrence,Total Population,Total Population,LIV,Chronic liver disease and cirrhosis,ICD-10,497.0,,,02/17/2026,02/17/2026
4304,2025,12,Occurrence,Gender,Female,LIV,Chronic liver disease and cirrhosis,ICD-10,166.0,,,02/17/2026,02/17/2026
4305,2025,12,Occurrence,Gender,Male,LIV,Chronic liver disease and cirrhosis,ICD-10,331.0,,,02/17/2026,02/17/2026
4306,2025,12,Occurrence,Race-Ethnicity,American Indian/Alaska Native,LIV,Chronic liver disease and cirrhosis,ICD-10,,1,Cell suppressed for small numbers,02/17/2026,02/17/2026
4307,2025,12,Occurrence,Race-Ethnicity,Asian,LIV,Chronic liver disease and cirrhosis,ICD-10,28.0,,,02/17/2026,02/17/2026
4308,2025,12,Occurrence,Race-Ethnicity,Black,LIV,Chronic liver disease and cirrhosis,ICD-10,19.0,,,02/17/2026,02/17/2026
4309,2025,12,Occurrence,Race-Ethnicity,Hawaiian/Pacific Islander,LIV,Chronic liver disease and cirrhosis,ICD-10,,1,Cell suppressed for small numbers,02/17/2026,02/17/2026
4310,2025,12,Occurrence,Race-Ethnicity,Hispanic,LIV,Chronic liver disease and cirrhosis,ICD-10,223.0,,,02/17/2026,02/17/2026
4311,2025,12,Occurrence,Race-Ethnicity,Multi-Race,LIV,Chronic liver disease and cirrhosis,ICD-10,,1,Cell suppressed for small numbers,02/17/2026,02/17/2026
4312,2025,12,Occurrence,Race-Ethnicity,White,LIV,Chronic liver disease and cirrhosis,ICD-10,211.0,,,02/17/2026,02/17/2026
4313,2025,12,Occurrence,Race-Ethnicity,Other/Unknown,LIV,Chronic liver disease and cirrhosis,ICD-10,,1,Cell suppressed for small numbers,02/17/2026,02/17/2026
4314,2025,12,Occurrence,Total Population,Total Population,NEP,"Nephritis, nephrotic syndrome and nephrosis",ICD-10,406.0,,,02/17/2026,02/17/2026
4315,2025,12,Occurrence,Gender,Female,NEP,"Nephritis, nephrotic syndrome and nephrosis",ICD-10,183.0,,,02/17/2026,02/17/2026
4316,2025,12,Occurrence,Gender,Male,NEP,"Nephritis, nephrotic syndrome and nephrosis",ICD-10,223.0,,,02/17/2026,02/17/2026
4317,2025,12,Occurrence,Race-Ethnicity,American Indian/Alaska Native,NEP,"Nephritis, nephrotic syndrome and nephrosis",ICD-10,,1,Cell suppressed for small numbers,02/17/2026,02/17/2026
4318,2025,12,Occurrence,Race-Ethnicity,Asian,NEP,"Nephritis, nephrotic syndrome and nephrosis",ICD-10,60.0,,,02/17/2026,02/17/2026
4319,2025,12,Occurrence,Race-Ethnicity,Black,NEP,"Nephritis, nephrotic syndrome and nephrosis",ICD-10,45.0,,,02/17/2026,02/17/2026
4320,2025,12,Occurrence,Race-Ethnicity,Hawaiian/Pacific Islander,NEP,"Nephritis, nephrotic syndrome and nephrosis",ICD-10,,1,Cell suppressed for small numbers,02/17/2026,02/17/2026
4321,2025,12,Occurrence,Race-Ethnicity,Hispanic,NEP,"Nephritis, nephrotic syndrome and nephrosis",ICD-10,110.0,,,02/17/2026,02/17/2026
4322,2025,12,Occurrence,Race-Ethnicity,Multi-Race,NEP,"Nephritis, nephrotic syndrome and nephrosis",ICD-10,0.0,,,02/17/2026,02/17/2026
4323,2025,12,Occurrence,Race-Ethnicity,White,NEP,"Nephritis, nephrotic syndrome and nephrosis",ICD-10,184.0,,,02/17/2026,02/17/2026
4324,2025,12,Occurrence,Race-Ethnicity,Other/Unknown,NEP,"Nephritis, nephrotic syndrome and nephrosis",ICD-10,,1,Cell suppressed for small numbers,02/17/2026,02/17/2026
4325,2025,12,Occurrence,Total Population,Total Population,PAR,Parkinson's disease,ICD-10,429.0,,,02/17/2026,02/17/2026
4326,2025,12,Occurrence,Gender,Female,PAR,Parkinson's disease,ICD-10,171.0,,,02/17/2026,02/17/2026
4327,2025,12,Occurrence,Gender,Male,PAR,Parkinson's disease,ICD-10,258.0,,,02/17/2026,02/17/2026
4328,2025,12,Occurrence,Race-Ethnicity,American Indian/Alaska Native,PAR,Parkinson's disease,ICD-10,,1,Cell suppressed for small numbers,02/17/2026,02/17/2026
4329,2025,12,Occurrence,Race-Ethnicity,Asian,PAR,Parkinson's disease,ICD-10,62.0,,,02/17/2026,02/17/2026
4330,2025,12,Occurrence,Race-Ethnicity,Black,PAR,Parkinson's disease,ICD-10,20.0,,,02/17/2026,02/17/2026
4331,2025,12,Occurrence,Race-Ethnicity,Hawaiian/Pacific Islander,PAR,Parkinson's disease,ICD-10,,1,Cell suppressed for small numbers,02/17/2026,02/17/2026
4332,2025,12,Occurrence,Race-Ethnicity,Hispanic,PAR,Parkinson's disease,ICD-10,58.0,,,02/17/2026,02/17/2026
4333,2025,12,Occurrence,Race-Ethnicity,Multi-Race,PAR,Parkinson's disease,ICD-10,,1,Cell suppressed for small numbers,02/17/2026,02/17/2026
4334,2025,12,Occurrence,Race-Ethnicity,White,PAR,Parkinson's disease,ICD-10,279.0,,,02/17/2026,02/17/2026
4335,2025,12,Occurrence,Race-Ethnicity,Other/Unknown,PAR,Parkinson's disease,ICD-10,,1,Cell suppressed for small numbers,02/17/2026,02/17/2026
4336,2025,12,Occurrence,Total Population,Total Population,PNF,Influenza and pneumonia,ICD-10,515.0,,,02/17/2026,02/17/2026
4337,2025,12,Occurrence,Gender,Female,PNF,Influenza and pneumonia,ICD-10,251.0,,,02/17/2026,02/17/2026
4338,2025,12,Occurrence,Gender,Male,PNF,Influenza and pneumonia,ICD-10,264.0,,,02/17/2026,02/17/2026
4339,2025,12,Occurrence,Race-Ethnicity,American Indian/Alaska Native,PNF,Influenza and pneumonia,ICD-10,,1,Cell suppressed for small numbers,02/17/2026,02/17/2026
4340,2025,12,Occurrence,Race-Ethnicity,Asian,PNF,Influenza and pneumonia,ICD-10,73.0,,,02/17/2026,02/17/2026
4341,2025,12,Occurrence,Race-Ethnicity,Black,PNF,Influenza and pneumonia,ICD-10,44.0,,,02/17/2026,02/17/2026
4342,2025,12,Occurrence,Race-Ethnicity,Hawaiian/Pacific Islander,PNF,Influenza and pneumonia,ICD-10,,1,Cell suppressed for small numbers,02/17/2026,02/17/2026
4343,2025,12,Occurrence,Race-Ethnicity,Hispanic,PNF,Influenza and pneumonia,ICD-10,118.0,,,02/17/2026,02/17/2026
4344,2025,12,Occurrence,Race-Ethnicity,Multi-Race,PNF,Influenza and pneumonia,ICD-10,,1,Cell suppressed for small numbers,02/17/2026,02/17/2026
4345,2025,12,Occurrence,Race-Ethnicity,White,PNF,Influenza and pneumonia,ICD-10,262.0,,,02/17/2026,02/17/2026
4346,2025,12,Occurrence,Race-Ethnicity,Other/Unknown,PNF,Influenza and pneumonia,ICD-10,,1,Cell suppressed for small numbers,02/17/2026,02/17/2026
4347,2025,12,Occurrence,Total Population,Total Population,STK,Cerebrovascular diseases,ICD-10,1561.0,,,02/17/2026,02/17/2026
4348,2025,12,Occurrence,Gender,Female,STK,Cerebrovascular diseases,ICD-10,891.0,,,02/17/2026,02/17/2026
4349,2025,12,Occurrence,Gender,Male,STK,Cerebrovascular diseases,ICD-10,670.0,,,02/17/2026,02/17/2026
4350,2025,12,Occurrence,Race-Ethnicity,American Indian/Alaska Native,STK,Cerebrovascular diseases,ICD-10,,1,Cell suppressed for small numbers,02/17/2026,02/17/2026
4351,2025,12,Occurrence,Race-Ethnicity,Asian,STK,Cerebrovascular diseases,ICD-10,224.0,,,02/17/2026,02/17/2026
4352,2025,12,Occurrence,Race-Ethnicity,Black,STK,Cerebrovascular diseases,ICD-10,109.0,,,02/17/2026,02/17/2026
4353,2025,12,Occurrence,Race-Ethnicity,Hawaiian/Pacific Islander,STK,Cerebrovascular diseases,ICD-10,,1,Cell suppressed for small numbers,02/17/2026,02/17/2026
4354,2025,12,Occurrence,Race-Ethnicity,Hispanic,STK,Cerebrovascular diseases,ICD-10,340.0,,,02/17/2026,02/17/2026
4355,2025,12,Occurrence,Race-Ethnicity,Multi-Race,STK,Cerebrovascular diseases,ICD-10,16.0,,,02/17/2026,02/17/2026
4356,2025,12,Occurrence,Race-Ethnicity,White,STK,Cerebrovascular diseases,ICD-10,841.0,,,02/17/2026,02/17/2026
4357,2025,12,Occurrence,Race-Ethnicity,Other/Unknown,STK,Cerebrovascular diseases,ICD-10,20.0,,,02/17/2026,02/17/2026
4358,2025,12,Occurrence,Total Population,Total Population,SUI,Intentional self-harm (suicide),ICD-10,229.0,,,02/17/2026,02/17/2026
4359,2025,12,Occurrence,Gender,Female,SUI,Intentional self-harm (suicide),ICD-10,49.0,,,02/17/2026,02/17/2026
4360,2025,12,Occurrence,Gender,Male,SUI,Intentional self-harm (suicide),ICD-10,180.0,,,02/17/2026,02/17/2026
4361,2025,12,Occurrence,Race-Ethnicity,American Indian/Alaska Native,SUI,Intentional self-harm (suicide),ICD-10,0.0,,,02/17/2026,02/17/2026
4362,2025,12,Occurrence,Race-Ethnicity,Asian,SUI,Intentional self-harm (suicide),ICD-10,23.0,,,02/17/2026,02/17/2026
4363,2025,12,Occurrence,Race-Ethnicity,Black,SUI,Intentional self-harm (suicide),ICD-10,,1,Cell suppressed for small numbers,02/17/2026,02/17/2026
4364,2025,12,Occurrence,Race-Ethnicity,Hawaiian/Pacific Islander,SUI,Intentional self-harm (suicide),ICD-10,,1,Cell suppressed for small numbers,02/17/2026,02/17/2026
4365,2025,12,Occurrence,Race-Ethnicity,Hispanic,SUI,Intentional self-harm (suicide),ICD-10,64.0,,,02/17/2026,02/17/2026
4366,2025,12,Occurrence,Race-Ethnicity,Multi-Race,SUI,Intentional self-harm (suicide),ICD-10,,1,Cell suppressed for small numbers,02/17/2026,02/17/2026
4367,2025,12,Occurrence,Race-Ethnicity,White,SUI,Intentional self-harm (suicide),ICD-10,119.0,,,02/17/2026,02/17/2026
4368,2025,12,Occurrence,Race-Ethnicity,Other/Unknown,SUI,Intentional self-harm (suicide),ICD-10,,1,Cell suppressed for small numbers,02/17/2026,02/17/2026
4369,2026,01,Occurrence,Total Population,Total Population,ALL,All causes (total),ICD-10,25026.0,,,02/17/2026,02/17/2026
4370,2026,01,Occurrence,Age,Under 1 year,ALL,All causes (total),ICD-10,106.0,,,02/17/2026,02/17/2026
4371,2026,01,Occurrence,Age,1-4 years,ALL,All causes (total),ICD-10,17.0,,,02/17/2026,02/17/2026
4372,2026,01,Occurrence,Age,5-14 years,ALL,All causes (total),ICD-10,33.0,,,02/17/2026,02/17/2026
4373,2026,01,Occurrence,Age,15-24 years,ALL,All causes (total),ICD-10,204.0,,,02/17/2026,02/17/2026
4374,2026,01,Occurrence,Age,25-34 years,ALL,All causes (total),ICD-10,410.0,,,02/17/2026,02/17/2026
4375,2026,01,Occurrence,Age,35-44 years,ALL,All causes (total),ICD-10,757.0,,,02/17/2026,02/17/2026
4376,2026,01,Occurrence,Age,45-54 years,ALL,All causes (total),ICD-10,1213.0,,,02/17/2026,02/17/2026
4377,2026,01,Occurrence,Age,55-64 years,ALL,All causes (total),ICD-10,2480.0,,,02/17/2026,02/17/2026
4378,2026,01,Occurrence,Age,65-74 years,ALL,All causes (total),ICD-10,4646.0,,,02/17/2026,02/17/2026
4379,2026,01,Occurrence,Age,75-84 years,ALL,All causes (total),ICD-10,6688.0,,,02/17/2026,02/17/2026
4380,2026,01,Occurrence,Age,85 years and over,ALL,All causes (total),ICD-10,8468.0,,,02/17/2026,02/17/2026
4381,2026,01,Occurrence,Gender,Female,ALL,All causes (total),ICD-10,12011.0,,,02/17/2026,02/17/2026
4382,2026,01,Occurrence,Gender,Male,ALL,All causes (total),ICD-10,13013.0,,,02/17/2026,02/17/2026
4383,2026,01,Occurrence,Place Type,Inpatient,ALL,All causes (total),ICD-10,8346.0,,,02/17/2026,02/17/2026
4384,2026,01,Occurrence,Place Type,Emergency Room/Outpatient,ALL,All causes (total),ICD-10,1248.0,,,02/17/2026,02/17/2026
4385,2026,01,Occurrence,Place Type,Decedent's Home,ALL,All causes (total),ICD-10,9397.0,,,02/17/2026,02/17/2026
4386,2026,01,Occurrence,Place Type,Hospice Facility,ALL,All causes (total),ICD-10,317.0,,,02/17/2026,02/17/2026
4387,2026,01,Occurrence,Place Type,Nursing Home/Long Term Care Facility,ALL,All causes (total),ICD-10,4649.0,,,02/17/2026,02/17/2026
4388,2026,01,Occurrence,Place Type,Other/Unknown,ALL,All causes (total),ICD-10,1069.0,,,02/17/2026,02/17/2026
4389,2026,01,Occurrence,Race-Ethnicity,American Indian/Alaska Native,ALL,All causes (total),ICD-10,132.0,,,02/17/2026,02/17/2026
4390,2026,01,Occurrence,Race-Ethnicity,Asian,ALL,All causes (total),ICD-10,3080.0,,,02/17/2026,02/17/2026
4391,2026,01,Occurrence,Race-Ethnicity,Black,ALL,All causes (total),ICD-10,1759.0,,,02/17/2026,02/17/2026
4392,2026,01,Occurrence,Race-Ethnicity,Hawaiian/Pacific Islander,ALL,All causes (total),ICD-10,109.0,,,02/17/2026,02/17/2026
4393,2026,01,Occurrence,Race-Ethnicity,Hispanic,ALL,All causes (total),ICD-10,5740.0,,,02/17/2026,02/17/2026
4394,2026,01,Occurrence,Race-Ethnicity,Multi-Race,ALL,All causes (total),ICD-10,264.0,,,02/17/2026,02/17/2026
4395,2026,01,Occurrence,Race-Ethnicity,White,ALL,All causes (total),ICD-10,13670.0,,,02/17/2026,02/17/2026
4396,2026,01,Occurrence,Race-Ethnicity,Other/Unknown,ALL,All causes (total),ICD-10,272.0,,,02/17/2026,02/17/2026
4397,2026,01,Occurrence,Total Population,Total Population,ALZ,Alzheimer's disease,ICD-10,1464.0,,,02/17/2026,02/17/2026
4398,2026,01,Occurrence,Gender,Female,ALZ,Alzheimer's disease,ICD-10,983.0,,,02/17/2026,02/17/2026
4399,2026,01,Occurrence,Gender,Male,ALZ,Alzheimer's disease,ICD-10,481.0,,,02/17/2026,02/17/2026
4400,2026,01,Occurrence,Race-Ethnicity,American Indian/Alaska Native,ALZ,Alzheimer's disease,ICD-10,,1,Cell suppressed for small numbers,02/17/2026,02/17/2026
4401,2026,01,Occurrence,Race-Ethnicity,Asian,ALZ,Alzheimer's disease,ICD-10,176.0,,,02/17/2026,02/17/2026
4402,2026,01,Occurrence,Race-Ethnicity,Black,ALZ,Alzheimer's disease,ICD-10,89.0,,,02/17/2026,02/17/2026
4403,2026,01,Occurrence,Race-Ethnicity,Hawaiian/Pacific Islander,ALZ,Alzheimer's disease,ICD-10,,1,Cell suppressed for small numbers,02/17/2026,02/17/2026
4404,2026,01,Occurrence,Race-Ethnicity,Hispanic,ALZ,Alzheimer's disease,ICD-10,282.0,,,02/17/2026,02/17/2026
4405,2026,01,Occurrence,Race-Ethnicity,Multi-Race,ALZ,Alzheimer's disease,ICD-10,,1,Cell suppressed for small numbers,02/17/2026,02/17/2026
4406,2026,01,Occurrence,Race-Ethnicity,White,ALZ,Alzheimer's disease,ICD-10,887.0,,,02/17/2026,02/17/2026
4407,2026,01,Occurrence,Race-Ethnicity,Other/Unknown,ALZ,Alzheimer's disease,ICD-10,,1,Cell suppressed for small numbers,02/17/2026,02/17/2026
4408,2026,01,Occurrence,Total Population,Total Population,CAN,Malignant neoplasms,ICD-10,5173.0,,,02/17/2026,02/17/2026
4409,2026,01,Occurrence,Gender,Female,CAN,Malignant neoplasms,ICD-10,2556.0,,,02/17/2026,02/17/2026
4410,2026,01,Occurrence,Gender,Male,CAN,Malignant neoplasms,ICD-10,2617.0,,,02/17/2026,02/17/2026
4411,2026,01,Occurrence,Race-Ethnicity,American Indian/Alaska Native,CAN,Malignant neoplasms,ICD-10,20.0,,,02/17/2026,02/17/2026
4412,2026,01,Occurrence,Race-Ethnicity,Asian,CAN,Malignant neoplasms,ICD-10,709.0,,,02/17/2026,02/17/2026
4413,2026,01,Occurrence,Race-Ethnicity,Black,CAN,Malignant neoplasms,ICD-10,316.0,,,02/17/2026,02/17/2026
4414,2026,01,Occurrence,Race-Ethnicity,Hawaiian/Pacific Islander,CAN,Malignant neoplasms,ICD-10,23.0,,,02/17/2026,02/17/2026
4415,2026,01,Occurrence,Race-Ethnicity,Hispanic,CAN,Malignant neoplasms,ICD-10,1174.0,,,02/17/2026,02/17/2026
4416,2026,01,Occurrence,Race-Ethnicity,Multi-Race,CAN,Malignant neoplasms,ICD-10,50.0,,,02/17/2026,02/17/2026
4417,2026,01,Occurrence,Race-Ethnicity,White,CAN,Malignant neoplasms,ICD-10,2838.0,,,02/17/2026,02/17/2026
4418,2026,01,Occurrence,Race-Ethnicity,Other/Unknown,CAN,Malignant neoplasms,ICD-10,43.0,,,02/17/2026,02/17/2026
4419,2026,01,Occurrence,Total Population,Total Population,CLD,Chronic lower respiratory diseases,ICD-10,969.0,,,02/17/2026,02/17/2026
4420,2026,01,Occurrence,Gender,Female,CLD,Chronic lower respiratory diseases,ICD-10,521.0,,,02/17/2026,02/17/2026
4421,2026,01,Occurrence,Gender,Male,CLD,Chronic lower respiratory diseases,ICD-10,448.0,,,02/17/2026,02/17/2026
4422,2026,01,Occurrence,Race-Ethnicity,American Indian/Alaska Native,CLD,Chronic lower respiratory diseases,ICD-10,,1,Cell suppressed for small numbers,02/17/2026,02/17/2026
4423,2026,01,Occurrence,Race-Ethnicity,Asian,CLD,Chronic lower respiratory diseases,ICD-10,62.0,,,02/17/2026,02/17/2026
4424,2026,01,Occurrence,Race-Ethnicity,Black,CLD,Chronic lower respiratory diseases,ICD-10,53.0,,,02/17/2026,02/17/2026
4425,2026,01,Occurrence,Race-Ethnicity,Hawaiian/Pacific Islander,CLD,Chronic lower respiratory diseases,ICD-10,,1,Cell suppressed for small numbers,02/17/2026,02/17/2026
4426,2026,01,Occurrence,Race-Ethnicity,Hispanic,CLD,Chronic lower respiratory diseases,ICD-10,121.0,,,02/17/2026,02/17/2026
4427,2026,01,Occurrence,Race-Ethnicity,Multi-Race,CLD,Chronic lower respiratory diseases,ICD-10,,1,Cell suppressed for small numbers,02/17/2026,02/17/2026
4428,2026,01,Occurrence,Race-Ethnicity,White,CLD,Chronic lower respiratory diseases,ICD-10,713.0,,,02/17/2026,02/17/2026
4429,2026,01,Occurrence,Race-Ethnicity,Other/Unknown,CLD,Chronic lower respiratory diseases,ICD-10,,1,Cell suppressed for small numbers,02/17/2026,02/17/2026
4430,2026,01,Occurrence,Total Population,Total Population,DIA,Diabetes mellitus,ICD-10,956.0,,,02/17/2026,02/17/2026
4431,2026,01,Occurrence,Gender,Female,DIA,Diabetes mellitus,ICD-10,414.0,,,02/17/2026,02/17/2026
4432,2026,01,Occurrence,Gender,Male,DIA,Diabetes mellitus,ICD-10,542.0,,,02/17/2026,02/17/2026
4433,2026,01,Occurrence,Race-Ethnicity,American Indian/Alaska Native,DIA,Diabetes mellitus,ICD-10,,1,Cell suppressed for small numbers,02/17/2026,02/17/2026
4434,2026,01,Occurrence,Race-Ethnicity,Asian,DIA,Diabetes mellitus,ICD-10,157.0,,,02/17/2026,02/17/2026
4435,2026,01,Occurrence,Race-Ethnicity,Black,DIA,Diabetes mellitus,ICD-10,82.0,,,02/17/2026,02/17/2026
4436,2026,01,Occurrence,Race-Ethnicity,Hawaiian/Pacific Islander,DIA,Diabetes mellitus,ICD-10,,1,Cell suppressed for small numbers,02/17/2026,02/17/2026
4437,2026,01,Occurrence,Race-Ethnicity,Hispanic,DIA,Diabetes mellitus,ICD-10,357.0,,,02/17/2026,02/17/2026
4438,2026,01,Occurrence,Race-Ethnicity,Multi-Race,DIA,Diabetes mellitus,ICD-10,,1,Cell suppressed for small numbers,02/17/2026,02/17/2026
4439,2026,01,Occurrence,Race-Ethnicity,White,DIA,Diabetes mellitus,ICD-10,328.0,,,02/17/2026,02/17/2026
4440,2026,01,Occurrence,Race-Ethnicity,Other/Unknown,DIA,Diabetes mellitus,ICD-10,,1,Cell suppressed for small numbers,02/17/2026,02/17/2026
4441,2026,01,Occurrence,Total Population,Total Population,HOM,Assault (homicide),ICD-10,53.0,,,02/17/2026,02/17/2026
4442,2026,01,Occurrence,Gender,Female,HOM,Assault (homicide),ICD-10,12.0,,,02/17/2026,02/17/2026
4443,2026,01,Occurrence,Gender,Male,HOM,Assault (homicide),ICD-10,41.0,,,02/17/2026,02/17/2026
4444,2026,01,Occurrence,Race-Ethnicity,American Indian/Alaska Native,HOM,Assault (homicide),ICD-10,,1,Cell suppressed for small numbers,02/17/2026,02/17/2026
4445,2026,01,Occurrence,Race-Ethnicity,Asian,HOM,Assault (homicide),ICD-10,,1,Cell suppressed for small numbers,02/17/2026,02/17/2026
4446,2026,01,Occurrence,Race-Ethnicity,Black,HOM,Assault (homicide),ICD-10,,1,Cell suppressed for small numbers,02/17/2026,02/17/2026
4447,2026,01,Occurrence,Race-Ethnicity,Hawaiian/Pacific Islander,HOM,Assault (homicide),ICD-10,0.0,,,02/17/2026,02/17/2026
4448,2026,01,Occurrence,Race-Ethnicity,Hispanic,HOM,Assault (homicide),ICD-10,34.0,,,02/17/2026,02/17/2026
4449,2026,01,Occurrence,Race-Ethnicity,Multi-Race,HOM,Assault (homicide),ICD-10,,1,Cell suppressed for small numbers,02/17/2026,02/17/2026
4450,2026,01,Occurrence,Race-Ethnicity,White,HOM,Assault (homicide),ICD-10,,1,Cell suppressed for small numbers,02/17/2026,02/17/2026
4451,2026,01,Occurrence,Race-Ethnicity,Other/Unknown,HOM,Assault (homicide),ICD-10,0.0,,,02/17/2026,02/17/2026
4452,2026,01,Occurrence,Total Population,Total Population,HTD,Diseases of heart,ICD-10,4807.0,,,02/17/2026,02/17/2026
4453,2026,01,Occurrence,Gender,Female,HTD,Diseases of heart,ICD-10,2164.0,,,02/17/2026,02/17/2026
4454,2026,01,Occurrence,Gender,Male,HTD,Diseases of heart,ICD-10,2643.0,,,02/17/2026,02/17/2026
4455,2026,01,Occurrence,Race-Ethnicity,American Indian/Alaska Native,HTD,Diseases of heart,ICD-10,23.0,,,02/17/2026,02/17/2026
4456,2026,01,Occurrence,Race-Ethnicity,Asian,HTD,Diseases of heart,ICD-10,532.0,,,02/17/2026,02/17/2026
4457,2026,01,Occurrence,Race-Ethnicity,Black,HTD,Diseases of heart,ICD-10,407.0,,,02/17/2026,02/17/2026
4458,2026,01,Occurrence,Race-Ethnicity,Hawaiian/Pacific Islander,HTD,Diseases of heart,ICD-10,26.0,,,02/17/2026,02/17/2026
4459,2026,01,Occurrence,Race-Ethnicity,Hispanic,HTD,Diseases of heart,ICD-10,921.0,,,02/17/2026,02/17/2026
4460,2026,01,Occurrence,Race-Ethnicity,Multi-Race,HTD,Diseases of heart,ICD-10,38.0,,,02/17/2026,02/17/2026
4461,2026,01,Occurrence,Race-Ethnicity,White,HTD,Diseases of heart,ICD-10,2809.0,,,02/17/2026,02/17/2026
4462,2026,01,Occurrence,Race-Ethnicity,Other/Unknown,HTD,Diseases of heart,ICD-10,51.0,,,02/17/2026,02/17/2026
4463,2026,01,Occurrence,Total Population,Total Population,HYP,Essential hypertension and hypertensive renal disease,ICD-10,627.0,,,02/17/2026,02/17/2026
4464,2026,01,Occurrence,Gender,Female,HYP,Essential hypertension and hypertensive renal disease,ICD-10,318.0,,,02/17/2026,02/17/2026
4465,2026,01,Occurrence,Gender,Male,HYP,Essential hypertension and hypertensive renal disease,ICD-10,309.0,,,02/17/2026,02/17/2026
4466,2026,01,Occurrence,Race-Ethnicity,American Indian/Alaska Native,HYP,Essential hypertension and hypertensive renal disease,ICD-10,,1,Cell suppressed for small numbers,02/17/2026,02/17/2026
4467,2026,01,Occurrence,Race-Ethnicity,Asian,HYP,Essential hypertension and hypertensive renal disease,ICD-10,104.0,,,02/17/2026,02/17/2026
4468,2026,01,Occurrence,Race-Ethnicity,Black,HYP,Essential hypertension and hypertensive renal disease,ICD-10,63.0,,,02/17/2026,02/17/2026
4469,2026,01,Occurrence,Race-Ethnicity,Hawaiian/Pacific Islander,HYP,Essential hypertension and hypertensive renal disease,ICD-10,,1,Cell suppressed for small numbers,02/17/2026,02/17/2026
4470,2026,01,Occurrence,Race-Ethnicity,Hispanic,HYP,Essential hypertension and hypertensive renal disease,ICD-10,138.0,,,02/17/2026,02/17/2026
4471,2026,01,Occurrence,Race-Ethnicity,Multi-Race,HYP,Essential hypertension and hypertensive renal disease,ICD-10,,1,Cell suppressed for small numbers,02/17/2026,02/17/2026
4472,2026,01,Occurrence,Race-Ethnicity,White,HYP,Essential hypertension and hypertensive renal disease,ICD-10,305.0,,,02/17/2026,02/17/2026
4473,2026,01,Occurrence,Race-Ethnicity,Other/Unknown,HYP,Essential hypertension and hypertensive renal disease,ICD-10,,1,Cell suppressed for small numbers,02/17/2026,02/17/2026
4474,2026,01,Occurrence,Total Population,Total Population,INJ,Accidents (unintentional injuries),ICD-10,479.0,,,02/17/2026,02/17/2026
4475,2026,01,Occurrence,Gender,Female,INJ,Accidents (unintentional injuries),ICD-10,166.0,,,02/17/2026,02/17/2026
4476,2026,01,Occurrence,Gender,Male,INJ,Accidents (unintentional injuries),ICD-10,313.0,,,02/17/2026,02/17/2026
4477,2026,01,Occurrence,Race-Ethnicity,American Indian/Alaska Native,INJ,Accidents (unintentional injuries),ICD-10,,1,Cell suppressed for small numbers,02/17/2026,02/17/2026
4478,2026,01,Occurrence,Race-Ethnicity,Asian,INJ,Accidents (unintentional injuries),ICD-10,40.0,,,02/17/2026,02/17/2026
4479,2026,01,Occurrence,Race-Ethnicity,Black,INJ,Accidents (unintentional injuries),ICD-10,26.0,,,02/17/2026,02/17/2026
4480,2026,01,Occurrence,Race-Ethnicity,Hawaiian/Pacific Islander,INJ,Accidents (unintentional injuries),ICD-10,,1,Cell suppressed for small numbers,02/17/2026,02/17/2026
4481,2026,01,Occurrence,Race-Ethnicity,Hispanic,INJ,Accidents (unintentional injuries),ICD-10,146.0,,,02/17/2026,02/17/2026
4482,2026,01,Occurrence,Race-Ethnicity,Multi-Race,INJ,Accidents (unintentional injuries),ICD-10,,1,Cell suppressed for small numbers,02/17/2026,02/17/2026
4483,2026,01,Occurrence,Race-Ethnicity,White,INJ,Accidents (unintentional injuries),ICD-10,249.0,,,02/17/2026,02/17/2026
4484,2026,01,Occurrence,Race-Ethnicity,Other/Unknown,INJ,Accidents (unintentional injuries),ICD-10,,1,Cell suppressed for small numbers,02/17/2026,02/17/2026
4485,2026,01,Occurrence,Total Population,Total Population,LIV,Chronic liver disease and cirrhosis,ICD-10,512.0,,,02/17/2026,02/17/2026
4486,2026,01,Occurrence,Gender,Female,LIV,Chronic liver disease and cirrhosis,ICD-10,202.0,,,02/17/2026,02/17/2026
4487,2026,01,Occurrence,Gender,Male,LIV,Chronic liver disease and cirrhosis,ICD-10,310.0,,,02/17/2026,02/17/2026
4488,2026,01,Occurrence,Race-Ethnicity,American Indian/Alaska Native,LIV,Chronic liver disease and cirrhosis,ICD-10,,1,Cell suppressed for small numbers,02/17/2026,02/17/2026
4489,2026,01,Occurrence,Race-Ethnicity,Asian,LIV,Chronic liver disease and cirrhosis,ICD-10,30.0,,,02/17/2026,02/17/2026
4490,2026,01,Occurrence,Race-Ethnicity,Black,LIV,Chronic liver disease and cirrhosis,ICD-10,27.0,,,02/17/2026,02/17/2026
4491,2026,01,Occurrence,Race-Ethnicity,Hawaiian/Pacific Islander,LIV,Chronic liver disease and cirrhosis,ICD-10,0.0,,,02/17/2026,02/17/2026
4492,2026,01,Occurrence,Race-Ethnicity,Hispanic,LIV,Chronic liver disease and cirrhosis,ICD-10,250.0,,,02/17/2026,02/17/2026
4493,2026,01,Occurrence,Race-Ethnicity,Multi-Race,LIV,Chronic liver disease and cirrhosis,ICD-10,,1,Cell suppressed for small numbers,02/17/2026,02/17/2026
4494,2026,01,Occurrence,Race-Ethnicity,White,LIV,Chronic liver disease and cirrhosis,ICD-10,192.0,,,02/17/2026,02/17/2026
4495,2026,01,Occurrence,Race-Ethnicity,Other/Unknown,LIV,Chronic liver disease and cirrhosis,ICD-10,,1,Cell suppressed for small numbers,02/17/2026,02/17/2026
4496,2026,01,Occurrence,Total Population,Total Population,NEP,"Nephritis, nephrotic syndrome and nephrosis",ICD-10,337.0,,,02/17/2026,02/17/2026
4497,2026,01,Occurrence,Gender,Female,NEP,"Nephritis, nephrotic syndrome and nephrosis",ICD-10,171.0,,,02/17/2026,02/17/2026
4498,2026,01,Occurrence,Gender,Male,NEP,"Nephritis, nephrotic syndrome and nephrosis",ICD-10,166.0,,,02/17/2026,02/17/2026
4499,2026,01,Occurrence,Race-Ethnicity,American Indian/Alaska Native,NEP,"Nephritis, nephrotic syndrome and nephrosis",ICD-10,,1,Cell suppressed for small numbers,02/17/2026,02/17/2026
4500,2026,01,Occurrence,Race-Ethnicity,Asian,NEP,"Nephritis, nephrotic syndrome and nephrosis",ICD-10,54.0,,,02/17/2026,02/17/2026
4501,2026,01,Occurrence,Race-Ethnicity,Black,NEP,"Nephritis, nephrotic syndrome and nephrosis",ICD-10,31.0,,,02/17/2026,02/17/2026
4502,2026,01,Occurrence,Race-Ethnicity,Hawaiian/Pacific Islander,NEP,"Nephritis, nephrotic syndrome and nephrosis",ICD-10,,1,Cell suppressed for small numbers,02/17/2026,02/17/2026
4503,2026,01,Occurrence,Race-Ethnicity,Hispanic,NEP,"Nephritis, nephrotic syndrome and nephrosis",ICD-10,108.0,,,02/17/2026,02/17/2026
4504,2026,01,Occurrence,Race-Ethnicity,Multi-Race,NEP,"Nephritis, nephrotic syndrome and nephrosis",ICD-10,,1,Cell suppressed for small numbers,02/17/2026,02/17/2026
4505,2026,01,Occurrence,Race-Ethnicity,White,NEP,"Nephritis, nephrotic syndrome and nephrosis",ICD-10,134.0,,,02/17/2026,02/17/2026
4506,2026,01,Occurrence,Race-Ethnicity,Other/Unknown,NEP,"Nephritis, nephrotic syndrome and nephrosis",ICD-10,0.0,,,02/17/2026,02/17/2026
4507,2026,01,Occurrence,Total Population,Total Population,PAR,Parkinson's disease,ICD-10,405.0,,,02/17/2026,02/17/2026
4508,2026,01,Occurrence,Gender,Female,PAR,Parkinson's disease,ICD-10,140.0,,,02/17/2026,02/17/2026
4509,2026,01,Occurrence,Gender,Male,PAR,Parkinson's disease,ICD-10,265.0,,,02/17/2026,02/17/2026
4510,2026,01,Occurrence,Race-Ethnicity,American Indian/Alaska Native,PAR,Parkinson's disease,ICD-10,0.0,,,02/17/2026,02/17/2026
4511,2026,01,Occurrence,Race-Ethnicity,Asian,PAR,Parkinson's disease,ICD-10,70.0,,,02/17/2026,02/17/2026
4512,2026,01,Occurrence,Race-Ethnicity,Black,PAR,Parkinson's disease,ICD-10,,1,Cell suppressed for small numbers,02/17/2026,02/17/2026
4513,2026,01,Occurrence,Race-Ethnicity,Hawaiian/Pacific Islander,PAR,Parkinson's disease,ICD-10,,1,Cell suppressed for small numbers,02/17/2026,02/17/2026
4514,2026,01,Occurrence,Race-Ethnicity,Hispanic,PAR,Parkinson's disease,ICD-10,68.0,,,02/17/2026,02/17/2026
4515,2026,01,Occurrence,Race-Ethnicity,Multi-Race,PAR,Parkinson's disease,ICD-10,,1,Cell suppressed for small numbers,02/17/2026,02/17/2026
4516,2026,01,Occurrence,Race-Ethnicity,White,PAR,Parkinson's disease,ICD-10,251.0,,,02/17/2026,02/17/2026
4517,2026,01,Occurrence,Race-Ethnicity,Other/Unknown,PAR,Parkinson's disease,ICD-10,,1,Cell suppressed for small numbers,02/17/2026,02/17/2026
4518,2026,01,Occurrence,Total Population,Total Population,PNF,Influenza and pneumonia,ICD-10,617.0,,,02/17/2026,02/17/2026
4519,2026,01,Occurrence,Gender,Female,PNF,Influenza and pneumonia,ICD-10,297.0,,,02/17/2026,02/17/2026
4520,2026,01,Occurrence,Gender,Male,PNF,Influenza and pneumonia,ICD-10,320.0,,,02/17/2026,02/17/2026
4521,2026,01,Occurrence,Race-Ethnicity,American Indian/Alaska Native,PNF,Influenza and pneumonia,ICD-10,,1,Cell suppressed for small numbers,02/17/2026,02/17/2026
4522,2026,01,Occurrence,Race-Ethnicity,Asian,PNF,Influenza and pneumonia,ICD-10,121.0,,,02/17/2026,02/17/2026
4523,2026,01,Occurrence,Race-Ethnicity,Black,PNF,Influenza and pneumonia,ICD-10,29.0,,,02/17/2026,02/17/2026
4524,2026,01,Occurrence,Race-Ethnicity,Hawaiian/Pacific Islander,PNF,Influenza and pneumonia,ICD-10,,1,Cell suppressed for small numbers,02/17/2026,02/17/2026
4525,2026,01,Occurrence,Race-Ethnicity,Hispanic,PNF,Influenza and pneumonia,ICD-10,142.0,,,02/17/2026,02/17/2026
4526,2026,01,Occurrence,Race-Ethnicity,Multi-Race,PNF,Influenza and pneumonia,ICD-10,,1,Cell suppressed for small numbers,02/17/2026,02/17/2026
4527,2026,01,Occurrence,Race-Ethnicity,White,PNF,Influenza and pneumonia,ICD-10,308.0,,,02/17/2026,02/17/2026
4528,2026,01,Occurrence,Race-Ethnicity,Other/Unknown,PNF,Influenza and pneumonia,ICD-10,,1,Cell suppressed for small numbers,02/17/2026,02/17/2026
4529,2026,01,Occurrence,Total Population,Total Population,STK,Cerebrovascular diseases,ICD-10,1501.0,,,02/17/2026,02/17/2026
4530,2026,01,Occurrence,Gender,Female,STK,Cerebrovascular diseases,ICD-10,841.0,,,02/17/2026,02/17/2026
4531,2026,01,Occurrence,Gender,Male,STK,Cerebrovascular diseases,ICD-10,660.0,,,02/17/2026,02/17/2026
4532,2026,01,Occurrence,Race-Ethnicity,American Indian/Alaska Native,STK,Cerebrovascular diseases,ICD-10,,1,Cell suppressed for small numbers,02/17/2026,02/17/2026
4533,2026,01,Occurrence,Race-Ethnicity,Asian,STK,Cerebrovascular diseases,ICD-10,231.0,,,02/17/2026,02/17/2026
4534,2026,01,Occurrence,Race-Ethnicity,Black,STK,Cerebrovascular diseases,ICD-10,105.0,,,02/17/2026,02/17/2026
4535,2026,01,Occurrence,Race-Ethnicity,Hawaiian/Pacific Islander,STK,Cerebrovascular diseases,ICD-10,,1,Cell suppressed for small numbers,02/17/2026,02/17/2026
4536,2026,01,Occurrence,Race-Ethnicity,Hispanic,STK,Cerebrovascular diseases,ICD-10,303.0,,,02/17/2026,02/17/2026
4537,2026,01,Occurrence,Race-Ethnicity,Multi-Race,STK,Cerebrovascular diseases,ICD-10,18.0,,,02/17/2026,02/17/2026
4538,2026,01,Occurrence,Race-Ethnicity,White,STK,Cerebrovascular diseases,ICD-10,811.0,,,02/17/2026,02/17/2026
4539,2026,01,Occurrence,Race-Ethnicity,Other/Unknown,STK,Cerebrovascular diseases,ICD-10,17.0,,,02/17/2026,02/17/2026
4540,2026,01,Occurrence,Total Population,Total Population,SUI,Intentional self-harm (suicide),ICD-10,143.0,,,02/17/2026,02/17/2026
4541,2026,01,Occurrence,Gender,Female,SUI,Intentional self-harm (suicide),ICD-10,18.0,,,02/17/2026,02/17/2026
4542,2026,01,Occurrence,Gender,Male,SUI,Intentional self-harm (suicide),ICD-10,125.0,,,02/17/2026,02/17/2026
4543,2026,01,Occurrence,Race-Ethnicity,American Indian/Alaska Native,SUI,Intentional self-harm (suicide),ICD-10,0.0,,,02/17/2026,02/17/2026
4544,2026,01,Occurrence,Race-Ethnicity,Asian,SUI,Intentional self-harm (suicide),ICD-10,18.0,,,02/17/2026,02/17/2026
4545,2026,01,Occurrence,Race-Ethnicity,Black,SUI,Intentional self-harm (suicide),ICD-10,,1,Cell suppressed for small numbers,02/17/2026,02/17/2026
4546,2026,01,Occurrence,Race-Ethnicity,Hawaiian/Pacific Islander,SUI,Intentional self-harm (suicide),ICD-10,,1,Cell suppressed for small numbers,02/17/2026,02/17/2026
4547,2026,01,Occurrence,Race-Ethnicity,Hispanic,SUI,Intentional self-harm (suicide),ICD-10,32.0,,,02/17/2026,02/17/2026
4548,2026,01,Occurrence,Race-Ethnicity,Multi-Race,SUI,Intentional self-harm (suicide),ICD-10,,1,Cell suppressed for small numbers,02/17/2026,02/17/2026
4549,2026,01,Occurrence,Race-Ethnicity,White,SUI,Intentional self-harm (suicide),ICD-10,78.0,,,02/17/2026,02/17/2026
4550,2026,01,Occurrence,Race-Ethnicity,Other/Unknown,SUI,Intentional self-harm (suicide),ICD-10,,1,Cell suppressed for small numbers,02/17/2026,02/17/2026
